[Licensing::Module] Trying to connect to existing licensing client channel...
Built from '6000.4/staging' branch; Version is '6000.4.6f1 (0b051c2e5d54) revision 722204'; Using compiler version '194234433'; Build Type 'Release'
[Licensing::IpcConnector] Successfully connected to: "LicenseClient-GARV BANSAL" at "2026-09-18T16:56:25.6090013Z"
OS: 'Windows 11  (10.0.26200) CoreSingleLanguage' Language: 'en' Physical Memory: 16010 MB
BatchMode: 1, IsHumanControllingUs: 0, StartBugReporterOnCrash: 0, Is64bit: 1
System  architecture: x64
Process architecture: x64
Date: 2026-09-18T16:56:25Z
[Licensing::Client] Code 10 while verifying Licensing Client signature (process Id: 32380, path: "C:/Program Files/Unity Hub/UnityLicensingClient_V1/Unity.Licensing.Client.exe")
[Licensing::Module] LicensingClient has failed validation; ignoring
[Licensing::Client] Handshaking with LicensingClient:
  Version:                 1.18.3+d7ffd15
  Session Id:              4cbebfce9b184aa1bc2317822322ec59
  Correlation Id:          00b2628eb82a48d79635ca32a85e1ff2
  External correlation Id: 5391154522726739768
  Machine Id:              kImHo2x28Ujte4rhYvWcdMgf4I8=
[Licensing::Module] Successfully connected to LicensingClient on channel: "LicenseClient-GARV BANSAL" (connect: 0.00s, validation: 0.00s, handshake: 0.13s)
[Licensing::IpcConnector] Successfully connected to: "LicenseClient-GARV BANSAL-notifications" at "2026-09-18T16:56:25.7401671Z"
[Licensing::Module] Error: Access token is unavailable; failed to update
[Licensing::Client] Successfully resolved entitlement details
[Licensing::Module] License group:
  Id: 13469799320789-UnityPersXXXX
  Product: Unity Personal
  Type: Assigned
  Expiration: Unlimited
[Licensing::Client] Successfully updated license, isAsync: True, time: 0.05
[Licensing::Module] Licensing Background thread has ended after 0.22s

COMMAND LINE ARGUMENTS:
C:\Program Files\Unity\Hub\Editor\6000.4.6f1\Editor\Unity.exe
-batchmode
-projectPath
C:\Users\GARV BANSAL\Documents\VR_games\OPUS\game
-runTests
-testPlatform
PlayMode
-testResults
C:\Users\GARV BANSAL\Documents\VR_games\OPUS\logs\sessions\run10_playmode5.xml
-logFile
C:\Users\GARV BANSAL\Documents\VR_games\OPUS\logs\sessions\run10_playmode5.log
Successfully changed project path to: C:\Users\GARV BANSAL\Documents\VR_games\OPUS\game
C:/Users/GARV BANSAL/Documents/VR_games/OPUS/game
[UnityMemory] Configuration Parameters - Can be set up in boot.config
    "memorysetup-temp-allocator-size-gi-baking-worker=262144"
    "memorysetup-temp-allocator-size-gi-baking-worker=262144"
    "memorysetup-temp-allocator-size-gi-baking-worker=262144"
    "memorysetup-temp-allocator-size-gi-baking-worker=262144"
    "memorysetup-temp-allocator-size-gi-baking-worker=262144"
    "memorysetup-temp-allocator-size-nav-mesh-worker=65536"
    "memorysetup-temp-allocator-size-audio-worker=65536"
    "memorysetup-temp-allocator-size-cloud-worker=32768"
    "memorysetup-temp-allocator-size-gfx=262144"
    "memorysetup-temp-allocator-size-preload-manager=33554432"
    "memorysetup-temp-allocator-size-job-worker=262144"
    "memorysetup-temp-allocator-size-background-worker=32768"
    "memorysetup-allocator-temp-initial-block-size-main=262144"
    "memorysetup-allocator-temp-initial-block-size-worker=262144"
    "memorysetup-bucket-allocator-granularity=16"
    "memorysetup-bucket-allocator-bucket-count=8"
    "memorysetup-bucket-allocator-block-size=33554432"
    "memorysetup-bucket-allocator-block-count=8"
    "memorysetup-main-allocator-block-size=16777216"
    "memorysetup-thread-allocator-block-size=16777216"
    "memorysetup-gfx-main-allocator-block-size=16777216"
    "memorysetup-gfx-thread-allocator-block-size=16777216"
    "memorysetup-cache-allocator-block-size=4194304"
    "memorysetup-typetree-allocator-block-size=2097152"
    "memorysetup-profiler-bucket-allocator-granularity=16"
    "memorysetup-profiler-bucket-allocator-bucket-count=8"
    "memorysetup-profiler-bucket-allocator-block-size=33554432"
    "memorysetup-profiler-bucket-allocator-block-count=8"
    "memorysetup-profiler-allocator-block-size=16777216"
    "memorysetup-profiler-editor-allocator-block-size=1048576"
    "memorysetup-temp-allocator-size-main=16777216"
    "memorysetup-job-temp-allocator-block-size=2097152"
    "memorysetup-job-temp-allocator-block-size-background=1048576"
    "memorysetup-job-temp-allocator-reduction-small-platforms=262144"
Player connection [848]  Target information:

Player connection [848]  * "[IP] 172.20.10.11 [Port] 55504 [Flags] 2 [Guid] 459493374 [EditorId] 459493374 [Version] 1048832 [Id] WindowsEditor(7,LAPTOP-EF95960B) [Debug] 1 [PackageName] WindowsEditor [ProjectName] Editor" 

Player connection [848]  * "[IP] 169.254.83.107 [Port] 55504 [Flags] 2 [Guid] 459493374 [EditorId] 459493374 [Version] 1048832 [Id] WindowsEditor(7,LAPTOP-EF95960B) [Debug] 1 [PackageName] WindowsEditor [ProjectName] Editor" 

Player connection [848]  * "[IP] 172.18.228.97 [Port] 55504 [Flags] 2 [Guid] 459493374 [EditorId] 459493374 [Version] 1048832 [Id] WindowsEditor(7,LAPTOP-EF95960B) [Debug] 1 [PackageName] WindowsEditor [ProjectName] Editor" 

Player connection [848] Host joined multi-casting on [225.0.0.222:54997]...
Player connection [848] Host joined alternative multi-casting on [225.0.0.222:34997]...
Input System module state changed to: Initialized.
[Physics::Module] Initialized fallback backend.
[Physics::Module] Id: 0xdecafbad
[Package Manager] Connected to IPC stream "Upm-19900" after 0.5 seconds.
[Licensing::Client] Successfully resolved entitlement details
Library Redirect Path: Library/
[Physics::Module] Selected backend.
[Physics::Module] Name: PhysX
[Physics::Module] Id: 0xf2b8ea05
[Physics::Module] SDK Version: 4.1.2
[Physics::Module] Integration Version: 1.0.0
[Physics::Module] Threading Mode: Multi-Threaded
[Licensing::Client] Successfully resolved entitlement details
Refreshing native plugins compatible for Editor in 4.70 ms, found 0 plugins.
Initialize engine version: 6000.4.6f1 (0b051c2e5d54)
[Subsystems] Discovering subsystems at path C:/Program Files/Unity/Hub/Editor/6000.4.6f1/Editor/Data/Resources/UnitySubsystems
[Subsystems] Discovering subsystems at path C:/Users/GARV BANSAL/Documents/VR_games/OPUS/game/Assets
GfxDevice: creating device client; kGfxThreadingModeNonThreaded
Direct3D:
    Version:  Direct3D 11.0 [level 11.1]
    Renderer: NVIDIA GeForce RTX 4050 Laptop GPU (ID=0x28a1)
    Vendor:   NVIDIA
    VRAM:     5921 MB
    Driver:   32.0.15.5597
Shader 'Oculus/OVRMRCameraFrameLit': fallback shader 'Alpha-Diffuse' not found
Initialize mono
Mono path[0] = 'C:/Program Files/Unity/Hub/Editor/6000.4.6f1/Editor/Data/Managed'
Mono path[1] = 'C:/Program Files/Unity/Hub/Editor/6000.4.6f1/Editor/Data/MonoBleedingEdge/lib/mono/unityjit-win32'
Mono config path = 'C:/Program Files/Unity/Hub/Editor/6000.4.6f1/Editor/Data/MonoBleedingEdge/etc'
Using monoOptions --debugger-agent=transport=dt_socket,embedding=1,server=y,suspend=n,address=127.0.0.1:56900
CodeReloadManager initialized
Using cacheserver namespaces - metadata:defaultmetadata, artifacts:defaultartifacts
Using cacheserver namespaces - metadata:defaultmetadata, artifacts:defaultartifacts
ImportWorker Server TCP listen port: 0
AcceleratorClientConnectionCallback - disconnected - :0
Begin MonoManager ReloadAssembly
Registering precompiled unity dll's ...
Register platform support module: C:/Program Files/Unity/Hub/Editor/6000.4.6f1/Editor/Data/PlaybackEngines/WindowsStandaloneSupport/UnityEditor.WindowsStandalone.Extensions.dll
Register platform support module: C:/Program Files/Unity/Hub/Editor/6000.4.6f1/Editor/Data/PlaybackEngines/AndroidPlayer/UnityEditor.Android.Extensions.dll
Registered in 0.008508 seconds.
Native extension for Android target not found
Native extension for WindowsStandalone target not found
Package Manager log level set to [2]
ScheduleIndexationOnStartup MainProcess:False IndexOnStartup:True
Mono: successfully reloaded assembly
- Finished resetting the current domain, in  0.602 seconds
Domain Reload Profiling: 1233ms
	BeginReloadAssembly (209ms)
		CreateAndSetChildDomain (6ms)
	RebuildCommonClasses (59ms)
	RebuildNativeTypeToScriptingClass (16ms)
	initialDomainReloadingComplete (99ms)
	LoadAllAssembliesAndSetupDomain (245ms)
		LoadAssemblies (199ms)
		AnalyzeDomain (233ms)
			TypeCache.Refresh (231ms)
				TypeCache.ScanAssembly (214ms)
	FinalizeReload (604ms)
		SetupLoadedEditorAssemblies (0ms)
			InitializePlatformSupportModulesInManaged (84ms)
			BeforeProcessingInitializeOnLoad (122ms)
			ProcessInitializeOnLoadAttributes (162ms)
			ProcessInitializeOnLoadMethodAttributes (152ms)
[Licensing::Client] Successfully resolved entitlement details
[Licensing::Client] Successfully resolved entitlement details
Application.AssetDatabase Initial Refresh Start
[Package Manager] Restoring resolved packages state from cache
[Licensing::Client] Successfully resolved entitlement details
[Package Manager] Registered 65 packages:
  Packages from [https://npm.developer.oculus.com]:
    com.meta.xr.sdk.core@205.0.0 (location: C:\Users\GARV BANSAL\Documents\VR_games\OPUS\game\Library\PackageCache\com.meta.xr.sdk.core@4ea2676097b9)
    com.meta.xr.sdk.interaction.ovr@205.0.0 (location: C:\Users\GARV BANSAL\Documents\VR_games\OPUS\game\Library\PackageCache\com.meta.xr.sdk.interaction.ovr@08728e3e2bb2)
    com.meta.xr.sdk.interaction@205.0.0 (location: C:\Users\GARV BANSAL\Documents\VR_games\OPUS\game\Library\PackageCache\com.meta.xr.sdk.interaction@875abb30439c)
  Packages from [https://packages.unity.com]:
    com.unity.xr.openxr@1.16.1 (location: C:\Users\GARV BANSAL\Documents\VR_games\OPUS\game\Library\PackageCache\com.unity.xr.openxr@ef0033a586bf)
    com.unity.xr.management@4.5.1 (location: C:\Users\GARV BANSAL\Documents\VR_games\OPUS\game\Library\PackageCache\com.unity.xr.management@20be87dea580)
    com.unity.inputsystem@1.11.2 (location: C:\Users\GARV BANSAL\Documents\VR_games\OPUS\game\Library\PackageCache\com.unity.inputsystem@3c4a97c3950f)
    com.unity.addressables@2.3.1 (location: C:\Users\GARV BANSAL\Documents\VR_games\OPUS\game\Library\PackageCache\com.unity.addressables@5d870284b3d9)
    com.unity.profiling.core@1.0.3 (location: C:\Users\GARV BANSAL\Documents\VR_games\OPUS\game\Library\PackageCache\com.unity.profiling.core@8a49f7027d06)
    com.unity.scriptablebuildpipeline@2.6.1 (location: C:\Users\GARV BANSAL\Documents\VR_games\OPUS\game\Library\PackageCache\com.unity.scriptablebuildpipeline@36e3b5898ee2)
    com.unity.xr.hands@1.7.3 (location: C:\Users\GARV BANSAL\Documents\VR_games\OPUS\game\Library\PackageCache\com.unity.xr.hands@3e241be20642)
    com.unity.xr.core-utils@2.6.0 (location: C:\Users\GARV BANSAL\Documents\VR_games\OPUS\game\Library\PackageCache\com.unity.xr.core-utils@a8b900321199)
    com.unity.xr.legacyinputhelpers@3.0.1 (location: C:\Users\GARV BANSAL\Documents\VR_games\OPUS\game\Library\PackageCache\com.unity.xr.legacyinputhelpers@3f62d634f63b)
    com.unity.nuget.newtonsoft-json@3.2.2 (location: C:\Users\GARV BANSAL\Documents\VR_games\OPUS\game\Library\PackageCache\com.unity.nuget.newtonsoft-json@4dfd81071c64)
    com.unity.mathematics@1.3.3 (location: C:\Users\GARV BANSAL\Documents\VR_games\OPUS\game\Library\PackageCache\com.unity.mathematics@19a9377c4ffa)
    com.unity.searcher@4.9.4 (location: C:\Users\GARV BANSAL\Documents\VR_games\OPUS\game\Library\PackageCache\com.unity.searcher@d45a78918735)
    com.unity.burst@1.8.29 (location: C:\Users\GARV BANSAL\Documents\VR_games\OPUS\game\Library\PackageCache\com.unity.burst@6bb9aca3ef38)
    com.unity.nuget.mono-cecil@1.11.6 (location: C:\Users\GARV BANSAL\Documents\VR_games\OPUS\game\Library\PackageCache\com.unity.nuget.mono-cecil@ecb9724e46ff)
    com.unity.test-framework.performance@3.4.0 (location: C:\Users\GARV BANSAL\Documents\VR_games\OPUS\game\Library\PackageCache\com.unity.test-framework.performance@aa81a99c4a75)
  Built-in packages:
    com.unity.multiplayer.center@1.0.1 (location: C:\Users\GARV BANSAL\Documents\VR_games\OPUS\game\Library\PackageCache\com.unity.multiplayer.center@f01f4ba8d00a)
    com.unity.render-pipelines.universal@17.4.0 (location: C:\Users\GARV BANSAL\Documents\VR_games\OPUS\game\Library\PackageCache\com.unity.render-pipelines.universal@0d0659f1368d)
    com.unity.test-framework@1.6.0 (location: C:\Users\GARV BANSAL\Documents\VR_games\OPUS\game\Library\PackageCache\com.unity.test-framework@76560ee600cb)
    com.unity.modules.accessibility@1.0.0 (location: C:\Users\GARV BANSAL\Documents\VR_games\OPUS\game\Library\PackageCache\com.unity.modules.accessibility)
    com.unity.modules.adaptiveperformance@1.0.0 (location: C:\Users\GARV BANSAL\Documents\VR_games\OPUS\game\Library\PackageCache\com.unity.modules.adaptiveperformance)
    com.unity.modules.ai@1.0.0 (location: C:\Users\GARV BANSAL\Documents\VR_games\OPUS\game\Library\PackageCache\com.unity.modules.ai)
    com.unity.modules.androidjni@1.0.0 (location: C:\Users\GARV BANSAL\Documents\VR_games\OPUS\game\Library\PackageCache\com.unity.modules.androidjni)
    com.unity.modules.animation@1.0.0 (location: C:\Users\GARV BANSAL\Documents\VR_games\OPUS\game\Library\PackageCache\com.unity.modules.animation)
    com.unity.modules.assetbundle@1.0.0 (location: C:\Users\GARV BANSAL\Documents\VR_games\OPUS\game\Library\PackageCache\com.unity.modules.assetbundle)
    com.unity.modules.audio@1.0.0 (location: C:\Users\GARV BANSAL\Documents\VR_games\OPUS\game\Library\PackageCache\com.unity.modules.audio)
    com.unity.modules.cloth@1.0.0 (location: C:\Users\GARV BANSAL\Documents\VR_games\OPUS\game\Library\PackageCache\com.unity.modules.cloth)
    com.unity.modules.director@1.0.0 (location: C:\Users\GARV BANSAL\Documents\VR_games\OPUS\game\Library\PackageCache\com.unity.modules.director)
    com.unity.modules.imageconversion@1.0.0 (location: C:\Users\GARV BANSAL\Documents\VR_games\OPUS\game\Library\PackageCache\com.unity.modules.imageconversion)
    com.unity.modules.imgui@1.0.0 (location: C:\Users\GARV BANSAL\Documents\VR_games\OPUS\game\Library\PackageCache\com.unity.modules.imgui)
    com.unity.modules.jsonserialize@1.0.0 (location: C:\Users\GARV BANSAL\Documents\VR_games\OPUS\game\Library\PackageCache\com.unity.modules.jsonserialize)
    com.unity.modules.particlesystem@1.0.0 (location: C:\Users\GARV BANSAL\Documents\VR_games\OPUS\game\Library\PackageCache\com.unity.modules.particlesystem)
    com.unity.modules.physics@1.0.0 (location: C:\Users\GARV BANSAL\Documents\VR_games\OPUS\game\Library\PackageCache\com.unity.modules.physics)
    com.unity.modules.physics2d@1.0.0 (location: C:\Users\GARV BANSAL\Documents\VR_games\OPUS\game\Library\PackageCache\com.unity.modules.physics2d)
    com.unity.modules.screencapture@1.0.0 (location: C:\Users\GARV BANSAL\Documents\VR_games\OPUS\game\Library\PackageCache\com.unity.modules.screencapture)
    com.unity.modules.terrain@1.0.0 (location: C:\Users\GARV BANSAL\Documents\VR_games\OPUS\game\Library\PackageCache\com.unity.modules.terrain)
    com.unity.modules.terrainphysics@1.0.0 (location: C:\Users\GARV BANSAL\Documents\VR_games\OPUS\game\Library\PackageCache\com.unity.modules.terrainphysics)
    com.unity.modules.tilemap@1.0.0 (location: C:\Users\GARV BANSAL\Documents\VR_games\OPUS\game\Library\PackageCache\com.unity.modules.tilemap)
    com.unity.modules.ui@1.0.0 (location: C:\Users\GARV BANSAL\Documents\VR_games\OPUS\game\Library\PackageCache\com.unity.modules.ui)
    com.unity.modules.uielements@1.0.0 (location: C:\Users\GARV BANSAL\Documents\VR_games\OPUS\game\Library\PackageCache\com.unity.modules.uielements)
    com.unity.modules.umbra@1.0.0 (location: C:\Users\GARV BANSAL\Documents\VR_games\OPUS\game\Library\PackageCache\com.unity.modules.umbra)
    com.unity.modules.unityanalytics@1.0.0 (location: C:\Users\GARV BANSAL\Documents\VR_games\OPUS\game\Library\PackageCache\com.unity.modules.unityanalytics)
    com.unity.modules.unitywebrequest@1.0.0 (location: C:\Users\GARV BANSAL\Documents\VR_games\OPUS\game\Library\PackageCache\com.unity.modules.unitywebrequest)
    com.unity.modules.unitywebrequestassetbundle@1.0.0 (location: C:\Users\GARV BANSAL\Documents\VR_games\OPUS\game\Library\PackageCache\com.unity.modules.unitywebrequestassetbundle)
    com.unity.modules.unitywebrequestaudio@1.0.0 (location: C:\Users\GARV BANSAL\Documents\VR_games\OPUS\game\Library\PackageCache\com.unity.modules.unitywebrequestaudio)
    com.unity.modules.unitywebrequesttexture@1.0.0 (location: C:\Users\GARV BANSAL\Documents\VR_games\OPUS\game\Library\PackageCache\com.unity.modules.unitywebrequesttexture)
    com.unity.modules.unitywebrequestwww@1.0.0 (location: C:\Users\GARV BANSAL\Documents\VR_games\OPUS\game\Library\PackageCache\com.unity.modules.unitywebrequestwww)
    com.unity.modules.vectorgraphics@1.0.0 (location: C:\Users\GARV BANSAL\Documents\VR_games\OPUS\game\Library\PackageCache\com.unity.modules.vectorgraphics)
    com.unity.modules.vehicles@1.0.0 (location: C:\Users\GARV BANSAL\Documents\VR_games\OPUS\game\Library\PackageCache\com.unity.modules.vehicles)
    com.unity.modules.video@1.0.0 (location: C:\Users\GARV BANSAL\Documents\VR_games\OPUS\game\Library\PackageCache\com.unity.modules.video)
    com.unity.modules.vr@1.0.0 (location: C:\Users\GARV BANSAL\Documents\VR_games\OPUS\game\Library\PackageCache\com.unity.modules.vr)
    com.unity.modules.wind@1.0.0 (location: C:\Users\GARV BANSAL\Documents\VR_games\OPUS\game\Library\PackageCache\com.unity.modules.wind)
    com.unity.modules.xr@1.0.0 (location: C:\Users\GARV BANSAL\Documents\VR_games\OPUS\game\Library\PackageCache\com.unity.modules.xr)
    com.unity.modules.subsystems@1.0.0 (location: C:\Users\GARV BANSAL\Documents\VR_games\OPUS\game\Library\PackageCache\com.unity.modules.subsystems)
    com.unity.modules.hierarchycore@1.0.0 (location: C:\Users\GARV BANSAL\Documents\VR_games\OPUS\game\Library\PackageCache\com.unity.modules.hierarchycore)
    com.unity.ext.nunit@2.0.5 (location: C:\Users\GARV BANSAL\Documents\VR_games\OPUS\game\Library\PackageCache\com.unity.ext.nunit@d8c07649098d)
    com.unity.render-pipelines.core@17.4.0 (location: C:\Users\GARV BANSAL\Documents\VR_games\OPUS\game\Library\PackageCache\com.unity.render-pipelines.core@630143bbfe2b)
    com.unity.shadergraph@17.4.0 (location: C:\Users\GARV BANSAL\Documents\VR_games\OPUS\game\Library\PackageCache\com.unity.shadergraph@04a6ef07359e)
    com.unity.render-pipelines.universal-config@17.4.0 (location: C:\Users\GARV BANSAL\Documents\VR_games\OPUS\game\Library\PackageCache\com.unity.render-pipelines.universal-config@0db4263b9e6b)
    com.unity.textmeshpro@5.0.0 (location: C:\Users\GARV BANSAL\Documents\VR_games\OPUS\game\Library\PackageCache\com.unity.textmeshpro@53f43edfd2e0)
    com.unity.ugui@2.0.0 (location: C:\Users\GARV BANSAL\Documents\VR_games\OPUS\game\Library\PackageCache\com.unity.ugui@473409526770)
    com.unity.collections@6.4.0 (location: C:\Users\GARV BANSAL\Documents\VR_games\OPUS\game\Library\PackageCache\com.unity.collections@65f499a3cc26)
  Embedded packages:
    com.opus.sdk@file:C:\Users\GARV BANSAL\Documents\VR_games\OPUS\game\Packages\com.opus.sdk (location: C:\Users\GARV BANSAL\Documents\VR_games\OPUS\game\Packages\com.opus.sdk)
[Subsystems] Looking for new subsystems at path C:\Users\GARV BANSAL\Documents\VR_games\OPUS\game\Library\PackageCache\com.unity.xr.openxr@ef0033a586bf
[Subsystems] Novel subsystem found at Library/PackageCache/com.unity.xr.openxr@ef0033a586bf/Runtime/UnitySubsystemsManifest.json
[Subsystems] Discovering subsystems at path C:/Program Files/Unity/Hub/Editor/6000.4.6f1/Editor/Data/Resources/UnitySubsystems
[Subsystems] Discovering subsystems at path C:/Users/GARV BANSAL/Documents/VR_games/OPUS/game/Assets
[Subsystems] Discovering subsystems at path C:\Users\GARV BANSAL\Documents\VR_games\OPUS\game\Library\PackageCache\com.unity.xr.openxr@ef0033a586bf
[Subsystems] No descriptors matched for  examples in Library/PackageCache/com.unity.xr.openxr@ef0033a586bf/Runtime/UnitySubsystemsManifest.json.
[Subsystems] 1 'inputs' descriptors matched in Library/PackageCache/com.unity.xr.openxr@ef0033a586bf/Runtime/UnitySubsystemsManifest.json
[Subsystems] 1 'displays' descriptors matched in Library/PackageCache/com.unity.xr.openxr@ef0033a586bf/Runtime/UnitySubsystemsManifest.json
[Subsystems] No descriptors matched for  meshings in Library/PackageCache/com.unity.xr.openxr@ef0033a586bf/Runtime/UnitySubsystemsManifest.json.
[Package Manager] Done registering packages in 0.06 seconds
[ScriptCompilation] Requested script compilation because: AssetDatabase observed changes in script compilation related files
Assembly for Assembly Definition File 'Packages/com.opus.sdk/Editor/Opus.Sdk.Editor.asmdef' will not be compiled, because it has no scripts associated with it.
UnityEngine.Debug:ExtractStackTraceNoAlloc (byte*,int,string)
UnityEngine.StackTraceUtility:ExtractStackTrace ()
UnityEngine.DebugLogHandler:Internal_Log (UnityEngine.LogType,UnityEngine.LogOption,string,UnityEngine.Object)
UnityEngine.DebugLogHandler:LogFormat (UnityEngine.LogType,UnityEngine.Object,string,object[])
UnityEngine.Logger:LogFormat (UnityEngine.LogType,string,object[])
UnityEngine.Debug:LogWarningFormat (string,object[])
UnityEditor.Scripting.ScriptCompilation.EditorCompilation:WarnIfThereAreAssembliesWithoutAnyScripts (UnityEditor.Scripting.ScriptCompilation.ScriptAssemblySettings,UnityEditor.Scripting.ScriptCompilation.ScriptAssembly[])
UnityEditor.Scripting.ScriptCompilation.EditorCompilation:CompileScriptsWithSettings (UnityEditor.Scripting.ScriptCompilation.ScriptAssemblySettings)
UnityEditor.Scripting.ScriptCompilation.EditorCompilation:CompileScripts (UnityEditor.Scripting.ScriptCompilation.EditorScriptCompilationOptions,UnityEditor.BuildTarget,int,string[])
UnityEditor.Scripting.ScriptCompilation.EditorCompilationInterface/<>c__DisplayClass21_0:<CompileScripts>b__0 ()
UnityEditor.Scripting.ScriptCompilation.EditorCompilationInterface:EmitExceptionAsError<UnityEditor.Scripting.ScriptCompilation.EditorCompilation/CompileStatus> (System.Func`1<UnityEditor.Scripting.ScriptCompilation.EditorCompilation/CompileStatus>,UnityEditor.Scripting.ScriptCompilation.EditorCompilation/CompileStatus)
UnityEditor.Scripting.ScriptCompilation.EditorCompilationInterface:CompileScripts (UnityEditor.Scripting.ScriptCompilation.EditorScriptCompilationOptions,UnityEditor.BuildTarget,int,string[])

info: Microsoft.Hosting.Lifetime[14]
      Now listening on: http://localhost:80
info: Microsoft.Hosting.Lifetime[0]
      Application started. Press Ctrl+C to shut down.
info: Microsoft.Hosting.Lifetime[0]
      Hosting environment: Production
info: Microsoft.Hosting.Lifetime[0]
      Content root path: C:\Users\GARV BANSAL\Documents\VR_games\OPUS\game
info: Microsoft.AspNetCore.Hosting.Diagnostics[1]
      Request starting HTTP/2 POST http://ilpp/UnityILPP.PostProcessing/Ping - application/grpc -
info: Microsoft.AspNetCore.Routing.EndpointMiddleware[0]
      Executing endpoint 'gRPC - /UnityILPP.PostProcessing/Ping'
info: Microsoft.AspNetCore.Routing.EndpointMiddleware[1]
      Executed endpoint 'gRPC - /UnityILPP.PostProcessing/Ping'
info: Microsoft.AspNetCore.Hosting.Diagnostics[2]
      Request finished HTTP/2 POST http://ilpp/UnityILPP.PostProcessing/Ping - 200 - application/grpc 40.8283ms
Starting: C:\Program Files\Unity\Hub\Editor\6000.4.6f1\Editor\Data\Tools\BuildPipeline\bee_backend.exe --ipc --defer-dag-verification --dagfile="Library/Bee/1300b0aE.dag" --continue-on-failure --profile="Library/Bee/backend1.traceevents" ScriptAssemblies
WorkingDir: C:/Users/GARV BANSAL/Documents/VR_games/OPUS/game
DisplayProgressbar: Compiling Scripts
info: Microsoft.AspNetCore.Hosting.Diagnostics[1]
      Request starting HTTP/2 POST http://ilpp/UnityILPP.PostProcessing/ConfigurePostProcessors - application/grpc -
info: Microsoft.AspNetCore.Routing.EndpointMiddleware[0]
      Executing endpoint 'gRPC - /UnityILPP.PostProcessing/ConfigurePostProcessors'
warn: Unity.ILPP.Runner.PostProcessingAssemblyLoadContext[0]
      Assembly system.runtime.interopservices.windowsruntime has duplicate hint path. Ignoring "C:\Program Files\Unity\Hub\Editor\6000.4.6f1\Editor\Data\UnityReferenceAssemblies\unity-4.8-api\Facades\System.Runtime.InteropServices.WindowsRuntime.dll" in favor of "C:\Program Files\Unity\Hub\Editor\6000.4.6f1\Editor\Data\NetStandard\Extensions\2.0.0\System.Runtime.InteropServices.WindowsRuntime.dll"
warn: Unity.ILPP.Runner.PostProcessingAssemblyLoadContext[0]
      Assembly system.componentmodel.composition has duplicate hint path. Ignoring "C:\Program Files\Unity\Hub\Editor\6000.4.6f1\Editor\Data\UnityReferenceAssemblies\unity-4.8-api\System.ComponentModel.Composition.dll" in favor of "C:\Program Files\Unity\Hub\Editor\6000.4.6f1\Editor\Data\NetStandard\compat\2.1.0\shims\netfx\System.ComponentModel.Composition.dll"
info: Unity.ILPP.Runner.PostProcessingAssemblyLoadContext[0]
      Resolved Unity.Burst.Cecil, Version=0.11.6.0, Culture=neutral, PublicKeyToken=50cebf1cceb9d05e with Library\PackageCache\com.unity.burst@6bb9aca3ef38\Unity.Burst.CodeGen\Unity.Burst.Cecil.dll
info: Unity.ILPP.Runner.PostProcessingAssemblyLoadContext[0]
      Resolved Mono.Cecil, Version=0.11.5.0, Culture=neutral, PublicKeyToken=50cebf1cceb9d05e with Library\PackageCache\com.unity.nuget.mono-cecil@ecb9724e46ff\Mono.Cecil.dll
info: Microsoft.AspNetCore.Routing.EndpointMiddleware[1]
      Executed endpoint 'gRPC - /UnityILPP.PostProcessing/ConfigurePostProcessors'
info: Microsoft.AspNetCore.Hosting.Diagnostics[2]
      Request finished HTTP/2 POST http://ilpp/UnityILPP.PostProcessing/ConfigurePostProcessors - 200 - application/grpc 122.9240ms
info: Microsoft.AspNetCore.Hosting.Diagnostics[1]
      Request starting HTTP/2 POST http://ilpp/UnityILPP.PostProcessing/PostProcessAssembly - application/grpc -
info: Microsoft.AspNetCore.Routing.EndpointMiddleware[0]
      Executing endpoint 'gRPC - /UnityILPP.PostProcessing/PostProcessAssembly'
info: Microsoft.AspNetCore.Hosting.Diagnostics[1]
      Request starting HTTP/2 POST http://ilpp/UnityILPP.PostProcessing/PostProcessAssembly - application/grpc -
info: Microsoft.AspNetCore.Routing.EndpointMiddleware[0]
      Executing endpoint 'gRPC - /UnityILPP.PostProcessing/PostProcessAssembly'
info: Microsoft.AspNetCore.Hosting.Diagnostics[1]
      Request starting HTTP/2 POST http://ilpp/UnityILPP.PostProcessing/PostProcessAssembly - application/grpc -
info: Microsoft.AspNetCore.Routing.EndpointMiddleware[0]
      Executing endpoint 'gRPC - /UnityILPP.PostProcessing/PostProcessAssembly'
info: Microsoft.AspNetCore.Hosting.Diagnostics[1]
      Request starting HTTP/2 POST http://ilpp/UnityILPP.PostProcessing/PostProcessAssembly - application/grpc -
info: Microsoft.AspNetCore.Routing.EndpointMiddleware[0]
      Executing endpoint 'gRPC - /UnityILPP.PostProcessing/PostProcessAssembly'
info: Microsoft.AspNetCore.Hosting.Diagnostics[1]
      Request starting HTTP/2 POST http://ilpp/UnityILPP.PostProcessing/PostProcessAssembly - application/grpc -
info: Microsoft.AspNetCore.Routing.EndpointMiddleware[0]
      Executing endpoint 'gRPC - /UnityILPP.PostProcessing/PostProcessAssembly'
info: Unity.ILPP.Runner.PostProcessingPipeline[0]
      Processing assembly Library/Bee/artifacts/1300b0aE.dag/Shell.Tests.Editor.dll, with 154 defines and 277 references
info: Unity.ILPP.Runner.PostProcessingPipeline[0]
      Processing assembly Library/Bee/artifacts/1300b0aE.dag/Shell.Editor.dll, with 154 defines and 284 references
info: Unity.ILPP.Runner.PostProcessingPipeline[0]
      Processing assembly Library/Bee/artifacts/1300b0aE.dag/Shell.Tests.PlayMode.dll, with 156 defines and 265 references
info: Unity.ILPP.Runner.PostProcessingPipeline[0]
      processors: Unity.Jobs.CodeGen.JobsILPostProcessor, zzzUnity.Burst.CodeGen.BurstILPostProcessor
info: Unity.ILPP.Runner.PostProcessingPipeline[0]
      processors: Unity.Jobs.CodeGen.JobsILPostProcessor, zzzUnity.Burst.CodeGen.BurstILPostProcessor
info: Unity.ILPP.Runner.PostProcessingPipeline[0]
      Processing assembly Library/Bee/artifacts/1300b0aE.dag/Shell.Runtime.dll, with 157 defines and 267 references
info: Unity.ILPP.Runner.PostProcessingPipeline[0]
      processors: Unity.Jobs.CodeGen.JobsILPostProcessor, zzzUnity.Burst.CodeGen.BurstILPostProcessor
info: Unity.ILPP.Runner.PostProcessingPipeline[0]
      Processing assembly Library/Bee/artifacts/1300b0aE.dag/OrchardReach.Tests.PlayMode.dll, with 156 defines and 266 references
info: Unity.ILPP.Runner.PostProcessingPipeline[0]
      processors: Unity.Jobs.CodeGen.JobsILPostProcessor, zzzUnity.Burst.CodeGen.BurstILPostProcessor
info: Unity.ILPP.Runner.PostProcessingPipeline[0]
      processors: Unity.Jobs.CodeGen.JobsILPostProcessor, zzzUnity.Burst.CodeGen.BurstILPostProcessor
info: Unity.ILPP.Runner.PostProcessingPipeline[0]
      running Unity.Jobs.CodeGen.JobsILPostProcessor
info: Unity.ILPP.Runner.PostProcessingPipeline[0]
      running Unity.Jobs.CodeGen.JobsILPostProcessor
info: Unity.ILPP.Runner.PostProcessingPipeline[0]
      running Unity.Jobs.CodeGen.JobsILPostProcessor
info: Unity.ILPP.Runner.PostProcessingPipeline[0]
      running Unity.Jobs.CodeGen.JobsILPostProcessor
info: Unity.ILPP.Runner.PostProcessingPipeline[0]
      running Unity.Jobs.CodeGen.JobsILPostProcessor
info: Unity.ILPP.Runner.PostProcessingPipeline[0]
      running zzzUnity.Burst.CodeGen.BurstILPostProcessor
info: Unity.ILPP.Runner.PostProcessingPipeline[0]
      running zzzUnity.Burst.CodeGen.BurstILPostProcessor
info: Unity.ILPP.Runner.PostProcessingPipeline[0]
      running zzzUnity.Burst.CodeGen.BurstILPostProcessor
info: Unity.ILPP.Runner.PostProcessingPipeline[0]
      running zzzUnity.Burst.CodeGen.BurstILPostProcessor
info: Unity.ILPP.Runner.PostProcessingPipeline[0]
      running zzzUnity.Burst.CodeGen.BurstILPostProcessor
info: Microsoft.AspNetCore.Routing.EndpointMiddleware[1]
      Executed endpoint 'gRPC - /UnityILPP.PostProcessing/PostProcessAssembly'
info: Microsoft.AspNetCore.Hosting.Diagnostics[2]
      Request finished HTTP/2 POST http://ilpp/UnityILPP.PostProcessing/PostProcessAssembly - 200 - application/grpc 244.8650ms
info: Microsoft.AspNetCore.Routing.EndpointMiddleware[1]
      Executed endpoint 'gRPC - /UnityILPP.PostProcessing/PostProcessAssembly'
info: Microsoft.AspNetCore.Hosting.Diagnostics[2]
      Request finished HTTP/2 POST http://ilpp/UnityILPP.PostProcessing/PostProcessAssembly - 200 - application/grpc 242.5778ms
info: Microsoft.AspNetCore.Routing.EndpointMiddleware[1]
      Executed endpoint 'gRPC - /UnityILPP.PostProcessing/PostProcessAssembly'
info: Microsoft.AspNetCore.Hosting.Diagnostics[2]
      Request finished HTTP/2 POST http://ilpp/UnityILPP.PostProcessing/PostProcessAssembly - 200 - application/grpc 241.9262ms
info: Microsoft.AspNetCore.Routing.EndpointMiddleware[1]
      Executed endpoint 'gRPC - /UnityILPP.PostProcessing/PostProcessAssembly'
info: Microsoft.AspNetCore.Hosting.Diagnostics[2]
      Request finished HTTP/2 POST http://ilpp/UnityILPP.PostProcessing/PostProcessAssembly - 200 - application/grpc 407.5321ms
info: Microsoft.AspNetCore.Routing.EndpointMiddleware[1]
      Executed endpoint 'gRPC - /UnityILPP.PostProcessing/PostProcessAssembly'
info: Microsoft.AspNetCore.Hosting.Diagnostics[2]
      Request finished HTTP/2 POST http://ilpp/UnityILPP.PostProcessing/PostProcessAssembly - 200 - application/grpc 404.8125ms
ExitCode: 0 Duration: 4s123ms
[1277/1730  0s] ILPP-Configuration Library/ilpp-configuration.nevergeneratedoutput
[1710/1730  2s] Csc Library/Bee/artifacts/1300b0aE.dag/Shell.Runtime.dll (+2 others)
[1715/1730  0s] ILPostProcess Library/Bee/artifacts/1300b0aE.dag/post-processed/Shell.Editor.dll (+pdb)
Processing assembly Library/Bee/artifacts/1300b0aE.dag/Shell.Editor.dll, with 154 defines and 284 references

processors: Unity.Jobs.CodeGen.JobsILPostProcessor, zzzUnity.Burst.CodeGen.BurstILPostProcessor

running Unity.Jobs.CodeGen.JobsILPostProcessor

running zzzUnity.Burst.CodeGen.BurstILPostProcessor
[1716/1730  0s] ILPostProcess Library/Bee/artifacts/1300b0aE.dag/post-processed/Shell.Tests.PlayMode.dll (+pdb)
Processing assembly Library/Bee/artifacts/1300b0aE.dag/Shell.Tests.PlayMode.dll, with 156 defines and 265 references

processors: Unity.Jobs.CodeGen.JobsILPostProcessor, zzzUnity.Burst.CodeGen.BurstILPostProcessor

running Unity.Jobs.CodeGen.JobsILPostProcessor

running zzzUnity.Burst.CodeGen.BurstILPostProcessor
[1717/1730  0s] ILPostProcess Library/Bee/artifacts/1300b0aE.dag/post-processed/Shell.Tests.Editor.dll (+pdb)
Processing assembly Library/Bee/artifacts/1300b0aE.dag/Shell.Tests.Editor.dll, with 154 defines and 277 references

processors: Unity.Jobs.CodeGen.JobsILPostProcessor, zzzUnity.Burst.CodeGen.BurstILPostProcessor

running Unity.Jobs.CodeGen.JobsILPostProcessor

running zzzUnity.Burst.CodeGen.BurstILPostProcessor
[1724/1730  0s] ILPostProcess Library/Bee/artifacts/1300b0aE.dag/post-processed/Shell.Runtime.dll (+pdb)
Processing assembly Library/Bee/artifacts/1300b0aE.dag/Shell.Runtime.dll, with 157 defines and 267 references

processors: Unity.Jobs.CodeGen.JobsILPostProcessor, zzzUnity.Burst.CodeGen.BurstILPostProcessor

running Unity.Jobs.CodeGen.JobsILPostProcessor

running zzzUnity.Burst.CodeGen.BurstILPostProcessor
[1725/1730  0s] ILPostProcess Library/Bee/artifacts/1300b0aE.dag/post-processed/OrchardReach.Tests.PlayMode.dll (+pdb)
Processing assembly Library/Bee/artifacts/1300b0aE.dag/OrchardReach.Tests.PlayMode.dll, with 156 defines and 266 references

processors: Unity.Jobs.CodeGen.JobsILPostProcessor, zzzUnity.Burst.CodeGen.BurstILPostProcessor

running Unity.Jobs.CodeGen.JobsILPostProcessor

running zzzUnity.Burst.CodeGen.BurstILPostProcessor
[1728/1730  0s] CopyFiles Library/ScriptAssemblies/Shell.Runtime.dll
[1729/1730  0s] CopyFiles Library/ScriptAssemblies/Shell.Runtime.pdb
*** Tundra build success (3.94 seconds), 9 items updated, 1730 evaluated
AssetDatabase: script compilation time: 4.817906s
Begin MonoManager ReloadAssembly
Assembly Assembly-CSharp-Editor-firstpass.dll at Library/ScriptAssemblies/Assembly-CSharp-Editor-firstpass.dll not valid. Loading of assembly skipped.
Assembly Assembly-CSharp-Editor.dll at Library/ScriptAssemblies/Assembly-CSharp-Editor.dll not valid. Loading of assembly skipped.
Assembly Assembly-CSharp-firstpass.dll at Library/ScriptAssemblies/Assembly-CSharp-firstpass.dll not valid. Loading of assembly skipped.
Assembly Assembly-CSharp.dll at Library/ScriptAssemblies/Assembly-CSharp.dll not valid. Loading of assembly skipped.
Assembly Meta.XR.Editor.Reflection.Tests.dll at Library/ScriptAssemblies/Meta.XR.Editor.Reflection.Tests.dll not valid. Loading of assembly skipped.
Assembly meta.xr.hand.readiness.tests.editmode.dll at Library/ScriptAssemblies/meta.xr.hand.readiness.tests.editmode.dll not valid. Loading of assembly skipped.
Assembly Meta.XR.Input.Editor.Tests.dll at Library/ScriptAssemblies/Meta.XR.Input.Editor.Tests.dll not valid. Loading of assembly skipped.
Assembly Meta.XR.MultiplayerBlocks.Fusion.dll at Library/ScriptAssemblies/Meta.XR.MultiplayerBlocks.Fusion.dll not valid. Loading of assembly skipped.
Assembly Meta.XR.MultiplayerBlocks.NGO.dll at Library/ScriptAssemblies/Meta.XR.MultiplayerBlocks.NGO.dll not valid. Loading of assembly skipped.
Assembly Opus.Sdk.Editor.dll at Library/ScriptAssemblies/Opus.Sdk.Editor.dll not valid. Loading of assembly skipped.
Assembly TestNewCustomAssembly.dll at Library/ScriptAssemblies/TestNewCustomAssembly.dll not valid. Loading of assembly skipped.
Assembly Unity.Addressables.Editor.Tests.dll at Library/ScriptAssemblies/Unity.Addressables.Editor.Tests.dll not valid. Loading of assembly skipped.
Assembly Unity.Addressables.Tests.dll at Library/ScriptAssemblies/Unity.Addressables.Tests.dll not valid. Loading of assembly skipped.
Assembly Unity.Collections.BurstCompatibilityGen.dll at Library/ScriptAssemblies/Unity.Collections.BurstCompatibilityGen.dll not valid. Loading of assembly skipped.
Assembly Unity.Collections.DocCodeSamples.dll at Library/ScriptAssemblies/Unity.Collections.DocCodeSamples.dll not valid. Loading of assembly skipped.
Assembly Unity.Collections.PerformanceTests.dll at Library/ScriptAssemblies/Unity.Collections.PerformanceTests.dll not valid. Loading of assembly skipped.
Assembly Unity.Collections.Tests.dll at Library/ScriptAssemblies/Unity.Collections.Tests.dll not valid. Loading of assembly skipped.
Assembly Unity.Collections.Tests.Playmode.dll at Library/ScriptAssemblies/Unity.Collections.Tests.Playmode.dll not valid. Loading of assembly skipped.
Assembly Unity.InputSystem.IntegrationTests.dll at Library/ScriptAssemblies/Unity.InputSystem.IntegrationTests.dll not valid. Loading of assembly skipped.
Assembly Unity.Mathematics.Tests.dll at Library/ScriptAssemblies/Unity.Mathematics.Tests.dll not valid. Loading of assembly skipped.
Assembly Unity.Multiplayer.Center.Editor.Tests.dll at Library/ScriptAssemblies/Unity.Multiplayer.Center.Editor.Tests.dll not valid. Loading of assembly skipped.
Assembly Unity.Multiplayer.Center.Tests.dll at Library/ScriptAssemblies/Unity.Multiplayer.Center.Tests.dll not valid. Loading of assembly skipped.
Assembly Unity.Nuget.Mono-Cecil.dll at Library/ScriptAssemblies/Unity.Nuget.Mono-Cecil.dll not valid. Loading of assembly skipped.
Assembly Unity.PathTracing.Editor.Tests.dll at Library/ScriptAssemblies/Unity.PathTracing.Editor.Tests.dll not valid. Loading of assembly skipped.
Assembly Unity.PathTracing.Runtime.Tests.dll at Library/ScriptAssemblies/Unity.PathTracing.Runtime.Tests.dll not valid. Loading of assembly skipped.
Assembly Unity.RenderPipelines.Core.Editor.Tests.dll at Library/ScriptAssemblies/Unity.RenderPipelines.Core.Editor.Tests.dll not valid. Loading of assembly skipped.
Assembly Unity.RenderPipelines.Core.Runtime.Tests.dll at Library/ScriptAssemblies/Unity.RenderPipelines.Core.Runtime.Tests.dll not valid. Loading of assembly skipped.
Assembly Unity.RenderPipelines.Universal.Config.Editor.Tests.dll at Library/ScriptAssemblies/Unity.RenderPipelines.Universal.Config.Editor.Tests.dll not valid. Loading of assembly skipped.
Assembly Unity.RenderPipelines.Universal.Editor.Tests.dll at Library/ScriptAssemblies/Unity.RenderPipelines.Universal.Editor.Tests.dll not valid. Loading of assembly skipped.
Assembly Unity.RenderPipelines.Universal.Runtime.Tests.dll at Library/ScriptAssemblies/Unity.RenderPipelines.Universal.Runtime.Tests.dll not valid. Loading of assembly skipped.
Assembly Unity.ResourceManager.Tests.dll at Library/ScriptAssemblies/Unity.ResourceManager.Tests.dll not valid. Loading of assembly skipped.
Assembly Unity.ScriptableBuildPipeline.Editor.Tests.dll at Library/ScriptAssemblies/Unity.ScriptableBuildPipeline.Editor.Tests.dll not valid. Loading of assembly skipped.
Assembly Unity.ScriptableBuildPipeline.Tests.dll at Library/ScriptAssemblies/Unity.ScriptableBuildPipeline.Tests.dll not valid. Loading of assembly skipped.
Assembly Unity.ScriptableBuildPipelineTests.Runtime.Tests.dll at Library/ScriptAssemblies/Unity.ScriptableBuildPipelineTests.Runtime.Tests.dll not valid. Loading of assembly skipped.
Assembly Unity.Searcher.EditorTests.dll at Library/ScriptAssemblies/Unity.Searcher.EditorTests.dll not valid. Loading of assembly skipped.
Assembly Unity.ShaderGraph.Editor.Tests.dll at Library/ScriptAssemblies/Unity.ShaderGraph.Editor.Tests.dll not valid. Loading of assembly skipped.
Assembly Unity.TextMeshPro.Editor.Tests.dll at Library/ScriptAssemblies/Unity.TextMeshPro.Editor.Tests.dll not valid. Loading of assembly skipped.
Assembly Unity.TextMeshPro.Tests.dll at Library/ScriptAssemblies/Unity.TextMeshPro.Tests.dll not valid. Loading of assembly skipped.
Assembly Unity.UnifiedRayTracing.Editor.Tests.dll at Library/ScriptAssemblies/Unity.UnifiedRayTracing.Editor.Tests.dll not valid. Loading of assembly skipped.
Assembly Unity.XR.CoreUtils.CodeSamples.Tests.dll at Library/ScriptAssemblies/Unity.XR.CoreUtils.CodeSamples.Tests.dll not valid. Loading of assembly skipped.
Assembly Unity.XR.CoreUtils.Editor.Tests.dll at Library/ScriptAssemblies/Unity.XR.CoreUtils.Editor.Tests.dll not valid. Loading of assembly skipped.
Assembly Unity.XR.CoreUtils.Tests.dll at Library/ScriptAssemblies/Unity.XR.CoreUtils.Tests.dll not valid. Loading of assembly skipped.
Assembly Unity.XR.Hands.Editor.Tests.dll at Library/ScriptAssemblies/Unity.XR.Hands.Editor.Tests.dll not valid. Loading of assembly skipped.
Assembly Unity.XR.Hands.Tests.dll at Library/ScriptAssemblies/Unity.XR.Hands.Tests.dll not valid. Loading of assembly skipped.
Assembly Unity.XR.Management.EditorTests.dll at Library/ScriptAssemblies/Unity.XR.Management.EditorTests.dll not valid. Loading of assembly skipped.
Assembly Unity.XR.Management.TestPackage.dll at Library/ScriptAssemblies/Unity.XR.Management.TestPackage.dll not valid. Loading of assembly skipped.
Assembly Unity.XR.Management.TestPackage.Editor.dll at Library/ScriptAssemblies/Unity.XR.Management.TestPackage.Editor.dll not valid. Loading of assembly skipped.
Assembly Unity.XR.Management.Tests.dll at Library/ScriptAssemblies/Unity.XR.Management.Tests.dll not valid. Loading of assembly skipped.
Assembly Unity.XR.Management.Tests.Standalone.dll at Library/ScriptAssemblies/Unity.XR.Management.Tests.Standalone.dll not valid. Loading of assembly skipped.
Assembly Unity.XR.OpenXR.Editor.Tests.dll at Library/ScriptAssemblies/Unity.XR.OpenXR.Editor.Tests.dll not valid. Loading of assembly skipped.
Assembly Unity.XR.OpenXR.Tests.dll at Library/ScriptAssemblies/Unity.XR.OpenXR.Tests.dll not valid. Loading of assembly skipped.
Assembly Unity.XR.OpenXR.Ubuntu.Tests.dll at Library/ScriptAssemblies/Unity.XR.OpenXR.Ubuntu.Tests.dll not valid. Loading of assembly skipped.
Assembly Unity.XR.TestSupport.dll at Library/ScriptAssemblies/Unity.XR.TestSupport.dll not valid. Loading of assembly skipped.
Assembly UnityEditor.UI.Common.Tests.dll at Library/ScriptAssemblies/UnityEditor.UI.Common.Tests.dll not valid. Loading of assembly skipped.
Assembly UnityEditor.UI.EditorTests.dll at Library/ScriptAssemblies/UnityEditor.UI.EditorTests.dll not valid. Loading of assembly skipped.
Assembly UnityEditor.XR.LegacyInputHelpers.Tests.dll at Library/ScriptAssemblies/UnityEditor.XR.LegacyInputHelpers.Tests.dll not valid. Loading of assembly skipped.
Assembly UnityEngine.SpatialTracking.Tests.dll at Library/ScriptAssemblies/UnityEngine.SpatialTracking.Tests.dll not valid. Loading of assembly skipped.
Assembly UnityEngine.UI.Tests.dll at Library/ScriptAssemblies/UnityEngine.UI.Tests.dll not valid. Loading of assembly skipped.
Assembly UnityEngine.XR.OpenXR.CodeSamples.Editor.Tests.dll at Library/ScriptAssemblies/UnityEngine.XR.OpenXR.CodeSamples.Editor.Tests.dll not valid. Loading of assembly skipped.
Symbol file LoadedFromMemory is not a mono symbol file
Script 'CharacterController' has the same name as built-in Unity component.
AddComponent and GetComponent will not work with this script.
'Packages/com.meta.xr.sdk.core/Editor/BuildingBlocks/BlocksWindowDetailsExtension.cs' contains partial class of Unity.Object, exactly 1 of the partial classes needs to be in a file with the same filename. This is to know the one that can be referenced from ie. GameObjects
'Packages/com.meta.xr.sdk.core/Editor/RuntimeOptimizer/RuntimeOptimizer.cs' contains partial class of Unity.Object, exactly 1 of the partial classes needs to be in a file with the same filename. This is to know the one that can be referenced from ie. GameObjects
'Packages/com.meta.xr.sdk.core/Editor/BuildingBlocks/BlocksWindow.cs' contains partial class of Unity.Object, exactly 1 of the partial classes needs to be in a file with the same filename. This is to know the one that can be referenced from ie. GameObjects
'Packages/com.meta.xr.sdk.core/Editor/BuildingBlocks/BlocksWindowCollectionsPageExtension.cs' contains partial class of Unity.Object, exactly 1 of the partial classes needs to be in a file with the same filename. This is to know the one that can be referenced from ie. GameObjects
'Packages/com.meta.xr.sdk.core/Editor/RuntimeOptimizer/RuntimeOptimizerNetworking.cs' contains partial class of Unity.Object, exactly 1 of the partial classes needs to be in a file with the same filename. This is to know the one that can be referenced from ie. GameObjects
'Packages/com.meta.xr.sdk.core/Editor/RuntimeOptimizer/RuntimeOptimizerStyles.cs' contains partial class of Unity.Object, exactly 1 of the partial classes needs to be in a file with the same filename. This is to know the one that can be referenced from ie. GameObjects
Refreshing native plugins compatible for Editor in 18.03 ms, found 12 plugins.
Native extension for Android target not found
Native extension for WindowsStandalone target not found
Refreshing native plugins compatible for Editor in 16.84 ms, found 12 plugins.
I0918 22:26:41.971060   848 OVRTelemetry.cpp:57] Telemetry_Init: calling startSession with engineName=Unity, pluginVersion=1.205.0
I0918 22:26:42.228605   848 OVRTelemetry.cpp:61] Telemetry_Init: startSession completed successfully
I0918 22:26:42.451640   848 OVRTelemetry.cpp:57] Telemetry_Init: calling startSession with engineName=Unity, pluginVersion=1.204.0
I0918 22:26:42.602506   848 OVRTelemetry.cpp:61] Telemetry_Init: startSession completed successfully
ScheduleIndexationOnStartup MainProcess:True IndexOnStartup:True
Mono: successfully reloaded assembly
- Finished resetting the current domain, in  6.015 seconds
Domain Reload Profiling: 7454ms
	BeginReloadAssembly (369ms)
		DisableScriptedObjects (32ms)
		CreateAndSetChildDomain (144ms)
	RebuildCommonClasses (44ms)
	RebuildNativeTypeToScriptingClass (16ms)
	initialDomainReloadingComplete (243ms)
	LoadAllAssembliesAndSetupDomain (765ms)
		LoadAssemblies (597ms)
		AnalyzeDomain (290ms)
			TypeCache.Refresh (193ms)
				TypeCache.ScanAssembly (175ms)
			BuildScriptInfoCaches (78ms)
			ResolveRequiredComponents (17ms)
	FinalizeReload (6017ms)
		SetupLoadedEditorAssemblies (0ms)
			InitializePlatformSupportModulesInManaged (46ms)
			BeforeProcessingInitializeOnLoad (283ms)
			ProcessInitializeOnLoadAttributes (4875ms)
			ProcessInitializeOnLoadMethodAttributes (265ms)
			AfterProcessingInitializeOnLoad (17ms)
		AwakeInstancesAfterBackupRestoration (51ms)
[HttpMcpServer] Started on port 48736
UnityEngine.Debug:ExtractStackTraceNoAlloc (byte*,int,string)
UnityEngine.StackTraceUtility:ExtractStackTrace ()
UnityEngine.DebugLogHandler:Internal_Log (UnityEngine.LogType,UnityEngine.LogOption,string,UnityEngine.Object)
UnityEngine.DebugLogHandler:LogFormat (UnityEngine.LogType,UnityEngine.Object,string,object[])
UnityEngine.Logger:Log (UnityEngine.LogType,object)
UnityEngine.Debug:Log (object)
Meta.MCPBridge.Editor.HttpMcpServer:Start (int,System.Action) (at ./Library/PackageCache/com.meta.xr.sdk.core@4ea2676097b9/Editor/MCPBridge/HttpMcpServer.cs:189)
Meta.MCPBridge.Editor.HttpMcpServer:StartMcpBridgeServer () (at ./Library/PackageCache/com.meta.xr.sdk.core@4ea2676097b9/Editor/MCPBridge/HttpMcpServer.cs:127)
Meta.MCPBridge.Editor.HttpMcpServer:StartIfEnabled () (at ./Library/PackageCache/com.meta.xr.sdk.core@4ea2676097b9/Editor/MCPBridge/HttpMcpServer.cs:109)
Meta.MCPBridge.Editor.HttpMcpServer/<>c:<InitializeOnLoad>b__18_3 () (at ./Library/PackageCache/com.meta.xr.sdk.core@4ea2676097b9/Editor/MCPBridge/HttpMcpServer.cs:89)
Meta.XR.Editor.Callbacks.InitializeOnLoad:OnAllAssetsPostProcessed () (at ./Library/PackageCache/com.meta.xr.sdk.core@4ea2676097b9/Editor/Utils/EditorCallbacks/InitializeOnLoad.cs:46)
Meta.XR.Editor.Callbacks.AssetPostProcessor:OnPostprocessAllAssets (string[],string[],string[],string[],bool) (at ./Library/PackageCache/com.meta.xr.sdk.core@4ea2676097b9/Editor/Utils/EditorCallbacks/AssetPostProcessor.cs:32)
System.Reflection.RuntimeMethodInfo:Invoke (object,System.Reflection.BindingFlags,System.Reflection.Binder,object[],System.Globalization.CultureInfo)
System.Reflection.MethodBase:Invoke (object,object[])
UnityEditor.AssetPostprocessingInternal:InvokeMethod (System.Reflection.MethodInfo,object[])
UnityEditor.AssetPostprocessingInternal:PostprocessAllAssets (string[],string[],string[],string[],string[],bool)

(Filename: ./Library/PackageCache/com.meta.xr.sdk.core@4ea2676097b9/Editor/MCPBridge/HttpMcpServer.cs Line: 189)

[LocalExecutor] Discovered 16 tools: DebugLog, DiagnosticTools, IGetResourcesService, IReflectionService, SceneObjectsTools, ToolHelp, CodeAnalysisTools, CompilationTools, DesignTokenResource, InteractionTestingTools, TestRunnerTools, UIVerificationTools, BuildingBlocksTools, UPSTTools, DrawingTools, ImmersiveDebuggerTools
UnityEngine.Debug:ExtractStackTraceNoAlloc (byte*,int,string)
UnityEngine.StackTraceUtility:ExtractStackTrace ()
UnityEngine.DebugLogHandler:Internal_Log (UnityEngine.LogType,UnityEngine.LogOption,string,UnityEngine.Object)
UnityEngine.DebugLogHandler:LogFormat (UnityEngine.LogType,UnityEngine.Object,string,object[])
UnityEngine.Logger:Log (UnityEngine.LogType,object)
UnityEngine.Debug:Log (object)
Meta.MCPBridge.LocalExecutor:EnsureInitialized () (at ./Library/PackageCache/com.meta.xr.sdk.core@4ea2676097b9/Scripts/MCPBridge/LocalExecutor.cs:123)
Meta.MCPBridge.Editor.LocalToolProvider:Register () (at ./Library/PackageCache/com.meta.xr.sdk.core@4ea2676097b9/Editor/MCPBridge/LocalToolProvider.cs:66)
Meta.MCPBridge.Editor.HttpMcpServer/<>c:<StartMcpBridgeServer>b__21_0 () (at ./Library/PackageCache/com.meta.xr.sdk.core@4ea2676097b9/Editor/MCPBridge/HttpMcpServer.cs:129)
Meta.MCPBridge.Editor.HttpMcpServer:Start (int,System.Action) (at ./Library/PackageCache/com.meta.xr.sdk.core@4ea2676097b9/Editor/MCPBridge/HttpMcpServer.cs:203)
Meta.MCPBridge.Editor.HttpMcpServer:StartMcpBridgeServer () (at ./Library/PackageCache/com.meta.xr.sdk.core@4ea2676097b9/Editor/MCPBridge/HttpMcpServer.cs:127)
Meta.MCPBridge.Editor.HttpMcpServer:StartIfEnabled () (at ./Library/PackageCache/com.meta.xr.sdk.core@4ea2676097b9/Editor/MCPBridge/HttpMcpServer.cs:109)
Meta.MCPBridge.Editor.HttpMcpServer/<>c:<InitializeOnLoad>b__18_3 () (at ./Library/PackageCache/com.meta.xr.sdk.core@4ea2676097b9/Editor/MCPBridge/HttpMcpServer.cs:89)
Meta.XR.Editor.Callbacks.InitializeOnLoad:OnAllAssetsPostProcessed () (at ./Library/PackageCache/com.meta.xr.sdk.core@4ea2676097b9/Editor/Utils/EditorCallbacks/InitializeOnLoad.cs:46)
Meta.XR.Editor.Callbacks.AssetPostProcessor:OnPostprocessAllAssets (string[],string[],string[],string[],bool) (at ./Library/PackageCache/com.meta.xr.sdk.core@4ea2676097b9/Editor/Utils/EditorCallbacks/AssetPostProcessor.cs:32)
System.Reflection.RuntimeMethodInfo:Invoke (object,System.Reflection.BindingFlags,System.Reflection.Binder,object[],System.Globalization.CultureInfo)
System.Reflection.MethodBase:Invoke (object,object[])
UnityEditor.AssetPostprocessingInternal:InvokeMethod (System.Reflection.MethodInfo,object[])
UnityEditor.AssetPostprocessingInternal:PostprocessAllAssets (string[],string[],string[],string[],string[],bool)

(Filename: ./Library/PackageCache/com.meta.xr.sdk.core@4ea2676097b9/Scripts/MCPBridge/LocalExecutor.cs Line: 123)

[ToolProviderManager] Provider registered: local-unity-editor
UnityEngine.Debug:ExtractStackTraceNoAlloc (byte*,int,string)
UnityEngine.StackTraceUtility:ExtractStackTrace ()
UnityEngine.DebugLogHandler:Internal_Log (UnityEngine.LogType,UnityEngine.LogOption,string,UnityEngine.Object)
UnityEngine.DebugLogHandler:LogFormat (UnityEngine.LogType,UnityEngine.Object,string,object[])
UnityEngine.Logger:Log (UnityEngine.LogType,object)
UnityEngine.Debug:Log (object)
Meta.MCPBridge.Editor.ToolProviderManager:RegisterProvider (string,System.IO.StreamWriter) (at ./Library/PackageCache/com.meta.xr.sdk.core@4ea2676097b9/Editor/MCPBridge/ToolProviderManager.cs:92)
Meta.MCPBridge.Editor.LocalToolProvider:Register () (at ./Library/PackageCache/com.meta.xr.sdk.core@4ea2676097b9/Editor/MCPBridge/LocalToolProvider.cs:73)
Meta.MCPBridge.Editor.HttpMcpServer/<>c:<StartMcpBridgeServer>b__21_0 () (at ./Library/PackageCache/com.meta.xr.sdk.core@4ea2676097b9/Editor/MCPBridge/HttpMcpServer.cs:129)
Meta.MCPBridge.Editor.HttpMcpServer:Start (int,System.Action) (at ./Library/PackageCache/com.meta.xr.sdk.core@4ea2676097b9/Editor/MCPBridge/HttpMcpServer.cs:203)
Meta.MCPBridge.Editor.HttpMcpServer:StartMcpBridgeServer () (at ./Library/PackageCache/com.meta.xr.sdk.core@4ea2676097b9/Editor/MCPBridge/HttpMcpServer.cs:127)
Meta.MCPBridge.Editor.HttpMcpServer:StartIfEnabled () (at ./Library/PackageCache/com.meta.xr.sdk.core@4ea2676097b9/Editor/MCPBridge/HttpMcpServer.cs:109)
Meta.MCPBridge.Editor.HttpMcpServer/<>c:<InitializeOnLoad>b__18_3 () (at ./Library/PackageCache/com.meta.xr.sdk.core@4ea2676097b9/Editor/MCPBridge/HttpMcpServer.cs:89)
Meta.XR.Editor.Callbacks.InitializeOnLoad:OnAllAssetsPostProcessed () (at ./Library/PackageCache/com.meta.xr.sdk.core@4ea2676097b9/Editor/Utils/EditorCallbacks/InitializeOnLoad.cs:46)
Meta.XR.Editor.Callbacks.AssetPostProcessor:OnPostprocessAllAssets (string[],string[],string[],string[],bool) (at ./Library/PackageCache/com.meta.xr.sdk.core@4ea2676097b9/Editor/Utils/EditorCallbacks/AssetPostProcessor.cs:32)
System.Reflection.RuntimeMethodInfo:Invoke (object,System.Reflection.BindingFlags,System.Reflection.Binder,object[],System.Globalization.CultureInfo)
System.Reflection.MethodBase:Invoke (object,object[])
UnityEditor.AssetPostprocessingInternal:InvokeMethod (System.Reflection.MethodInfo,object[])
UnityEditor.AssetPostprocessingInternal:PostprocessAllAssets (string[],string[],string[],string[],string[],bool)

(Filename: ./Library/PackageCache/com.meta.xr.sdk.core@4ea2676097b9/Editor/MCPBridge/ToolProviderManager.cs Line: 92)

[ConnectedToolProvider] Capabilities registered for local-unity-editor: 16 tools, 1 resources, 0 prompts
UnityEngine.Debug:ExtractStackTraceNoAlloc (byte*,int,string)
UnityEngine.StackTraceUtility:ExtractStackTrace ()
UnityEngine.DebugLogHandler:Internal_Log (UnityEngine.LogType,UnityEngine.LogOption,string,UnityEngine.Object)
UnityEngine.DebugLogHandler:LogFormat (UnityEngine.LogType,UnityEngine.Object,string,object[])
UnityEngine.Logger:Log (UnityEngine.LogType,object)
UnityEngine.Debug:Log (object)
Meta.MCPBridge.Editor.ConnectedToolProvider:SetCapabilities (Meta.MCPBridge.ProviderCapabilities) (at ./Library/PackageCache/com.meta.xr.sdk.core@4ea2676097b9/Editor/MCPBridge/ToolProviderManager.cs:533)
Meta.MCPBridge.Editor.LocalToolProvider:Register () (at ./Library/PackageCache/com.meta.xr.sdk.core@4ea2676097b9/Editor/MCPBridge/LocalToolProvider.cs:74)
Meta.MCPBridge.Editor.HttpMcpServer/<>c:<StartMcpBridgeServer>b__21_0 () (at ./Library/PackageCache/com.meta.xr.sdk.core@4ea2676097b9/Editor/MCPBridge/HttpMcpServer.cs:129)
Meta.MCPBridge.Editor.HttpMcpServer:Start (int,System.Action) (at ./Library/PackageCache/com.meta.xr.sdk.core@4ea2676097b9/Editor/MCPBridge/HttpMcpServer.cs:203)
Meta.MCPBridge.Editor.HttpMcpServer:StartMcpBridgeServer () (at ./Library/PackageCache/com.meta.xr.sdk.core@4ea2676097b9/Editor/MCPBridge/HttpMcpServer.cs:127)
Meta.MCPBridge.Editor.HttpMcpServer:StartIfEnabled () (at ./Library/PackageCache/com.meta.xr.sdk.core@4ea2676097b9/Editor/MCPBridge/HttpMcpServer.cs:109)
Meta.MCPBridge.Editor.HttpMcpServer/<>c:<InitializeOnLoad>b__18_3 () (at ./Library/PackageCache/com.meta.xr.sdk.core@4ea2676097b9/Editor/MCPBridge/HttpMcpServer.cs:89)
Meta.XR.Editor.Callbacks.InitializeOnLoad:OnAllAssetsPostProcessed () (at ./Library/PackageCache/com.meta.xr.sdk.core@4ea2676097b9/Editor/Utils/EditorCallbacks/InitializeOnLoad.cs:46)
Meta.XR.Editor.Callbacks.AssetPostProcessor:OnPostprocessAllAssets (string[],string[],string[],string[],bool) (at ./Library/PackageCache/com.meta.xr.sdk.core@4ea2676097b9/Editor/Utils/EditorCallbacks/AssetPostProcessor.cs:32)
System.Reflection.RuntimeMethodInfo:Invoke (object,System.Reflection.BindingFlags,System.Reflection.Binder,object[],System.Globalization.CultureInfo)
System.Reflection.MethodBase:Invoke (object,object[])
UnityEditor.AssetPostprocessingInternal:InvokeMethod (System.Reflection.MethodInfo,object[])
UnityEditor.AssetPostprocessingInternal:PostprocessAllAssets (string[],string[],string[],string[],string[],bool)

(Filename: ./Library/PackageCache/com.meta.xr.sdk.core@4ea2676097b9/Editor/MCPBridge/ToolProviderManager.cs Line: 533)

[LocalToolProvider] Registered with 16 tools, 1 resources, 0 prompts
UnityEngine.Debug:ExtractStackTraceNoAlloc (byte*,int,string)
UnityEngine.StackTraceUtility:ExtractStackTrace ()
UnityEngine.DebugLogHandler:Internal_Log (UnityEngine.LogType,UnityEngine.LogOption,string,UnityEngine.Object)
UnityEngine.DebugLogHandler:LogFormat (UnityEngine.LogType,UnityEngine.Object,string,object[])
UnityEngine.Logger:Log (UnityEngine.LogType,object)
UnityEngine.Debug:Log (object)
Meta.MCPBridge.Editor.LocalToolProvider:Register () (at ./Library/PackageCache/com.meta.xr.sdk.core@4ea2676097b9/Editor/MCPBridge/LocalToolProvider.cs:78)
Meta.MCPBridge.Editor.HttpMcpServer/<>c:<StartMcpBridgeServer>b__21_0 () (at ./Library/PackageCache/com.meta.xr.sdk.core@4ea2676097b9/Editor/MCPBridge/HttpMcpServer.cs:129)
Meta.MCPBridge.Editor.HttpMcpServer:Start (int,System.Action) (at ./Library/PackageCache/com.meta.xr.sdk.core@4ea2676097b9/Editor/MCPBridge/HttpMcpServer.cs:203)
Meta.MCPBridge.Editor.HttpMcpServer:StartMcpBridgeServer () (at ./Library/PackageCache/com.meta.xr.sdk.core@4ea2676097b9/Editor/MCPBridge/HttpMcpServer.cs:127)
Meta.MCPBridge.Editor.HttpMcpServer:StartIfEnabled () (at ./Library/PackageCache/com.meta.xr.sdk.core@4ea2676097b9/Editor/MCPBridge/HttpMcpServer.cs:109)
Meta.MCPBridge.Editor.HttpMcpServer/<>c:<InitializeOnLoad>b__18_3 () (at ./Library/PackageCache/com.meta.xr.sdk.core@4ea2676097b9/Editor/MCPBridge/HttpMcpServer.cs:89)
Meta.XR.Editor.Callbacks.InitializeOnLoad:OnAllAssetsPostProcessed () (at ./Library/PackageCache/com.meta.xr.sdk.core@4ea2676097b9/Editor/Utils/EditorCallbacks/InitializeOnLoad.cs:46)
Meta.XR.Editor.Callbacks.AssetPostProcessor:OnPostprocessAllAssets (string[],string[],string[],string[],bool) (at ./Library/PackageCache/com.meta.xr.sdk.core@4ea2676097b9/Editor/Utils/EditorCallbacks/AssetPostProcessor.cs:32)
System.Reflection.RuntimeMethodInfo:Invoke (object,System.Reflection.BindingFlags,System.Reflection.Binder,object[],System.Globalization.CultureInfo)
System.Reflection.MethodBase:Invoke (object,object[])
UnityEditor.AssetPostprocessingInternal:InvokeMethod (System.Reflection.MethodInfo,object[])
UnityEditor.AssetPostprocessingInternal:PostprocessAllAssets (string[],string[],string[],string[],string[],bool)

(Filename: ./Library/PackageCache/com.meta.xr.sdk.core@4ea2676097b9/Editor/MCPBridge/LocalToolProvider.cs Line: 78)

[MCPBridge] Discovery file written to C:\Users\GARVBA~1\AppData\Local\Temp\mcpbridge_1d15ecad.info
UnityEngine.Debug:ExtractStackTraceNoAlloc (byte*,int,string)
UnityEngine.StackTraceUtility:ExtractStackTrace ()
UnityEngine.DebugLogHandler:Internal_Log (UnityEngine.LogType,UnityEngine.LogOption,string,UnityEngine.Object)
UnityEngine.DebugLogHandler:LogFormat (UnityEngine.LogType,UnityEngine.Object,string,object[])
UnityEngine.Logger:Log (UnityEngine.LogType,object)
UnityEngine.Debug:Log (object)
Meta.MCPBridge.Editor.ExternalDiscovery:WriteDiscoveryFiles () (at ./Library/PackageCache/com.meta.xr.sdk.core@4ea2676097b9/Editor/MCPBridge/ExternalDiscovery.cs:65)
Meta.MCPBridge.Editor.HttpMcpServer/<>c:<StartMcpBridgeServer>b__21_0 () (at ./Library/PackageCache/com.meta.xr.sdk.core@4ea2676097b9/Editor/MCPBridge/HttpMcpServer.cs:130)
Meta.MCPBridge.Editor.HttpMcpServer:Start (int,System.Action) (at ./Library/PackageCache/com.meta.xr.sdk.core@4ea2676097b9/Editor/MCPBridge/HttpMcpServer.cs:203)
Meta.MCPBridge.Editor.HttpMcpServer:StartMcpBridgeServer () (at ./Library/PackageCache/com.meta.xr.sdk.core@4ea2676097b9/Editor/MCPBridge/HttpMcpServer.cs:127)
Meta.MCPBridge.Editor.HttpMcpServer:StartIfEnabled () (at ./Library/PackageCache/com.meta.xr.sdk.core@4ea2676097b9/Editor/MCPBridge/HttpMcpServer.cs:109)
Meta.MCPBridge.Editor.HttpMcpServer/<>c:<InitializeOnLoad>b__18_3 () (at ./Library/PackageCache/com.meta.xr.sdk.core@4ea2676097b9/Editor/MCPBridge/HttpMcpServer.cs:89)
Meta.XR.Editor.Callbacks.InitializeOnLoad:OnAllAssetsPostProcessed () (at ./Library/PackageCache/com.meta.xr.sdk.core@4ea2676097b9/Editor/Utils/EditorCallbacks/InitializeOnLoad.cs:46)
Meta.XR.Editor.Callbacks.AssetPostProcessor:OnPostprocessAllAssets (string[],string[],string[],string[],bool) (at ./Library/PackageCache/com.meta.xr.sdk.core@4ea2676097b9/Editor/Utils/EditorCallbacks/AssetPostProcessor.cs:32)
System.Reflection.RuntimeMethodInfo:Invoke (object,System.Reflection.BindingFlags,System.Reflection.Binder,object[],System.Globalization.CultureInfo)
System.Reflection.MethodBase:Invoke (object,object[])
UnityEditor.AssetPostprocessingInternal:InvokeMethod (System.Reflection.MethodInfo,object[])
UnityEditor.AssetPostprocessingInternal:PostprocessAllAssets (string[],string[],string[],string[],string[],bool)

(Filename: ./Library/PackageCache/com.meta.xr.sdk.core@4ea2676097b9/Editor/MCPBridge/ExternalDiscovery.cs Line: 65)

Refreshing native plugins compatible for Editor in 21.59 ms, found 12 plugins.
(Values over 0.050ms)
Asset Pipeline Refresh (id=c2a429e20c1bf634582a7bef06e730a3): Total: 18.810 seconds - Initiated by InitialRefreshV2(ForceSynchronousImport)
	Summary:
		Imports: total=0 (actual=0, local cache=0, cache server=0)
		Asset DB Process Time: managed=0 ms, native=7408 ms
		Asset DB Callback time: managed=4909 ms, native=103 ms
		Scripting: domain reloads=1, domain reload time=1450 ms, compile time=4822 ms, other=114 ms
		Project Asset Count: scripts=2187, non-scripts=3853
		Asset File Changes: new=0, changed=1, moved=0, deleted=0
		Scan Filter Count: 0
	InvokePackagesCallback: 68.781ms
	ApplyChangesToAssetFolders: 1.139ms
	Scan: 562.141ms
	OnSourceAssetsModified: 1.277ms
	CategorizeScriptCompilationAssets: 138.293ms
	ProcessAssetsWithTransientArtifactChanges: 103.999ms
	CategorizeAssets: 184.891ms
	CompileScripts: 4821.946ms
	ImportOutOfDateAssets: 6077.287ms (6069.725ms without children)
		ReloadNativeAssets: 0.063ms
		UnloadImportedAssets: 3.900ms
		EnsureUptoDateAssetsAreRegisteredWithGuidPM: 1.888ms
		OnDemandSchedulerStart: 1.673ms
	PostProcessAllAssets: 4922.219ms
		XRBuildSystem.XRAssetImported 8.491ms
		VCAutoAddAssetPostprocess 2.609ms
		PostProcessCallbackCreateDeferredMaterials 0.064ms
		MonoPostProcessAllAssets: 4908.450ms
			AssetPostprocessor.OnPostprocessAllAssets 244.204ms
			StyleCatalogPostProcessor.OnPostprocessAllAssets 74.822ms
			AssetCallbacks.OnPostprocessAllAssets 36.535ms
			WindowAssetPostprocessingWatcher.OnPostprocessAllAssets 25.611ms
			BuilderAssetPostprocessor.OnPostprocessAllAssets 22.402ms
			UniversalRenderPipelineGlobalSettingsPostprocessor.OnPostprocessAllAssets 18.744ms
			SyncVS.PostprocessSyncProject 3.591ms
			SpeedTree9Postprocessor.OnPostprocessAllAssets 3.175ms
			ShaderGraphAssetPostProcessor.OnPostprocessAllAssets 2.182ms
			AddressablesAssetPostProcessor.OnPostprocessAllAssets 2.130ms
			RetainedModeAssetPostprocessor.OnPostprocessAllAssets 1.858ms
			AssetChangedListener.OnPostprocessAllAssets 1.637ms
			ArtifactBrowserPostProcessor.OnPostprocessAllAssets 1.465ms
			MaterialPostprocessor.OnPostprocessAllAssets 1.159ms
			AssetPostProcessor.OnPostprocessAllAssets 1.118ms
			RenderPipelineGlobalSettingsPostprocessor.OnPostprocessAllAssets 1.003ms
			ReferencedClipsPostProcessor.OnPostprocessAllAssets 0.989ms
			AudioMixerPostprocessor.OnPostprocessAllAssets 0.870ms
			AssetEvents.OnPostprocessAllAssets 0.784ms
			InputActionAssetPostprocessor.OnPostprocessAllAssets 0.653ms
			TMPro_TexturePostProcessor.OnPostprocessAllAssets 0.504ms
			AssetPathToTypes.OnPostprocessAllAssets 0.452ms
			TextAssetPostProcessor.OnPostprocessAllAssets 0.446ms
			AssetDatabaseCallbacks.OnPostprocessAllAssets 0.432ms
			PostProcessor.OnPostprocessAllAssets 0.390ms
			SceneRenameHandler.OnPostprocessAllAssets 0.379ms
			ScenarioDriftAssetsTracker.OnPostprocessAllAssets 0.353ms
			ConfigAssetsTracker.OnPostprocessAllAssets 0.328ms
			TerrainToolbarOverlayPostProcessor.OnPostprocessAllAssets 0.250ms
			AudioContainerPostProcessor.OnPostprocessAllAssets 0.224ms
			SpeedTreePostProcessor.OnPostprocessAllAssets 0.213ms
			ProjectSettingsPostprocessor.OnPostprocessAllAssets 0.193ms
			InputActionJsonNameModifierAssetProcessor.OnPostprocessAllAssets 0.118ms
	PostAssetChangesProfiler: 24.046ms
	UnloadStreamsBegin: 3.942ms
	PersistCurrentRevisions: 0.540ms
	GenerateScriptTypeHashes: 31.146ms
	GenerateScriptTypeSerializationHashes: 49.145ms
	Untracked: 1890.517ms

Application.AssetDatabase Initial Refresh End
Launched and connected shader compiler UnityShaderCompiler.exe after 0.03 seconds
Shader 'Oculus/OVRMRCameraFrameLit': fallback shader 'Alpha-Diffuse' not found
Scanning for USB devices : 5.072ms
Initializing Unity extensions:
[MODES] ModeService[none].Initialize
[MODES] ModeService[none].LoadModes
[MODES] Loading mode Default (0) for mode-current-id-OPUS
[HRT] RulesProvider: loaded 4 remote rule(s) (schema v1).
UnityEngine.Debug:ExtractStackTraceNoAlloc (byte*,int,string)
UnityEngine.StackTraceUtility:ExtractStackTrace ()
UnityEngine.DebugLogHandler:Internal_Log (UnityEngine.LogType,UnityEngine.LogOption,string,UnityEngine.Object)
UnityEngine.DebugLogHandler:LogFormat (UnityEngine.LogType,UnityEngine.Object,string,object[])
UnityEngine.Logger:Log (UnityEngine.LogType,object)
UnityEngine.Debug:Log (object)
Meta.HandReadinessTool.Editor.HandReadinessRulesProvider:EmitSuccess (int,int) (at ./Library/PackageCache/com.meta.xr.sdk.core@4ea2676097b9/Editor/HandReadinessTool/HandReadinessRulesProvider.cs:175)
Meta.HandReadinessTool.Editor.HandReadinessRulesProvider/<FetchAndSwap>d__11:MoveNext () (at ./Library/PackageCache/com.meta.xr.sdk.core@4ea2676097b9/Editor/HandReadinessTool/HandReadinessRulesProvider.cs:125)
System.Runtime.CompilerServices.AsyncMethodBuilderCore/MoveNextRunner:InvokeMoveNext (object)
System.Threading.ExecutionContext:RunInternal (System.Threading.ExecutionContext,System.Threading.ContextCallback,object,bool)
System.Threading.ExecutionContext:Run (System.Threading.ExecutionContext,System.Threading.ContextCallback,object,bool)
System.Runtime.CompilerServices.AsyncMethodBuilderCore/MoveNextRunner:Run ()
System.Threading.Tasks.AwaitTaskContinuation:InvokeAction (object)
System.Threading.Tasks.AwaitTaskContinuation:RunCallback (System.Threading.ContextCallback,object,System.Threading.Tasks.Task&)
System.Threading.Tasks.SynchronizationContextAwaitTaskContinuation:Run (System.Threading.Tasks.Task,bool)
System.Threading.Tasks.Task:FinishContinuations ()
System.Threading.Tasks.Task:FinishStageThree ()
System.Threading.Tasks.Task`1<Meta.XR.Editor.RemoteContent.DownloadResult`1<Meta.HandReadinessTool.Editor.HandReadinessRulesProvider/RulesPayload>>:TrySetResult (Meta.XR.Editor.RemoteContent.DownloadResult`1<Meta.HandReadinessTool.Editor.HandReadinessRulesProvider/RulesPayload>)
System.Runtime.CompilerServices.AsyncTaskMethodBuilder`1<Meta.XR.Editor.RemoteContent.DownloadResult`1<Meta.HandReadinessTool.Editor.HandReadinessRulesProvider/RulesPayload>>:SetResult (Meta.XR.Editor.RemoteContent.DownloadResult`1<Meta.HandReadinessTool.Editor.HandReadinessRulesProvider/RulesPayload>)
Meta.XR.Editor.UserInterface.RemoteJsonContent`1/<Create>d__1<Meta.HandReadinessTool.Editor.HandReadinessRulesProvider/RulesPayload>:MoveNext () (at ./Library/PackageCache/com.meta.xr.sdk.core@4ea2676097b9/Editor/Utils/UserInterface/RemoteJsonContent.cs:56)
System.Runtime.CompilerServices.AsyncMethodBuilderCore/MoveNextRunner:InvokeMoveNext (object)
System.Threading.ExecutionContext:RunInternal (System.Threading.ExecutionContext,System.Threading.ContextCallback,object,bool)
System.Threading.ExecutionContext:Run (System.Threading.ExecutionContext,System.Threading.ContextCallback,object,bool)
System.Runtime.CompilerServices.AsyncMethodBuilderCore/MoveNextRunner:Run ()
System.Threading.Tasks.AwaitTaskContinuation:InvokeAction (object)
System.Threading.Tasks.AwaitTaskContinuation:RunCallback (System.Threading.ContextCallback,object,System.Threading.Tasks.Task&)
System.Threading.Tasks.SynchronizationContextAwaitTaskContinuation:Run (System.Threading.Tasks.Task,bool)
System.Threading.Tasks.Task:FinishContinuations ()
System.Threading.Tasks.Task:FinishStageThree ()
System.Threading.Tasks.Task`1<Meta.XR.Editor.RemoteContent.DownloadResult`1<string>>:TrySetResult (Meta.XR.Editor.RemoteContent.DownloadResult`1<string>)
System.Runtime.CompilerServices.AsyncTaskMethodBuilder`1<Meta.XR.Editor.RemoteContent.DownloadResult`1<string>>:SetResult (Meta.XR.Editor.RemoteContent.DownloadResult`1<string>)
Meta.XR.Editor.RemoteContent.RemoteJsonContentDownloader/<Fetch>d__3:MoveNext () (at ./Library/PackageCache/com.meta.xr.sdk.core@4ea2676097b9/Editor/Utils/RemoteContent/RemoteContentDownloader.cs:374)
System.Runtime.CompilerServices.AsyncMethodBuilderCore/MoveNextRunner:InvokeMoveNext (object)
System.Threading.ExecutionContext:RunInternal (System.Threading.ExecutionContext,System.Threading.ContextCallback,object,bool)
System.Threading.ExecutionContext:Run (System.Threading.ExecutionContext,System.Threading.ContextCallback,object,bool)
System.Runtime.CompilerServices.AsyncMethodBuilderCore/MoveNextRunner:Run ()
System.Threading.Tasks.AwaitTaskContinuation:InvokeAction (object)
System.Threading.Tasks.AwaitTaskContinuation:RunCallback (System.Threading.ContextCallback,object,System.Threading.Tasks.Task&)
System.Threading.Tasks.SynchronizationContextAwaitTaskContinuation:Run (System.Threading.Tasks.Task,bool)
System.Threading.Tasks.Task:FinishContinuations ()
System.Threading.Tasks.Task:FinishStageThree ()
System.Threading.Tasks.Task`1<Meta.XR.Editor.RemoteContent.DownloadResult`1<string>>:TrySetResult (Meta.XR.Editor.RemoteContent.DownloadResult`1<string>)
System.Runtime.CompilerServices.AsyncTaskMethodBuilder`1<Meta.XR.Editor.RemoteContent.DownloadResult`1<string>>:SetResult (Meta.XR.Editor.RemoteContent.DownloadResult`1<string>)
Meta.XR.Editor.RemoteContent.RemoteContentDownloader`1/<Fetch>d__31`1<Meta.XR.Editor.RemoteContent.RemoteJsonContentDownloader, string>:MoveNext () (at ./Library/PackageCache/com.meta.xr.sdk.core@4ea2676097b9/Editor/Utils/RemoteContent/RemoteContentDownloader.cs:309)
System.Runtime.CompilerServices.AsyncMethodBuilderCore/MoveNextRunner:InvokeMoveNext (object)
System.Threading.ExecutionContext:RunInternal (System.Threading.ExecutionContext,System.Threading.ContextCallback,object,bool)
System.Threading.ExecutionContext:Run (System.Threading.ExecutionContext,System.Threading.ContextCallback,object,bool)
System.Runtime.CompilerServices.AsyncMethodBuilderCore/MoveNextRunner:Run ()
System.Threading.Tasks.AwaitTaskContinuation:InvokeAction (object)
System.Threading.Tasks.AwaitTaskContinuation:RunCallback (System.Threading.ContextCallback,object,System.Threading.Tasks.Task&)
System.Threading.Tasks.SynchronizationContextAwaitTaskContinuation:Run (System.Threading.Tasks.Task,bool)
System.Threading.Tasks.Task:FinishContinuations ()
System.Threading.Tasks.Task:FinishStageThree ()
System.Threading.Tasks.Task`1<string>:TrySetResult (string)
System.Runtime.CompilerServices.AsyncTaskMethodBuilder`1<string>:SetResult (string)
Meta.XR.Editor.RemoteContent.RemoteJsonContentDownloader/<ReadFromCache>d__5`1<string>:MoveNext () (at ./Library/PackageCache/com.meta.xr.sdk.core@4ea2676097b9/Editor/Utils/RemoteContent/RemoteContentDownloader.cs:401)
System.Runtime.CompilerServices.AsyncMethodBuilderCore/MoveNextRunner:InvokeMoveNext (object)
System.Threading.ExecutionContext:RunInternal (System.Threading.ExecutionContext,System.Threading.ContextCallback,object,bool)
System.Threading.ExecutionContext:Run (System.Threading.ExecutionContext,System.Threading.ContextCallback,object,bool)
System.Runtime.CompilerServices.AsyncMethodBuilderCore/MoveNextRunner:Run ()
System.Threading.Tasks.SynchronizationContextAwaitTaskContinuation/<>c:<.cctor>b__7_0 (object)
UnityEngine.UnitySynchronizationContext/WorkRequest:Invoke ()
UnityEngine.UnitySynchronizationContext:Exec ()
UnityEngine.UnitySynchronizationContext:ExecuteTasks ()

(Filename: ./Library/PackageCache/com.meta.xr.sdk.core@4ea2676097b9/Editor/HandReadinessTool/HandReadinessRulesProvider.cs Line: 175)

[HRT] PromptProvider: loaded remote prompt (systemPrompt=4925c, references=2, schema v1).
UnityEngine.Debug:ExtractStackTraceNoAlloc (byte*,int,string)
UnityEngine.StackTraceUtility:ExtractStackTrace ()
UnityEngine.DebugLogHandler:Internal_Log (UnityEngine.LogType,UnityEngine.LogOption,string,UnityEngine.Object)
UnityEngine.DebugLogHandler:LogFormat (UnityEngine.LogType,UnityEngine.Object,string,object[])
UnityEngine.Logger:Log (UnityEngine.LogType,object)
UnityEngine.Debug:Log (object)
Meta.HandReadinessTool.Editor.HandReadinessPromptProvider:EmitSuccess (int,int,int) (at ./Library/PackageCache/com.meta.xr.sdk.core@4ea2676097b9/Editor/HandReadinessTool/HandReadinessPromptProvider.cs:159)
Meta.HandReadinessTool.Editor.HandReadinessPromptProvider/<FetchAndSwap>d__11:MoveNext () (at ./Library/PackageCache/com.meta.xr.sdk.core@4ea2676097b9/Editor/HandReadinessTool/HandReadinessPromptProvider.cs:122)
System.Runtime.CompilerServices.AsyncMethodBuilderCore/MoveNextRunner:InvokeMoveNext (object)
System.Threading.ExecutionContext:RunInternal (System.Threading.ExecutionContext,System.Threading.ContextCallback,object,bool)
System.Threading.ExecutionContext:Run (System.Threading.ExecutionContext,System.Threading.ContextCallback,object,bool)
System.Runtime.CompilerServices.AsyncMethodBuilderCore/MoveNextRunner:Run ()
System.Threading.Tasks.AwaitTaskContinuation:InvokeAction (object)
System.Threading.Tasks.AwaitTaskContinuation:RunCallback (System.Threading.ContextCallback,object,System.Threading.Tasks.Task&)
System.Threading.Tasks.SynchronizationContextAwaitTaskContinuation:Run (System.Threading.Tasks.Task,bool)
System.Threading.Tasks.Task:FinishContinuations ()
System.Threading.Tasks.Task:FinishStageThree ()
System.Threading.Tasks.Task`1<Meta.XR.Editor.RemoteContent.DownloadResult`1<Meta.HandReadinessTool.Editor.HandReadinessPromptProvider/PromptPayload>>:TrySetResult (Meta.XR.Editor.RemoteContent.DownloadResult`1<Meta.HandReadinessTool.Editor.HandReadinessPromptProvider/PromptPayload>)
System.Runtime.CompilerServices.AsyncTaskMethodBuilder`1<Meta.XR.Editor.RemoteContent.DownloadResult`1<Meta.HandReadinessTool.Editor.HandReadinessPromptProvider/PromptPayload>>:SetResult (Meta.XR.Editor.RemoteContent.DownloadResult`1<Meta.HandReadinessTool.Editor.HandReadinessPromptProvider/PromptPayload>)
Meta.XR.Editor.UserInterface.RemoteJsonContent`1/<Create>d__1<Meta.HandReadinessTool.Editor.HandReadinessPromptProvider/PromptPayload>:MoveNext () (at ./Library/PackageCache/com.meta.xr.sdk.core@4ea2676097b9/Editor/Utils/UserInterface/RemoteJsonContent.cs:56)
System.Runtime.CompilerServices.AsyncMethodBuilderCore/MoveNextRunner:InvokeMoveNext (object)
System.Threading.ExecutionContext:RunInternal (System.Threading.ExecutionContext,System.Threading.ContextCallback,object,bool)
System.Threading.ExecutionContext:Run (System.Threading.ExecutionContext,System.Threading.ContextCallback,object,bool)
System.Runtime.CompilerServices.AsyncMethodBuilderCore/MoveNextRunner:Run ()
System.Threading.Tasks.AwaitTaskContinuation:InvokeAction (object)
System.Threading.Tasks.AwaitTaskContinuation:RunCallback (System.Threading.ContextCallback,object,System.Threading.Tasks.Task&)
System.Threading.Tasks.SynchronizationContextAwaitTaskContinuation:Run (System.Threading.Tasks.Task,bool)
System.Threading.Tasks.Task:FinishContinuations ()
System.Threading.Tasks.Task:FinishStageThree ()
System.Threading.Tasks.Task`1<Meta.XR.Editor.RemoteContent.DownloadResult`1<string>>:TrySetResult (Meta.XR.Editor.RemoteContent.DownloadResult`1<string>)
System.Runtime.CompilerServices.AsyncTaskMethodBuilder`1<Meta.XR.Editor.RemoteContent.DownloadResult`1<string>>:SetResult (Meta.XR.Editor.RemoteContent.DownloadResult`1<string>)
Meta.XR.Editor.RemoteContent.RemoteJsonContentDownloader/<Fetch>d__3:MoveNext () (at ./Library/PackageCache/com.meta.xr.sdk.core@4ea2676097b9/Editor/Utils/RemoteContent/RemoteContentDownloader.cs:374)
System.Runtime.CompilerServices.AsyncMethodBuilderCore/MoveNextRunner:InvokeMoveNext (object)
System.Threading.ExecutionContext:RunInternal (System.Threading.ExecutionContext,System.Threading.ContextCallback,object,bool)
System.Threading.ExecutionContext:Run (System.Threading.ExecutionContext,System.Threading.ContextCallback,object,bool)
System.Runtime.CompilerServices.AsyncMethodBuilderCore/MoveNextRunner:Run ()
System.Threading.Tasks.AwaitTaskContinuation:InvokeAction (object)
System.Threading.Tasks.AwaitTaskContinuation:RunCallback (System.Threading.ContextCallback,object,System.Threading.Tasks.Task&)
System.Threading.Tasks.SynchronizationContextAwaitTaskContinuation:Run (System.Threading.Tasks.Task,bool)
System.Threading.Tasks.Task:FinishContinuations ()
System.Threading.Tasks.Task:FinishStageThree ()
System.Threading.Tasks.Task`1<Meta.XR.Editor.RemoteContent.DownloadResult`1<string>>:TrySetResult (Meta.XR.Editor.RemoteContent.DownloadResult`1<string>)
System.Runtime.CompilerServices.AsyncTaskMethodBuilder`1<Meta.XR.Editor.RemoteContent.DownloadResult`1<string>>:SetResult (Meta.XR.Editor.RemoteContent.DownloadResult`1<string>)
Meta.XR.Editor.RemoteContent.RemoteContentDownloader`1/<Fetch>d__31`1<Meta.XR.Editor.RemoteContent.RemoteJsonContentDownloader, string>:MoveNext () (at ./Library/PackageCache/com.meta.xr.sdk.core@4ea2676097b9/Editor/Utils/RemoteContent/RemoteContentDownloader.cs:309)
System.Runtime.CompilerServices.AsyncMethodBuilderCore/MoveNextRunner:InvokeMoveNext (object)
System.Threading.ExecutionContext:RunInternal (System.Threading.ExecutionContext,System.Threading.ContextCallback,object,bool)
System.Threading.ExecutionContext:Run (System.Threading.ExecutionContext,System.Threading.ContextCallback,object,bool)
System.Runtime.CompilerServices.AsyncMethodBuilderCore/MoveNextRunner:Run ()
System.Threading.Tasks.AwaitTaskContinuation:InvokeAction (object)
System.Threading.Tasks.AwaitTaskContinuation:RunCallback (System.Threading.ContextCallback,object,System.Threading.Tasks.Task&)
System.Threading.Tasks.SynchronizationContextAwaitTaskContinuation:Run (System.Threading.Tasks.Task,bool)
System.Threading.Tasks.Task:FinishContinuations ()
System.Threading.Tasks.Task:FinishStageThree ()
System.Threading.Tasks.Task`1<string>:TrySetResult (string)
System.Runtime.CompilerServices.AsyncTaskMethodBuilder`1<string>:SetResult (string)
Meta.XR.Editor.RemoteContent.RemoteJsonContentDownloader/<ReadFromCache>d__5`1<string>:MoveNext () (at ./Library/PackageCache/com.meta.xr.sdk.core@4ea2676097b9/Editor/Utils/RemoteContent/RemoteContentDownloader.cs:401)
System.Runtime.CompilerServices.AsyncMethodBuilderCore/MoveNextRunner:InvokeMoveNext (object)
System.Threading.ExecutionContext:RunInternal (System.Threading.ExecutionContext,System.Threading.ContextCallback,object,bool)
System.Threading.ExecutionContext:Run (System.Threading.ExecutionContext,System.Threading.ContextCallback,object,bool)
System.Runtime.CompilerServices.AsyncMethodBuilderCore/MoveNextRunner:Run ()
System.Threading.Tasks.SynchronizationContextAwaitTaskContinuation/<>c:<.cctor>b__7_0 (object)
UnityEngine.UnitySynchronizationContext/WorkRequest:Invoke ()
UnityEngine.UnitySynchronizationContext:Exec ()
UnityEngine.UnitySynchronizationContext:ExecuteTasks ()

(Filename: ./Library/PackageCache/com.meta.xr.sdk.core@4ea2676097b9/Editor/HandReadinessTool/HandReadinessPromptProvider.cs Line: 159)

Unloading 148 Unused Serialized files (Serialized files now loaded: 0)
Unloading 6893 unused Assets / (6.8 MB). Loaded Objects now: 9012.
Memory consumption went from 260.6 MB to 253.9 MB.
Total: 23.769800 ms (FindLiveObjects: 0.914200 ms CreateObjectMapping: 0.756500 ms MarkObjects: 17.452900 ms  DeleteObjects: 4.039700 ms)

[Project] Loading completed in 41.173 seconds
	Project init time: 				23.711 seconds
		Template init time: 		0.000 seconds
		Package Manager init time: 		0.474 seconds
		Asset Database init time: 		1.356 seconds
		Global illumination init time: 	0.005 seconds
		Assemblies load time: 			1.396 seconds
		Unity extensions init time: 	0.012 seconds
		Asset Database refresh time: 	18.811 seconds
	Scene opening time: 			17.100 seconds
##utp:{"type":"ProjectInfo","version":2,"phase":"Immediate","time":1789750626763,"processId":19900,"projectLoad":41.172867999999997,"projectInit":23.7110792,"templateInit":0.0,"packageManagerInit":0.4742687,"assetDatabaseInit":1.3559071,"globalIlluminationInit":0.0053077,"assembliesLoad":1.396079,"unityExtensionsInit":0.0117792,"assetDatabaseRefresh":18.810798,"sceneOpening":17.1001051}
##utp:{"type":"EditorInfo","version":2,"phase":"Immediate","time":1789750626763,"processId":19900,"editorVersion":"6000.4.6f1 (0b051c2e5d54)","branch":"6000.4/staging","buildType":"Release","platform":"Windows"}
[Licensing::Client] Successfully resolved entitlement details
[Licensing::Client] Successfully resolved entitlement details
Start importing Assets/XR/Settings/OpenXR Package Settings.asset using Guid(0d647736f3e354044b23fb340838e9eb) (NativeFormatImporter) -> (Import Result ID: '83be3409bcbc20eef5cbae634207ea95') in 0.0172587 seconds [static dependencies only]. Details - ImportResultOutputID=c8338305546446aab4e7d26577b91671 DependenciesID=2c407465c3fa9fdae37604ba5dc1335a StaticDependenciesID=e7252c103fdb22a96e109f3b4bbed5a2 
Refreshing native plugins compatible for Editor in 21.96 ms, found 12 plugins.
Asset Pipeline Refresh (id=4029d6328965d514c8a88151722deca7): Total: 0.194 seconds - Initiated by StopAssetImportingV2(NoUpdateAssetOptions)
Start importing Assets/XR/Settings/OpenXR Package Settings.asset using Guid(0d647736f3e354044b23fb340838e9eb) (NativeFormatImporter) -> (Import Result ID: '83be3409bcbc20eef5cbae634207ea95') in 0.0164828 seconds [static dependencies only]. Details - ImportResultOutputID=c8338305546446aab4e7d26577b91671 DependenciesID=2c407465c3fa9fdae37604ba5dc1335a StaticDependenciesID=e7252c103fdb22a96e109f3b4bbed5a2 
Refreshing native plugins compatible for Editor in 24.37 ms, found 12 plugins.
Asset Pipeline Refresh (id=ae025a96527a80c4db1ed376a17ea27e): Total: 0.085 seconds - Initiated by StopAssetImportingV2(NoUpdateAssetOptions)
Running tests for ExecutionSettings with details:
targetPlatform = 
playerHeartbeatTimeout = 600
filters[0] = 
   Filter with settings:
   testMode = PlayMode
   targetPlatform = 
   testNames = null
   groupNames = null
   categoryNames = null
   assemblyNames = null
ignoreTests = {}
featureFlags = null

UnityEngine.Debug:ExtractStackTraceNoAlloc (byte*,int,string)
UnityEngine.StackTraceUtility:ExtractStackTrace ()
UnityEngine.DebugLogHandler:Internal_Log (UnityEngine.LogType,UnityEngine.LogOption,string,UnityEngine.Object)
UnityEngine.DebugLogHandler:LogFormat (UnityEngine.LogType,UnityEngine.Object,string,object[])
UnityEngine.Logger:Log (UnityEngine.LogType,object)
UnityEngine.Debug:Log (object)
UnityEditor.TestTools.TestRunner.CommandLineTest.Executer:InitializeAndExecuteRun (string[]) (at ./Library/PackageCache/com.unity.test-framework@76560ee600cb/UnityEditor.TestRunner/CommandLineTest/Executer.cs:53)
UnityEditor.TestTools.TestRunner.CommandLineTest.TestStarter:InitializeAndExecuteRun () (at ./Library/PackageCache/com.unity.test-framework@76560ee600cb/UnityEditor.TestRunner/CommandLineTest/TestStarter.cs:64)
UnityEditor.EditorApplication:Internal_CallUpdateFunctions ()

(Filename: ./Library/PackageCache/com.unity.test-framework@76560ee600cb/UnityEditor.TestRunner/CommandLineTest/Executer.cs Line: 53)

[Licensing::Client] Successfully resolved entitlement details
[Licensing::Client] Successfully resolved entitlement details
[TestRunnerTools] Callbacks registered after domain reload
UnityEngine.Debug:ExtractStackTraceNoAlloc (byte*,int,string)
UnityEngine.StackTraceUtility:ExtractStackTrace ()
UnityEngine.DebugLogHandler:Internal_Log (UnityEngine.LogType,UnityEngine.LogOption,string,UnityEngine.Object)
UnityEngine.DebugLogHandler:LogFormat (UnityEngine.LogType,UnityEngine.Object,string,object[])
UnityEngine.Logger:Log (UnityEngine.LogType,object)
UnityEngine.Debug:Log (object)
Meta.MCPBridge.Editor.TestRunnerTools:EnsureCallbacksRegistered () (at ./Library/PackageCache/com.meta.xr.sdk.core@4ea2676097b9/Editor/MCPBridge/TestRunnerTools.cs:108)
Meta.MCPBridge.Editor.TestRunnerTools:InitializeOnMainThread () (at ./Library/PackageCache/com.meta.xr.sdk.core@4ea2676097b9/Editor/MCPBridge/TestRunnerTools.cs:95)
UnityEditor.EditorApplication:Internal_CallDelayFunctions ()

(Filename: ./Library/PackageCache/com.meta.xr.sdk.core@4ea2676097b9/Editor/MCPBridge/TestRunnerTools.cs Line: 108)

[TestRunnerTools] Cache loaded from EditorPrefs: RunId=786fd3a9, IsRunning=False
UnityEngine.Debug:ExtractStackTraceNoAlloc (byte*,int,string)
UnityEngine.StackTraceUtility:ExtractStackTrace ()
UnityEngine.DebugLogHandler:Internal_Log (UnityEngine.LogType,UnityEngine.LogOption,string,UnityEngine.Object)
UnityEngine.DebugLogHandler:LogFormat (UnityEngine.LogType,UnityEngine.Object,string,object[])
UnityEngine.Logger:Log (UnityEngine.LogType,object)
UnityEngine.Debug:Log (object)
Meta.MCPBridge.Editor.TestRunnerTools:LoadCacheFromEditorPrefsUnsafe () (at ./Library/PackageCache/com.meta.xr.sdk.core@4ea2676097b9/Editor/MCPBridge/TestRunnerTools.cs:169)
Meta.MCPBridge.Editor.TestRunnerTools:EnsureCacheInitialized () (at ./Library/PackageCache/com.meta.xr.sdk.core@4ea2676097b9/Editor/MCPBridge/TestRunnerTools.cs:132)
Meta.MCPBridge.Editor.TestRunnerTools:get_IsRunning () (at ./Library/PackageCache/com.meta.xr.sdk.core@4ea2676097b9/Editor/MCPBridge/TestRunnerTools.cs:191)
Meta.MCPBridge.Editor.TestRunnerTools:EnsureCallbacksRegistered () (at ./Library/PackageCache/com.meta.xr.sdk.core@4ea2676097b9/Editor/MCPBridge/TestRunnerTools.cs:112)
Meta.MCPBridge.Editor.TestRunnerTools:InitializeOnMainThread () (at ./Library/PackageCache/com.meta.xr.sdk.core@4ea2676097b9/Editor/MCPBridge/TestRunnerTools.cs:95)
UnityEditor.EditorApplication:Internal_CallDelayFunctions ()

(Filename: ./Library/PackageCache/com.meta.xr.sdk.core@4ea2676097b9/Editor/MCPBridge/TestRunnerTools.cs Line: 169)

Start Indexing on Editor startup
[Indexing] Starting Initial Indexing for Assets
[Licensing::Client] Successfully resolved entitlement details
[UnityConnectServicesConfig] config is NOT valid, switching to default
Created GICache directory at C:/Users/GARV BANSAL/AppData/LocalLow/Unity/Caches/GiCache. Took: 0.051s, timestamps: [41.179 - 41.230]
[Project Setup Tool] There are 6 outstanding Recommended fixes.
For more information, go to <a href="OpenProjectSetupTool">Edit > Project Settings > Meta XR</a>
UnityEngine.Debug:ExtractStackTraceNoAlloc (byte*,int,string)
UnityEngine.StackTraceUtility:ExtractStackTrace ()
UnityEngine.DebugLogHandler:Internal_Log (UnityEngine.LogType,UnityEngine.LogOption,string,UnityEngine.Object)
UnityEngine.DebugLogHandler:LogFormat (UnityEngine.LogType,UnityEngine.Object,string,object[])
UnityEngine.Logger:Log (UnityEngine.LogType,object)
UnityEngine.Debug:LogWarning (object)
OVRConfigurationTaskUpdaterSummary:Log () (at ./Library/PackageCache/com.meta.xr.sdk.core@4ea2676097b9/Editor/OVRProjectSetup/Tasks/Processors/OVRConfigurationTaskUpdaterSummary.cs:222)
OVRConfigurationTaskUpdater:Complete () (at ./Library/PackageCache/com.meta.xr.sdk.core@4ea2676097b9/Editor/OVRProjectSetup/Tasks/Processors/OVRConfigurationTaskUpdater.cs:129)
OVRConfigurationTaskProcessorQueue:Dequeue (OVRConfigurationTaskProcessor) (at ./Library/PackageCache/com.meta.xr.sdk.core@4ea2676097b9/Editor/OVRProjectSetup/Tasks/Processors/OVRConfigurationTaskProcessorQueue.cs:115)
OVRConfigurationTaskProcessorQueue:Update () (at ./Library/PackageCache/com.meta.xr.sdk.core@4ea2676097b9/Editor/OVRProjectSetup/Tasks/Processors/OVRConfigurationTaskProcessorQueue.cs:136)
UnityEditor.EditorApplication:Internal_CallUpdateFunctions ()

(Filename: ./Library/PackageCache/com.meta.xr.sdk.core@4ea2676097b9/Editor/OVRProjectSetup/Tasks/Processors/OVRConfigurationTaskUpdaterSummary.cs Line: 222)

[Project Setup Tool] There is 1 outstanding Required fix.
For more information, go to <a href="OpenProjectSetupTool">Edit > Project Settings > Meta XR</a>
UnityEngine.Debug:ExtractStackTraceNoAlloc (byte*,int,string)
UnityEngine.StackTraceUtility:ExtractStackTrace ()
UnityEngine.DebugLogHandler:Internal_Log (UnityEngine.LogType,UnityEngine.LogOption,string,UnityEngine.Object)
UnityEngine.DebugLogHandler:LogFormat (UnityEngine.LogType,UnityEngine.Object,string,object[])
UnityEngine.Logger:Log (UnityEngine.LogType,object)
UnityEngine.Debug:LogWarning (object)
OVRConfigurationTaskUpdaterSummary:Log () (at ./Library/PackageCache/com.meta.xr.sdk.core@4ea2676097b9/Editor/OVRProjectSetup/Tasks/Processors/OVRConfigurationTaskUpdaterSummary.cs:234)
OVRConfigurationTaskUpdater:Complete () (at ./Library/PackageCache/com.meta.xr.sdk.core@4ea2676097b9/Editor/OVRProjectSetup/Tasks/Processors/OVRConfigurationTaskUpdater.cs:129)
OVRConfigurationTaskProcessorQueue:Dequeue (OVRConfigurationTaskProcessor) (at ./Library/PackageCache/com.meta.xr.sdk.core@4ea2676097b9/Editor/OVRProjectSetup/Tasks/Processors/OVRConfigurationTaskProcessorQueue.cs:115)
OVRConfigurationTaskProcessorQueue:Update () (at ./Library/PackageCache/com.meta.xr.sdk.core@4ea2676097b9/Editor/OVRProjectSetup/Tasks/Processors/OVRConfigurationTaskProcessorQueue.cs:136)
UnityEditor.EditorApplication:Internal_CallUpdateFunctions ()

(Filename: ./Library/PackageCache/com.meta.xr.sdk.core@4ea2676097b9/Editor/OVRProjectSetup/Tasks/Processors/OVRConfigurationTaskUpdaterSummary.cs Line: 234)

Unloading 3 Unused Serialized files (Serialized files now loaded: 0)
Unloading 55 unused Assets / (56.6 KB). Loaded Objects now: 9037.
Memory consumption went from 268.5 MB to 268.4 MB.
Total: 21.730700 ms (FindLiveObjects: 0.927200 ms CreateObjectMapping: 0.522400 ms MarkObjects: 20.211500 ms  DeleteObjects: 0.067600 ms)

Start importing Assets/XR/Settings/OpenXR Package Settings.asset using Guid(0d647736f3e354044b23fb340838e9eb) (NativeFormatImporter) -> (Import Result ID: '83be3409bcbc20eef5cbae634207ea95') in 0.0043905 seconds [static dependencies only]. Details - ImportResultOutputID=c8338305546446aab4e7d26577b91671 DependenciesID=2c407465c3fa9fdae37604ba5dc1335a StaticDependenciesID=e7252c103fdb22a96e109f3b4bbed5a2 
Refreshing native plugins compatible for Editor in 21.33 ms, found 12 plugins.
Asset Pipeline Refresh (id=b0086781cfb491149b9102bd52e1d4f1): Total: 0.086 seconds - Initiated by StopAssetImportingV2(NoUpdateAssetOptions)
Start importing Assets/InitTestScene6d855c9a-b222-46d1-a323-cdc12aebb01b.unity using Guid(1a02f9d26ddf4c3459658be7ff8231eb) (DefaultImporter) -> (Import Result ID: '4a30107cb374788a61ea7c9a1460e2f6') in 0.0020504 seconds [static dependencies only]. Details - ImportResultOutputID=dd5ffdfc4509207d55ca2452069b0953 DependenciesID=84a9bb9962706e8ba9df790d71701bb0 StaticDependenciesID=0e1689bd04163fd540677f3b389f2fc6 
Refreshing native plugins compatible for Editor in 20.02 ms, found 12 plugins.
Asset Pipeline Refresh (id=a1ffbd19441ceec47a52949bab7f9def): Total: 0.102 seconds - Initiated by StopAssetImportingV2(NoUpdateAssetOptions)
Executing IPrebuildSetup for: Unity.PerformanceTesting.Editor.TestRunBuilder.
UnityEngine.Debug:ExtractStackTraceNoAlloc (byte*,int,string)
UnityEngine.StackTraceUtility:ExtractStackTrace ()
UnityEngine.DebugLogHandler:Internal_Log (UnityEngine.LogType,UnityEngine.LogOption,string,UnityEngine.Object)
UnityEngine.DebugLogHandler:LogFormat (UnityEngine.LogType,UnityEngine.Object,string,object[])
UnityEngine.Logger:Log (UnityEngine.LogType,object)
UnityEngine.Debug:Log (object)
UnityEditor.TestTools.TestRunner.TestRun.Tasks.BuildActionTaskBase`1/<ExecuteMethods>d__8<UnityEngine.TestTools.IPrebuildSetup>:MoveNext () (at ./Library/PackageCache/com.unity.test-framework@76560ee600cb/UnityEditor.TestRunner/TestRun/Tasks/BuildActionTaskBase.cs:48)
UnityEditor.TestTools.TestRunner.TestRun.Tasks.BuildActionTaskBase`1/<Execute>d__7<UnityEngine.TestTools.IPrebuildSetup>:MoveNext () (at ./Library/PackageCache/com.unity.test-framework@76560ee600cb/UnityEditor.TestRunner/TestRun/Tasks/BuildActionTaskBase.cs:34)
UnityEditor.TestTools.TestRunner.TestRun.TestJobRunner:ExecuteStep () (at ./Library/PackageCache/com.unity.test-framework@76560ee600cb/UnityEditor.TestRunner/TestRun/TestJobRunner.cs:173)
UnityEditor.TestTools.TestRunner.TestRun.TestJobRunner:ExecuteCallback () (at ./Library/PackageCache/com.unity.test-framework@76560ee600cb/UnityEditor.TestRunner/TestRun/TestJobRunner.cs:108)
UnityEditor.EditorApplication:Internal_CallUpdateFunctions ()

(Filename: ./Library/PackageCache/com.unity.test-framework@76560ee600cb/UnityEditor.TestRunner/TestRun/Tasks/BuildActionTaskBase.cs Line: 48)

[MetaXROperator] XR_APILAYER_METAX_operator enabled for Play Mode.
UnityEngine.Debug:ExtractStackTraceNoAlloc (byte*,int,string)
UnityEngine.StackTraceUtility:ExtractStackTrace ()
UnityEngine.DebugLogHandler:Internal_Log (UnityEngine.LogType,UnityEngine.LogOption,string,UnityEngine.Object)
UnityEngine.DebugLogHandler:LogFormat (UnityEngine.LogType,UnityEngine.Object,string,object[])
UnityEngine.Logger:Log (UnityEngine.LogType,object)
UnityEngine.Debug:Log (object)
Meta.XR.Editor.MetaXROperatorEnabler:OnPlayModeChanged (UnityEditor.PlayModeStateChange) (at ./Library/PackageCache/com.meta.xr.sdk.core@4ea2676097b9/Editor/MetaXROperator/MetaXROperatorEnabler.cs:67)
UnityEditor.EditorApplication:Internal_PlayModeStateChanged (UnityEditor.PlayModeStateChange)
UnityEditor.TestTools.TestRunner.TestRun.Tasks.EnterPlayModeTask/<>c:<.ctor>b__3_1 () (at ./Library/PackageCache/com.unity.test-framework@76560ee600cb/UnityEditor.TestRunner/TestRun/Tasks/EnterPlayModeTask.cs:10)
UnityEditor.TestTools.TestRunner.TestRun.Tasks.EnterPlayModeTask/<Execute>d__2:MoveNext () (at ./Library/PackageCache/com.unity.test-framework@76560ee600cb/UnityEditor.TestRunner/TestRun/Tasks/EnterPlayModeTask.cs:22)
UnityEditor.TestTools.TestRunner.TestRun.TestJobRunner:ExecuteStep () (at ./Library/PackageCache/com.unity.test-framework@76560ee600cb/UnityEditor.TestRunner/TestRun/TestJobRunner.cs:173)
UnityEditor.TestTools.TestRunner.TestRun.TestJobRunner:ExecuteCallback () (at ./Library/PackageCache/com.unity.test-framework@76560ee600cb/UnityEditor.TestRunner/TestRun/TestJobRunner.cs:108)
UnityEditor.EditorApplication:Internal_CallUpdateFunctions ()

(Filename: ./Library/PackageCache/com.meta.xr.sdk.core@4ea2676097b9/Editor/MetaXROperator/MetaXROperatorEnabler.cs Line: 67)

Reloading assemblies for play mode.
Reloading assemblies after forced synchronous recompile.
Assembly Assembly-CSharp-Editor-firstpass.dll at Library/ScriptAssemblies/Assembly-CSharp-Editor-firstpass.dll not valid. Loading of assembly skipped.
Assembly Assembly-CSharp-Editor.dll at Library/ScriptAssemblies/Assembly-CSharp-Editor.dll not valid. Loading of assembly skipped.
Assembly Assembly-CSharp-firstpass.dll at Library/ScriptAssemblies/Assembly-CSharp-firstpass.dll not valid. Loading of assembly skipped.
Assembly Assembly-CSharp.dll at Library/ScriptAssemblies/Assembly-CSharp.dll not valid. Loading of assembly skipped.
Assembly Meta.XR.Editor.Reflection.Tests.dll at Library/ScriptAssemblies/Meta.XR.Editor.Reflection.Tests.dll not valid. Loading of assembly skipped.
Assembly meta.xr.hand.readiness.tests.editmode.dll at Library/ScriptAssemblies/meta.xr.hand.readiness.tests.editmode.dll not valid. Loading of assembly skipped.
Assembly Meta.XR.Input.Editor.Tests.dll at Library/ScriptAssemblies/Meta.XR.Input.Editor.Tests.dll not valid. Loading of assembly skipped.
Assembly Meta.XR.MultiplayerBlocks.Fusion.dll at Library/ScriptAssemblies/Meta.XR.MultiplayerBlocks.Fusion.dll not valid. Loading of assembly skipped.
Assembly Meta.XR.MultiplayerBlocks.NGO.dll at Library/ScriptAssemblies/Meta.XR.MultiplayerBlocks.NGO.dll not valid. Loading of assembly skipped.
Assembly Opus.Sdk.Editor.dll at Library/ScriptAssemblies/Opus.Sdk.Editor.dll not valid. Loading of assembly skipped.
Assembly TestNewCustomAssembly.dll at Library/ScriptAssemblies/TestNewCustomAssembly.dll not valid. Loading of assembly skipped.
Assembly Unity.Addressables.Editor.Tests.dll at Library/ScriptAssemblies/Unity.Addressables.Editor.Tests.dll not valid. Loading of assembly skipped.
Assembly Unity.Addressables.Tests.dll at Library/ScriptAssemblies/Unity.Addressables.Tests.dll not valid. Loading of assembly skipped.
Assembly Unity.Collections.BurstCompatibilityGen.dll at Library/ScriptAssemblies/Unity.Collections.BurstCompatibilityGen.dll not valid. Loading of assembly skipped.
Assembly Unity.Collections.DocCodeSamples.dll at Library/ScriptAssemblies/Unity.Collections.DocCodeSamples.dll not valid. Loading of assembly skipped.
Assembly Unity.Collections.PerformanceTests.dll at Library/ScriptAssemblies/Unity.Collections.PerformanceTests.dll not valid. Loading of assembly skipped.
Assembly Unity.Collections.Tests.dll at Library/ScriptAssemblies/Unity.Collections.Tests.dll not valid. Loading of assembly skipped.
Assembly Unity.Collections.Tests.Playmode.dll at Library/ScriptAssemblies/Unity.Collections.Tests.Playmode.dll not valid. Loading of assembly skipped.
Assembly Unity.InputSystem.IntegrationTests.dll at Library/ScriptAssemblies/Unity.InputSystem.IntegrationTests.dll not valid. Loading of assembly skipped.
Assembly Unity.Mathematics.Tests.dll at Library/ScriptAssemblies/Unity.Mathematics.Tests.dll not valid. Loading of assembly skipped.
Assembly Unity.Multiplayer.Center.Editor.Tests.dll at Library/ScriptAssemblies/Unity.Multiplayer.Center.Editor.Tests.dll not valid. Loading of assembly skipped.
Assembly Unity.Multiplayer.Center.Tests.dll at Library/ScriptAssemblies/Unity.Multiplayer.Center.Tests.dll not valid. Loading of assembly skipped.
Assembly Unity.Nuget.Mono-Cecil.dll at Library/ScriptAssemblies/Unity.Nuget.Mono-Cecil.dll not valid. Loading of assembly skipped.
Assembly Unity.PathTracing.Editor.Tests.dll at Library/ScriptAssemblies/Unity.PathTracing.Editor.Tests.dll not valid. Loading of assembly skipped.
Assembly Unity.PathTracing.Runtime.Tests.dll at Library/ScriptAssemblies/Unity.PathTracing.Runtime.Tests.dll not valid. Loading of assembly skipped.
Assembly Unity.RenderPipelines.Core.Editor.Tests.dll at Library/ScriptAssemblies/Unity.RenderPipelines.Core.Editor.Tests.dll not valid. Loading of assembly skipped.
Assembly Unity.RenderPipelines.Core.Runtime.Tests.dll at Library/ScriptAssemblies/Unity.RenderPipelines.Core.Runtime.Tests.dll not valid. Loading of assembly skipped.
Assembly Unity.RenderPipelines.Universal.Config.Editor.Tests.dll at Library/ScriptAssemblies/Unity.RenderPipelines.Universal.Config.Editor.Tests.dll not valid. Loading of assembly skipped.
Assembly Unity.RenderPipelines.Universal.Editor.Tests.dll at Library/ScriptAssemblies/Unity.RenderPipelines.Universal.Editor.Tests.dll not valid. Loading of assembly skipped.
Assembly Unity.RenderPipelines.Universal.Runtime.Tests.dll at Library/ScriptAssemblies/Unity.RenderPipelines.Universal.Runtime.Tests.dll not valid. Loading of assembly skipped.
Assembly Unity.ResourceManager.Tests.dll at Library/ScriptAssemblies/Unity.ResourceManager.Tests.dll not valid. Loading of assembly skipped.
Assembly Unity.ScriptableBuildPipeline.Editor.Tests.dll at Library/ScriptAssemblies/Unity.ScriptableBuildPipeline.Editor.Tests.dll not valid. Loading of assembly skipped.
Assembly Unity.ScriptableBuildPipeline.Tests.dll at Library/ScriptAssemblies/Unity.ScriptableBuildPipeline.Tests.dll not valid. Loading of assembly skipped.
Assembly Unity.ScriptableBuildPipelineTests.Runtime.Tests.dll at Library/ScriptAssemblies/Unity.ScriptableBuildPipelineTests.Runtime.Tests.dll not valid. Loading of assembly skipped.
Assembly Unity.Searcher.EditorTests.dll at Library/ScriptAssemblies/Unity.Searcher.EditorTests.dll not valid. Loading of assembly skipped.
Assembly Unity.ShaderGraph.Editor.Tests.dll at Library/ScriptAssemblies/Unity.ShaderGraph.Editor.Tests.dll not valid. Loading of assembly skipped.
Assembly Unity.TextMeshPro.Editor.Tests.dll at Library/ScriptAssemblies/Unity.TextMeshPro.Editor.Tests.dll not valid. Loading of assembly skipped.
Assembly Unity.TextMeshPro.Tests.dll at Library/ScriptAssemblies/Unity.TextMeshPro.Tests.dll not valid. Loading of assembly skipped.
Assembly Unity.UnifiedRayTracing.Editor.Tests.dll at Library/ScriptAssemblies/Unity.UnifiedRayTracing.Editor.Tests.dll not valid. Loading of assembly skipped.
Assembly Unity.XR.CoreUtils.CodeSamples.Tests.dll at Library/ScriptAssemblies/Unity.XR.CoreUtils.CodeSamples.Tests.dll not valid. Loading of assembly skipped.
Assembly Unity.XR.CoreUtils.Editor.Tests.dll at Library/ScriptAssemblies/Unity.XR.CoreUtils.Editor.Tests.dll not valid. Loading of assembly skipped.
Assembly Unity.XR.CoreUtils.Tests.dll at Library/ScriptAssemblies/Unity.XR.CoreUtils.Tests.dll not valid. Loading of assembly skipped.
Assembly Unity.XR.Hands.Editor.Tests.dll at Library/ScriptAssemblies/Unity.XR.Hands.Editor.Tests.dll not valid. Loading of assembly skipped.
Assembly Unity.XR.Hands.Tests.dll at Library/ScriptAssemblies/Unity.XR.Hands.Tests.dll not valid. Loading of assembly skipped.
Assembly Unity.XR.Management.EditorTests.dll at Library/ScriptAssemblies/Unity.XR.Management.EditorTests.dll not valid. Loading of assembly skipped.
Assembly Unity.XR.Management.TestPackage.dll at Library/ScriptAssemblies/Unity.XR.Management.TestPackage.dll not valid. Loading of assembly skipped.
Assembly Unity.XR.Management.TestPackage.Editor.dll at Library/ScriptAssemblies/Unity.XR.Management.TestPackage.Editor.dll not valid. Loading of assembly skipped.
Assembly Unity.XR.Management.Tests.dll at Library/ScriptAssemblies/Unity.XR.Management.Tests.dll not valid. Loading of assembly skipped.
Assembly Unity.XR.Management.Tests.Standalone.dll at Library/ScriptAssemblies/Unity.XR.Management.Tests.Standalone.dll not valid. Loading of assembly skipped.
Assembly Unity.XR.OpenXR.Editor.Tests.dll at Library/ScriptAssemblies/Unity.XR.OpenXR.Editor.Tests.dll not valid. Loading of assembly skipped.
Assembly Unity.XR.OpenXR.Tests.dll at Library/ScriptAssemblies/Unity.XR.OpenXR.Tests.dll not valid. Loading of assembly skipped.
Assembly Unity.XR.OpenXR.Ubuntu.Tests.dll at Library/ScriptAssemblies/Unity.XR.OpenXR.Ubuntu.Tests.dll not valid. Loading of assembly skipped.
Assembly Unity.XR.TestSupport.dll at Library/ScriptAssemblies/Unity.XR.TestSupport.dll not valid. Loading of assembly skipped.
Assembly UnityEditor.UI.Common.Tests.dll at Library/ScriptAssemblies/UnityEditor.UI.Common.Tests.dll not valid. Loading of assembly skipped.
Assembly UnityEditor.UI.EditorTests.dll at Library/ScriptAssemblies/UnityEditor.UI.EditorTests.dll not valid. Loading of assembly skipped.
Assembly UnityEditor.XR.LegacyInputHelpers.Tests.dll at Library/ScriptAssemblies/UnityEditor.XR.LegacyInputHelpers.Tests.dll not valid. Loading of assembly skipped.
Assembly UnityEngine.SpatialTracking.Tests.dll at Library/ScriptAssemblies/UnityEngine.SpatialTracking.Tests.dll not valid. Loading of assembly skipped.
Assembly UnityEngine.UI.Tests.dll at Library/ScriptAssemblies/UnityEngine.UI.Tests.dll not valid. Loading of assembly skipped.
Assembly UnityEngine.XR.OpenXR.CodeSamples.Editor.Tests.dll at Library/ScriptAssemblies/UnityEngine.XR.OpenXR.CodeSamples.Editor.Tests.dll not valid. Loading of assembly skipped.
Begin MonoManager ReloadAssembly
[HttpMcpServer] Stopped
UnityEngine.Debug:ExtractStackTraceNoAlloc (byte*,int,string)
UnityEngine.StackTraceUtility:ExtractStackTrace ()
UnityEngine.DebugLogHandler:Internal_Log (UnityEngine.LogType,UnityEngine.LogOption,string,UnityEngine.Object)
UnityEngine.DebugLogHandler:LogFormat (UnityEngine.LogType,UnityEngine.Object,string,object[])
UnityEngine.Logger:Log (UnityEngine.LogType,object)
UnityEngine.Debug:Log (object)
Meta.MCPBridge.Editor.HttpMcpServer:Stop () (at ./Library/PackageCache/com.meta.xr.sdk.core@4ea2676097b9/Editor/MCPBridge/HttpMcpServer.cs:253)
Meta.MCPBridge.Editor.HttpMcpServer/<>c:<InitializeOnLoad>b__18_2 () (at ./Library/PackageCache/com.meta.xr.sdk.core@4ea2676097b9/Editor/MCPBridge/HttpMcpServer.cs:78)
UnityEditor.AssemblyReloadEvents:OnBeforeAssemblyReload ()

(Filename: ./Library/PackageCache/com.meta.xr.sdk.core@4ea2676097b9/Editor/MCPBridge/HttpMcpServer.cs Line: 253)

Assembly Assembly-CSharp-Editor-firstpass.dll at Library/ScriptAssemblies/Assembly-CSharp-Editor-firstpass.dll not valid. Loading of assembly skipped.
Assembly Assembly-CSharp-Editor.dll at Library/ScriptAssemblies/Assembly-CSharp-Editor.dll not valid. Loading of assembly skipped.
Assembly Assembly-CSharp-firstpass.dll at Library/ScriptAssemblies/Assembly-CSharp-firstpass.dll not valid. Loading of assembly skipped.
Assembly Assembly-CSharp.dll at Library/ScriptAssemblies/Assembly-CSharp.dll not valid. Loading of assembly skipped.
Assembly Meta.XR.Editor.Reflection.Tests.dll at Library/ScriptAssemblies/Meta.XR.Editor.Reflection.Tests.dll not valid. Loading of assembly skipped.
Assembly meta.xr.hand.readiness.tests.editmode.dll at Library/ScriptAssemblies/meta.xr.hand.readiness.tests.editmode.dll not valid. Loading of assembly skipped.
Assembly Meta.XR.Input.Editor.Tests.dll at Library/ScriptAssemblies/Meta.XR.Input.Editor.Tests.dll not valid. Loading of assembly skipped.
Assembly Meta.XR.MultiplayerBlocks.Fusion.dll at Library/ScriptAssemblies/Meta.XR.MultiplayerBlocks.Fusion.dll not valid. Loading of assembly skipped.
Assembly Meta.XR.MultiplayerBlocks.NGO.dll at Library/ScriptAssemblies/Meta.XR.MultiplayerBlocks.NGO.dll not valid. Loading of assembly skipped.
Assembly Opus.Sdk.Editor.dll at Library/ScriptAssemblies/Opus.Sdk.Editor.dll not valid. Loading of assembly skipped.
Assembly TestNewCustomAssembly.dll at Library/ScriptAssemblies/TestNewCustomAssembly.dll not valid. Loading of assembly skipped.
Assembly Unity.Addressables.Editor.Tests.dll at Library/ScriptAssemblies/Unity.Addressables.Editor.Tests.dll not valid. Loading of assembly skipped.
Assembly Unity.Addressables.Tests.dll at Library/ScriptAssemblies/Unity.Addressables.Tests.dll not valid. Loading of assembly skipped.
Assembly Unity.Collections.BurstCompatibilityGen.dll at Library/ScriptAssemblies/Unity.Collections.BurstCompatibilityGen.dll not valid. Loading of assembly skipped.
Assembly Unity.Collections.DocCodeSamples.dll at Library/ScriptAssemblies/Unity.Collections.DocCodeSamples.dll not valid. Loading of assembly skipped.
Assembly Unity.Collections.PerformanceTests.dll at Library/ScriptAssemblies/Unity.Collections.PerformanceTests.dll not valid. Loading of assembly skipped.
Assembly Unity.Collections.Tests.dll at Library/ScriptAssemblies/Unity.Collections.Tests.dll not valid. Loading of assembly skipped.
Assembly Unity.Collections.Tests.Playmode.dll at Library/ScriptAssemblies/Unity.Collections.Tests.Playmode.dll not valid. Loading of assembly skipped.
Assembly Unity.InputSystem.IntegrationTests.dll at Library/ScriptAssemblies/Unity.InputSystem.IntegrationTests.dll not valid. Loading of assembly skipped.
Assembly Unity.Mathematics.Tests.dll at Library/ScriptAssemblies/Unity.Mathematics.Tests.dll not valid. Loading of assembly skipped.
Assembly Unity.Multiplayer.Center.Editor.Tests.dll at Library/ScriptAssemblies/Unity.Multiplayer.Center.Editor.Tests.dll not valid. Loading of assembly skipped.
Assembly Unity.Multiplayer.Center.Tests.dll at Library/ScriptAssemblies/Unity.Multiplayer.Center.Tests.dll not valid. Loading of assembly skipped.
Assembly Unity.Nuget.Mono-Cecil.dll at Library/ScriptAssemblies/Unity.Nuget.Mono-Cecil.dll not valid. Loading of assembly skipped.
Assembly Unity.PathTracing.Editor.Tests.dll at Library/ScriptAssemblies/Unity.PathTracing.Editor.Tests.dll not valid. Loading of assembly skipped.
Assembly Unity.PathTracing.Runtime.Tests.dll at Library/ScriptAssemblies/Unity.PathTracing.Runtime.Tests.dll not valid. Loading of assembly skipped.
Assembly Unity.RenderPipelines.Core.Editor.Tests.dll at Library/ScriptAssemblies/Unity.RenderPipelines.Core.Editor.Tests.dll not valid. Loading of assembly skipped.
Assembly Unity.RenderPipelines.Core.Runtime.Tests.dll at Library/ScriptAssemblies/Unity.RenderPipelines.Core.Runtime.Tests.dll not valid. Loading of assembly skipped.
Assembly Unity.RenderPipelines.Universal.Config.Editor.Tests.dll at Library/ScriptAssemblies/Unity.RenderPipelines.Universal.Config.Editor.Tests.dll not valid. Loading of assembly skipped.
Assembly Unity.RenderPipelines.Universal.Editor.Tests.dll at Library/ScriptAssemblies/Unity.RenderPipelines.Universal.Editor.Tests.dll not valid. Loading of assembly skipped.
Assembly Unity.RenderPipelines.Universal.Runtime.Tests.dll at Library/ScriptAssemblies/Unity.RenderPipelines.Universal.Runtime.Tests.dll not valid. Loading of assembly skipped.
Assembly Unity.ResourceManager.Tests.dll at Library/ScriptAssemblies/Unity.ResourceManager.Tests.dll not valid. Loading of assembly skipped.
Assembly Unity.ScriptableBuildPipeline.Editor.Tests.dll at Library/ScriptAssemblies/Unity.ScriptableBuildPipeline.Editor.Tests.dll not valid. Loading of assembly skipped.
Assembly Unity.ScriptableBuildPipeline.Tests.dll at Library/ScriptAssemblies/Unity.ScriptableBuildPipeline.Tests.dll not valid. Loading of assembly skipped.
Assembly Unity.ScriptableBuildPipelineTests.Runtime.Tests.dll at Library/ScriptAssemblies/Unity.ScriptableBuildPipelineTests.Runtime.Tests.dll not valid. Loading of assembly skipped.
Assembly Unity.Searcher.EditorTests.dll at Library/ScriptAssemblies/Unity.Searcher.EditorTests.dll not valid. Loading of assembly skipped.
Assembly Unity.ShaderGraph.Editor.Tests.dll at Library/ScriptAssemblies/Unity.ShaderGraph.Editor.Tests.dll not valid. Loading of assembly skipped.
Assembly Unity.TextMeshPro.Editor.Tests.dll at Library/ScriptAssemblies/Unity.TextMeshPro.Editor.Tests.dll not valid. Loading of assembly skipped.
Assembly Unity.TextMeshPro.Tests.dll at Library/ScriptAssemblies/Unity.TextMeshPro.Tests.dll not valid. Loading of assembly skipped.
Assembly Unity.UnifiedRayTracing.Editor.Tests.dll at Library/ScriptAssemblies/Unity.UnifiedRayTracing.Editor.Tests.dll not valid. Loading of assembly skipped.
Assembly Unity.XR.CoreUtils.CodeSamples.Tests.dll at Library/ScriptAssemblies/Unity.XR.CoreUtils.CodeSamples.Tests.dll not valid. Loading of assembly skipped.
Assembly Unity.XR.CoreUtils.Editor.Tests.dll at Library/ScriptAssemblies/Unity.XR.CoreUtils.Editor.Tests.dll not valid. Loading of assembly skipped.
Assembly Unity.XR.CoreUtils.Tests.dll at Library/ScriptAssemblies/Unity.XR.CoreUtils.Tests.dll not valid. Loading of assembly skipped.
Assembly Unity.XR.Hands.Editor.Tests.dll at Library/ScriptAssemblies/Unity.XR.Hands.Editor.Tests.dll not valid. Loading of assembly skipped.
Assembly Unity.XR.Hands.Tests.dll at Library/ScriptAssemblies/Unity.XR.Hands.Tests.dll not valid. Loading of assembly skipped.
Assembly Unity.XR.Management.EditorTests.dll at Library/ScriptAssemblies/Unity.XR.Management.EditorTests.dll not valid. Loading of assembly skipped.
Assembly Unity.XR.Management.TestPackage.dll at Library/ScriptAssemblies/Unity.XR.Management.TestPackage.dll not valid. Loading of assembly skipped.
Assembly Unity.XR.Management.TestPackage.Editor.dll at Library/ScriptAssemblies/Unity.XR.Management.TestPackage.Editor.dll not valid. Loading of assembly skipped.
Assembly Unity.XR.Management.Tests.dll at Library/ScriptAssemblies/Unity.XR.Management.Tests.dll not valid. Loading of assembly skipped.
Assembly Unity.XR.Management.Tests.Standalone.dll at Library/ScriptAssemblies/Unity.XR.Management.Tests.Standalone.dll not valid. Loading of assembly skipped.
Assembly Unity.XR.OpenXR.Editor.Tests.dll at Library/ScriptAssemblies/Unity.XR.OpenXR.Editor.Tests.dll not valid. Loading of assembly skipped.
Assembly Unity.XR.OpenXR.Tests.dll at Library/ScriptAssemblies/Unity.XR.OpenXR.Tests.dll not valid. Loading of assembly skipped.
Assembly Unity.XR.OpenXR.Ubuntu.Tests.dll at Library/ScriptAssemblies/Unity.XR.OpenXR.Ubuntu.Tests.dll not valid. Loading of assembly skipped.
Assembly Unity.XR.TestSupport.dll at Library/ScriptAssemblies/Unity.XR.TestSupport.dll not valid. Loading of assembly skipped.
Assembly UnityEditor.UI.Common.Tests.dll at Library/ScriptAssemblies/UnityEditor.UI.Common.Tests.dll not valid. Loading of assembly skipped.
Assembly UnityEditor.UI.EditorTests.dll at Library/ScriptAssemblies/UnityEditor.UI.EditorTests.dll not valid. Loading of assembly skipped.
Assembly UnityEditor.XR.LegacyInputHelpers.Tests.dll at Library/ScriptAssemblies/UnityEditor.XR.LegacyInputHelpers.Tests.dll not valid. Loading of assembly skipped.
Assembly UnityEngine.SpatialTracking.Tests.dll at Library/ScriptAssemblies/UnityEngine.SpatialTracking.Tests.dll not valid. Loading of assembly skipped.
Assembly UnityEngine.UI.Tests.dll at Library/ScriptAssemblies/UnityEngine.UI.Tests.dll not valid. Loading of assembly skipped.
Assembly UnityEngine.XR.OpenXR.CodeSamples.Editor.Tests.dll at Library/ScriptAssemblies/UnityEngine.XR.OpenXR.CodeSamples.Editor.Tests.dll not valid. Loading of assembly skipped.
Symbol file LoadedFromMemory is not a mono symbol file
Refreshing native plugins compatible for Editor in 24.50 ms, found 12 plugins.
Native extension for Android target not found
Native extension for WindowsStandalone target not found
ScheduleIndexationOnStartup MainProcess:True IndexOnStartup:True
Mono: successfully reloaded assembly
- Finished resetting the current domain, in  2.857 seconds
Domain Reload Profiling: 4360ms
	BeginReloadAssembly (859ms)
		DisableScriptedObjects (47ms)
		CreateAndSetChildDomain (526ms)
	RebuildCommonClasses (59ms)
	RebuildNativeTypeToScriptingClass (23ms)
	initialDomainReloadingComplete (118ms)
	LoadAllAssembliesAndSetupDomain (443ms)
		LoadAssemblies (243ms)
		AnalyzeDomain (345ms)
			TypeCache.Refresh (10ms)
			BuildScriptInfoCaches (301ms)
			ResolveRequiredComponents (32ms)
	FinalizeReload (2858ms)
		SetupLoadedEditorAssemblies (0ms)
			InitializePlatformSupportModulesInManaged (66ms)
			BeforeProcessingInitializeOnLoad (358ms)
			ProcessInitializeOnLoadAttributes (964ms)
			ProcessInitializeOnLoadMethodAttributes (529ms)
			AfterProcessingInitializeOnLoad (18ms)
		AwakeInstancesAfterBackupRestoration (125ms)
[HttpMcpServer] Started on port 48736
UnityEngine.Debug:ExtractStackTraceNoAlloc (byte*,int,string)
UnityEngine.StackTraceUtility:ExtractStackTrace ()
UnityEngine.DebugLogHandler:Internal_Log (UnityEngine.LogType,UnityEngine.LogOption,string,UnityEngine.Object)
UnityEngine.DebugLogHandler:LogFormat (UnityEngine.LogType,UnityEngine.Object,string,object[])
UnityEngine.Logger:Log (UnityEngine.LogType,object)
UnityEngine.Debug:Log (object)
Meta.MCPBridge.Editor.HttpMcpServer:Start (int,System.Action) (at ./Library/PackageCache/com.meta.xr.sdk.core@4ea2676097b9/Editor/MCPBridge/HttpMcpServer.cs:189)
Meta.MCPBridge.Editor.HttpMcpServer:StartMcpBridgeServer () (at ./Library/PackageCache/com.meta.xr.sdk.core@4ea2676097b9/Editor/MCPBridge/HttpMcpServer.cs:127)
Meta.MCPBridge.Editor.HttpMcpServer:StartIfEnabled () (at ./Library/PackageCache/com.meta.xr.sdk.core@4ea2676097b9/Editor/MCPBridge/HttpMcpServer.cs:109)
Meta.MCPBridge.Editor.HttpMcpServer/<>c:<InitializeOnLoad>b__18_3 () (at ./Library/PackageCache/com.meta.xr.sdk.core@4ea2676097b9/Editor/MCPBridge/HttpMcpServer.cs:89)
Meta.XR.Editor.Callbacks.InitializeOnLoad:OnAllAssetsPostProcessed () (at ./Library/PackageCache/com.meta.xr.sdk.core@4ea2676097b9/Editor/Utils/EditorCallbacks/InitializeOnLoad.cs:46)
Meta.XR.Editor.Callbacks.AssetPostProcessor:OnPostprocessAllAssets (string[],string[],string[],string[],bool) (at ./Library/PackageCache/com.meta.xr.sdk.core@4ea2676097b9/Editor/Utils/EditorCallbacks/AssetPostProcessor.cs:32)
System.Reflection.RuntimeMethodInfo:Invoke (object,System.Reflection.BindingFlags,System.Reflection.Binder,object[],System.Globalization.CultureInfo)
System.Reflection.MethodBase:Invoke (object,object[])
UnityEditor.AssetPostprocessingInternal:InvokeMethod (System.Reflection.MethodInfo,object[])
UnityEditor.AssetPostprocessingInternal:PostprocessAllAssets (string[],string[],string[],string[],string[],bool)

(Filename: ./Library/PackageCache/com.meta.xr.sdk.core@4ea2676097b9/Editor/MCPBridge/HttpMcpServer.cs Line: 189)

[LocalExecutor] Discovered 16 tools: DebugLog, DiagnosticTools, IGetResourcesService, IReflectionService, SceneObjectsTools, ToolHelp, CodeAnalysisTools, CompilationTools, DesignTokenResource, InteractionTestingTools, TestRunnerTools, UIVerificationTools, BuildingBlocksTools, UPSTTools, DrawingTools, ImmersiveDebuggerTools
UnityEngine.Debug:ExtractStackTraceNoAlloc (byte*,int,string)
UnityEngine.StackTraceUtility:ExtractStackTrace ()
UnityEngine.DebugLogHandler:Internal_Log (UnityEngine.LogType,UnityEngine.LogOption,string,UnityEngine.Object)
UnityEngine.DebugLogHandler:LogFormat (UnityEngine.LogType,UnityEngine.Object,string,object[])
UnityEngine.Logger:Log (UnityEngine.LogType,object)
UnityEngine.Debug:Log (object)
Meta.MCPBridge.LocalExecutor:EnsureInitialized () (at ./Library/PackageCache/com.meta.xr.sdk.core@4ea2676097b9/Scripts/MCPBridge/LocalExecutor.cs:123)
Meta.MCPBridge.Editor.LocalToolProvider:Register () (at ./Library/PackageCache/com.meta.xr.sdk.core@4ea2676097b9/Editor/MCPBridge/LocalToolProvider.cs:66)
Meta.MCPBridge.Editor.HttpMcpServer/<>c:<StartMcpBridgeServer>b__21_0 () (at ./Library/PackageCache/com.meta.xr.sdk.core@4ea2676097b9/Editor/MCPBridge/HttpMcpServer.cs:129)
Meta.MCPBridge.Editor.HttpMcpServer:Start (int,System.Action) (at ./Library/PackageCache/com.meta.xr.sdk.core@4ea2676097b9/Editor/MCPBridge/HttpMcpServer.cs:203)
Meta.MCPBridge.Editor.HttpMcpServer:StartMcpBridgeServer () (at ./Library/PackageCache/com.meta.xr.sdk.core@4ea2676097b9/Editor/MCPBridge/HttpMcpServer.cs:127)
Meta.MCPBridge.Editor.HttpMcpServer:StartIfEnabled () (at ./Library/PackageCache/com.meta.xr.sdk.core@4ea2676097b9/Editor/MCPBridge/HttpMcpServer.cs:109)
Meta.MCPBridge.Editor.HttpMcpServer/<>c:<InitializeOnLoad>b__18_3 () (at ./Library/PackageCache/com.meta.xr.sdk.core@4ea2676097b9/Editor/MCPBridge/HttpMcpServer.cs:89)
Meta.XR.Editor.Callbacks.InitializeOnLoad:OnAllAssetsPostProcessed () (at ./Library/PackageCache/com.meta.xr.sdk.core@4ea2676097b9/Editor/Utils/EditorCallbacks/InitializeOnLoad.cs:46)
Meta.XR.Editor.Callbacks.AssetPostProcessor:OnPostprocessAllAssets (string[],string[],string[],string[],bool) (at ./Library/PackageCache/com.meta.xr.sdk.core@4ea2676097b9/Editor/Utils/EditorCallbacks/AssetPostProcessor.cs:32)
System.Reflection.RuntimeMethodInfo:Invoke (object,System.Reflection.BindingFlags,System.Reflection.Binder,object[],System.Globalization.CultureInfo)
System.Reflection.MethodBase:Invoke (object,object[])
UnityEditor.AssetPostprocessingInternal:InvokeMethod (System.Reflection.MethodInfo,object[])
UnityEditor.AssetPostprocessingInternal:PostprocessAllAssets (string[],string[],string[],string[],string[],bool)

(Filename: ./Library/PackageCache/com.meta.xr.sdk.core@4ea2676097b9/Scripts/MCPBridge/LocalExecutor.cs Line: 123)

[ToolProviderManager] Provider registered: local-unity-editor
UnityEngine.Debug:ExtractStackTraceNoAlloc (byte*,int,string)
UnityEngine.StackTraceUtility:ExtractStackTrace ()
UnityEngine.DebugLogHandler:Internal_Log (UnityEngine.LogType,UnityEngine.LogOption,string,UnityEngine.Object)
UnityEngine.DebugLogHandler:LogFormat (UnityEngine.LogType,UnityEngine.Object,string,object[])
UnityEngine.Logger:Log (UnityEngine.LogType,object)
UnityEngine.Debug:Log (object)
Meta.MCPBridge.Editor.ToolProviderManager:RegisterProvider (string,System.IO.StreamWriter) (at ./Library/PackageCache/com.meta.xr.sdk.core@4ea2676097b9/Editor/MCPBridge/ToolProviderManager.cs:92)
Meta.MCPBridge.Editor.LocalToolProvider:Register () (at ./Library/PackageCache/com.meta.xr.sdk.core@4ea2676097b9/Editor/MCPBridge/LocalToolProvider.cs:73)
Meta.MCPBridge.Editor.HttpMcpServer/<>c:<StartMcpBridgeServer>b__21_0 () (at ./Library/PackageCache/com.meta.xr.sdk.core@4ea2676097b9/Editor/MCPBridge/HttpMcpServer.cs:129)
Meta.MCPBridge.Editor.HttpMcpServer:Start (int,System.Action) (at ./Library/PackageCache/com.meta.xr.sdk.core@4ea2676097b9/Editor/MCPBridge/HttpMcpServer.cs:203)
Meta.MCPBridge.Editor.HttpMcpServer:StartMcpBridgeServer () (at ./Library/PackageCache/com.meta.xr.sdk.core@4ea2676097b9/Editor/MCPBridge/HttpMcpServer.cs:127)
Meta.MCPBridge.Editor.HttpMcpServer:StartIfEnabled () (at ./Library/PackageCache/com.meta.xr.sdk.core@4ea2676097b9/Editor/MCPBridge/HttpMcpServer.cs:109)
Meta.MCPBridge.Editor.HttpMcpServer/<>c:<InitializeOnLoad>b__18_3 () (at ./Library/PackageCache/com.meta.xr.sdk.core@4ea2676097b9/Editor/MCPBridge/HttpMcpServer.cs:89)
Meta.XR.Editor.Callbacks.InitializeOnLoad:OnAllAssetsPostProcessed () (at ./Library/PackageCache/com.meta.xr.sdk.core@4ea2676097b9/Editor/Utils/EditorCallbacks/InitializeOnLoad.cs:46)
Meta.XR.Editor.Callbacks.AssetPostProcessor:OnPostprocessAllAssets (string[],string[],string[],string[],bool) (at ./Library/PackageCache/com.meta.xr.sdk.core@4ea2676097b9/Editor/Utils/EditorCallbacks/AssetPostProcessor.cs:32)
System.Reflection.RuntimeMethodInfo:Invoke (object,System.Reflection.BindingFlags,System.Reflection.Binder,object[],System.Globalization.CultureInfo)
System.Reflection.MethodBase:Invoke (object,object[])
UnityEditor.AssetPostprocessingInternal:InvokeMethod (System.Reflection.MethodInfo,object[])
UnityEditor.AssetPostprocessingInternal:PostprocessAllAssets (string[],string[],string[],string[],string[],bool)

(Filename: ./Library/PackageCache/com.meta.xr.sdk.core@4ea2676097b9/Editor/MCPBridge/ToolProviderManager.cs Line: 92)

[ConnectedToolProvider] Capabilities registered for local-unity-editor: 16 tools, 1 resources, 0 prompts
UnityEngine.Debug:ExtractStackTraceNoAlloc (byte*,int,string)
UnityEngine.StackTraceUtility:ExtractStackTrace ()
UnityEngine.DebugLogHandler:Internal_Log (UnityEngine.LogType,UnityEngine.LogOption,string,UnityEngine.Object)
UnityEngine.DebugLogHandler:LogFormat (UnityEngine.LogType,UnityEngine.Object,string,object[])
UnityEngine.Logger:Log (UnityEngine.LogType,object)
UnityEngine.Debug:Log (object)
Meta.MCPBridge.Editor.ConnectedToolProvider:SetCapabilities (Meta.MCPBridge.ProviderCapabilities) (at ./Library/PackageCache/com.meta.xr.sdk.core@4ea2676097b9/Editor/MCPBridge/ToolProviderManager.cs:533)
Meta.MCPBridge.Editor.LocalToolProvider:Register () (at ./Library/PackageCache/com.meta.xr.sdk.core@4ea2676097b9/Editor/MCPBridge/LocalToolProvider.cs:74)
Meta.MCPBridge.Editor.HttpMcpServer/<>c:<StartMcpBridgeServer>b__21_0 () (at ./Library/PackageCache/com.meta.xr.sdk.core@4ea2676097b9/Editor/MCPBridge/HttpMcpServer.cs:129)
Meta.MCPBridge.Editor.HttpMcpServer:Start (int,System.Action) (at ./Library/PackageCache/com.meta.xr.sdk.core@4ea2676097b9/Editor/MCPBridge/HttpMcpServer.cs:203)
Meta.MCPBridge.Editor.HttpMcpServer:StartMcpBridgeServer () (at ./Library/PackageCache/com.meta.xr.sdk.core@4ea2676097b9/Editor/MCPBridge/HttpMcpServer.cs:127)
Meta.MCPBridge.Editor.HttpMcpServer:StartIfEnabled () (at ./Library/PackageCache/com.meta.xr.sdk.core@4ea2676097b9/Editor/MCPBridge/HttpMcpServer.cs:109)
Meta.MCPBridge.Editor.HttpMcpServer/<>c:<InitializeOnLoad>b__18_3 () (at ./Library/PackageCache/com.meta.xr.sdk.core@4ea2676097b9/Editor/MCPBridge/HttpMcpServer.cs:89)
Meta.XR.Editor.Callbacks.InitializeOnLoad:OnAllAssetsPostProcessed () (at ./Library/PackageCache/com.meta.xr.sdk.core@4ea2676097b9/Editor/Utils/EditorCallbacks/InitializeOnLoad.cs:46)
Meta.XR.Editor.Callbacks.AssetPostProcessor:OnPostprocessAllAssets (string[],string[],string[],string[],bool) (at ./Library/PackageCache/com.meta.xr.sdk.core@4ea2676097b9/Editor/Utils/EditorCallbacks/AssetPostProcessor.cs:32)
System.Reflection.RuntimeMethodInfo:Invoke (object,System.Reflection.BindingFlags,System.Reflection.Binder,object[],System.Globalization.CultureInfo)
System.Reflection.MethodBase:Invoke (object,object[])
UnityEditor.AssetPostprocessingInternal:InvokeMethod (System.Reflection.MethodInfo,object[])
UnityEditor.AssetPostprocessingInternal:PostprocessAllAssets (string[],string[],string[],string[],string[],bool)

(Filename: ./Library/PackageCache/com.meta.xr.sdk.core@4ea2676097b9/Editor/MCPBridge/ToolProviderManager.cs Line: 533)

[LocalToolProvider] Registered with 16 tools, 1 resources, 0 prompts
UnityEngine.Debug:ExtractStackTraceNoAlloc (byte*,int,string)
UnityEngine.StackTraceUtility:ExtractStackTrace ()
UnityEngine.DebugLogHandler:Internal_Log (UnityEngine.LogType,UnityEngine.LogOption,string,UnityEngine.Object)
UnityEngine.DebugLogHandler:LogFormat (UnityEngine.LogType,UnityEngine.Object,string,object[])
UnityEngine.Logger:Log (UnityEngine.LogType,object)
UnityEngine.Debug:Log (object)
Meta.MCPBridge.Editor.LocalToolProvider:Register () (at ./Library/PackageCache/com.meta.xr.sdk.core@4ea2676097b9/Editor/MCPBridge/LocalToolProvider.cs:78)
Meta.MCPBridge.Editor.HttpMcpServer/<>c:<StartMcpBridgeServer>b__21_0 () (at ./Library/PackageCache/com.meta.xr.sdk.core@4ea2676097b9/Editor/MCPBridge/HttpMcpServer.cs:129)
Meta.MCPBridge.Editor.HttpMcpServer:Start (int,System.Action) (at ./Library/PackageCache/com.meta.xr.sdk.core@4ea2676097b9/Editor/MCPBridge/HttpMcpServer.cs:203)
Meta.MCPBridge.Editor.HttpMcpServer:StartMcpBridgeServer () (at ./Library/PackageCache/com.meta.xr.sdk.core@4ea2676097b9/Editor/MCPBridge/HttpMcpServer.cs:127)
Meta.MCPBridge.Editor.HttpMcpServer:StartIfEnabled () (at ./Library/PackageCache/com.meta.xr.sdk.core@4ea2676097b9/Editor/MCPBridge/HttpMcpServer.cs:109)
Meta.MCPBridge.Editor.HttpMcpServer/<>c:<InitializeOnLoad>b__18_3 () (at ./Library/PackageCache/com.meta.xr.sdk.core@4ea2676097b9/Editor/MCPBridge/HttpMcpServer.cs:89)
Meta.XR.Editor.Callbacks.InitializeOnLoad:OnAllAssetsPostProcessed () (at ./Library/PackageCache/com.meta.xr.sdk.core@4ea2676097b9/Editor/Utils/EditorCallbacks/InitializeOnLoad.cs:46)
Meta.XR.Editor.Callbacks.AssetPostProcessor:OnPostprocessAllAssets (string[],string[],string[],string[],bool) (at ./Library/PackageCache/com.meta.xr.sdk.core@4ea2676097b9/Editor/Utils/EditorCallbacks/AssetPostProcessor.cs:32)
System.Reflection.RuntimeMethodInfo:Invoke (object,System.Reflection.BindingFlags,System.Reflection.Binder,object[],System.Globalization.CultureInfo)
System.Reflection.MethodBase:Invoke (object,object[])
UnityEditor.AssetPostprocessingInternal:InvokeMethod (System.Reflection.MethodInfo,object[])
UnityEditor.AssetPostprocessingInternal:PostprocessAllAssets (string[],string[],string[],string[],string[],bool)

(Filename: ./Library/PackageCache/com.meta.xr.sdk.core@4ea2676097b9/Editor/MCPBridge/LocalToolProvider.cs Line: 78)

[MCPBridge] Discovery file written to C:\Users\GARVBA~1\AppData\Local\Temp\mcpbridge_1d15ecad.info
UnityEngine.Debug:ExtractStackTraceNoAlloc (byte*,int,string)
UnityEngine.StackTraceUtility:ExtractStackTrace ()
UnityEngine.DebugLogHandler:Internal_Log (UnityEngine.LogType,UnityEngine.LogOption,string,UnityEngine.Object)
UnityEngine.DebugLogHandler:LogFormat (UnityEngine.LogType,UnityEngine.Object,string,object[])
UnityEngine.Logger:Log (UnityEngine.LogType,object)
UnityEngine.Debug:Log (object)
Meta.MCPBridge.Editor.ExternalDiscovery:WriteDiscoveryFiles () (at ./Library/PackageCache/com.meta.xr.sdk.core@4ea2676097b9/Editor/MCPBridge/ExternalDiscovery.cs:65)
Meta.MCPBridge.Editor.HttpMcpServer/<>c:<StartMcpBridgeServer>b__21_0 () (at ./Library/PackageCache/com.meta.xr.sdk.core@4ea2676097b9/Editor/MCPBridge/HttpMcpServer.cs:130)
Meta.MCPBridge.Editor.HttpMcpServer:Start (int,System.Action) (at ./Library/PackageCache/com.meta.xr.sdk.core@4ea2676097b9/Editor/MCPBridge/HttpMcpServer.cs:203)
Meta.MCPBridge.Editor.HttpMcpServer:StartMcpBridgeServer () (at ./Library/PackageCache/com.meta.xr.sdk.core@4ea2676097b9/Editor/MCPBridge/HttpMcpServer.cs:127)
Meta.MCPBridge.Editor.HttpMcpServer:StartIfEnabled () (at ./Library/PackageCache/com.meta.xr.sdk.core@4ea2676097b9/Editor/MCPBridge/HttpMcpServer.cs:109)
Meta.MCPBridge.Editor.HttpMcpServer/<>c:<InitializeOnLoad>b__18_3 () (at ./Library/PackageCache/com.meta.xr.sdk.core@4ea2676097b9/Editor/MCPBridge/HttpMcpServer.cs:89)
Meta.XR.Editor.Callbacks.InitializeOnLoad:OnAllAssetsPostProcessed () (at ./Library/PackageCache/com.meta.xr.sdk.core@4ea2676097b9/Editor/Utils/EditorCallbacks/InitializeOnLoad.cs:46)
Meta.XR.Editor.Callbacks.AssetPostProcessor:OnPostprocessAllAssets (string[],string[],string[],string[],bool) (at ./Library/PackageCache/com.meta.xr.sdk.core@4ea2676097b9/Editor/Utils/EditorCallbacks/AssetPostProcessor.cs:32)
System.Reflection.RuntimeMethodInfo:Invoke (object,System.Reflection.BindingFlags,System.Reflection.Binder,object[],System.Globalization.CultureInfo)
System.Reflection.MethodBase:Invoke (object,object[])
UnityEditor.AssetPostprocessingInternal:InvokeMethod (System.Reflection.MethodInfo,object[])
UnityEditor.AssetPostprocessingInternal:PostprocessAllAssets (string[],string[],string[],string[],string[],bool)

(Filename: ./Library/PackageCache/com.meta.xr.sdk.core@4ea2676097b9/Editor/MCPBridge/ExternalDiscovery.cs Line: 65)

(Values over 0.050ms)
Asset Pipeline Refresh (id=2d6de76fb557c294299fa47b03df4b11): Total: 7.057 seconds - Initiated by StopAssetImportingV2(ForceSynchronousImport | ForceDomainReload)
	Summary:
		Imports: total=0 (actual=0, local cache=0, cache server=0)
		Asset DB Process Time: managed=0 ms, native=3121 ms
		Asset DB Callback time: managed=2317 ms, native=0 ms
		Scripting: domain reloads=1, domain reload time=1613 ms, compile time=3 ms, other=0 ms
		Project Asset Count: scripts=2187, non-scripts=3854
		Asset File Changes: new=0, changed=0, moved=0, deleted=0
		Scan Filter Count: 0
	InvokePackagesCallback: 4.781ms
	ApplyChangesToAssetFolders: 0.562ms
	ProcessAssetsWithTransientArtifactChanges: 6.335ms
	CategorizeAssets: 149.505ms
	CompileScripts: 3.242ms
	ImportOutOfDateAssets: 2901.028ms (2896.257ms without children)
		CollectScriptTypesHashes: 3.008ms
		ReloadNativeAssets: 2.140ms
		EnsureUptoDateAssetsAreRegisteredWithGuidPM: 1.837ms
		OnDemandSchedulerStart: 0.685ms
	PostProcessAllAssets: 2317.311ms
		MonoPostProcessAllAssets: 2317.302ms
			UniversalRenderPipelineGlobalSettingsPostprocessor.OnPostprocessAllAssets 16.949ms
			WindowAssetPostprocessingWatcher.OnPostprocessAllAssets 3.903ms
			SyncVS.PostprocessSyncProject 3.515ms
			SpeedTree9Postprocessor.OnPostprocessAllAssets 3.423ms
			RenderPipelineGlobalSettingsPostprocessor.OnPostprocessAllAssets 1.390ms
			ReferencedClipsPostProcessor.OnPostprocessAllAssets 0.947ms
			AssetPostProcessor.OnPostprocessAllAssets 0.897ms
			AssetChangedListener.OnPostprocessAllAssets 0.621ms
			AssetDatabaseCallbacks.OnPostprocessAllAssets 0.446ms
			InputActionAssetPostprocessor.OnPostprocessAllAssets 0.410ms
			TerrainToolbarOverlayPostProcessor.OnPostprocessAllAssets 0.289ms
			ShaderGraphAssetPostProcessor.OnPostprocessAllAssets 0.132ms
			ProjectSettingsPostprocessor.OnPostprocessAllAssets 0.130ms
			InputActionJsonNameModifierAssetProcessor.OnPostprocessAllAssets 0.069ms
			AssetPostprocessor.OnPostprocessAllAssets 0.062ms
	GatherAllCurrentPrimaryImportResultRevisions: 0.590ms
	UnloadStreamsBegin: 0.193ms
	PersistCurrentRevisions: 0.327ms
	GenerateScriptTypeHashes: 22.286ms
	GenerateScriptTypeSerializationHashes: 33.311ms
	Untracked: 1659.357ms

[XR] Time interace not found - delta time prediction disabled.
[Subsystems] OpenXR XR Plugin successfully registered Provider for OpenXR Display
[Subsystems] OpenXR XR Plugin successfully registered Provider for OpenXR Input
[Subsystems] OpenXR XR Plugin successfully registered Provider for OpenXR Display
Start importing Assets/XR/Settings/OpenXR Package Settings.asset using Guid(0d647736f3e354044b23fb340838e9eb) (NativeFormatImporter) -> (Import Result ID: '83be3409bcbc20eef5cbae634207ea95') in 0.0105139 seconds [static dependencies only]. Details - ImportResultOutputID=c8338305546446aab4e7d26577b91671 DependenciesID=2c407465c3fa9fdae37604ba5dc1335a StaticDependenciesID=e7252c103fdb22a96e109f3b4bbed5a2 
Refreshing native plugins compatible for Editor in 28.21 ms, found 12 plugins.
Asset Pipeline Refresh (id=f3f80864b63091e45907cc774baf7f4b): Total: 0.159 seconds - Initiated by StopAssetImportingV2(NoUpdateAssetOptions)
Loading OpenXR loader library at path: C:\Users\GARV BANSAL\Documents\VR_games\OPUS\game\Library\PackageCache\com.unity.xr.openxr@ef0033a586bf\RuntimeLoaders\windows\x64\openxr_loader.dll
UnityEngine.Debug:ExtractStackTraceNoAlloc (byte*,int,string)
UnityEngine.StackTraceUtility:ExtractStackTrace ()
UnityEngine.DebugLogHandler:Internal_Log (UnityEngine.LogType,UnityEngine.LogOption,string,UnityEngine.Object)
UnityEngine.DebugLogHandler:LogFormat (UnityEngine.LogType,UnityEngine.Object,string,object[])
UnityEngine.Logger:Log (UnityEngine.LogType,object)
UnityEngine.Debug:Log (object)
UnityEngine.XR.OpenXR.OpenXRLoaderBase:LoadOpenXRSymbols () (at ./Library/PackageCache/com.unity.xr.openxr@ef0033a586bf/Runtime/OpenXRLoader.cs:558)
UnityEngine.XR.OpenXR.OpenXRLoaderBase:InitializeInternal () (at ./Library/PackageCache/com.unity.xr.openxr@ef0033a586bf/Runtime/OpenXRLoader.cs:235)
UnityEngine.XR.OpenXR.OpenXRLoaderBase:Initialize () (at ./Library/PackageCache/com.unity.xr.openxr@ef0033a586bf/Runtime/OpenXRLoader.cs:205)
UnityEngine.XR.Management.XRManagerSettings:InitializeLoaderSync () (at ./Library/PackageCache/com.unity.xr.management@20be87dea580/Runtime/XRManagerSettings.cs:190)
UnityEngine.XR.Management.XRGeneralSettings:InitXRSDK () (at ./Library/PackageCache/com.unity.xr.management@20be87dea580/Runtime/XRGeneralSettings.cs:175)
UnityEngine.XR.Management.XRGeneralSettings:AttemptInitializeXRSDKOnLoad () (at ./Library/PackageCache/com.unity.xr.management@20be87dea580/Runtime/XRGeneralSettings.cs:148)

(Filename: ./Library/PackageCache/com.unity.xr.openxr@ef0033a586bf/Runtime/OpenXRLoader.cs Line: 558)

[MetaXRFeature] HookGetInstanceProcAddr: 140731604239194
UnityEngine.Debug:ExtractStackTraceNoAlloc (byte*,int,string)
UnityEngine.StackTraceUtility:ExtractStackTrace ()
UnityEngine.DebugLogHandler:Internal_Log (UnityEngine.LogType,UnityEngine.LogOption,string,UnityEngine.Object)
UnityEngine.DebugLogHandler:LogFormat (UnityEngine.LogType,UnityEngine.Object,string,object[])
UnityEngine.Logger:Log (UnityEngine.LogType,object)
UnityEngine.Debug:Log (object)
Meta.XR.MetaXRFeature:HookGetInstanceProcAddr (intptr) (at ./Library/PackageCache/com.meta.xr.sdk.core@4ea2676097b9/Scripts/OpenXRFeatures/MetaXRFeature.cs:270)
UnityEngine.XR.OpenXR.Features.OpenXRFeature:HookGetInstanceProcAddr () (at ./Library/PackageCache/com.unity.xr.openxr@ef0033a586bf/Runtime/Features/OpenXRFeature.cs:764)
UnityEngine.XR.OpenXR.OpenXRLoaderBase:InitializeInternal () (at ./Library/PackageCache/com.unity.xr.openxr@ef0033a586bf/Runtime/OpenXRLoader.cs:248)
UnityEngine.XR.OpenXR.OpenXRLoaderBase:Initialize () (at ./Library/PackageCache/com.unity.xr.openxr@ef0033a586bf/Runtime/OpenXRLoader.cs:205)
UnityEngine.XR.Management.XRManagerSettings:InitializeLoaderSync () (at ./Library/PackageCache/com.unity.xr.management@20be87dea580/Runtime/XRManagerSettings.cs:190)
UnityEngine.XR.Management.XRGeneralSettings:InitXRSDK () (at ./Library/PackageCache/com.unity.xr.management@20be87dea580/Runtime/XRGeneralSettings.cs:175)
UnityEngine.XR.Management.XRGeneralSettings:AttemptInitializeXRSDKOnLoad () (at ./Library/PackageCache/com.unity.xr.management@20be87dea580/Runtime/XRGeneralSettings.cs:148)

(Filename: ./Library/PackageCache/com.meta.xr.sdk.core@4ea2676097b9/Scripts/OpenXRFeatures/MetaXRFeature.cs Line: 270)

[MetaXRFeature] SetClientVersion
UnityEngine.Debug:ExtractStackTraceNoAlloc (byte*,int,string)
UnityEngine.StackTraceUtility:ExtractStackTrace ()
UnityEngine.DebugLogHandler:Internal_Log (UnityEngine.LogType,UnityEngine.LogOption,string,UnityEngine.Object)
UnityEngine.DebugLogHandler:LogFormat (UnityEngine.LogType,UnityEngine.Object,string,object[])
UnityEngine.Logger:Log (UnityEngine.LogType,object)
UnityEngine.Debug:Log (object)
Meta.XR.MetaXRFeature:HookGetInstanceProcAddr (intptr) (at ./Library/PackageCache/com.meta.xr.sdk.core@4ea2676097b9/Scripts/OpenXRFeatures/MetaXRFeature.cs:272)
UnityEngine.XR.OpenXR.Features.OpenXRFeature:HookGetInstanceProcAddr () (at ./Library/PackageCache/com.unity.xr.openxr@ef0033a586bf/Runtime/Features/OpenXRFeature.cs:764)
UnityEngine.XR.OpenXR.OpenXRLoaderBase:InitializeInternal () (at ./Library/PackageCache/com.unity.xr.openxr@ef0033a586bf/Runtime/OpenXRLoader.cs:248)
UnityEngine.XR.OpenXR.OpenXRLoaderBase:Initialize () (at ./Library/PackageCache/com.unity.xr.openxr@ef0033a586bf/Runtime/OpenXRLoader.cs:205)
UnityEngine.XR.Management.XRManagerSettings:InitializeLoaderSync () (at ./Library/PackageCache/com.unity.xr.management@20be87dea580/Runtime/XRManagerSettings.cs:190)
UnityEngine.XR.Management.XRGeneralSettings:InitXRSDK () (at ./Library/PackageCache/com.unity.xr.management@20be87dea580/Runtime/XRGeneralSettings.cs:175)
UnityEngine.XR.Management.XRGeneralSettings:AttemptInitializeXRSDKOnLoad () (at ./Library/PackageCache/com.unity.xr.management@20be87dea580/Runtime/XRGeneralSettings.cs:148)

(Filename: ./Library/PackageCache/com.meta.xr.sdk.core@4ea2676097b9/Scripts/OpenXRFeatures/MetaXRFeature.cs Line: 272)

[OVRPlugin][ERROR] xrGetInstanceProcAddr is nullptr
 (arvr\projects\integrations\OVRPlugin\Src\Util\CompositorOpenXR_Entries.cpp:132)[90m2026-09-18 22:27:18[0m [MetaXROperator] [32m[INFO][0m Agentic XR API layer negotiation started
[90m2026-09-18 22:27:18[0m [MetaXROperator] [32m[INFO][0m Agentic XR API layer initialized
[MetaXROperator] file logging enabled: C:\Users\GARV BANSAL\AppData\Local\meta-xr-operator\Logs\api_layer_2026-09-18_22-27-18-509_19900\api_layer.log
[90m2026-09-18 22:27:18[0m [MetaXROperator] [32m[INFO][0m Queried available extensions, count: 90
[90m2026-09-18 22:27:18[0m [MetaXROperator] [32m[INFO][0m Adding extension to instance create info: XR_EXT_local_floor
[90m2026-09-18 22:27:18[0m [MetaXROperator] [33m[WARNING][0m Extension not available: XR_METAX1_simulator_compositor_output_capture
[90m2026-09-18 22:27:18[0m [MetaXROperator] [33m[WARNING][0m Extension not available: XR_EXT_conformance_automation
[90m2026-09-18 22:27:18[0m [MetaXROperator] [32m[INFO][0m Adding extension to instance create info: XR_META_touch_controller_plus
[90m2026-09-18 22:27:18[0m [MetaXROperator] [32m[INFO][0m Cached application info, data: Oculus VR Plugin (Unity 6000.4.6f1_0b051c2e5d54 [Editor]) (v1), Engine: Unity (v0)
[90m2026-09-18 22:27:19[0m [MetaXROperator] [32m[INFO][0m Telemetry consent: opted-in
[90m2026-09-18 22:27:19[0m [MetaXROperator] [32m[INFO][0m Telemetry session started for: Oculus VR Plugin (Unity 6000.4.6f1_0b051c2e5d54 [Editor])
[90m2026-09-18 22:27:19[0m [MetaXROperator] [32m[INFO][0m Telemetry initialized for: Oculus VR Plugin (Unity 6000.4.6f1_0b051c2e5d54 [Editor])
[90m2026-09-18 22:27:19[0m [MetaXROperator] [32m[INFO][0m Initializing Agentic MCP Server...
[90m2026-09-18 22:27:19[0m [MetaXROperator] [32m[INFO][0m MCP Server started successfully on port 8720 (IPv4 and IPv6)
[90m2026-09-18 22:27:19[0m [MetaXROperator] [32m[INFO][0m Registered 'openxr_get_head_pose' tool
[90m2026-09-18 22:27:19[0m [MetaXROperator] [32m[INFO][0m Registered 'openxr_get_controller_pose' tool
[90m2026-09-18 22:27:19[0m [MetaXROperator] [32m[INFO][0m Registered 'openxr_get_active_interaction_profile' tool
[90m2026-09-18 22:27:19[0m [MetaXROperator] [32m[INFO][0m Registered 'math_calc' tool
[90m2026-09-18 22:27:19[0m [MetaXROperator] [32m[INFO][0m Registered 'math_dot' tool
[90m2026-09-18 22:27:19[0m [MetaXROperator] [32m[INFO][0m Registered 'math_cross' tool
[90m2026-09-18 22:27:19[0m [MetaXROperator] [32m[INFO][0m Registered 'math_add' tool
[90m2026-09-18 22:27:19[0m [MetaXROperator] [32m[INFO][0m Registered 'math_sub' tool
[90m2026-09-18 22:27:19[0m [MetaXROperator] [32m[INFO][0m Registered 'math_mul' tool
[90m2026-09-18 22:27:19[0m [MetaXROperator] [32m[INFO][0m Registered 'math_div' tool
[90m2026-09-18 22:27:19[0m [MetaXROperator] [32m[INFO][0m Registered 'math_build_quat' tool
[90m2026-09-18 22:27:19[0m [MetaXROperator] [32m[INFO][0m Registered 'math_decompose_quat' tool
[90m2026-09-18 22:27:19[0m [MetaXROperator] [32m[INFO][0m Registered 'math_multiply_quat' tool
[90m2026-09-18 22:27:19[0m [MetaXROperator] [32m[INFO][0m Registered 'openxr_get_instance_info' tool
[90m2026-09-18 22:27:19[0m [MetaXROperator] [32m[INFO][0m Registered 'openxr_get_session_info' tool
[90m2026-09-18 22:27:19[0m [MetaXROperator] [32m[INFO][0m Registered 'openxr_get_system_info' tool
[90m2026-09-18 22:27:19[0m [MetaXROperator] [32m[INFO][0m Registered 'openxr_get_frame_info' tool
[90m2026-09-18 22:27:19[0m [MetaXROperator] [32m[INFO][0m Skipping 'openxr_capture_composited_image' tool (predicate returned false)
[90m2026-09-18 22:27:19[0m [MetaXROperator] [32m[INFO][0m Registered 'openxr_list_spatial_entities' tool
[90m2026-09-18 22:27:19[0m [MetaXROperator] [32m[INFO][0m Registered 'openxr_exit_session' tool
[90m2026-09-18 22:27:19[0m [MetaXROperator] [32m[INFO][0m Skipping 'openxr_set_controller_input' tool (predicate returned false)
[90m2026-09-18 22:27:19[0m [MetaXROperator] [32m[INFO][0m Skipping 'openxr_set_head_pose' tool (predicate returned false)
[90m2026-09-18 22:27:19[0m [MetaXROperator] [32m[INFO][0m Skipping 'openxr_set_controller_pose' tool (predicate returned false)
[90m2026-09-18 22:27:19[0m [MetaXROperator] [32m[INFO][0m Registered 'convert_unity_pose_to_openxr' tool
[90m2026-09-18 22:27:19[0m [MetaXROperator] [32m[INFO][0m Registered 'convert_openxr_pose_to_unity' tool
[90m2026-09-18 22:27:19[0m [MetaXROperator] [32m[INFO][0m Registered 'openxr_[OVRPlugin][ERROR] [XRCMD][failure] [XR_ERROR_FORM_FACTOR_UNAVAILABLE]: xrGetSystem(instance, &systemGetInfo, &systemId), arvr\projects\integrations\OVRPlugin\Src\Util\CompositorOpenXR.cpp:1475
 (arvr\projects\integrations\OVRPlugin\Src\Util/CompositorOpenXR.h:311)[OVRPlugin][ERROR] [XRCMD][failure] [XR_ERROR_FORM_FACTOR_UNAVAILABLE]: xrGetSystem(instance, &systemGetInfo, &systemId), arvr\projects\integrations\OVRPlugin\Src\Util\CompositorOpenXR.cpp:1485
 (arvr\projects\integrations\OVRPlugin\Src\Util/CompositorOpenXR.h:311)[OVRPlugin][ERROR] [XRCMD][failure] [XR_ERROR_FORM_FACTOR_UNAVAILABLE]: xrGetSystem(instance, &systemGetInfo, &systemId), arvr\projects\integrations\OVRPlugin\Src\Util\CompositorOpenXR.cpp:1485
 (arvr\projects\integrations\OVRPlugin\Src\Util/CompositorOpenXR.h:311)[OVRPlugin][ERROR] [XRCMD][failure] [XR_ERROR_FORM_FACTOR_UNAVAILABLE]: xrGetSystem(instance, &systemGetInfo, &systemId), arvr\projects\integrations\OVRPlugin\Src\Util\CompositorOpenXR.cpp:1485
 (arvr\projects\integrations\OVRPlugin\Src\Util/CompositorOpenXR.h:311)[OVRPlugin][ERROR] [XRCMD][failure] [XR_ERROR_FORM_FACTOR_UNAVAILABLE]: xrGetSystem(instance, &systemGetInfo, &systemId), arvr\projects\integrations\OVRPlugin\Src\Util\CompositorOpenXR.cpp:1485
 (arvr\projects\integrations\OVRPlugin\Src\Util/CompositorOpenXR.h:311)[OVRPlugin][ERROR] [XRCMD][failure] [XR_ERROR_FORM_FACTOR_UNAVAILABLE]: xrGetSystem(instance, &systemGetInfo, &systemId), arvr\projects\integrations\OVRPlugin\Src\Util\CompositorOpenXR.cpp:1485
 (arvr\projects\integrations\OVRPlugin\Src\Util/CompositorOpenXR.h:311)[OVRPlugin][ERROR] CompositorOpenXR::PreInitialize() returns failure
 (arvr\projects\integrations\OVRPlugin\Src\OVR_Plugin_UnityOpenXR.cpp:59)[Subsystems] Loading plugin UnityOpenXR for subsystem OpenXR Display...
[XR] [848] [22:27:32.031][Info   ] Available Layers: (1)
[OVRPlugin][INFO] UnityPluginLoad called
[OVRPlugin][INFO] UnityOpenXR_SetClientVersion(1, 205, 0) called
[OVRPlugin][INFO] ovrp_UnityOpenXR_HookGetInstanceProcAddr(00007FFEA147835A)
[OVRPlugin][INFO] [CompositorOpenXR::SetExternalXrGetInstanceProcAddr] xrGetInstanceProcAddr set to 00007FFEA147835A. All OpenXR API Entires unbound.
[OVRPlugin][INFO] CompositorOpenXR::PreInitialize(activity = 0000000000000000, apiType = 0, preinitializeFlags=0x1)
[OVRPlugin][INFO] Support Non-Oculus runtime: NO
[OVRPlugin][INFO] Use Alpha Blend Factors: NO
[OVRPlugin][INFO] RetryHMDConnection: YES
[OVRPlugin][INFO]  -- Set xrGetInstanceProcAddr to external function pointer
[OVRPlugin][INFO] Available Layers: (1)
[OVRPlugin][INFO]   Name=XR_APILAYER_METAX_operator SpecVersion=1.1.0 LayerVersion=1 Description=API layer that providing agentic interface for OpenXR
[OVRPlugin][INFO]     Available Extensions: (1)
[OVRPlugin][INFO]      Name=XR_METAX1_agentic_external_tool SpecVersion=1
[OVRPlugin][INFO] Preinitialize: xrCreateInstance() succeeded
[OVRPlugin][INFO] OpenXR runtime name: Oculus, version 1.207.0
[OVRPlugin][INFO] xrGetSystem() retry 1 failed
[OVRPlugin][INFO] xrGetSystem() retry 2 failed
[OVRPlugin][INFO] xrGetSystem() retry 3 failed
[OVRPlugin][INFO] xrGetSystem() retry 4 failed
[OVRPlugin][INFO] xrGetSystem() retry 5 failed
[OVRPlugin][INFO] xrGetSystem() failed, which might be caused by a temporarly HMD connectivity issue. xrInstance to be destroyed
[OVRPlugin][INFO] ProfilerSystem: verbose mode 0
[OVRPlugin][INFO] OVRPlugin 1.205.0 ... preinitialized
[OVRPlugin][INFO] Func_xrGetInstanceProcAddr: override xrCreateInstance
[OVRPlugin][INFO] Func_xrCreateInstance(0000027B7B2E2400)
[OVRPlugin][INFO] OpenXR Loader Version 1.1.59
[OVRPlugin][INFO] Unity Requested Extensions (70):
[OVRPlugin][INFO] Available Extensions: (91)
[OVRPlugin][INFO]  Name=XR_METAX1_agentic_external_tool SpecVersion=1
[OVRPlugin][INFO]  Name=XR_KHR_D3D11_enable SpecVersion=11
[OVRPlugin][INFO]  Name=XR_KHR_vulkan_enable SpecVersion=10
[OVRPlugin][INFO]  Name=XR_KHR_composition_layer_depth SpecVersion=6
[OVRPlugin][INFO]  Name=XR_KHR_convert_timespec_time SpecVersion=1
[OVRPlugin][INFO]  Name=XR_KHR_composition_layer_cube SpecVersion=8
[OVRPlugin][INFO]  Name=XR_KHR_composition_layer_cylinder SpecVersion=4
[OVRPlugin][INFO]  Name=XR_KHR_visibility_mask SpecVersion=2
[OVRPlugin][INFO]  Name=XR_KHR_composition_layer_color_scale_bias SpecVersion=5
[OVRPlugin][INFO]  Name=XR_EXT_debug_utils SpecVersion=5
[OVRPlugin][INFO]  Name=XR_OCULUS_audio_device_guid SpecVersion=1
[OVRPlugin][INFO]  Name=XR_FB_color_space SpecVersion=3
[OVRPlugin][INFO]  Name=XR_FB_display_refresh_rate SpecVersion=1
[OVRPlugin][INFO]  Name=XR_META_performance_metrics SpecVersion=2
[OVRPlugin][INFO]  Name=XR_META_headset_id SpecVersion=2
[OVRPlugin][INFO]  Name=XR_EXT_hand_interaction SpecVersion=2
[OVRPlugin][INFO]  Name=XR_EXT_hand_tracking SpecVersion=4
[OVRPlugin][INFO]  Name=XR_FB_hand_tracking_mesh SpecVersion=3
[OVRPlugin][INFO]  Name=XR_META_simultaneous_hands_and_controllers SpecVersion=1
[OVRPlugin][INFO]  Name=XR_FB_hand_tracking_aim SpecVersion=2
[OVRPlugin][INFO]  Name=XR_FB_hand_tracking_capsules SpecVersion=3
[OVRPlugin][INFO]  Name=XR_EXT_hand_tracking_data_source SpecVersion=1
[OVRPlugin][INFO]  Name=XR_META_hand_tracking_microgestures SpecVersion=1
[OVRPlugin][INFO]  Name=XR_EXTX2_stationary_reference_space SpecVersion=1
[OVRPlugin][INFO]  Name=XR_FB_body_tracking SpecVersion=1
[OVRPlugin][INFO]  Name=XR_META_body_tracking_full_body SpecVersion=1
[OVRPlugin][INFO]  Name=XR_META_body_tracking_fidelity SpecVersion=1
[OVRPlugin][INFO]  Name=XR_META_body_tracking_calibration SpecVersion=1
[OVRPlugin][INFO]  Name=XR_FB_passthrough SpecVersion=5
[OVRPlugin][INFO]  Name=XR_META_passthrough_layer_resumed_event SpecVersion=1
[OVRPlugin][INFO]  Name=XR_FB_triangle_mesh SpecVersion=2
[OVRPlugin][INFO]  Name=XR_META_passthrough_color_lut SpecVersion=1
[OVRPlugin][INFO]  Name=XR_META_passthrough_preferences SpecVersion=1
[OVRPlugin][INFO]  Name=XR_FB_render_model SpecVersion=4
[OVRPlugin][INFO]  Name=XR_FB_spatial_entity_container SpecVersion=2
[OVRPlugin][INFO]  Name=XR_FB_scene SpecVersion=4
[OVRPlugin][INFO]  Name=XR_FB_spatial_entity SpecVersion=3
[OVRPlugin][INFO]  Name=XR_FB_spatial_entity_storage SpecVersion=1
[OVRPlugin][INFO]  Name=XR_FB_spatial_entity_query SpecVersion=1
[OVRPlugin][INFO]  Name=XR_FB_spatial_entity_user SpecVersion=1
[OVRPlugin][INFO]  Name=XR_FB_spatial_entity_storage_batch SpecVersion=1
[OVRPlugin][INFO]  Name=XR_FB_spatial_entity_sharing SpecVersion=1
[OVRPlugin][INFO]  Name=XR_META_spatial_entity_persistence SpecVersion=1
[OVRPlugin][INFO]  Name=XR_META_spatial_entity_discovery SpecVersion=1
[OVRPlugin][INFO]  Name=XR_META_spatial_entity_group_sharing SpecVersion=1
[OVRPlugin][INFO]  Name=XR_META_spatial_entity_mesh SpecVersion=1
[OVRPlugin][INFO]  Name=XR_META_spatial_entity_room_mesh SpecVersion=1
[OVRPlugin][INFO]  Name=XR_META_spatial_entity_sharing SpecVersion=1
[OVRPlugin][INFO]  Name=XR_METAX1_spatial_entity_marker SpecVersion=1
[OVRPlugin][INFO]  Name=XR_EXT_spatial_entity SpecVersion=1
[OVRPlugin][INFO]  Name=XR_EXT_spatial_marker_tracking SpecVersion=1
[OVRPlugin][INFO]  Name=XR_META_boundary_visibility SpecVersion=1
[OVRPlugin][INFO]  Name=XR_META_colocation_discovery SpecVersion=1
[OVRPlugin][INFO]  Name=XR_META_dynamic_object_tracker SpecVersion=1
[OVRPlugin][INFO]  Name=XR_META_dynamic_object_keyboard SpecVersion=1
[OVRPlugin][INFO]  Name=XR_META_environment_raycast SpecVersion=1
[OVRPlugin][INFO]  Name=XR_METAX1_passthrough_camera_data SpecVersion=1
[OVRPlugin][INFO]  Name=XR_META_virtual_keyboard SpecVersion=1
[OVRPlugin][INFO]  Name=XR_EXT_local_floor SpecVersion=1
[OVRPlugin][INFO]  Name=XR_EXT_future SpecVersion=2
[OVRPlugin][INFO]  Name=XR_FB_haptic_amplitude_envelope SpecVersion=1
[OVRPlugin][INFO]  Name=XR_FB_haptic_pcm SpecVersion=1
[OVRPlugin][INFO]  Name=XR_FB_touch_controller_pro SpecVersion=1
[OVRPlugin][INFO]  Name=XR_META_touch_controller_plus SpecVersion=1
[OVRPlugin][INFO]  Name=XR_FB_touch_controller_proximity SpecVersion=1
[OVRPlugin][INFO]  Name=XR_META_detached_controllers SpecVersion=1
[OVRPlugin][INFO]  Name=XR_LOGITECH_mx_ink_stylus_interaction SpecVersion=1
[OVRPlugin][INFO]  Name=XR_EXTX1_haptic_parametric SpecVersion=1
[OVRPlugin][INFO]  Name=XR_METAX2_debug_utils_region_profiling SpecVersion=1
[OVRPlugin][INFO]  Name=XR_METAX3_debug_utils_region_profiling SpecVersion=1
[OVRPlugin][INFO] Unavailable OpenXR extension: XR_KHR_D3D12_enable
[OVRPlugin][INFO] Unavailable OpenXR extension: XR_EXT_performance_settings
[OVRPlugin][INFO] Unavailable OpenXR extension: XR_FB_swapchain_update_state
[OVRPlugin][INFO] Unavailable OpenXR extension: XR_FB_swapchain_update_state_vulkan
[OVRPlugin][INFO] Unavailable OpenXR extension: XR_FB_foveation
[OVRPlugin][INFO] Unavailable OpenXR extension: XR_FB_foveation_configuration
[OVRPlugin][INFO] Unavailable OpenXR extension: XR_FB_foveation_vulkan
[OVRPlugin][INFO] Unavailable OpenXR extension: XR_META_vulkan_swapchain_create_info
[OVRPlugin][INFO] Unavailable OpenXR extension: XR_META_foveation_eye_tracked
[OVRPlugin][INFO] Unavailable OpenXR extension: XR_FB_composition_layer_image_layout
[OVRPlugin][INFO] Unavailable OpenXR extension: XR_KHR_composition_layer_equirect2
[OVRPlugin][INFO] Unavailable OpenXR extension: XR_FB_passthrough_keyboard_hands
[OVRPlugin][INFO] Unavailable OpenXR extension: XR_OCULUS_external_camera
[OVRPlugin][INFO] Unavailable OpenXR extension: XR_FB_common_events
[OVRPlugin][INFO] Unavailable OpenXR extension: XR_FB_keyboard_tracking
[OVRPlugin][INFO] Unavailable OpenXR extension: XR_EXT_hand_joints_motion_range
[OVRPlugin][INFO] Unavailable OpenXR extension: XR_META_hand_tracking_wide_motion_mode
[OVRPlugin][INFO] Unavailable OpenXR extension: XR_META_hand_tracking_unextrapolated_poses
[OVRPlugin][INFO] Unavailable OpenXR extension: XR_META_hand_tracking_wide_motion_mode2
[OVRPlugin][INFO] Unavailable OpenXR extension: XR_FB_face_tracking
[OVRPlugin][INFO] Unavailable OpenXR extension: XR_FB_face_tracking2
[OVRPlugin][INFO] Unavailable OpenXR extension: XR_META_face_tracking_convert_pose_between_spaces' tool
[90m2026-09-18 22:27:24[0m [MetaXROperator] [32m[INFO][0m AgenticLayerXrDestroyInstance called
[90m2026-09-18 22:27:31[0m [MetaXROperator] [32m[INFO][0m Telemetry session closed
[90m2026-09-18 22:27:31[0m [MetaXROperator] [32m[INFO][0m Telemetry shut down
[90m2026-09-18 22:27:31[0m [MetaXROperator] [32m[INFO][0m Destroying Agentic MCP Server...
[90m2026-09-18 22:27:31[0m [MetaXROperator] [32m[INFO][0m MCP Server stopped successfully
[90m2026-09-18 22:27:31[0m [MetaXROperator] [32m[INFO][0m AgenticLayerXrDestroyInstance succeeded
[90m2026-09-18 22:27:32[0m [MetaXROperator] [32m[INFO][0m Agentic XR API layer negotiation started
[90m2026-09-18 22:27:32[0m [MetaXROperator] [32m[INFO][0m Agentic XR API layer initialized
[MetaXROperator] file logging enabled: C:\Users\GARV BANSAL\AppData\Local\meta-xr-operator\Logs\api_layer_2026-09-18_22-27-32-039_19900\api_layer.log
[MetaXRFeature] OpenXR runtime supports XR_META_headset_id extension. MetaXRFeature is enabled.
UnityEngine.Debug:ExtractStackTraceNoAlloc (byte*,int,string)
UnityEngine.StackTraceUtility:ExtractStackTrace ()
UnityEngine.DebugLogHandler:Internal_Log (UnityEngine.LogType,UnityEngine.LogOption,string,UnityEngine.Object)
UnityEngine.DebugLogHandler:LogFormat (UnityEngine.LogType,UnityEngine.Object,string,object[])
UnityEngine.Logger:Log (UnityEngine.LogType,object)
UnityEngine.Debug:Log (object)
Meta.XR.MetaXRFeature:OnInstanceCreate (ulong) (at ./Library/PackageCache/com.meta.xr.sdk.core@4ea2676097b9/Scripts/OpenXRFeatures/MetaXRFeature.cs:299)
UnityEngine.XR.OpenXR.Features.OpenXRFeature:ReceiveNativeEvent (UnityEngine.XR.OpenXR.Features.OpenXRFeature/NativeEvent,ulong) (at ./Library/PackageCache/com.unity.xr.openxr@ef0033a586bf/Runtime/Features/OpenXRFeature.cs:698)
UnityEngine.XR.OpenXR.OpenXRLoaderBase:ReceiveNativeEvent (UnityEngine.XR.OpenXR.Features.OpenXRFeature/NativeEvent,ulong) (at ./Library/PackageCache/com.unity.xr.openxr@ef0033a586bf/Runtime/OpenXRLoader.cs:707)
UnityEngine.IntegratedSubsystemDescriptor`1<UnityEngine.XR.XRDisplaySubsystem>:Create ()
UnityEngine.IntegratedSubsystemDescriptor`1<UnityEngine.XR.XRDisplaySubsystem>:CreateImpl ()
UnityEngine.IntegratedSubsystemDescriptor:UnityEngine.ISubsystemDescriptor.Create ()
UnityEngine.XR.Management.XRLoaderHelper:CreateSubsystem<UnityEngine.XR.XRDisplaySubsystemDescriptor, UnityEngine.XR.XRDisplaySubsystem> (System.Collections.Generic.List`1<UnityEngine.XR.XRDisplaySubsystemDescriptor>,string) (at ./Library/PackageCache/com.unity.xr.management@20be87dea580/Runtime/XRLoaderHelper.cs:118)
UnityEngine.XR.OpenXR.OpenXRLoaderBase:CreateSubsystem<UnityEngine.XR.XRDisplaySubsystemDescriptor, UnityEngine.XR.XRDisplaySubsystem> (System.Collections.Generic.List`1<UnityEngine.XR.XRDisplaySubsystemDescriptor>,string) (at ./Library/PackageCache/com.unity.xr.openxr@ef0033a586bf/Runtime/OpenXRLoader.cs:511)
UnityEngine.XR.OpenXR.OpenXRLoaderBase:CreateSubsystems () (at ./Library/PackageCache/com.unity.xr.openxr@ef0033a586bf/Runtime/OpenXRLoader.cs:291)
UnityEngine.XR.OpenXR.OpenXRLoaderBase:InitializeInternal () (at ./Library/PackageCache/com.unity.xr.openxr@ef0033a586bf/Runtime/OpenXRLoader.cs:264)
UnityEngine.XR.OpenXR.OpenXRLoaderBase:Initialize () (at ./Library/PackageCache/com.unity.xr.openxr@ef0033a586bf/Runtime/OpenXRLoader.cs:205)
UnityEngine.XR.Management.XRManagerSettings:InitializeLoaderSync () (at ./Library/PackageCache/com.unity.xr.management@20be87dea580/Runtime/XRManagerSettings.cs:190)
UnityEngine.XR.Management.XRGeneralSettings:InitXRSDK () (at ./Library/PackageCache/com.unity.xr.management@20be87dea580/Runtime/XRGeneralSettings.cs:175)
UnityEngine.XR.Management.XRGeneralSettings:AttemptInitializeXRSDKOnLoad () (at ./Library/PackageCache/com.unity.xr.management@20be87dea580/Runtime/XRGeneralSettings.cs:148)

(Filename: ./Library/PackageCache/com.meta.xr.sdk.core@4ea2676097b9/Scripts/OpenXRFeatures/MetaXRFeature.cs Line: 299)

[MetaXRFeature] OnInstanceCreate: 1
UnityEngine.Debug:ExtractStackTraceNoAlloc (byte*,int,string)
UnityEngine.StackTraceUtility:ExtractStackTrace ()
UnityEngine.DebugLogHandler:Internal_Log (UnityEngine.LogType,UnityEngine.LogOption,string,UnityEngine.Object)
UnityEngine.DebugLogHandler:LogFormat (UnityEngine.LogType,UnityEngine.Object,string,object[])
UnityEngine.Logger:Log (UnityEngine.LogType,object)
UnityEngine.Debug:Log (object)
Meta.XR.MetaXRFeature:OnInstanceCreate (ulong) (at ./Library/PackageCache/com.meta.xr.sdk.core@4ea2676097b9/Scripts/OpenXRFeatures/MetaXRFeature.cs:315)
UnityEngine.XR.OpenXR.Features.OpenXRFeature:ReceiveNativeEvent (UnityEngine.XR.OpenXR.Features.OpenXRFeature/NativeEvent,ulong) (at ./Library/PackageCache/com.unity.xr.openxr@ef0033a586bf/Runtime/Features/OpenXRFeature.cs:698)
UnityEngine.XR.OpenXR.OpenXRLoaderBase:ReceiveNativeEvent (UnityEngine.XR.OpenXR.Features.OpenXRFeature/NativeEvent,ulong) (at ./Library/PackageCache/com.unity.xr.openxr@ef0033a586bf/Runtime/OpenXRLoader.cs:707)
UnityEngine.IntegratedSubsystemDescriptor`1<UnityEngine.XR.XRDisplaySubsystem>:Create ()
UnityEngine.IntegratedSubsystemDescriptor`1<UnityEngine.XR.XRDisplaySubsystem>:CreateImpl ()
UnityEngine.IntegratedSubsystemDescriptor:UnityEngine.ISubsystemDescriptor.Create ()
UnityEngine.XR.Management.XRLoaderHelper:CreateSubsystem<UnityEngine.XR.XRDisplaySubsystemDescriptor, UnityEngine.XR.XRDisplaySubsystem> (System.Collections.Generic.List`1<UnityEngine.XR.XRDisplaySubsystemDescriptor>,string) (at ./Library/PackageCache/com.unity.xr.management@20be87dea580/Runtime/XRLoaderHelper.cs:118)
UnityEngine.XR.OpenXR.OpenXRLoaderBase:CreateSubsystem<UnityEngine.XR.XRDisplaySubsystemDescriptor, UnityEngine.XR.XRDisplaySubsystem> (System.Collections.Generic.List`1<UnityEngine.XR.XRDisplaySubsystemDescriptor>,string) (at ./Library/PackageCache/com.unity.xr.openxr@ef0033a586bf/Runtime/OpenXRLoader.cs:511)
UnityEngine.XR.OpenXR.OpenXRLoaderBase:CreateSubsystems () (at ./Library/PackageCache/com.unity.xr.openxr@ef0033a586bf/Runtime/OpenXRLoader.cs:291)
UnityEngine.XR.OpenXR.OpenXRLoaderBase:InitializeInternal () (at ./Library/PackageCache/com.unity.xr.openxr@ef0033a586bf/Runtime/OpenXRLoader.cs:264)
UnityEngine.XR.OpenXR.OpenXRLoaderBase:Initialize () (at ./Library/PackageCache/com.unity.xr.openxr@ef0033a586bf/Runtime/OpenXRLoader.cs:205)
UnityEngine.XR.Management.XRManagerSettings:InitializeLoaderSync () (at ./Library/PackageCache/com.unity.xr.management@20be87dea580/Runtime/XRManagerSettings.cs:190)
UnityEngine.XR.Management.XRGeneralSettings:InitXRSDK () (at ./Library/PackageCache/com.unity.xr.management@20be87dea580/Runtime/XRGeneralSettings.cs:175)
UnityEngine.XR.Management.XRGeneralSettings:AttemptInitializeXRSDKOnLoad () (at ./Library/PackageCache/com.unity.xr.management@20be87dea580/Runtime/XRGeneralSettings.cs:148)

(Filename: ./Library/PackageCache/com.meta.xr.sdk.core@4ea2676097b9/Scripts/OpenXRFeatures/MetaXRFeature.cs Line: 315)

[OVRPlugin][ERROR] [XRCMD][failure] [XR_ERROR_FORM_FACTOR_UNAVAILABLE]: xrGetSystem(instance, &systemGetInfo, &systemId), arvr\projects\integrations\OVRPlugin\Src\Util\CompositorOpenXR.cpp:2964
 (arvr\projects\integrations\OVRPlugin\Src\Util/CompositorOpenXR.h:311)[OVRPlugin][ERROR] [XRCMD][failure] [XR_ERROR_FORM_FACTOR_UNAVAILABLE]: xrGetSystem(instance, &systemGetInfo, &systemId), arvr\projects\integrations\OVRPlugin\Src\Util\CompositorOpenXR.cpp:2973
 (arvr\projects\integrations\OVRPlugin\Src\Util/CompositorOpenXR.h:311)[OVRPlugin][ERROR] [XRCMD][failure] [XR_ERROR_FORM_FACTOR_UNAVAILABLE]: xrGetSystem(instance, &systemGetInfo, &systemId), arvr\projects\integrations\OVRPlugin\Src\Util\CompositorOpenXR.cpp:2973
 (arvr\projects\integrations\OVRPlugin\Src\Util/CompositorOpenXR.h:311)[OVRPlugin][ERROR] [XRCMD][failure] [XR_ERROR_FORM_FACTOR_UNAVAILABLE]: xrGetSystem(instance, &systemGetInfo, &systemId), arvr\projects\integrations\OVRPlugin\Src\Util\CompositorOpenXR.cpp:2973
 (arvr\projects\integrations\OVRPlugin\Src\Util/CompositorOpenXR.h:311)[OVRPlugin][ERROR] [XRCMD][failure] [XR_ERROR_FORM_FACTOR_UNAVAILABLE]: xrGetSystem(instance, &systemGetInfo, &systemId), arvr\projects\integrations\OVRPlugin\Src\Util\CompositorOpenXR.cpp:2973
 (arvr\projects\integrations\OVRPlugin\Src\Util/CompositorOpenXR.h:311)[OVRPlugin][ERROR] [XRCMD][failure] [XR_ERROR_FORM_FACTOR_UNAVAILABLE]: xrGetSystem(instance, &systemGetInfo, &systemId), arvr\projects\integrations\OVRPlugin\Src\Util\CompositorOpenXR.cpp:2973
 (arvr\projects\integrations\OVRPlugin\Src\Util/CompositorOpenXR.h:311)[OVRPlugin][ERROR] Plugin failed to initialize.
 (arvr\projects\integrations\OVRPlugin\Src\Util\CompositorOpenXR.cpp:1175)[OVRPlugin][ERROR] Unable to create compositor: -1006
 (arvr\projects\integrations\OVRPlugin\Src\OVR_Plugin_UnityOpenXR.cpp:186)[MetaXRFeature] OnInstanceCreate returned an error. If you are using Quest Link, please verify if it's started.
UnityEngine.Debug:ExtractStackTraceNoAlloc (byte*,int,string)
UnityEngine.StackTraceUtility:ExtractStackTrace ()
UnityEngine.DebugLogHandler:Internal_Log (UnityEngine.LogType,UnityEngine.LogOption,string,UnityEngine.Object)
UnityEngine.DebugLogHandler:LogFormat (UnityEngine.LogType,UnityEngine.Object,string,object[])
UnityEngine.Logger:Log (UnityEngine.LogType,object)
UnityEngine.Debug:LogWarning (object)
Meta.XR.MetaXRFeature:OnInstanceCreate (ulong) (at ./Library/PackageCache/com.meta.xr.sdk.core@4ea2676097b9/Scripts/OpenXRFeatures/MetaXRFeature.cs:319)
UnityEngine.XR.OpenXR.Features.OpenXRFeature:ReceiveNativeEvent (UnityEngine.XR.OpenXR.Features.OpenXRFeature/NativeEvent,ulong) (at ./Library/PackageCache/com.unity.xr.openxr@ef0033a586bf/Runtime/Features/OpenXRFeature.cs:698)
UnityEngine.XR.OpenXR.OpenXRLoaderBase:ReceiveNativeEvent (UnityEngine.XR.OpenXR.Features.OpenXRFeature/NativeEvent,ulong) (at ./Library/PackageCache/com.unity.xr.openxr@ef0033a586bf/Runtime/OpenXRLoader.cs:707)
UnityEngine.IntegratedSubsystemDescriptor`1<UnityEngine.XR.XRDisplaySubsystem>:Create ()
UnityEngine.IntegratedSubsystemDescriptor`1<UnityEngine.XR.XRDisplaySubsystem>:CreateImpl ()
UnityEngine.IntegratedSubsystemDescriptor:UnityEngine.ISubsystemDescriptor.Create ()
UnityEngine.XR.Management.XRLoaderHelper:CreateSubsystem<UnityEngine.XR.XRDisplaySubsystemDescriptor, UnityEngine.XR.XRDisplaySubsystem> (System.Collections.Generic.List`1<UnityEngine.XR.XRDisplaySubsystemDescriptor>,string) (at ./Library/PackageCache/com.unity.xr.management@20be87dea580/Runtime/XRLoaderHelper.cs:118)
UnityEngine.XR.OpenXR.OpenXRLoaderBase:CreateSubsystem<UnityEngine.XR.XRDisplaySubsystemDescriptor, UnityEngine.XR.XRDisplaySubsystem> (System.Collections.Generic.List`1<UnityEngine.XR.XRDisplaySubsystemDescriptor>,string) (at ./Library/PackageCache/com.unity.xr.openxr@ef0033a586bf/Runtime/OpenXRLoader.cs:511)
UnityEngine.XR.OpenXR.OpenXRLoaderBase:CreateSubsystems () (at ./Library/PackageCache/com.unity.xr.openxr@ef0033a586bf/Runtime/OpenXRLoader.cs:291)
UnityEngine.XR.OpenXR.OpenXRLoaderBase:InitializeInternal () (at ./Library/PackageCache/com.unity.xr.openxr@ef0033a586bf/Runtime/OpenXRLoader.cs:264)
UnityEngine.XR.OpenXR.OpenXRLoaderBase:Initialize () (at ./Library/PackageCache/com.unity.xr.openxr@ef0033a586bf/Runtime/OpenXRLoader.cs:205)
UnityEngine.XR.Management.XRManagerSettings:InitializeLoaderSync () (at ./Library/PackageCache/com.unity.xr.management@20be87dea580/Runtime/XRManagerSettings.cs:190)
UnityEngine.XR.Management.XRGeneralSettings:InitXRSDK () (at ./Library/PackageCache/com.unity.xr.management@20be87dea580/Runtime/XRGeneralSettings.cs:175)
UnityEngine.XR.Management.XRGeneralSettings:AttemptInitializeXRSDKOnLoad () (at ./Library/PackageCache/com.unity.xr.management@20be87dea580/Runtime/XRGeneralSettings.cs:148)

(Filename: ./Library/PackageCache/com.meta.xr.sdk.core@4ea2676097b9/Scripts/OpenXRFeatures/MetaXRFeature.cs Line: 319)

[MetaXRFeature]: ErrorFormFactorUnavailable xrGetSystem
UnityEngine.Debug:ExtractStackTraceNoAlloc (byte*,int,string)
UnityEngine.StackTraceUtility:ExtractStackTrace ()
UnityEngine.DebugLogHandler:Internal_Log (UnityEngine.LogType,UnityEngine.LogOption,string,UnityEngine.Object)
UnityEngine.DebugLogHandler:LogFormat (UnityEngine.LogType,UnityEngine.Object,string,object[])
UnityEngine.Logger:LogFormat (UnityEngine.LogType,string,object[])
UnityEngine.Debug:LogErrorFormat (string,object[])
Meta.XR.Extensions:LogErrorFormat (string,object) (at ./Library/PackageCache/com.meta.xr.sdk.core@4ea2676097b9/Scripts/OpenXRFeatures/XrResult.cs:205)
Meta.XR.Extensions:OrLogFormat (Meta.XR.XrResult,string) (at ./Library/PackageCache/com.meta.xr.sdk.core@4ea2676097b9/Scripts/OpenXRFeatures/XrResult.cs:269)
Meta.XR.MetaXRFeature:BindFunctionPointers () (at ./Library/PackageCache/com.meta.xr.sdk.core@4ea2676097b9/Scripts/OpenXRFeatures/MetaXRFeature.cs:423)
Meta.XR.MetaFeatureBase`1<Meta.XR.MetaXRFeature>:OnInstanceCreate (ulong) (at ./Library/PackageCache/com.meta.xr.sdk.core@4ea2676097b9/Scripts/OpenXRFeatures/MetaFeatureBase.cs:134)
Meta.XR.MetaXRFeature:OnInstanceCreate (ulong) (at ./Library/PackageCache/com.meta.xr.sdk.core@4ea2676097b9/Scripts/OpenXRFeatures/MetaXRFeature.cs:321)
UnityEngine.XR.OpenXR.Features.OpenXRFeature:ReceiveNativeEvent (UnityEngine.XR.OpenXR.Features.OpenXRFeature/NativeEvent,ulong) (at ./Library/PackageCache/com.unity.xr.openxr@ef0033a586bf/Runtime/Features/OpenXRFeature.cs:698)
UnityEngine.XR.OpenXR.OpenXRLoaderBase:ReceiveNativeEvent (UnityEngine.XR.OpenXR.Features.OpenXRFeature/NativeEvent,ulong) (at ./Library/PackageCache/com.unity.xr.openxr@ef0033a586bf/Runtime/OpenXRLoader.cs:707)
UnityEngine.IntegratedSubsystemDescriptor`1<UnityEngine.XR.XRDisplaySubsystem>:Create ()
UnityEngine.IntegratedSubsystemDescriptor`1<UnityEngine.XR.XRDisplaySubsystem>:CreateImpl ()
UnityEngine.IntegratedSubsystemDescriptor:UnityEngine.ISubsystemDescriptor.Create ()
UnityEngine.XR.Management.XRLoaderHelper:CreateSubsystem<UnityEngine.XR.XRDisplaySubsystemDescriptor, UnityEngine.XR.XRDisplaySubsystem> (System.Collections.Generic.List`1<UnityEngine.XR.XRDisplaySubsystemDescriptor>,string) (at ./Library/PackageCache/com.unity.xr.management@20be87dea580/Runtime/XRLoaderHelper.cs:118)
UnityEngine.XR.OpenXR.OpenXRLoaderBase:CreateSubsystem<UnityEngine.XR.XRDisplaySubsystemDescriptor, UnityEngine.XR.XRDisplaySubsystem> (System.Collections.Generic.List`1<UnityEngine.XR.XRDisplaySubsystemDescriptor>,string) (at ./Library/PackageCache/com.unity.xr.openxr@ef0033a586bf/Runtime/OpenXRLoader.cs:511)
UnityEngine.XR.OpenXR.OpenXRLoaderBase:CreateSubsystems () (at ./Library/PackageCache/com.unity.xr.openxr@ef0033a586bf/Runtime/OpenXRLoader.cs:291)
UnityEngine.XR.OpenXR.OpenXRLoaderBase:InitializeInternal () (at ./Library/PackageCache/com.unity.xr.openxr@ef0033a586bf/Runtime/OpenXRLoader.cs:264)
UnityEngine.XR.OpenXR.OpenXRLoaderBase:Initialize () (at ./Library/PackageCache/com.unity.xr.openxr@ef0033a586bf/Runtime/OpenXRLoader.cs:205)
UnityEngine.XR.Management.XRManagerSettings:InitializeLoaderSync () (at ./Library/PackageCache/com.unity.xr.management@20be87dea580/Runtime/XRManagerSettings.cs:190)
UnityEngine.XR.Management.XRGeneralSettings:InitXRSDK () (at ./Library/PackageCache/com.unity.xr.management@20be87dea580/Runtime/XRGeneralSettings.cs:175)
UnityEngine.XR.Management.XRGeneralSettings:AttemptInitializeXRSDKOnLoad () (at ./Library/PackageCache/com.unity.xr.management@20be87dea580/Runtime/XRGeneralSettings.cs:148)

(Filename: ./Library/PackageCache/com.meta.xr.sdk.core@4ea2676097b9/Scripts/OpenXRFeatures/XrResult.cs Line: 205)

ErrorFunctionUnsupported: xrGetInstanceProcAddr failed to get function pointer for 'xrRequestSceneCaptureFB'.
UnityEngine.Debug:ExtractStackTraceNoAlloc (byte*,int,string)
UnityEngine.StackTraceUtility:ExtractStackTrace ()
UnityEngine.DebugLogHandler:Internal_Log (UnityEngine.LogType,UnityEngine.LogOption,string,UnityEngine.Object)
UnityEngine.DebugLogHandler:LogFormat (UnityEngine.LogType,UnityEngine.Object,string,object[])
UnityEngine.Logger:Log (UnityEngine.LogType,object)
UnityEngine.Debug:LogWarning (object)
Meta.XR.OpenXRNativeFuncs:GetInstanceDelegate<Meta.XR.OpenXRNativeFuncs/xrRequestSceneCaptureFB> (Meta.XR.OpenXRNativeFuncs/xrGetInstanceProcAddr,Meta.XR.XrInstance,string,Meta.XR.OpenXRNativeFuncs/xrRequestSceneCaptureFB&) (at ./Library/PackageCache/com.meta.xr.sdk.core@4ea2676097b9/Scripts/OpenXRFeatures/OpenXRNativeFuncs.cs:64)
Meta.XR.MetaFeatureBase`1<Meta.XR.MetaXRFeature>:GetInstanceDelegate<Meta.XR.OpenXRNativeFuncs/xrRequestSceneCaptureFB> (string,Meta.XR.OpenXRNativeFuncs/xrRequestSceneCaptureFB&) (at ./Library/PackageCache/com.meta.xr.sdk.core@4ea2676097b9/Scripts/OpenXRFeatures/MetaFeatureBase.cs:182)
Meta.XR.MetaXRFeature:BindSpatialEntityFunctionPointers () (at ./Library/PackageCache/com.meta.xr.sdk.core@4ea2676097b9/Scripts/OpenXRFeatures/MetaXRSpatialEntityFeature.cs:63)
Meta.XR.MetaXRFeature:BindFunctionPointers () (at ./Library/PackageCache/com.meta.xr.sdk.core@4ea2676097b9/Scripts/OpenXRFeatures/MetaXRFeature.cs:501)
Meta.XR.MetaFeatureBase`1<Meta.XR.MetaXRFeature>:OnInstanceCreate (ulong) (at ./Library/PackageCache/com.meta.xr.sdk.core@4ea2676097b9/Scripts/OpenXRFeatures/MetaFeatureBase.cs:134)
Meta.XR.MetaXRFeature:OnInstanceCreate (ulong) (at ./Library/PackageCache/com.meta.xr.sdk.core@4ea2676097b9/Scripts/OpenXRFeatures/MetaXRFeature.cs:321)
UnityEngine.XR.OpenXR.Features.OpenXRFeature:ReceiveNativeEvent (UnityEngine.XR.OpenXR.Features.OpenXRFeature/NativeEvent,ulong) (at ./Library/PackageCache/com.unity.xr.openxr@ef0033a586bf/Runtime/Features/OpenXRFeature.cs:698)
UnityEngine.XR.OpenXR.OpenXRLoaderBase:ReceiveNativeEvent (UnityEngine.XR.OpenXR.Features.OpenXRFeature/NativeEvent,ulong) (at ./Library/PackageCache/com.unity.xr.openxr@ef0033a586bf/Runtime/OpenXRLoader.cs:707)
UnityEngine.IntegratedSubsystemDescriptor`1<UnityEngine.XR.XRDisplaySubsystem>:Create ()
UnityEngine.IntegratedSubsystemDescriptor`1<UnityEngine.XR.XRDisplaySubsystem>:CreateImpl ()
UnityEngine.IntegratedSubsystemDescriptor:UnityEngine.ISubsystemDescriptor.Create ()
UnityEngine.XR.Management.XRLoaderHelper:CreateSubsystem<UnityEngine.XR.XRDisplaySubsystemDescriptor, UnityEngine.XR.XRDisplaySubsystem> (System.Collections.Generic.List`1<UnityEngine.XR.XRDisplaySubsystemDescriptor>,string) (at ./Library/PackageCache/com.unity.xr.management@20be87dea580/Runtime/XRLoaderHelper.cs:118)
UnityEngine.XR.OpenXR.OpenXRLoaderBase:CreateSubsystem<UnityEngine.XR.XRDisplaySubsystemDescriptor, UnityEngine.XR.XRDisplaySubsystem> (System.Collections.Generic.List`1<UnityEngine.XR.XRDisplaySubsystemDescriptor>,string) (at ./Library/PackageCache/com.unity.xr.openxr@ef0033a586bf/Runtime/OpenXRLoader.cs:511)
UnityEngine.XR.OpenXR.OpenXRLoaderBase:CreateSubsystems () (at ./Library/PackageCache/com.unity.xr.openxr@ef0033a586bf/Runtime/OpenXRLoader.cs:291)
UnityEngine.XR.OpenXR.OpenXRLoaderBase:InitializeInternal () (at ./Library/PackageCache/com.unity.xr.openxr@ef0033a586bf/Runtime/OpenXRLoader.cs:264)
UnityEngine.XR.OpenXR.OpenXRLoaderBase:Initialize () (at ./Library/PackageCache/com.unity.xr.openxr@ef0033a586bf/Runtime/OpenXRLoader.cs:205)
UnityEngine.XR.Management.XRManagerSettings:InitializeLoaderSync () (at ./Library/PackageCache/com.unity.xr.management@20be87dea580/Runtime/XRManagerSettings.cs:190)
UnityEngine.XR.Management.XRGeneralSettings:InitXRSDK () (at ./Library/PackageCache/com.unity.xr.management@20be87dea580/Runtime/XRGeneralSettings.cs:175)
UnityEngine.XR.Management.XRGeneralSettings:AttemptInitializeXRSDKOnLoad () (at ./Library/PackageCache/com.unity.xr.management@20be87dea580/Runtime/XRGeneralSettings.cs:148)

(Filename: ./Library/PackageCache/com.meta.xr.sdk.core@4ea2676097b9/Scripts/OpenXRFeatures/OpenXRNativeFuncs.cs Line: 64)

[XR] [848] [22:27:37.133][Error  ] xrGetSystem: XR_ERROR_FORM_FACTOR_UNAVAILABLE
[XR] [848] [22:27:37.134][Info   ] 

==== Start Unity OpenXR Diagnostic Report ====


[XR] [848] [22:27:37.134][Info   ] ==== Report Reason: Uncaught Exception ====


[XR] [848] [22:27:37.134][Info   ] ==== OpenXR Settings ====
[XR] [848] [22:27:37.134][Info   ] 
[XR] [848] [22:27:37.134][Info   ] Symmetric Projection: False
[XR] [848] [22:27:37.134][Info   ] Stereo Rendering Mode: SinglePassInstanced
[XR] [848] [22:27:37.134][Info   ] Latency Optimization: PrioritizeRendering
[XR] [848] [22:27:37.134][Info   ] Color Submission Modes: kRenderTextureFormatGroup8888
[XR] [848] [22:27:37.135][Info   ] Depth Submission Mode: None
[XR] [848] [22:27:37.135][Info   ] Space Warp Motion Vector Texture Format: RGBA16f
[XR] [848] [22:27:37.135][Info   ] Optimize Buffer Discards: False
[XR] [848] [22:27:37.135][Info   ] Multiview Render Regions Optimization Mode: None
[XR] [848] [22:27:37.135][Info   ] Use OpenXR Predicted Time: False
[XR] [848] [22:27:37.135][Info   ] Foveated Rendering API: Legacy
[XR] [848] [22:27:37.135][Info   ] 
[XR] [848] [22:27:37.135][Info   ] ==== OpenXR Provider Info ====
[XR] [848] [22:27:37.135][Info   ] 
[XR] [848] [22:27:37.135][Info   ] Provider Version: 1.16.0-18-gc7a9defb
[XR] [848] [22:27:37.135][Info   ] App: OPUS #3118937138
[XR] [848] [22:27:37.135][Info   ] Engine: 6000.4.6f1 #88105985
[XR] [848] [22:27:37.135][Info   ] 
[XR] [848] [22:27:37.135][Info   ] ==== OpenXR Runtime Info ====
[XR] [848] [22:27:37.135][Info   ] 
[XR] [848] [22:27:37.135][Info   ] Available Runtime Extensions: (91)
[XR] [848] [22:27:37.135][Info   ]   XR_METAX1_agentic_external_tool: Version=1
[XR] [848] [22:27:37.135][Info   ]   XR_KHR_D3D11_enable: Version=11
[XR] [848] [22:27:37.135][Info   ]   XR_KHR_D3D12_enable: Version=11
[XR] [848] [22:27:37.135][Info   ]   XR_KHR_opengl_enable: Version=12
[XR] [848] [22:27:37.135][Info   ]   XR_KHR_vulkan_enable: Version=10
[XR] [848] [22:27:37.135][Info   ]   XR_KHR_vulkan_enable2: Version=4
[XR] [848] [22:27:37.135][Info   ]   XR_KHR_composition_layer_depth: Version=6
[XR] [848] [22:27:37.135][Info   ]   XR_KHR_win32_convert_performance_counter_time: Version=1
[XR] [848] [22:27:37.135][Info   ]   XR_KHR_convert_timespec_time: Version=1
[XR] [848] [22:27:37.135][Info   ]   XR_KHR_composition_layer_cube: Version=8
[XR] [848] [22:27:37.135][Info   ]   XR_KHR_composition_layer_cylinder: Version=4
[XR] [848] [22:27:37.135][Info   ]   XR_KHR_composition_layer_equirect: Version=3
[XR] [848] [22:27:37.135][Info   ]   XR_KHR_visibility_mask: Version=2
[XR] [848] [22:27:37.135][Info   ]   XR_KHR_composition_layer_color_scale_bias: Version=5
[XR] [848] [22:27:37.135][Info   ]   XR_KHR_maintenance1: Version=1
[XR] [848] [22:27:37.135][Info   ]   XR_EXT_win32_appcontainer_compatible: Version=1
[XR] [848] [22:27:37.135][Info   ]   XR_EXT_debug_utils: Version=5
[XR] [848] [22:27:37.135][Info   ]   XR_OCULUS_recenter_event: Version=1
[XR] [848] [22:27:37.135][Info   ]   XR_OCULUS_audio_device_guid: Version=1
[XR] [848] [22:27:37.135][Info   ]   XR_FB_color_space: Version=3
[XR] [848] [22:27:37.135][Info   ]   XR_FB_display_refresh_rate: Version=1
[XR] [848] [22:27:37.135][Info   ]   XR_META_performance_metrics: Version=2
[XR] [848] [22:27:37.135][Info   ]   XR_META_headset_id: Version=2
[XR] [848] [22:27:37.135][Info   ]   XR_OCULUS_ovrsession_handle: Version=1
[XR] [848] [22:27:37.135][Info   ]   XR_EXT_hand_interaction: Version=2
[XR] [848] [22:27:37.135][Info   ]   XR_EXT_hand_tracking: Version=4
[XR] [848] [22:27:37.135][Info   ]   XR_FB_hand_tracking_mesh: Version=3
[XR] [848] [22:27:37.135][Info   ]   XR_META_simultaneous_hands_and_controllers: Version=1
[XR] [848] [22:27:37.135][Info   ]   XR_FB_hand_tracking_aim: Version=2
[XR] [848] [22:27:37.135][Info   ]   XR_FB_hand_tracking_capsules: Version=3
[XR] [848] [22:27:37.135][Info   ]   XR_EXT_hand_tracking_data_source: Version=1
[XR] [848] [22:27:37.135][Info   ]   XR_META_hand_tracking_microgestures: Version=1
[XR] [848] [22:27:37.135][Info   ]   XR_EXTX2_stationary_reference_space: Version=1
[XR] [848] [22:27:37.136][Info   ]   XR_FB_body_tracking: Version=1
[XR] [848] [22:27:37.136][Info   ]   XR_META_body_tracking_full_body: Version=1
[XR] [848] [22:27:37.136][Info   ]   XR_META_body_tracking_fidelity: Version=1
[XR] [848] [22:27:37.136][Info   ]   XR_META_body_tracking_calibration: Version=1
[XR] [848] [22:27:37.136][Info   ]   XR_FB_passthrough: Version=5
[XR] [848] [22:27:37.136][Info   ]   XR_META_passthrough_layer_resumed_event: Version=1
[XR] [848] [22:27:37.136][Info   ]   XR_FB_triangle_mesh: Version=2
[XR] [848] [22:27:37.136][Info   ]   XR_META_passthrough_color_lut: Version=1
[XR] [848] [22:27:37.136][Info   ]   XR_META_passthrough_preferences: Version=1
[XR] [848] [22:27:37.136][Info   ]   XR_FB_render_model: Version=4
[XR] [848] [22:27:37.136][Info   ]   XR_FB_spatial_entity_container: Version=2
[XR] [848] [22:27:37.136][Info   ]   XR_FB_scene: Version=4
[XR] [848] [22:27:37.136][Info   ]   XR_FB_spatial_entity: Version=3
[XR] [848] [22:27:37.136][Info   ]   XR_FB_spatial_entity_storage: Version=1
[XR] [848] [22:27:37.136][Info   ]   XR_FB_spatial_entity_query: Version=1
[XR] [848] [22:27:37.136][Info   ]   XR_FB_spatial_entity_user: Version=1
[XR] [848] [22:27:37.136][Info   ]   XR_FB_spatial_entity_storage_batch: Version=1
[XR] [848] [22:27:37.136][Info   ]   XR_FB_spatial_entity_sharing: Version=1
[XR] [848] [22:27:37.136][Info   ]   XR_META_spatial_entity_persistence: Version=1
[XR] [848] [22:27:37.136][Info   ]   XR_META_spatial_entity_discovery: Version=1
[XR] [848] [22:27:37.136][Info   ]   XR_META_spatial_entity_group_sharing: Version=1
[XR] [848] [22:27:37.136][Info   ]   XR_META_spatial_entity_mesh: Version=1
[XR] [848] [22:27:37.136][Info   ]   XR_META_spatial_entity_room_mesh: Version=1
[XR] [848] [22:27:37.136][Info   ]   XR_META_spatial_entity_sharing: Version=1
[XR] [848] [22:27:37.136][Info   ]   XR_METAX1_spatial_entity_marker: Version=1
[XR] [848] [22:27:37.136][Info   ]   XR_EXT_spatial_entity: Version=1
[XR] [848] [22:27:37.136][Info   ]   XR_EXT_spatial_anchor: Version=1
[XR] [848] [22:27:37.136][Info   ]   XR_EXT_spatial_persistence: Version=1
[XR] [848] [22:27:37.136][Info   ]   XR_EXT_spatial_persistence_operations: Version=1
[XR] [848] [22:27:37.136][Info   ]   XR_EXT_spatial_plane_tracking: Version=1
[XR] [848] [22:27:37.136][Info   ]   XR_EXT_spatial_marker_tracking: Version=1
[XR] [848] [22:27:37.136][Info   ]   XR_META_boundary_visibility: Version=1
[XR] [848] [22:27:37.136][Info   ]   XR_META_colocation_discovery: Version=1
[XR] [848] [22:27:37.137][Info   ]   XR_METAX1_dynamic_object_tracker: Version=1
[XR] [848] [22:27:37.137][Info   ]   XR_META_dynamic_object_tracker: Version=1
[XR] [848] [22:27:37.137][Info   ]   XR_META_dynamic_object_keyboard: Version=1
[XR] [848] [22:27:37.137][Info   ]   XR_META_environment_depth: Version=2
[XR] [848] [22:27:37.137][Info   ]   XR_META_environment_raycast: Version=1
[XR] [848] [22:27:37.137][Info   ]   XR_METAX1_passthrough_camera_data: Version=1
[XR] [848] [22:27:37.137][Info   ]   XR_META_virtual_keyboard: Version=1
[XR] [848] [22:27:37.137][Info   ]   XR_EXT_local_floor: Version=1
[XR] [848] [22:27:37.137][Info   ]   XR_EXT_active_action_set_priority: Version=1
[XR] [848] [22:27:37.137][Info   ]   XR_EXT_future: Version=2
[XR] [848] [22:27:37.137][Info   ]   XR_EXT_palm_pose: Version=3
[XR] [848] [22:27:37.137][Info   ]   XR_EXT_haptic_parametric: Version=1
[XR] [848] [22:27:37.137][Info   ]   XR_FB_haptic_amplitude_envelope: Version=1
[XR] [848] [22:27:37.137][Info   ]   XR_FB_haptic_pcm: Version=1
[XR] [848] [22:27:37.137][Info   ]   XR_FB_touch_controller_pro: Version=1
[XR] [848] [22:27:37.137][Info   ]   XR_META_touch_controller_plus: Version=1
[XR] [848] [22:27:37.137][Info   ]   XR_FB_touch_controller_proximity: Version=1
[XR] [848] [22:27:37.137][Info   ]   XR_OCULUS_external_camera: Version=1
[XR] [848] [22:27:37.137][Info   ]   XR_META_detached_controllers: Version=1
[XR] [848] [22:27:37.137][Info   ]   XR_LOGITECH_mx_ink_stylus_interaction: Version=1
[XR] [848] [22:27:37.137][Info   ]   XR_FBX1_touch_controller_extras: Version=1
[XR] [848] [22:27:37.137][Info   ]   XR_EXTX1_haptic_parametric: Version=1
[XR] [848] [22:27:37.137][Info   ]   XR_METAX2_debug_utils_region_profiling: Version=1
[XR] [848] [22:27:37.137][Info   ]   XR_METAX3_debug_utils_region_profiling: Version=1
[XR] [848] [22:27:37.137][Info   ]   XR_METAX1_space_instant_acceleration: Version=2
[XR] [848] [22:27:37.137][Info   ] 
[XR] [848] [22:27:37.137][Info   ] Available Layers: (1)
[XR] [848] [22:27:37.137][Info   ]   XR_APILAYER_METAX_operator: SpecVersion=1.1.0, LayerVersion=1, Description="API layer that providing agentic interface for OpenXR"
[XR] [848] [22:27:37.138][Info   ] 
[XR] [848] [22:27:37.138][Info   ] Available Runtime Layer Extensions: LayerName="XR_APILAYER_METAX_operator": (1)
[XR] [848] [22:27:37.138][Info   ]   XR_METAX1_agentic_external_tool: Version=1
[XR] [848] [22:27:37.138][Info   ] 
[XR] [848] [22:27:37.138][Info   ] Runtime Name: Oculus
[XR] [848] [22:27:37.138][Info   ] Runtime Version: 1.207.0
[XR] [848] [22:27:37.138][Info   ] 
[XR] [848] [22:27:37.138][Info   ] ==== OpenXR API Spec Version ====
[XR] [848] [22:27:37.138][Info   ] 
[XR] [848] [22:27:37.138][Info   ] XrInstance Created with OpenXR API Version: 1.1.53
[XR] [848] [22:27:37.138][Info   ] 
[XR] [848] [22:27:37.138][Info   ] ==== OpenXR Exception Thrown ====
[XR] [848] [22:27:37.138][Info   ] 
[XR] [848] [22:27:37.138][Info   ] Error: XrResult failure [XR_ERROR_FORM_FACTOR_UNAVAILABLE]
[XR] [848] [22:27:37.138][Info   ]     Origin: result
[XR] [848] [22:27:37.138][Info   ]     Source: C:\build\output\unity\xr.sdk.openxr\NativePlugin\Source\unity_session.cpp:318
[XR] [848] [22:27:37.138][Info   ] 
[XR] [848] [22:27:37.138][Info   ] 
[XR] [848] [22:27:37.138][Info   ] ==== Std Exception Thrown ====
[XR] [848] [22:27:37.138][Info   ] 
[XR] [848] [22:27:37.138][Info   ] Function: Display_Initialize
[XR] [848] [22:27:37.138][Info   ] Message: XrResult failure [XR_ERROR_FORM_FACTOR_UNAVAILABLE]
[XR] [848] [22:27:37.138][Info   ]     Origin: result
[XR] [848] [22:27:37.138][Info   ]     Source: C:\build\output\unity\xr.sdk.openxr\NativePlugin\Source\unity_session.cpp:318
[XR] [848] [22:27:37.138][Info   ] 
[XR] [848] [22:27:37.138][Info   ] ==== Last 20 non-XR_SUCCESS returns ====
[XR] [848] [22:27:37.138][Info   ] [FAILURE] xrGetSystem: XR_ERROR_FORM_FACTOR_UNAVAILABLE (1x)
[XR] [848] [22:27:37.138][Info   ] 
[XR] [848] [22:27:37.138][Info   ] ==== Last 20 Events ====
[XR] [848] [22:27:37.138][Info   ] 

==== End Unity OpenXR Diagnostic Report ====


[Subsystems] Failed to initialize subsystem OpenXR Display [error: 1]
[XR] [848] [22:27:37.144][Info   ] 

==== Start Unity OpenXR Diagnostic Report ====


[XR] [848] [22:27:37.144][Info   ] ==== Report Reason: System Shutdown ====


[XR] [848] [22:27:37.144][Info   ] ==== OpenXR Settings ====
[XR] [848] [22:27:37.144][Info   ] 
[XR] [848] [22:27:37.144][Info   ] Symmetric Projection: False
[XR] [848] [22:27:37.144][Info   ] Stereo Rendering Mode: SinglePassInstanced
[XR] [848] [22:27:37.144][Info   ] Latency Optimization: PrioritizeRendering
[XR] [848] [22:27:37.144][Info   ] Color Submission Modes: kRenderTextureFormatGroup8888
[XR] [848] [22:27:37.144][Info   ] Depth Submission Mode: None
[XR] [848] [22:27:37.144][Info   ] Space Warp Motion Vector Texture Format: RGBA16f
[XR] [848] [22:27:37.144][Info   ] Optimize Buffer Discards: False
[XR] [848] [22:27:37.144][Info   ] Multiview Render Regions Optimization Mode: None
[XR] [848] [22:27:37.144][Info   ] Use OpenXR Predicted Time: False
[XR] [848] [22:27:37.144][Info   ] Foveated Rendering API: Legacy
[XR] [848] [22:27:37.144][Info   ] 
[XR] [848] [22:27:37.144][Info   ] ==== OpenXR Provider Info ====
[XR] [848] [22:27:37.144][Info   ] 
[XR] [848] [22:27:37.144][Info   ] Provider Version: 1.16.0-18-gc7a9defb
[XR] [848] [22:27:37.144][Info   ] App: OPUS #3118937138
[XR] [848] [22:27:37.144][Info   ] Engine: 6000.4.6f1 #88105985
[XR] [848] [22:27:37.144][Info   ] 
[XR] [848] [22:27:37.144][Info   ] ==== OpenXR Runtime Info ====
[XR] [848] [22:27:37.144][Info   ] 
[XR] [848] [22:27:37.144][Info   ] Available Runtime Extensions: (91)
[XR] [848] [22:27:37.144][Info   ]   XR_METAX1_agentic_external_tool: Version=1
[XR] [848] [22:27:37.144][Info   ]   XR_KHR_D3D11_enable: Version=11
[XR] [848] [22:27:37.144][Info   ]   XR_KHR_D3D12_enable: Version=11
[XR] [848] [22:27:37.144][Info   ]   XR_KHR_opengl_enable: Version=12
[XR] [848] [22:27:37.144][Info   ]   XR_KHR_vulkan_enable: Version=10
[XR] [848] [22:27:37.144][Info   ]   XR_KHR_vulkan_enable2: Version=4
[XR] [848] [22:27:37.144][Info   ]   XR_KHR_composition_layer_depth: Version=6
[XR] [848] [22:27:37.144][Info   ]   XR_KHR_win32_convert_performance_counter_time: Version=1
[XR] [848] [22:27:37.144][Info   ]   XR_KHR_convert_timespec_time: Version=1
[XR] [848] [22:27:37.144][Info   ]   XR_KHR_composition_layer_cube: Version=8
[XR] [848] [22:27:37.145][Info   ]   XR_KHR_composition_layer_cylinder: Version=4
[XR] [848] [22:27:37.145][Info   ]   XR_KHR_composition_layer_equirect: Version=3
[XR] [848] [22:27:37.145][Info   ]   XR_KHR_visibility_mask: Version=2
[XR] [848] [22:27:37.145][Info   ]   XR_KHR_composition_layer_color_scale_bias: Version=5
[XR] [848] [22:27:37.145][Info   ]   XR_KHR_maintenance1: Version=1
[XR] [848] [22:27:37.145][Info   ]   XR_EXT_win32_appcontainer_compatible: Version=1
[XR] [848] [22:27:37.145][Info   ]   XR_EXT_debug_utils: Version=5
[XR] [848] [22:27:37.145][Info   ]   XR_OCULUS_recenter_event: Version=1
[XR] [848] [22:27:37.145][Info   ]   XR_OCULUS_audio_device_guid: Version=1
[XR] [848] [22:27:37.145][Info   ]   XR_FB_color_space: Version=3
[XR] [848] [22:27:37.145][Info   ]   XR_FB_display_refresh_rate: Version=1
[XR] [848] [22:27:37.145][Info   ]   XR_META_performance_metrics: Version=2
[XR] [848] [22:27:37.145][Info   ]   XR_META_headset_id: Version=2
[XR] [848] [22:27:37.145][Info   ]   XR_OCULUS_ovrsession_handle: Version=1
[XR] [848] [22:27:37.145][Info   ]   XR_EXT_hand_interaction: Version=2
[XR] [848] [22:27:37.145][Info   ]   XR_EXT_hand_tracking: Version=4
[XR] [848] [22:27:37.145][Info   ]   XR_FB_hand_tracking_mesh: Version=3
[XR] [848] [22:27:37.145][Info   ]   XR_META_simultaneous_hands_and_controllers: Version=1
[XR] [848] [22:27:37.145][Info   ]   XR_FB_hand_tracking_aim: Version=2
[XR] [848] [22:27:37.145][Info   ]   XR_FB_hand_tracking_capsules: Version=3
[XR] [848] [22:27:37.145][Info   ]   XR_EXT_hand_tracking_data_source: Version=1
[XR] [848] [22:27:37.145][Info   ]   XR_META_hand_tracking_microgestures: Version=1
[XR] [848] [22:27:37.145][Info   ]   XR_EXTX2_stationary_reference_space: Version=1
[XR] [848] [22:27:37.145][Info   ]   XR_FB_body_tracking: Version=1
[XR] [848] [22:27:37.145][Info   ]   XR_META_body_tracking_full_body: Version=1
[XR] [848] [22:27:37.145][Info   ]   XR_META_body_tracking_fidelity: Version=1
[XR] [848] [22:27:37.145][Info   ]   XR_META_body_tracking_calibration: Version=1
[XR] [848] [22:27:37.145][Info   ]   XR_FB_passthrough: Version=5
[XR] [848] [22:27:37.145][Info   ]   XR_META_passthrough_layer_resumed_event: Version=1
[XR] [848] [22:27:37.145][Info   ]   XR_FB_triangle_mesh: Version=2
[XR] [848] [22:27:37.145][Info   ]   XR_META_passthrough_color_lut: Version=1
[XR] [848] [22:27:37.145][Info   ]   XR_META_passthrough_preferences: Version=1
[XR] [848] [22:27:37.145][Info   ]   XR_FB_render_model: Version=4
[XR] [848] [22:27:37.145][Info   ]   XR_FB_spatial_entity_container: Version=2
[XR] [848] [22:27:37.145][Info   ]   XR_FB_scene: Version=4
[XR] [848] [22:27:37.145][Info   ]   XR_FB_spatial_entity: Version=3
[XR] [848] [22:27:37.145][Info   ]   XR_FB_spatial_entity_storage: Version=1
[XR] [848] [22:27:37.145][Info   ]   XR_FB_spatial_entity_query: Version=1
[XR] [848] [22:27:37.145][Info   ]   XR_FB_spatial_entity_user: Version=1
[XR] [848] [22:27:37.145][Info   ]   XR_FB_spatial_entity_storage_batch: Version=1
[XR] [848] [22:27:37.145][Info   ]   XR_FB_spatial_entity_sharing: Version=1
[XR] [848] [22:27:37.145][Info   ]   XR_META_spatial_entity_persistence: Version=1
[XR] [848] [22:27:37.145][Info   ]   XR_META_spatial_entity_discovery: Version=1
[XR] [848] [22:27:37.145][Info   ]   XR_META_spatial_entity_group_sharing: Version=1
[XR] [848] [22:27:37.145][Info   ]   XR_META_spatial_entity_mesh: Version=1
[XR] [848] [22:27:37.145][Info   ]   XR_META_spatial_entity_room_mesh: Version=1
[XR] [848] [22:27:37.146][Info   ]   XR_META_spatial_entity_sharing: Version=1
[XR] [848] [22:27:37.146][Info   ]   XR_METAX1_spatial_entity_marker: Version=1
[XR] [848] [22:27:37.146][Info   ]   XR_EXT_spatial_entity: Version=1
[XR] [848] [22:27:37.146][Info   ]   XR_EXT_spatial_anchor: Version=1
[XR] [848] [22:27:37.146][Info   ]   XR_EXT_spatial_persistence: Version=1
[XR] [848] [22:27:37.146][Info   ]   XR_EXT_spatial_persistence_operations: Version=1
[XR] [848] [22:27:37.146][Info   ]   XR_EXT_spatial_plane_tracking: Version=1
[XR] [848] [22:27:37.146][Info   ]   XR_EXT_spatial_marker_tracking: Version=1
[XR] [848] [22:27:37.146][Info   ]   XR_META_boundary_visibility: Version=1
[XR] [848] [22:27:37.146][Info   ]   XR_META_colocation_discovery: Version=1
[XR] [848] [22:27:37.146][Info   ]   XR_METAX1_dynamic_object_tracker: Version=1
[XR] [848] [22:27:37.146][Info   ]   XR_META_dynamic_object_tracker: Version=1
[XR] [848] [22:27:37.146][Info   ]   XR_META_dynamic_object_keyboard: Version=1
[XR] [848] [22:27:37.146][Info   ]   XR_META_environment_depth: Version=2
[XR] [848] [22:27:37.146][Info   ]   XR_META_environment_raycast: Version=1
[XR] [848] [22:27:37.146][Info   ]   XR_METAX1_passthrough_camera_data: Version=1
[XR] [848] [22:27:37.146][Info   ]   XR_META_virtual_keyboard: Version=1
[XR] [848] [22:27:37.146][Info   ]   XR_EXT_local_floor: Version=1
[XR] [848] [22:27:37.146][Info   ]   XR_EXT_active_action_set_priority: Version=1
[XR] [848] [22:27:37.146][Info   ]   XR_EXT_future: Version=2
[XR] [848] [22:27:37.146][Info   ]   XR_EXT_palm_pose: Version=3
[XR] [848] [22:27:37.146][Info   ]   XR_EXT_haptic_parametric: Version=1
[XR] [848] [22:27:37.146][Info   ]   XR_FB_haptic_amplitude_envelope: Version=1
[XR] [848] [22:27:37.146][Info   ]   XR_FB_haptic_pcm: Version=1
[XR] [848] [22:27:37.146][Info   ]   XR_FB_touch_controller_pro: Version=1
[XR] [848] [22:27:37.146][Info   ]   XR_META_touch_controller_plus: Version=1
[XR] [848] [22:27:37.146][Info   ]   XR_FB_touch_controller_proximity: Version=1
[XR] [848] [22:27:37.146][Info   ]   XR_OCULUS_external_camera: Version=1
[XR] [848] [22:27:37.146][Info   ]   XR_META_detached_controllers: Version=1
[XR] [848] [22:27:37.146][Info   ]   XR_LOGITECH_mx_ink_stylus_interaction: Version=1
[XR] [848] [22:27:37.146][Info   ]   XR_FBX1_touch_controller_extras: Version=1
[XR] [848] [22:27:37.146][Info   ]   XR_EXTX1_haptic_parametric: Version=1
[XR] [848] [22:27:37.146][Info   ]   XR_METAX2_debug_utils_region_profiling: Version=1
[XR] [848] [22:27:37.146][Info   ]   XR_METAX3_debug_utils_region_profiling: Version=1
[XR] [848] [22:27:37.146][Info   ]   XR_METAX1_space_instant_acceleration: Version=2
[XR] [848] [22:27:37.146][Info   ] 
[XR] [848] [22:27:37.146][Info   ] Available Layers: (1)
[XR] [848] [22:27:37.146][Info   ]   XR_APILAYER_METAX_operator: SpecVersion=1.1.0, LayerVersion=1, Description="API layer that providing agentic interface for OpenXR"
[XR] [848] [22:27:37.146][Info   ] 
[XR] [848] [22:27:37.146][Info   ] Available Runtime Layer Extensions: LayerName="XR_APILAYER_METAX_operator": (1)
[XR] [848] [22:27:37.146][Info   ]   XR_METAX1_agentic_external_tool: Version=1
[XR] [848] [22:27:37.146][Info   ] 
[XR] [848] [22:27:37.146][Info   ] Runtime Name: Oculus
[XR] [848] [22:27:37.146][Info   ] Runtime Version: 1.207.0
[XR] [848] [22:27:37.146][Info   ] 
[XR] [848] [22:27:37.146][Info   ] ==== OpenXR API Spec Version ====
[XR] [848] [22:27:37.146][Info   ] 
[XR] [848] [22:27:37.146][Info   ] XrInstance Created with OpenXR API Version: 1.1.53
[XR] [848] [22:27:37.147][Info   ] 
[XR] [848] [22:27:37.147][Info   ] ==== OpenXR Exception Thrown ====
[XR] [848] [22:27:37.147][Info   ] 
[XR] [848] [22:27:37.147][Info   ] Error: XrResult failure [XR_ERROR_FORM_FACTOR_UNAVAILABLE]
[XR] [848] [22:27:37.147][Info   ]     Origin: result
[XR] [848] [22:27:37.147][Info   ]     Source: C:\build\output\unity\xr.sdk.openxr\NativePlugin\Source\unity_session.cpp:318
[XR] [848] [22:27:37.147][Info   ] 
[XR] [848] [22:27:37.147][Info   ] 
[XR] [848] [22:27:37.147][Info   ] ==== Std Exception Thrown ====
[XR] [848] [22:27:37.147][Info   ] 
[XR] [848] [22:27:37.147][Info   ] Function: Display_Initialize
[XR] [848] [22:27:37.147][Info   ] Message: XrResult failure [XR_ERROR_FORM_FACTOR_UNAVAILABLE]
[XR] [848] [22:27:37.147][Info   ]     Origin: result
[XR] [848] [22:27:37.147][Info   ]     Source: C:\build\output\unity\xr.sdk.openxr\NativePlugin\Source\unity_session.cpp:318
[XR] [848] [22:27:37.147][Info   ] 
[XR] [848] [22:27:37.147][Info   ] ==== Last 20 non-XR_SUCCESS returns ====
[XR] [848] [22:27:37.147][Info   ] [FAILURE] xrGetSystem: XR_ERROR_FORM_FACTOR_UNAVAILABLE (1x)
[XR] [848] [22:27:37.147][Info   ] 
[XR] [848] [22:27:37.147][Info   ] ==== Last 20 Events ====
[XR] [848] [22:27:37.147][Info   ] 

==== End Unity OpenXR Diagnostic Report ====


[90m2026-09-18 22:27:32[0m [MetaXROperator] [32m[INFO][0m Queried available extensions, count: 90
[90m2026-09-18 22:27:32[0m [MetaXROperator] [33m[WARNING][0m Extension not available: XR_METAX1_simulator_compositor_output_capture
[90m2026-09-18 22:27:32[0m [MetaXROperator] [33m[WARNING][0m Extension not available: XR_EXT_conformance_automation
[90m2026-09-18 22:27:32[0m [MetaXROperator] [32m[INFO][0m Application enabled XR_METAX1_agentic_external_tool
[90m2026-09-18 22:27:32[0m [MetaXROperator] [32m[INFO][0m Filtered out API layer extension, passing 69 extensions downstream
[90m2026-09-18 22:27:32[0m [MetaXROperator] [32m[INFO][0m Cached application info, data: OPUS (v0), Engine: Unity (v88105985)
[90m2026-09-18 22:27:32[0m [MetaXROperator] [32m[INFO][0m Telemetry consent: opted-in
[90m2026-09-18 22:27:32[0m [MetaXROperator] [32m[INFO][0m Telemetry session started for: OPUS
[90m2026-09-18 22:27:32[0m [MetaXROperator] [32m[INFO][0m Telemetry initialized for: OPUS
[90m2026-09-18 22:27:32[0m [MetaXROperator] [32m[INFO][0m Initializing Agentic MCP Server...
[90m2026-09-18 22:27:32[0m [MetaXROperator] [32m[INFO][0m MCP Server started successfully on port 8720 (IPv4 and IPv6)
[90m2026-09-18 22:27:32[0m [MetaXROperator] [32m[INFO][0m Registered 'openxr_get_head_pose' tool
[90m2026-09-18 22:27:32[0m [MetaXROperator] [32m[INFO][0m Registered 'openxr_get_controller_pose' tool
[90m2026-09-18 22:27:32[0m [MetaXROperator] [32m[INFO][0m Registered 'openxr_get_active_interaction_profile' tool
[90m2026-09-18 22:27:32[0m [MetaXROperator] [32m[INFO][0m Registered 'math_calc' tool
[90m2026-09-18 22:27:32[0m [MetaXROperator] [32m[INFO][0m Registered 'math_dot' tool
[90m2026-09-18 22:27:32[0m [MetaXROperator] [32m[INFO][0m Registered 'math_cross' tool
[90m2026-09-18 22:27:32[0m [MetaXROperator] [32m[INFO][0m Registered 'math_add' tool
[90m2026-09-18 22:27:32[0m [MetaXROperator] [32m[INFO][0m Registered 'math_sub' tool
[90m2026-09-18 22:27:32[0m [MetaXROperator] [32m[INFO][0m Registered 'math_mul' tool
[90m2026-09-18 22:27:32[0m [MetaXROperator] [32m[INFO][0m Registered 'math_div' tool
[90m2026-09-18 22:27:32[0m [MetaXROperator] [32m[INFO][0m Registered 'math_build_quat' tool
[90m2026-09-18 22:27:32[0m [MetaXROperator] [32m[INFO][0m Registered 'math_decompose_quat' tool
[90m2026-09-18 22:27:32[0m [MetaXROperator] [32m[INFO][0m Registered 'math_multiply_quat' tool
[90m2026-09-18 22:27:32[0m [MetaXROperator] [32m[INFO][0m Registered 'openxr_get_instance_info' tool
[90m2026-09-18 22:27:32[0m [MetaXROperator] [32m[INFO][0m Registered 'openxr_get_session_info' tool
[90m2026-09-18 22:27:32[0m [MetaXROperator] [32m[INFO][0m Registered 'openxr_get_system_info' tool
[90m2026-09-18 22:27:32[0m [MetaXROperator] [32m[INFO][0m Registered 'openxr_get_frame_info' tool
[90m2026-09-18 22:27:32[0m [MetaXROperator] [32m[INFO][0m Skipping 'openxr_capture_composited_image' tool (predicate returned false)
[90m2026-09-18 22:27:32[0m [MetaXROperator] [32m[INFO][0m Registered 'openxr_list_spatial_entities' tool
[90m2026-09-18 22:27:32[0m [MetaXROperator] [32m[INFO][0m Registered 'openxr_exit_session' tool
[90m2026-09-18 22:27:32[0m [MetaXROperator] [32m[INFO][0m Skipping 'openxr_set_controller_input' tool (predicate returned false)
[90m2026-09-18 22:27:32[0m [MetaXROperator] [32m[INFO][0m Skipping 'openxr_set_head_pose' tool (predicate returned false)
[90m2026-09-18 22:27:32[0m [MetaXROperator] [32m[INFO][0m Skipping 'openxr_set_controller_pose' tool (predicate returned false)
[90m2026-09-18 22:27:32[0m [MetaXROperator] [32m[INFO][0m Registered 'convert_unity_pose_to_openxr' tool
[90m2026-09-18 22:27:32[0m [MetaXROperator] [32m[INFO][0m Registered 'convert_openxr_pose_to_unity' tool
[90m2026-09-18 22:27:32[0m [MetaXROperator] [32m[INFO][0m Registered 'openxr_convert_pose_between_spaces' tool
[90m2026-09-18 22:27:37[0m [MetaXROperator] [32m[INFO][0m AgenticLayerXrDestroyInstance called
[90m2026-09-18 22:27:40[0m [MetI0918 22:27:41.451712   848 OVRTelemetry.cpp:57] Telemetry_Init: calling startSession with engineName=Unity, pluginVersion=1.204.0
I0918 22:27:41.451827   848 OVRTelemetry.cpp:61] Telemetry_Init: startSession completed successfully
Loaded scene 'Temp/__Backupscenes/0.backup'
	Deserialize:            1.409 ms
	Integration:            24695.430 ms
	Integration of assets:  0.003 ms
	Thread Wait Time:       0.018 ms
	Total Operation Time:   24696.861 ms
[HRT] RulesProvider: loaded 4 remote rule(s) (schema v1).
UnityEngine.Debug:ExtractStackTraceNoAlloc (byte*,int,string)
UnityEngine.StackTraceUtility:ExtractStackTrace ()
UnityEngine.DebugLogHandler:Internal_Log (UnityEngine.LogType,UnityEngine.LogOption,string,UnityEngine.Object)
UnityEngine.DebugLogHandler:LogFormat (UnityEngine.LogType,UnityEngine.Object,string,object[])
UnityEngine.Logger:Log (UnityEngine.LogType,object)
UnityEngine.Debug:Log (object)
Meta.HandReadinessTool.Editor.HandReadinessRulesProvider:EmitSuccess (int,int) (at ./Library/PackageCache/com.meta.xr.sdk.core@4ea2676097b9/Editor/HandReadinessTool/HandReadinessRulesProvider.cs:175)
Meta.HandReadinessTool.Editor.HandReadinessRulesProvider/<FetchAndSwap>d__11:MoveNext () (at ./Library/PackageCache/com.meta.xr.sdk.core@4ea2676097b9/Editor/HandReadinessTool/HandReadinessRulesProvider.cs:125)
System.Runtime.CompilerServices.AsyncMethodBuilderCore/MoveNextRunner:InvokeMoveNext (object)
System.Threading.ExecutionContext:RunInternal (System.Threading.ExecutionContext,System.Threading.ContextCallback,object,bool)
System.Threading.ExecutionContext:Run (System.Threading.ExecutionContext,System.Threading.ContextCallback,object,bool)
System.Runtime.CompilerServices.AsyncMethodBuilderCore/MoveNextRunner:Run ()
System.Threading.Tasks.AwaitTaskContinuation:InvokeAction (object)
System.Threading.Tasks.AwaitTaskContinuation:RunCallback (System.Threading.ContextCallback,object,System.Threading.Tasks.Task&)
System.Threading.Tasks.SynchronizationContextAwaitTaskContinuation:Run (System.Threading.Tasks.Task,bool)
System.Threading.Tasks.Task:FinishContinuations ()
System.Threading.Tasks.Task:FinishStageThree ()
System.Threading.Tasks.Task`1<Meta.XR.Editor.RemoteContent.DownloadResult`1<Meta.HandReadinessTool.Editor.HandReadinessRulesProvider/RulesPayload>>:TrySetResult (Meta.XR.Editor.RemoteContent.DownloadResult`1<Meta.HandReadinessTool.Editor.HandReadinessRulesProvider/RulesPayload>)
System.Runtime.CompilerServices.AsyncTaskMethodBuilder`1<Meta.XR.Editor.RemoteContent.DownloadResult`1<Meta.HandReadinessTool.Editor.HandReadinessRulesProvider/RulesPayload>>:SetResult (Meta.XR.Editor.RemoteContent.DownloadResult`1<Meta.HandReadinessTool.Editor.HandReadinessRulesProvider/RulesPayload>)
Meta.XR.Editor.UserInterface.RemoteJsonContent`1/<Create>d__1<Meta.HandReadinessTool.Editor.HandReadinessRulesProvider/RulesPayload>:MoveNext () (at ./Library/PackageCache/com.meta.xr.sdk.core@4ea2676097b9/Editor/Utils/UserInterface/RemoteJsonContent.cs:56)
System.Runtime.CompilerServices.AsyncMethodBuilderCore/MoveNextRunner:InvokeMoveNext (object)
System.Threading.ExecutionContext:RunInternal (System.Threading.ExecutionContext,System.Threading.ContextCallback,object,bool)
System.Threading.ExecutionContext:Run (System.Threading.ExecutionContext,System.Threading.ContextCallback,object,bool)
System.Runtime.CompilerServices.AsyncMethodBuilderCore/MoveNextRunner:Run ()
System.Threading.Tasks.AwaitTaskContinuation:InvokeAction (object)
System.Threading.Tasks.AwaitTaskContinuation:RunCallback (System.Threading.ContextCallback,object,System.Threading.Tasks.Task&)
System.Threading.Tasks.SynchronizationContextAwaitTaskContinuation:Run (System.Threading.Tasks.Task,bool)
System.Threading.Tasks.Task:FinishContinuations ()
System.Threading.Tasks.Task:FinishStageThree ()
System.Threading.Tasks.Task`1<Meta.XR.Editor.RemoteContent.DownloadResult`1<string>>:TrySetResult (Meta.XR.Editor.RemoteContent.DownloadResult`1<string>)
System.Runtime.CompilerServices.AsyncTaskMethodBuilder`1<Meta.XR.Editor.RemoteContent.DownloadResult`1<string>>:SetResult (Meta.XR.Editor.RemoteContent.DownloadResult`1<string>)
Meta.XR.Editor.RemoteContent.RemoteJsonContentDownloader/<Fetch>d__3:MoveNext () (at ./Library/PackageCache/com.meta.xr.sdk.core@4ea2676097b9/Editor/Utils/RemoteContent/RemoteContentDownloader.cs:374)
System.Runtime.CompilerServices.AsyncMethodBuilderCore/MoveNextRunner:InvokeMoveNext (object)
System.Threading.ExecutionContext:RunInternal (System.Threading.ExecutionContext,System.Threading.ContextCallback,object,bool)
System.Threading.ExecutionContext:Run (System.Threading.ExecutionContext,System.Threading.ContextCallback,object,bool)
System.Runtime.CompilerServices.AsyncMethodBuilderCore/MoveNextRunner:Run ()
System.Threading.Tasks.AwaitTaskContinuation:InvokeAction (object)
System.Threading.Tasks.AwaitTaskContinuation:RunCallback (System.Threading.ContextCallback,object,System.Threading.Tasks.Task&)
System.Threading.Tasks.SynchronizationContextAwaitTaskContinuation:Run (System.Threading.Tasks.Task,bool)
System.Threading.Tasks.Task:FinishContinuations ()
System.Threading.Tasks.Task:FinishStageThree ()
System.Threading.Tasks.Task`1<Meta.XR.Editor.RemoteContent.DownloadResult`1<string>>:TrySetResult (Meta.XR.Editor.RemoteContent.DownloadResult`1<string>)
System.Runtime.CompilerServices.AsyncTaskMethodBuilder`1<Meta.XR.Editor.RemoteContent.DownloadResult`1<string>>:SetResult (Meta.XR.Editor.RemoteContent.DownloadResult`1<string>)
Meta.XR.Editor.RemoteContent.RemoteContentDownloader`1/<Fetch>d__31`1<Meta.XR.Editor.RemoteContent.RemoteJsonContentDownloader, string>:MoveNext () (at ./Library/PackageCache/com.meta.xr.sdk.core@4ea2676097b9/Editor/Utils/RemoteContent/RemoteContentDownloader.cs:309)
System.Runtime.CompilerServices.AsyncMethodBuilderCore/MoveNextRunner:InvokeMoveNext (object)
System.Threading.ExecutionContext:RunInternal (System.Threading.ExecutionContext,System.Threading.ContextCallback,object,bool)
System.Threading.ExecutionContext:Run (System.Threading.ExecutionContext,System.Threading.ContextCallback,object,bool)
System.Runtime.CompilerServices.AsyncMethodBuilderCore/MoveNextRunner:Run ()
System.Threading.Tasks.AwaitTaskContinuation:InvokeAction (object)
System.Threading.Tasks.AwaitTaskContinuation:RunCallback (System.Threading.ContextCallback,object,System.Threading.Tasks.Task&)
System.Threading.Tasks.SynchronizationContextAwaitTaskContinuation:Run (System.Threading.Tasks.Task,bool)
System.Threading.Tasks.Task:FinishContinuations ()
System.Threading.Tasks.Task:FinishStageThree ()
System.Threading.Tasks.Task`1<string>:TrySetResult (string)
System.Runtime.CompilerServices.AsyncTaskMethodBuilder`1<string>:SetResult (string)
Meta.XR.Editor.RemoteContent.RemoteJsonContentDownloader/<ReadFromCache>d__5`1<string>:MoveNext () (at ./Library/PackageCache/com.meta.xr.sdk.core@4ea2676097b9/Editor/Utils/RemoteContent/RemoteContentDownloader.cs:401)
System.Runtime.CompilerServices.AsyncMethodBuilderCore/MoveNextRunner:InvokeMoveNext (object)
System.Threading.ExecutionContext:RunInternal (System.Threading.ExecutionContext,System.Threading.ContextCallback,object,bool)
System.Threading.ExecutionContext:Run (System.Threading.ExecutionContext,System.Threading.ContextCallback,object,bool)
System.Runtime.CompilerServices.AsyncMethodBuilderCore/MoveNextRunner:Run ()
System.Threading.Tasks.SynchronizationContextAwaitTaskContinuation/<>c:<.cctor>b__7_0 (object)
UnityEngine.UnitySynchronizationContext/WorkRequest:Invoke ()
UnityEngine.UnitySynchronizationContext:Exec ()
UnityEngine.UnitySynchronizationContext:ExecuteTasks ()

(Filename: ./Library/PackageCache/com.meta.xr.sdk.core@4ea2676097b9/Editor/HandReadinessTool/HandReadinessRulesProvider.cs Line: 175)

[HRT] PromptProvider: loaded remote prompt (systemPrompt=4925c, references=2, schema v1).
UnityEngine.Debug:ExtractStackTraceNoAlloc (byte*,int,string)
UnityEngine.StackTraceUtility:ExtractStackTrace ()
UnityEngine.DebugLogHandler:Internal_Log (UnityEngine.LogType,UnityEngine.LogOption,string,UnityEngine.Object)
UnityEngine.DebugLogHandler:LogFormat (UnityEngine.LogType,UnityEngine.Object,string,object[])
UnityEngine.Logger:Log (UnityEngine.LogType,object)
UnityEngine.Debug:Log (object)
Meta.HandReadinessTool.Editor.HandReadinessPromptProvider:EmitSuccess (int,int,int) (at ./Library/PackageCache/com.meta.xr.sdk.core@4ea2676097b9/Editor/HandReadinessTool/HandReadinessPromptProvider.cs:159)
Meta.HandReadinessTool.Editor.HandReadinessPromptProvider/<FetchAndSwap>d__11:MoveNext () (at ./Library/PackageCache/com.meta.xr.sdk.core@4ea2676097b9/Editor/HandReadinessTool/HandReadinessPromptProvider.cs:122)
System.Runtime.CompilerServices.AsyncMethodBuilderCore/MoveNextRunner:InvokeMoveNext (object)
System.Threading.ExecutionContext:RunInternal (System.Threading.ExecutionContext,System.Threading.ContextCallback,object,bool)
System.Threading.ExecutionContext:Run (System.Threading.ExecutionContext,System.Threading.ContextCallback,object,bool)
System.Runtime.CompilerServices.AsyncMethodBuilderCore/MoveNextRunner:Run ()
System.Threading.Tasks.AwaitTaskContinuation:InvokeAction (object)
System.Threading.Tasks.AwaitTaskContinuation:RunCallback (System.Threading.ContextCallback,object,System.Threading.Tasks.Task&)
System.Threading.Tasks.SynchronizationContextAwaitTaskContinuation:Run (System.Threading.Tasks.Task,bool)
System.Threading.Tasks.Task:FinishContinuations ()
System.Threading.Tasks.Task:FinishStageThree ()
System.Threading.Tasks.Task`1<Meta.XR.Editor.RemoteContent.DownloadResult`1<Meta.HandReadinessTool.Editor.HandReadinessPromptProvider/PromptPayload>>:TrySetResult (Meta.XR.Editor.RemoteContent.DownloadResult`1<Meta.HandReadinessTool.Editor.HandReadinessPromptProvider/PromptPayload>)
System.Runtime.CompilerServices.AsyncTaskMethodBuilder`1<Meta.XR.Editor.RemoteContent.DownloadResult`1<Meta.HandReadinessTool.Editor.HandReadinessPromptProvider/PromptPayload>>:SetResult (Meta.XR.Editor.RemoteContent.DownloadResult`1<Meta.HandReadinessTool.Editor.HandReadinessPromptProvider/PromptPayload>)
Meta.XR.Editor.UserInterface.RemoteJsonContent`1/<Create>d__1<Meta.HandReadinessTool.Editor.HandReadinessPromptProvider/PromptPayload>:MoveNext () (at ./Library/PackageCache/com.meta.xr.sdk.core@4ea2676097b9/Editor/Utils/UserInterface/RemoteJsonContent.cs:56)
System.Runtime.CompilerServices.AsyncMethodBuilderCore/MoveNextRunner:InvokeMoveNext (object)
System.Threading.ExecutionContext:RunInternal (System.Threading.ExecutionContext,System.Threading.ContextCallback,object,bool)
System.Threading.ExecutionContext:Run (System.Threading.ExecutionContext,System.Threading.ContextCallback,object,bool)
System.Runtime.CompilerServices.AsyncMethodBuilderCore/MoveNextRunner:Run ()
System.Threading.Tasks.AwaitTaskContinuation:InvokeAction (object)
System.Threading.Tasks.AwaitTaskContinuation:RunCallback (System.Threading.ContextCallback,object,System.Threading.Tasks.Task&)
System.Threading.Tasks.SynchronizationContextAwaitTaskContinuation:Run (System.Threading.Tasks.Task,bool)
System.Threading.Tasks.Task:FinishContinuations ()
System.Threading.Tasks.Task:FinishStageThree ()
System.Threading.Tasks.Task`1<Meta.XR.Editor.RemoteContent.DownloadResult`1<string>>:TrySetResult (Meta.XR.Editor.RemoteContent.DownloadResult`1<string>)
System.Runtime.CompilerServices.AsyncTaskMethodBuilder`1<Meta.XR.Editor.RemoteContent.DownloadResult`1<string>>:SetResult (Meta.XR.Editor.RemoteContent.DownloadResult`1<string>)
Meta.XR.Editor.RemoteContent.RemoteJsonContentDownloader/<Fetch>d__3:MoveNext () (at ./Library/PackageCache/com.meta.xr.sdk.core@4ea2676097b9/Editor/Utils/RemoteContent/RemoteContentDownloader.cs:374)
System.Runtime.CompilerServices.AsyncMethodBuilderCore/MoveNextRunner:InvokeMoveNext (object)
System.Threading.ExecutionContext:RunInternal (System.Threading.ExecutionContext,System.Threading.ContextCallback,object,bool)
System.Threading.ExecutionContext:Run (System.Threading.ExecutionContext,System.Threading.ContextCallback,object,bool)
System.Runtime.CompilerServices.AsyncMethodBuilderCore/MoveNextRunner:Run ()
System.Threading.Tasks.AwaitTaskContinuation:InvokeAction (object)
System.Threading.Tasks.AwaitTaskContinuation:RunCallback (System.Threading.ContextCallback,object,System.Threading.Tasks.Task&)
System.Threading.Tasks.SynchronizationContextAwaitTaskContinuation:Run (System.Threading.Tasks.Task,bool)
System.Threading.Tasks.Task:FinishContinuations ()
System.Threading.Tasks.Task:FinishStageThree ()
System.Threading.Tasks.Task`1<Meta.XR.Editor.RemoteContent.DownloadResult`1<string>>:TrySetResult (Meta.XR.Editor.RemoteContent.DownloadResult`1<string>)
System.Runtime.CompilerServices.AsyncTaskMethodBuilder`1<Meta.XR.Editor.RemoteContent.DownloadResult`1<string>>:SetResult (Meta.XR.Editor.RemoteContent.DownloadResult`1<string>)
Meta.XR.Editor.RemoteContent.RemoteContentDownloader`1/<Fetch>d__31`1<Meta.XR.Editor.RemoteContent.RemoteJsonContentDownloader, string>:MoveNext () (at ./Library/PackageCache/com.meta.xr.sdk.core@4ea2676097b9/Editor/Utils/RemoteContent/RemoteContentDownloader.cs:309)
System.Runtime.CompilerServices.AsyncMethodBuilderCore/MoveNextRunner:InvokeMoveNext (object)
System.Threading.ExecutionContext:RunInternal (System.Threading.ExecutionContext,System.Threading.ContextCallback,object,bool)
System.Threading.ExecutionContext:Run (System.Threading.ExecutionContext,System.Threading.ContextCallback,object,bool)
System.Runtime.CompilerServices.AsyncMethodBuilderCore/MoveNextRunner:Run ()
System.Threading.Tasks.AwaitTaskContinuation:InvokeAction (object)
System.Threading.Tasks.AwaitTaskContinuation:RunCallback (System.Threading.ContextCallback,object,System.Threading.Tasks.Task&)
System.Threading.Tasks.SynchronizationContextAwaitTaskContinuation:Run (System.Threading.Tasks.Task,bool)
System.Threading.Tasks.Task:FinishContinuations ()
System.Threading.Tasks.Task:FinishStageThree ()
System.Threading.Tasks.Task`1<string>:TrySetResult (string)
System.Runtime.CompilerServices.AsyncTaskMethodBuilder`1<string>:SetResult (string)
Meta.XR.Editor.RemoteContent.RemoteJsonContentDownloader/<ReadFromCache>d__5`1<string>:MoveNext () (at ./Library/PackageCache/com.meta.xr.sdk.core@4ea2676097b9/Editor/Utils/RemoteContent/RemoteContentDownloader.cs:401)
System.Runtime.CompilerServices.AsyncMethodBuilderCore/MoveNextRunner:InvokeMoveNext (object)
System.Threading.ExecutionContext:RunInternal (System.Threading.ExecutionContext,System.Threading.ContextCallback,object,bool)
System.Threading.ExecutionContext:Run (System.Threading.ExecutionContext,System.Threading.ContextCallback,object,bool)
System.Runtime.CompilerServices.AsyncMethodBuilderCore/MoveNextRunner:Run ()
System.Threading.Tasks.SynchronizationContextAwaitTaskContinuation/<>c:<.cctor>b__7_0 (object)
UnityEngine.UnitySynchronizationContext/WorkRequest:Invoke ()
UnityEngine.UnitySynchronizationContext:Exec ()
UnityEngine.UnitySynchronizationContext:ExecuteTasks ()

(Filename: ./Library/PackageCache/com.meta.xr.sdk.core@4ea2676097b9/Editor/HandReadinessTool/HandReadinessPromptProvider.cs Line: 159)

[Licensing::Client] Successfully resolved entitlement details
[MODES] ModeService[none].Initialize
[MODES] ModeService[none].LoadModes
[Licensing::Client] Successfully resolved entitlement details
[Licensing::Client] Successfully resolved entitlement details
Start importing Assets/XR/Settings/OpenXR Package Settings.asset using Guid(0d647736f3e354044b23fb340838e9eb) (NativeFormatImporter) -> (Import Result ID: '83be3409bcbc20eef5cbae634207ea95') in 0.0038246 seconds [static dependencies only]. Details - ImportResultOutputID=c8338305546446aab4e7d26577b91671 DependenciesID=2c407465c3fa9fdae37604ba5dc1335a StaticDependenciesID=e7252c103fdb22a96e109f3b4bbed5a2 
Refreshing native plugins compatible for Editor in 19.77 ms, found 12 plugins.
Asset Pipeline Refresh (id=def3ba12ba7214d4aad9a82932dbb4f4): Total: 0.053 seconds - Initiated by StopAssetImportingV2(NoUpdateAssetOptions)
[TestRunnerTools] Callbacks registered after domain reload
UnityEngine.Debug:ExtractStackTraceNoAlloc (byte*,int,string)
UnityEngine.StackTraceUtility:ExtractStackTrace ()
UnityEngine.DebugLogHandler:Internal_Log (UnityEngine.LogType,UnityEngine.LogOption,string,UnityEngine.Object)
UnityEngine.DebugLogHandler:LogFormat (UnityEngine.LogType,UnityEngine.Object,string,object[])
UnityEngine.Logger:Log (UnityEngine.LogType,object)
UnityEngine.Debug:Log (object)
Meta.MCPBridge.Editor.TestRunnerTools:EnsureCallbacksRegistered () (at ./Library/PackageCache/com.meta.xr.sdk.core@4ea2676097b9/Editor/MCPBridge/TestRunnerTools.cs:108)
Meta.MCPBridge.Editor.TestRunnerTools:InitializeOnMainThread () (at ./Library/PackageCache/com.meta.xr.sdk.core@4ea2676097b9/Editor/MCPBridge/TestRunnerTools.cs:95)
UnityEditor.EditorApplication:Internal_CallDelayFunctions ()

(Filename: ./Library/PackageCache/com.meta.xr.sdk.core@4ea2676097b9/Editor/MCPBridge/TestRunnerTools.cs Line: 108)

[TestRunnerTools] Cache loaded from EditorPrefs: RunId=786fd3a9, IsRunning=False
UnityEngine.Debug:ExtractStackTraceNoAlloc (byte*,int,string)
UnityEngine.StackTraceUtility:ExtractStackTrace ()
UnityEngine.DebugLogHandler:Internal_Log (UnityEngine.LogType,UnityEngine.LogOption,string,UnityEngine.Object)
UnityEngine.DebugLogHandler:LogFormat (UnityEngine.LogType,UnityEngine.Object,string,object[])
UnityEngine.Logger:Log (UnityEngine.LogType,object)
UnityEngine.Debug:Log (object)
Meta.MCPBridge.Editor.TestRunnerTools:LoadCacheFromEditorPrefsUnsafe () (at ./Library/PackageCache/com.meta.xr.sdk.core@4ea2676097b9/Editor/MCPBridge/TestRunnerTools.cs:169)
Meta.MCPBridge.Editor.TestRunnerTools:EnsureCacheInitialized () (at ./Library/PackageCache/com.meta.xr.sdk.core@4ea2676097b9/Editor/MCPBridge/TestRunnerTools.cs:132)
Meta.MCPBridge.Editor.TestRunnerTools:get_IsRunning () (at ./Library/PackageCache/com.meta.xr.sdk.core@4ea2676097b9/Editor/MCPBridge/TestRunnerTools.cs:191)
Meta.MCPBridge.Editor.TestRunnerTools:EnsureCallbacksRegistered () (at ./Library/PackageCache/com.meta.xr.sdk.core@4ea2676097b9/Editor/MCPBridge/TestRunnerTools.cs:112)
Meta.MCPBridge.Editor.TestRunnerTools:InitializeOnMainThread () (at ./Library/PackageCache/com.meta.xr.sdk.core@4ea2676097b9/Editor/MCPBridge/TestRunnerTools.cs:95)
UnityEditor.EditorApplication:Internal_CallDelayFunctions ()

(Filename: ./Library/PackageCache/com.meta.xr.sdk.core@4ea2676097b9/Editor/MCPBridge/TestRunnerTools.cs Line: 169)

[Licensing::Client] Successfully resolved entitlement details
TrimDiskCacheJob: Current cache size 10mb
[TestRunnerTools] Run Started: OPUS, total tests: 5
UnityEngine.Debug:ExtractStackTraceNoAlloc (byte*,int,string)
UnityEngine.StackTraceUtility:ExtractStackTrace ()
UnityEngine.DebugLogHandler:Internal_Log (UnityEngine.LogType,UnityEngine.LogOption,string,UnityEngine.Object)
UnityEngine.DebugLogHandler:LogFormat (UnityEngine.LogType,UnityEngine.Object,string,object[])
UnityEngine.Logger:Log (UnityEngine.LogType,object)
UnityEngine.Debug:Log (object)
Meta.MCPBridge.Editor.TestRunnerTools:OnRunStarted (UnityEditor.TestTools.TestRunner.Api.ITestAdaptor) (at ./Library/PackageCache/com.meta.xr.sdk.core@4ea2676097b9/Editor/MCPBridge/TestRunnerTools.cs:800)
Meta.MCPBridge.Editor.TestRunnerTools/TestRunnerCallbacks:RunStarted (UnityEditor.TestTools.TestRunner.Api.ITestAdaptor) (at ./Library/PackageCache/com.meta.xr.sdk.core@4ea2676097b9/Editor/MCPBridge/TestRunnerTools.cs:889)
UnityEditor.TestTools.TestRunner.Api.CallbacksDelegator/<>c__DisplayClass7_0:<RunStarted>b__0 (UnityEditor.TestTools.TestRunner.Api.ICallbacks) (at ./Library/PackageCache/com.unity.test-framework@76560ee600cb/UnityEditor.TestRunner/Api/CallbacksDelegator.cs:42)
UnityEditor.TestTools.TestRunner.Api.CallbacksDelegator:TryInvokeAllCallbacks (System.Action`1<UnityEditor.TestTools.TestRunner.Api.ICallbacks>) (at ./Library/PackageCache/com.unity.test-framework@76560ee600cb/UnityEditor.TestRunner/Api/CallbacksDelegator.cs:135)
UnityEditor.TestTools.TestRunner.Api.CallbacksDelegator:RunStarted (NUnit.Framework.Interfaces.ITest) (at ./Library/PackageCache/com.unity.test-framework@76560ee600cb/UnityEditor.TestRunner/Api/CallbacksDelegator.cs:42)
UnityEngine.Events.InvokableCall`1<NUnit.Framework.Interfaces.ITest>:Invoke (NUnit.Framework.Interfaces.ITest)
UnityEngine.Events.UnityEvent`1<NUnit.Framework.Interfaces.ITest>:Invoke (NUnit.Framework.Interfaces.ITest)
UnityEngine.Events.InvokableCall`1<NUnit.Framework.Interfaces.ITest>:Invoke (NUnit.Framework.Interfaces.ITest)
UnityEngine.Events.UnityEvent`1<NUnit.Framework.Interfaces.ITest>:Invoke (NUnit.Framework.Interfaces.ITest)
UnityEngine.TestTools.TestRunner.PlaymodeTestsController/<Run>d__25:MoveNext () (at ./Library/PackageCache/com.unity.test-framework@76560ee600cb/UnityEngine.TestRunner/TestRunner/PlaymodeTestsController.cs:137)
UnityEngine.SetupCoroutine:InvokeMoveNext (System.Collections.IEnumerator,intptr)

(Filename: ./Library/PackageCache/com.meta.xr.sdk.core@4ea2676097b9/Editor/MCPBridge/TestRunnerTools.cs Line: 800)

[TestRunnerTools] Test Started: Opus.Games.OrchardReach.Tests.PlayMode.OrchardReachPlayModeAuditTests.DemoDriver_ProducesAllFiveAuditStatesWithRealContactGeometry
UnityEngine.Debug:ExtractStackTraceNoAlloc (byte*,int,string)
UnityEngine.StackTraceUtility:ExtractStackTrace ()
UnityEngine.DebugLogHandler:Internal_Log (UnityEngine.LogType,UnityEngine.LogOption,string,UnityEngine.Object)
UnityEngine.DebugLogHandler:LogFormat (UnityEngine.LogType,UnityEngine.Object,string,object[])
UnityEngine.Logger:Log (UnityEngine.LogType,object)
UnityEngine.Debug:Log (object)
Meta.MCPBridge.Editor.TestRunnerTools:OnTestStarted (UnityEditor.TestTools.TestRunner.Api.ITestAdaptor) (at ./Library/PackageCache/com.meta.xr.sdk.core@4ea2676097b9/Editor/MCPBridge/TestRunnerTools.cs:838)
Meta.MCPBridge.Editor.TestRunnerTools/TestRunnerCallbacks:TestStarted (UnityEditor.TestTools.TestRunner.Api.ITestAdaptor) (at ./Library/PackageCache/com.meta.xr.sdk.core@4ea2676097b9/Editor/MCPBridge/TestRunnerTools.cs:899)
UnityEditor.TestTools.TestRunner.Api.CallbacksDelegator/<>c__DisplayClass12_0:<TestStarted>b__0 (UnityEditor.TestTools.TestRunner.Api.ICallbacks) (at ./Library/PackageCache/com.unity.test-framework@76560ee600cb/UnityEditor.TestRunner/Api/CallbacksDelegator.cs:81)
UnityEditor.TestTools.TestRunner.Api.CallbacksDelegator:TryInvokeAllCallbacks (System.Action`1<UnityEditor.TestTools.TestRunner.Api.ICallbacks>) (at ./Library/PackageCache/com.unity.test-framework@76560ee600cb/UnityEditor.TestRunner/Api/CallbacksDelegator.cs:135)
UnityEditor.TestTools.TestRunner.Api.CallbacksDelegator:TestStarted (NUnit.Framework.Interfaces.ITest) (at ./Library/PackageCache/com.unity.test-framework@76560ee600cb/UnityEditor.TestRunner/Api/CallbacksDelegator.cs:81)
UnityEngine.Events.InvokableCall`1<NUnit.Framework.Interfaces.ITest>:Invoke (NUnit.Framework.Interfaces.ITest)
UnityEngine.Events.UnityEvent`1<NUnit.Framework.Interfaces.ITest>:Invoke (NUnit.Framework.Interfaces.ITest)
UnityEngine.Events.InvokableCall`1<NUnit.Framework.Interfaces.ITest>:Invoke (NUnit.Framework.Interfaces.ITest)
UnityEngine.Events.UnityEvent`1<NUnit.Framework.Interfaces.ITest>:Invoke (NUnit.Framework.Interfaces.ITest)
UnityEngine.TestTools.TestRunner.TestListenerWrapper:TestStarted (NUnit.Framework.Interfaces.ITest) (at ./Library/PackageCache/com.unity.test-framework@76560ee600cb/UnityEngine.TestRunner/TestRunner/TestListenerWrapper.cs:19)
UnityEngine.TestRunner.NUnitExtensions.Runner.UnityWorkItem:Execute () (at ./Library/PackageCache/com.unity.test-framework@76560ee600cb/UnityEngine.TestRunner/NUnitExtensions/Runner/UnityWorkItem.cs:83)
UnityEngine.TestRunner.NUnitExtensions.Runner.CompositeWorkItem/<RunChildren>d__17:MoveNext () (at ./Library/PackageCache/com.unity.test-framework@76560ee600cb/UnityEngine.TestRunner/NUnitExtensions/Runner/CompositeWorkItem.cs:203)
UnityEngine.TestRunner.NUnitExtensions.Runner.CompositeWorkItem/<PerformWork>d__13:MoveNext () (at ./Library/PackageCache/com.unity.test-framework@76560ee600cb/UnityEngine.TestRunner/NUnitExtensions/Runner/CompositeWorkItem.cs:82)
UnityEngine.TestRunner.NUnitExtensions.Runner.CompositeWorkItem/<RunChildren>d__17:MoveNext () (at ./Library/PackageCache/com.unity.test-framework@76560ee600cb/UnityEngine.TestRunner/NUnitExtensions/Runner/CompositeWorkItem.cs:207)
UnityEngine.TestRunner.NUnitExtensions.Runner.CompositeWorkItem/<PerformWork>d__13:MoveNext () (at ./Library/PackageCache/com.unity.test-framework@76560ee600cb/UnityEngine.TestRunner/NUnitExtensions/Runner/CompositeWorkItem.cs:82)
UnityEngine.TestRunner.NUnitExtensions.Runner.CompositeWorkItem/<RunChildren>d__17:MoveNext () (at ./Library/PackageCache/com.unity.test-framework@76560ee600cb/UnityEngine.TestRunner/NUnitExtensions/Runner/CompositeWorkItem.cs:207)
UnityEngine.TestRunner.NUnitExtensions.Runner.CompositeWorkItem/<PerformWork>d__13:MoveNext () (at ./Library/PackageCache/com.unity.test-framework@76560ee600cb/UnityEngine.TestRunner/NUnitExtensions/Runner/CompositeWorkItem.cs:82)
UnityEngine.TestRunner.NUnitExtensions.Runner.CompositeWorkItem/<RunChildren>d__17:MoveNext () (at ./Library/PackageCache/com.unity.test-framework@76560ee600cb/UnityEngine.TestRunner/NUnitExtensions/Runner/CompositeWorkItem.cs:207)
UnityEngine.TestRunner.NUnitExtensions.Runner.CompositeWorkItem/<PerformWork>d__13:MoveNext () (at ./Library/PackageCache/com.unity.test-framework@76560ee600cb/UnityEngine.TestRunner/NUnitExtensions/Runner/CompositeWorkItem.cs:82)
UnityEngine.TestRunner.NUnitExtensions.Runner.CompositeWorkItem/<RunChildren>d__17:MoveNext () (at ./Library/PackageCache/com.unity.test-framework@76560ee600cb/UnityEngine.TestRunner/NUnitExtensions/Runner/CompositeWorkItem.cs:207)
UnityEngine.TestRunner.NUnitExtensions.Runner.CompositeWorkItem/<PerformWork>d__13:MoveNext () (at ./Library/PackageCache/com.unity.test-framework@76560ee600cb/UnityEngine.TestRunner/NUnitExtensions/Runner/CompositeWorkItem.cs:82)
UnityEngine.TestRunner.NUnitExtensions.Runner.CompositeWorkItem/<RunChildren>d__17:MoveNext () (at ./Library/PackageCache/com.unity.test-framework@76560ee600cb/UnityEngine.TestRunner/NUnitExtensions/Runner/CompositeWorkItem.cs:207)
UnityEngine.TestRunner.NUnitExtensions.Runner.CompositeWorkItem/<PerformWork>d__13:MoveNext () (at ./Library/PackageCache/com.unity.test-framework@76560ee600cb/UnityEngine.TestRunner/NUnitExtensions/Runner/CompositeWorkItem.cs:82)
UnityEngine.TestRunner.NUnitExtensions.Runner.CompositeWorkItem/<RunChildren>d__17:MoveNext () (at ./Library/PackageCache/com.unity.test-framework@76560ee600cb/UnityEngine.TestRunner/NUnitExtensions/Runner/CompositeWorkItem.cs:207)
UnityEngine.TestRunner.NUnitExtensions.Runner.CompositeWorkItem/<PerformWork>d__13:MoveNext () (at ./Library/PackageCache/com.unity.test-framework@76560ee600cb/UnityEngine.TestRunner/NUnitExtensions/Runner/CompositeWorkItem.cs:82)
UnityEngine.TestRunner.NUnitExtensions.Runner.CompositeWorkItem/<RunChildren>d__17:MoveNext () (at ./Library/PackageCache/com.unity.test-framework@76560ee600cb/UnityEngine.TestRunner/NUnitExtensions/Runner/CompositeWorkItem.cs:207)
UnityEngine.TestRunner.NUnitExtensions.Runner.CompositeWorkItem/<PerformWork>d__13:MoveNext () (at ./Library/PackageCache/com.unity.test-framework@76560ee600cb/UnityEngine.TestRunner/NUnitExtensions/Runner/CompositeWorkItem.cs:82)
UnityEngine.TestTools.TestRunner.PlaymodeTestsController/<TestRunnerCoroutine>d__24:MoveNext () (at ./Library/PackageCache/com.unity.test-framework@76560ee600cb/UnityEngine.TestRunner/TestRunner/PlaymodeTestsController.cs:93)
UnityEngine.SetupCoroutine:InvokeMoveNext (System.Collections.IEnumerator,intptr)

(Filename: ./Library/PackageCache/com.meta.xr.sdk.core@4ea2676097b9/Editor/MCPBridge/TestRunnerTools.cs Line: 838)

Unloading 210 Unused Serialized files (Serialized files now loaded: 0)
UnloadTime: 0.908700 ms
Found IOVRSkeletonDataProvider reference in [BuildingBlock] Hand Tracking left due to unassigned field.
UnityEngine.Debug:ExtractStackTraceNoAlloc (byte*,int,string)
UnityEngine.StackTraceUtility:ExtractStackTrace ()
UnityEngine.DebugLogHandler:Internal_Log (UnityEngine.LogType,UnityEngine.LogOption,string,UnityEngine.Object)
UnityEngine.DebugLogHandler:LogFormat (UnityEngine.LogType,UnityEngine.Object,string,object[])
UnityEngine.Logger:Log (UnityEngine.LogType,object)
UnityEngine.Debug:Log (object)
OVRSkeleton:Awake () (at ./Library/PackageCache/com.meta.xr.sdk.core@4ea2676097b9/Scripts/Util/OVRSkeleton.cs:520)

(Filename: ./Library/PackageCache/com.meta.xr.sdk.core@4ea2676097b9/Scripts/Util/OVRSkeleton.cs Line: 520)

Found IOVRSkeletonDataProvider reference in [BuildingBlock] Hand Tracking right due to unassigned field.
UnityEngine.Debug:ExtractStackTraceNoAlloc (byte*,int,string)
UnityEngine.StackTraceUtility:ExtractStackTrace ()
UnityEngine.DebugLogHandler:Internal_Log (UnityEngine.LogType,UnityEngine.LogOption,string,UnityEngine.Object)
UnityEngine.DebugLogHandler:LogFormat (UnityEngine.LogType,UnityEngine.Object,string,object[])
UnityEngine.Logger:Log (UnityEngine.LogType,object)
UnityEngine.Debug:Log (object)
OVRSkeleton:Awake () (at ./Library/PackageCache/com.meta.xr.sdk.core@4ea2676097b9/Scripts/Util/OVRSkeleton.cs:520)

(Filename: ./Library/PackageCache/com.meta.xr.sdk.core@4ea2676097b9/Scripts/Util/OVRSkeleton.cs Line: 520)

Setting linear velocity of a kinematic body is not supported.
UnityEngine.Debug:ExtractStackTraceNoAlloc (byte*,int,string)
UnityEngine.StackTraceUtility:ExtractStackTrace ()
UnityEngine.Rigidbody:set_linearVelocity (UnityEngine.Vector3)
Opus.Shell.OrchardReachSceneController:HandleTrialEvent (Opus.Sdk.TrialEvent) (at Assets/Shell/Runtime/OrchardReachSceneController.cs:735)
Opus.Games.OrchardReach.OrchardReachModule:Emit (string,string,Opus.Sdk.TrialTarget,string) (at Assets/Games/OrchardReach/Runtime/OrchardReachModule.cs:195)
Opus.Games.OrchardReach.OrchardReachModule:EmitSignal (System.Nullable`1<Opus.Games.OrchardReach.TrialSignal>,string,Opus.Sdk.TrialTarget) (at Assets/Games/OrchardReach/Runtime/OrchardReachModule.cs:211)
Opus.Games.OrchardReach.OrchardReachModule:StartNextTrial (double) (at Assets/Games/OrchardReach/Runtime/OrchardReachModule.cs:117)
Opus.Games.OrchardReach.OrchardReachModule:Begin () (at Assets/Games/OrchardReach/Runtime/OrchardReachModule.cs:80)
Opus.Shell.OrchardReachSceneController:Awake () (at Assets/Shell/Runtime/OrchardReachSceneController.cs:224)

[Assets/Shell/Runtime/OrchardReachSceneController.cs line 735]

Loaded scene 'Assets/Scenes/OrchardReach.unity'
	Deserialize:            565.784 ms
	Integration:            787.758 ms
	Integration of assets:  661.575 ms
	Thread Wait Time:       -0.369 ms
	Total Operation Time:   2014.748 ms
Unloading 16487 unused Assets / (10.4 MB). Loaded Objects now: 14823.
Memory consumption went from 322.0 MB to 311.6 MB.
Total: 38.598000 ms (FindLiveObjects: 1.707000 ms CreateObjectMapping: 1.426700 ms MarkObjects: 22.803900 ms  DeleteObjects: 12.658700 ms)

At GameObject <color=#3366ff><b>PlayerController</b></color>, component <b>FirstPersonLocomotor</b>. The ground could not be found below the locomotor for 10 meters. Velocity will be disabled.A) Add a ground collider under the character controller and/or adjust the CharacterController.LayerMask.
B) Set _velocityDisabled to disable movement and prevent falling without showing this warning.
C) Set _maxStartGroundDistance to 0 to disable this behaviour.
UnityEngine.Debug:ExtractStackTraceNoAlloc (byte*,int,string)
UnityEngine.StackTraceUtility:ExtractStackTrace ()
UnityEngine.DebugLogHandler:Internal_Log (UnityEngine.LogType,UnityEngine.LogOption,string,UnityEngine.Object)
UnityEngine.DebugLogHandler:LogFormat (UnityEngine.LogType,UnityEngine.Object,string,object[])
UnityEngine.Logger:Log (UnityEngine.LogType,object,UnityEngine.Object)
UnityEngine.Debug:LogWarning (object,UnityEngine.Object)
Oculus.Interaction.AssertUtils:LogWarning (UnityEngine.Component,string,string,string) (at ./Library/PackageCache/com.meta.xr.sdk.interaction@875abb30439c/Runtime/Scripts/Utils/AssertUtils.cs:252)
Oculus.Interaction.Locomotion.FirstPersonLocomotor:Start () (at ./Library/PackageCache/com.meta.xr.sdk.interaction@875abb30439c/Runtime/Scripts/Interaction/Models/Locomotion/FirstPersonLocomotor.cs:444)

(Filename: ./Library/PackageCache/com.meta.xr.sdk.interaction@875abb30439c/Runtime/Scripts/Utils/AssertUtils.cs Line: 252)

Setting linear velocity of a kinematic body is not supported.
UnityEngine.Debug:ExtractStackTraceNoAlloc (byte*,int,string)
UnityEngine.StackTraceUtility:ExtractStackTrace ()
UnityEngine.Rigidbody:set_linearVelocity (UnityEngine.Vector3)
Opus.Shell.OrchardReachSceneController:DriveDemoHandAndFruit () (at Assets/Shell/Runtime/OrchardReachSceneController.cs:542)
Opus.Shell.OrchardReachSceneController:Update () (at Assets/Shell/Runtime/OrchardReachSceneController.cs:373)

[Assets/Shell/Runtime/OrchardReachSceneController.cs line 542]

Unable to process a controller whose SampleRateHz is 0 now.
UnityEngine.Debug:ExtractStackTraceNoAlloc (byte*,int,string)
UnityEngine.StackTraceUtility:ExtractStackTrace ()
UnityEngine.DebugLogHandler:Internal_Log (UnityEngine.LogType,UnityEngine.LogOption,string,UnityEngine.Object)
UnityEngine.DebugLogHandler:LogFormat (UnityEngine.LogType,UnityEngine.Object,string,object[])
UnityEngine.Logger:Log (UnityEngine.LogType,object)
UnityEngine.Debug:Log (object)
OVRHaptics/OVRHapticsOutput:Process () (at ./Library/PackageCache/com.meta.xr.sdk.core@4ea2676097b9/Scripts/OVRHaptics.cs:182)
OVRHaptics:Process () (at ./Library/PackageCache/com.meta.xr.sdk.core@4ea2676097b9/Scripts/OVRHaptics.cs:399)
OVRManager:LateUpdate () (at ./Library/PackageCache/com.meta.xr.sdk.core@4ea2676097b9/Scripts/OVRManager.cs:3405)

(Filename: ./Library/PackageCache/com.meta.xr.sdk.core@4ea2676097b9/Scripts/OVRHaptics.cs Line: 182)

Unable to process a controller whose SampleRateHz is 0 now.
UnityEngine.Debug:ExtractStackTraceNoAlloc (byte*,int,string)
UnityEngine.StackTraceUtility:ExtractStackTrace ()
UnityEngine.DebugLogHandler:Internal_Log (UnityEngine.LogType,UnityEngine.LogOption,string,UnityEngine.Object)
UnityEngine.DebugLogHandler:LogFormat (UnityEngine.LogType,UnityEngine.Object,string,object[])
UnityEngine.Logger:Log (UnityEngine.LogType,object)
UnityEngine.Debug:Log (object)
OVRHaptics/OVRHapticsOutput:Process () (at ./Library/PackageCache/com.meta.xr.sdk.core@4ea2676097b9/Scripts/OVRHaptics.cs:182)
OVRHaptics:Process () (at ./Library/PackageCache/com.meta.xr.sdk.core@4ea2676097b9/Scripts/OVRHaptics.cs:399)
OVRManager:LateUpdate () (at ./Library/PackageCache/com.meta.xr.sdk.core@4ea2676097b9/Scripts/OVRManager.cs:3405)

(Filename: ./Library/PackageCache/com.meta.xr.sdk.core@4ea2676097b9/Scripts/OVRHaptics.cs Line: 182)

[OPUS] PlayModeAudit: ResetRenderingDebugger failed (TargetInvocationException: Exception has been thrown by the target of an invocation.) — continuing.
UnityEngine.Debug:ExtractStackTraceNoAlloc (byte*,int,string)
UnityEngine.StackTraceUtility:ExtractStackTrace ()
UnityEngine.DebugLogHandler:Internal_Log (UnityEngine.LogType,UnityEngine.LogOption,string,UnityEngine.Object)
UnityEngine.DebugLogHandler:LogFormat (UnityEngine.LogType,UnityEngine.Object,string,object[])
UnityEngine.Logger:Log (UnityEngine.LogType,object)
UnityEngine.Debug:LogWarning (object)
Opus.Games.OrchardReach.Tests.PlayMode.OrchardReachPlayModeAuditTests:ResetRenderingDebugger () (at Assets/Games/OrchardReach/Tests/PlayMode/OrchardReachPlayModeAuditTests.cs:215)
Opus.Games.OrchardReach.Tests.PlayMode.OrchardReachPlayModeAuditTests/<DemoDriver_ProducesAllFiveAuditStatesWithRealContactGeometry>d__2:MoveNext () (at Assets/Games/OrchardReach/Tests/PlayMode/OrchardReachPlayModeAuditTests.cs:49)
UnityEngine.TestTools.TestEnumerator/<Execute>d__7:MoveNext () (at ./Library/PackageCache/com.unity.test-framework@76560ee600cb/UnityEngine.TestRunner/NUnitExtensions/Attributes/TestEnumerator.cs:44)
UnityEngine.TestTools.EnumerableTestMethodCommand/<ExecuteEnumerableAndRecordExceptions>d__4:MoveNext () (at ./Library/PackageCache/com.unity.test-framework@76560ee600cb/UnityEngine.TestRunner/NUnitExtensions/Commands/EnumerableTestMethodCommand.cs:79)
UnityEngine.TestTools.EnumerableTestMethodCommand:AdvanceEnumerator (System.Collections.IEnumerator) (at ./Library/PackageCache/com.unity.test-framework@76560ee600cb/UnityEngine.TestRunner/NUnitExtensions/Commands/EnumerableTestMethodCommand.cs:64)
UnityEngine.TestTools.EnumerableTestMethodCommand/<ExecuteEnumerable>d__2:MoveNext () (at ./Library/PackageCache/com.unity.test-framework@76560ee600cb/UnityEngine.TestRunner/NUnitExtensions/Commands/EnumerableTestMethodCommand.cs:47)
UnityEngine.TestRunner.NUnitExtensions.Runner.UnityLogCheckDelegatingCommand/<ExecuteEnumerable>d__3:MoveNext () (at ./Library/PackageCache/com.unity.test-framework@76560ee600cb/UnityEngine.TestRunner/NUnitExtensions/Runner/UnityLogCheckDelegatingCommand.cs:48)
UnityEngine.TestTools.BeforeAfterTestCommandBase`1/<ExecuteEnumerable>d__16<NUnit.Framework.ITestAction>:MoveNext () (at ./Library/PackageCache/com.unity.test-framework@76560ee600cb/UnityEngine.TestRunner/NUnitExtensions/Commands/BeforeAfterTestCommandBase.cs:212)
UnityEngine.TestTools.BeforeAfterTestCommandBase`1/<ExecuteEnumerable>d__16<System.Reflection.MethodInfo>:MoveNext () (at ./Library/PackageCache/com.unity.test-framework@76560ee600cb/UnityEngine.TestRunner/NUnitExtensions/Commands/BeforeAfterTestCommandBase.cs:212)
UnityEngine.TestTools.BeforeAfterTestCommandBase`1/<ExecuteEnumerable>d__16<System.Reflection.MethodInfo>:MoveNext () (at ./Library/PackageCache/com.unity.test-framework@76560ee600cb/UnityEngine.TestRunner/NUnitExtensions/Commands/BeforeAfterTestCommandBase.cs:212)
UnityEngine.TestTools.BeforeAfterTestCommandBase`1/<ExecuteEnumerable>d__16<UnityEngine.TestTools.IOuterUnityTestAction>:MoveNext () (at ./Library/PackageCache/com.unity.test-framework@76560ee600cb/UnityEngine.TestRunner/NUnitExtensions/Commands/BeforeAfterTestCommandBase.cs:212)
UnityEngine.TestTools.RetryCommand/<ExecuteEnumerable>d__2:MoveNext () (at ./Library/PackageCache/com.unity.test-framework@76560ee600cb/UnityEngine.TestRunner/NUnitExtensions/Commands/RetryCommand.cs:37)
UnityEngine.TestTools.RepeatCommand/<ExecuteEnumerable>d__2:MoveNext () (at ./Library/PackageCache/com.unity.test-framework@76560ee600cb/UnityEngine.TestRunner/NUnitExtensions/Commands/RepeatCommand.cs:36)
UnityEngine.TestTools.IgnoreTestCommand/<ExecuteEnumerable>d__3:MoveNext () (at ./Library/PackageCache/com.unity.test-framework@76560ee600cb/UnityEngine.TestRunner/NUnitExtensions/Commands/IgnoreTestCommand.cs:42)
UnityEngine.TestTools.StrictCheckCommand/<ExecuteEnumerable>d__2:MoveNext () (at ./Library/PackageCache/com.unity.test-framework@76560ee600cb/UnityEngine.TestRunner/NUnitExtensions/Commands/StrictCheckCommand.cs:29)
UnityEngine.TestTools.Utils.CoroutineRunner/<WrapEnumeratorForChecks>d__8:MoveNext () (at ./Library/PackageCache/com.unity.test-framework@76560ee600cb/UnityEngine.TestRunner/Utils/CoroutineRunner.cs:58)
UnityEngine.SetupCoroutine:InvokeMoveNext (System.Collections.IEnumerator,intptr)

(Filename: Assets/Games/OrchardReach/Tests/PlayMode/OrchardReachPlayModeAuditTests.cs Line: 215)

[OPUS] PlayModeAudit: hid 248 rig hand/controller-hint renderers (DemoHandProxy_R excluded)
UnityEngine.Debug:ExtractStackTraceNoAlloc (byte*,int,string)
UnityEngine.StackTraceUtility:ExtractStackTrace ()
UnityEngine.DebugLogHandler:Internal_Log (UnityEngine.LogType,UnityEngine.LogOption,string,UnityEngine.Object)
UnityEngine.DebugLogHandler:LogFormat (UnityEngine.LogType,UnityEngine.Object,string,object[])
UnityEngine.Logger:Log (UnityEngine.LogType,object)
UnityEngine.Debug:Log (object)
Opus.Games.OrchardReach.Tests.PlayMode.OrchardReachPlayModeAuditTests/<DemoDriver_ProducesAllFiveAuditStatesWithRealContactGeometry>d__2:MoveNext () (at Assets/Games/OrchardReach/Tests/PlayMode/OrchardReachPlayModeAuditTests.cs:74)
UnityEngine.TestTools.TestEnumerator/<Execute>d__7:MoveNext () (at ./Library/PackageCache/com.unity.test-framework@76560ee600cb/UnityEngine.TestRunner/NUnitExtensions/Attributes/TestEnumerator.cs:44)
UnityEngine.TestTools.EnumerableTestMethodCommand/<ExecuteEnumerableAndRecordExceptions>d__4:MoveNext () (at ./Library/PackageCache/com.unity.test-framework@76560ee600cb/UnityEngine.TestRunner/NUnitExtensions/Commands/EnumerableTestMethodCommand.cs:79)
UnityEngine.TestTools.EnumerableTestMethodCommand:AdvanceEnumerator (System.Collections.IEnumerator) (at ./Library/PackageCache/com.unity.test-framework@76560ee600cb/UnityEngine.TestRunner/NUnitExtensions/Commands/EnumerableTestMethodCommand.cs:64)
UnityEngine.TestTools.EnumerableTestMethodCommand/<ExecuteEnumerable>d__2:MoveNext () (at ./Library/PackageCache/com.unity.test-framework@76560ee600cb/UnityEngine.TestRunner/NUnitExtensions/Commands/EnumerableTestMethodCommand.cs:47)
UnityEngine.TestRunner.NUnitExtensions.Runner.UnityLogCheckDelegatingCommand/<ExecuteEnumerable>d__3:MoveNext () (at ./Library/PackageCache/com.unity.test-framework@76560ee600cb/UnityEngine.TestRunner/NUnitExtensions/Runner/UnityLogCheckDelegatingCommand.cs:48)
UnityEngine.TestTools.BeforeAfterTestCommandBase`1/<ExecuteEnumerable>d__16<NUnit.Framework.ITestAction>:MoveNext () (at ./Library/PackageCache/com.unity.test-framework@76560ee600cb/UnityEngine.TestRunner/NUnitExtensions/Commands/BeforeAfterTestCommandBase.cs:212)
UnityEngine.TestTools.BeforeAfterTestCommandBase`1/<ExecuteEnumerable>d__16<System.Reflection.MethodInfo>:MoveNext () (at ./Library/PackageCache/com.unity.test-framework@76560ee600cb/UnityEngine.TestRunner/NUnitExtensions/Commands/BeforeAfterTestCommandBase.cs:212)
UnityEngine.TestTools.BeforeAfterTestCommandBase`1/<ExecuteEnumerable>d__16<System.Reflection.MethodInfo>:MoveNext () (at ./Library/PackageCache/com.unity.test-framework@76560ee600cb/UnityEngine.TestRunner/NUnitExtensions/Commands/BeforeAfterTestCommandBase.cs:212)
UnityEngine.TestTools.BeforeAfterTestCommandBase`1/<ExecuteEnumerable>d__16<UnityEngine.TestTools.IOuterUnityTestAction>:MoveNext () (at ./Library/PackageCache/com.unity.test-framework@76560ee600cb/UnityEngine.TestRunner/NUnitExtensions/Commands/BeforeAfterTestCommandBase.cs:212)
UnityEngine.TestTools.RetryCommand/<ExecuteEnumerable>d__2:MoveNext () (at ./Library/PackageCache/com.unity.test-framework@76560ee600cb/UnityEngine.TestRunner/NUnitExtensions/Commands/RetryCommand.cs:37)
UnityEngine.TestTools.RepeatCommand/<ExecuteEnumerable>d__2:MoveNext () (at ./Library/PackageCache/com.unity.test-framework@76560ee600cb/UnityEngine.TestRunner/NUnitExtensions/Commands/RepeatCommand.cs:36)
UnityEngine.TestTools.IgnoreTestCommand/<ExecuteEnumerable>d__3:MoveNext () (at ./Library/PackageCache/com.unity.test-framework@76560ee600cb/UnityEngine.TestRunner/NUnitExtensions/Commands/IgnoreTestCommand.cs:42)
UnityEngine.TestTools.StrictCheckCommand/<ExecuteEnumerable>d__2:MoveNext () (at ./Library/PackageCache/com.unity.test-framework@76560ee600cb/UnityEngine.TestRunner/NUnitExtensions/Commands/StrictCheckCommand.cs:29)
UnityEngine.TestTools.Utils.CoroutineRunner/<WrapEnumeratorForChecks>d__8:MoveNext () (at ./Library/PackageCache/com.unity.test-framework@76560ee600cb/UnityEngine.TestRunner/Utils/CoroutineRunner.cs:58)
UnityEngine.SetupCoroutine:InvokeMoveNext (System.Collections.IEnumerator,intptr)

(Filename: Assets/Games/OrchardReach/Tests/PlayMode/OrchardReachPlayModeAuditTests.cs Line: 74)

[OPUS] PlayModeAudit: wrote C:\Users\GARV BANSAL\Documents\VR_games\OPUS\logs\sessions\screens\unity\run9_playmode\03_grasp.png (837079 bytes)
UnityEngine.Debug:ExtractStackTraceNoAlloc (byte*,int,string)
UnityEngine.StackTraceUtility:ExtractStackTrace ()
UnityEngine.DebugLogHandler:Internal_Log (UnityEngine.LogType,UnityEngine.LogOption,string,UnityEngine.Object)
UnityEngine.DebugLogHandler:LogFormat (UnityEngine.LogType,UnityEngine.Object,string,object[])
UnityEngine.Logger:Log (UnityEngine.LogType,object)
UnityEngine.Debug:Log (object)
Opus.Games.OrchardReach.Tests.PlayMode.OrchardReachPlayModeAuditTests:CaptureShot (string,string) (at Assets/Games/OrchardReach/Tests/PlayMode/OrchardReachPlayModeAuditTests.cs:274)
Opus.Games.OrchardReach.Tests.PlayMode.OrchardReachPlayModeAuditTests/<DemoDriver_ProducesAllFiveAuditStatesWithRealContactGeometry>d__2:MoveNext () (at Assets/Games/OrchardReach/Tests/PlayMode/OrchardReachPlayModeAuditTests.cs:126)
UnityEngine.TestTools.TestEnumerator/<Execute>d__7:MoveNext () (at ./Library/PackageCache/com.unity.test-framework@76560ee600cb/UnityEngine.TestRunner/NUnitExtensions/Attributes/TestEnumerator.cs:44)
UnityEngine.TestTools.EnumerableTestMethodCommand/<ExecuteEnumerableAndRecordExceptions>d__4:MoveNext () (at ./Library/PackageCache/com.unity.test-framework@76560ee600cb/UnityEngine.TestRunner/NUnitExtensions/Commands/EnumerableTestMethodCommand.cs:79)
UnityEngine.TestTools.EnumerableTestMethodCommand:AdvanceEnumerator (System.Collections.IEnumerator) (at ./Library/PackageCache/com.unity.test-framework@76560ee600cb/UnityEngine.TestRunner/NUnitExtensions/Commands/EnumerableTestMethodCommand.cs:64)
UnityEngine.TestTools.EnumerableTestMethodCommand/<ExecuteEnumerable>d__2:MoveNext () (at ./Library/PackageCache/com.unity.test-framework@76560ee600cb/UnityEngine.TestRunner/NUnitExtensions/Commands/EnumerableTestMethodCommand.cs:47)
UnityEngine.TestRunner.NUnitExtensions.Runner.UnityLogCheckDelegatingCommand/<ExecuteEnumerable>d__3:MoveNext () (at ./Library/PackageCache/com.unity.test-framework@76560ee600cb/UnityEngine.TestRunner/NUnitExtensions/Runner/UnityLogCheckDelegatingCommand.cs:48)
UnityEngine.TestTools.BeforeAfterTestCommandBase`1/<ExecuteEnumerable>d__16<NUnit.Framework.ITestAction>:MoveNext () (at ./Library/PackageCache/com.unity.test-framework@76560ee600cb/UnityEngine.TestRunner/NUnitExtensions/Commands/BeforeAfterTestCommandBase.cs:212)
UnityEngine.TestTools.BeforeAfterTestCommandBase`1/<ExecuteEnumerable>d__16<System.Reflection.MethodInfo>:MoveNext () (at ./Library/PackageCache/com.unity.test-framework@76560ee600cb/UnityEngine.TestRunner/NUnitExtensions/Commands/BeforeAfterTestCommandBase.cs:212)
UnityEngine.TestTools.BeforeAfterTestCommandBase`1/<ExecuteEnumerable>d__16<System.Reflection.MethodInfo>:MoveNext () (at ./Library/PackageCache/com.unity.test-framework@76560ee600cb/UnityEngine.TestRunner/NUnitExtensions/Commands/BeforeAfterTestCommandBase.cs:212)
UnityEngine.TestTools.BeforeAfterTestCommandBase`1/<ExecuteEnumerable>d__16<UnityEngine.TestTools.IOuterUnityTestAction>:MoveNext () (at ./Library/PackageCache/com.unity.test-framework@76560ee600cb/UnityEngine.TestRunner/NUnitExtensions/Commands/BeforeAfterTestCommandBase.cs:212)
UnityEngine.TestTools.RetryCommand/<ExecuteEnumerable>d__2:MoveNext () (at ./Library/PackageCache/com.unity.test-framework@76560ee600cb/UnityEngine.TestRunner/NUnitExtensions/Commands/RetryCommand.cs:37)
UnityEngine.TestTools.RepeatCommand/<ExecuteEnumerable>d__2:MoveNext () (at ./Library/PackageCache/com.unity.test-framework@76560ee600cb/UnityEngine.TestRunner/NUnitExtensions/Commands/RepeatCommand.cs:36)
UnityEngine.TestTools.IgnoreTestCommand/<ExecuteEnumerable>d__3:MoveNext () (at ./Library/PackageCache/com.unity.test-framework@76560ee600cb/UnityEngine.TestRunner/NUnitExtensions/Commands/IgnoreTestCommand.cs:42)
UnityEngine.TestTools.StrictCheckCommand/<ExecuteEnumerable>d__2:MoveNext () (at ./Library/PackageCache/com.unity.test-framework@76560ee600cb/UnityEngine.TestRunner/NUnitExtensions/Commands/StrictCheckCommand.cs:29)
UnityEngine.TestTools.Utils.CoroutineRunner/<WrapEnumeratorForChecks>d__8:MoveNext () (at ./Library/PackageCache/com.unity.test-framework@76560ee600cb/UnityEngine.TestRunner/Utils/CoroutineRunner.cs:58)
UnityEngine.SetupCoroutine:InvokeMoveNext (System.Collections.IEnumerator,intptr)

(Filename: Assets/Games/OrchardReach/Tests/PlayMode/OrchardReachPlayModeAuditTests.cs Line: 274)

[OPUS] PlayModeAudit: captured grasp at t=0.00s, hand-apple distance=0.0000m
UnityEngine.Debug:ExtractStackTraceNoAlloc (byte*,int,string)
UnityEngine.StackTraceUtility:ExtractStackTrace ()
UnityEngine.DebugLogHandler:Internal_Log (UnityEngine.LogType,UnityEngine.LogOption,string,UnityEngine.Object)
UnityEngine.DebugLogHandler:LogFormat (UnityEngine.LogType,UnityEngine.Object,string,object[])
UnityEngine.Logger:Log (UnityEngine.LogType,object)
UnityEngine.Debug:Log (object)
Opus.Games.OrchardReach.Tests.PlayMode.OrchardReachPlayModeAuditTests/<DemoDriver_ProducesAllFiveAuditStatesWithRealContactGeometry>d__2:MoveNext () (at Assets/Games/OrchardReach/Tests/PlayMode/OrchardReachPlayModeAuditTests.cs:128)
UnityEngine.TestTools.TestEnumerator/<Execute>d__7:MoveNext () (at ./Library/PackageCache/com.unity.test-framework@76560ee600cb/UnityEngine.TestRunner/NUnitExtensions/Attributes/TestEnumerator.cs:44)
UnityEngine.TestTools.EnumerableTestMethodCommand/<ExecuteEnumerableAndRecordExceptions>d__4:MoveNext () (at ./Library/PackageCache/com.unity.test-framework@76560ee600cb/UnityEngine.TestRunner/NUnitExtensions/Commands/EnumerableTestMethodCommand.cs:79)
UnityEngine.TestTools.EnumerableTestMethodCommand:AdvanceEnumerator (System.Collections.IEnumerator) (at ./Library/PackageCache/com.unity.test-framework@76560ee600cb/UnityEngine.TestRunner/NUnitExtensions/Commands/EnumerableTestMethodCommand.cs:64)
UnityEngine.TestTools.EnumerableTestMethodCommand/<ExecuteEnumerable>d__2:MoveNext () (at ./Library/PackageCache/com.unity.test-framework@76560ee600cb/UnityEngine.TestRunner/NUnitExtensions/Commands/EnumerableTestMethodCommand.cs:47)
UnityEngine.TestRunner.NUnitExtensions.Runner.UnityLogCheckDelegatingCommand/<ExecuteEnumerable>d__3:MoveNext () (at ./Library/PackageCache/com.unity.test-framework@76560ee600cb/UnityEngine.TestRunner/NUnitExtensions/Runner/UnityLogCheckDelegatingCommand.cs:48)
UnityEngine.TestTools.BeforeAfterTestCommandBase`1/<ExecuteEnumerable>d__16<NUnit.Framework.ITestAction>:MoveNext () (at ./Library/PackageCache/com.unity.test-framework@76560ee600cb/UnityEngine.TestRunner/NUnitExtensions/Commands/BeforeAfterTestCommandBase.cs:212)
UnityEngine.TestTools.BeforeAfterTestCommandBase`1/<ExecuteEnumerable>d__16<System.Reflection.MethodInfo>:MoveNext () (at ./Library/PackageCache/com.unity.test-framework@76560ee600cb/UnityEngine.TestRunner/NUnitExtensions/Commands/BeforeAfterTestCommandBase.cs:212)
UnityEngine.TestTools.BeforeAfterTestCommandBase`1/<ExecuteEnumerable>d__16<System.Reflection.MethodInfo>:MoveNext () (at ./Library/PackageCache/com.unity.test-framework@76560ee600cb/UnityEngine.TestRunner/NUnitExtensions/Commands/BeforeAfterTestCommandBase.cs:212)
UnityEngine.TestTools.BeforeAfterTestCommandBase`1/<ExecuteEnumerable>d__16<UnityEngine.TestTools.IOuterUnityTestAction>:MoveNext () (at ./Library/PackageCache/com.unity.test-framework@76560ee600cb/UnityEngine.TestRunner/NUnitExtensions/Commands/BeforeAfterTestCommandBase.cs:212)
UnityEngine.TestTools.RetryCommand/<ExecuteEnumerable>d__2:MoveNext () (at ./Library/PackageCache/com.unity.test-framework@76560ee600cb/UnityEngine.TestRunner/NUnitExtensions/Commands/RetryCommand.cs:37)
UnityEngine.TestTools.RepeatCommand/<ExecuteEnumerable>d__2:MoveNext () (at ./Library/PackageCache/com.unity.test-framework@76560ee600cb/UnityEngine.TestRunner/NUnitExtensions/Commands/RepeatCommand.cs:36)
UnityEngine.TestTools.IgnoreTestCommand/<ExecuteEnumerable>d__3:MoveNext () (at ./Library/PackageCache/com.unity.test-framework@76560ee600cb/UnityEngine.TestRunner/NUnitExtensions/Commands/IgnoreTestCommand.cs:42)
UnityEngine.TestTools.StrictCheckCommand/<ExecuteEnumerable>d__2:MoveNext () (at ./Library/PackageCache/com.unity.test-framework@76560ee600cb/UnityEngine.TestRunner/NUnitExtensions/Commands/StrictCheckCommand.cs:29)
UnityEngine.TestTools.Utils.CoroutineRunner/<WrapEnumeratorForChecks>d__8:MoveNext () (at ./Library/PackageCache/com.unity.test-framework@76560ee600cb/UnityEngine.TestRunner/Utils/CoroutineRunner.cs:58)
UnityEngine.SetupCoroutine:InvokeMoveNext (System.Collections.IEnumerator,intptr)

(Filename: Assets/Games/OrchardReach/Tests/PlayMode/OrchardReachPlayModeAuditTests.cs Line: 128)

[OPUS] PlayModeAudit: wrote C:\Users\GARV BANSAL\Documents\VR_games\OPUS\logs\sessions\screens\unity\run9_playmode\04_carry.png (837079 bytes)
UnityEngine.Debug:ExtractStackTraceNoAlloc (byte*,int,string)
UnityEngine.StackTraceUtility:ExtractStackTrace ()
UnityEngine.DebugLogHandler:Internal_Log (UnityEngine.LogType,UnityEngine.LogOption,string,UnityEngine.Object)
UnityEngine.DebugLogHandler:LogFormat (UnityEngine.LogType,UnityEngine.Object,string,object[])
UnityEngine.Logger:Log (UnityEngine.LogType,object)
UnityEngine.Debug:Log (object)
Opus.Games.OrchardReach.Tests.PlayMode.OrchardReachPlayModeAuditTests:CaptureShot (string,string) (at Assets/Games/OrchardReach/Tests/PlayMode/OrchardReachPlayModeAuditTests.cs:274)
Opus.Games.OrchardReach.Tests.PlayMode.OrchardReachPlayModeAuditTests/<DemoDriver_ProducesAllFiveAuditStatesWithRealContactGeometry>d__2:MoveNext () (at Assets/Games/OrchardReach/Tests/PlayMode/OrchardReachPlayModeAuditTests.cs:136)
UnityEngine.TestTools.TestEnumerator/<Execute>d__7:MoveNext () (at ./Library/PackageCache/com.unity.test-framework@76560ee600cb/UnityEngine.TestRunner/NUnitExtensions/Attributes/TestEnumerator.cs:44)
UnityEngine.TestTools.EnumerableTestMethodCommand/<ExecuteEnumerableAndRecordExceptions>d__4:MoveNext () (at ./Library/PackageCache/com.unity.test-framework@76560ee600cb/UnityEngine.TestRunner/NUnitExtensions/Commands/EnumerableTestMethodCommand.cs:79)
UnityEngine.TestTools.EnumerableTestMethodCommand:AdvanceEnumerator (System.Collections.IEnumerator) (at ./Library/PackageCache/com.unity.test-framework@76560ee600cb/UnityEngine.TestRunner/NUnitExtensions/Commands/EnumerableTestMethodCommand.cs:64)
UnityEngine.TestTools.EnumerableTestMethodCommand/<ExecuteEnumerable>d__2:MoveNext () (at ./Library/PackageCache/com.unity.test-framework@76560ee600cb/UnityEngine.TestRunner/NUnitExtensions/Commands/EnumerableTestMethodCommand.cs:47)
UnityEngine.TestRunner.NUnitExtensions.Runner.UnityLogCheckDelegatingCommand/<ExecuteEnumerable>d__3:MoveNext () (at ./Library/PackageCache/com.unity.test-framework@76560ee600cb/UnityEngine.TestRunner/NUnitExtensions/Runner/UnityLogCheckDelegatingCommand.cs:48)
UnityEngine.TestTools.BeforeAfterTestCommandBase`1/<ExecuteEnumerable>d__16<NUnit.Framework.ITestAction>:MoveNext () (at ./Library/PackageCache/com.unity.test-framework@76560ee600cb/UnityEngine.TestRunner/NUnitExtensions/Commands/BeforeAfterTestCommandBase.cs:212)
UnityEngine.TestTools.BeforeAfterTestCommandBase`1/<ExecuteEnumerable>d__16<System.Reflection.MethodInfo>:MoveNext () (at ./Library/PackageCache/com.unity.test-framework@76560ee600cb/UnityEngine.TestRunner/NUnitExtensions/Commands/BeforeAfterTestCommandBase.cs:212)
UnityEngine.TestTools.BeforeAfterTestCommandBase`1/<ExecuteEnumerable>d__16<System.Reflection.MethodInfo>:MoveNext () (at ./Library/PackageCache/com.unity.test-framework@76560ee600cb/UnityEngine.TestRunner/NUnitExtensions/Commands/BeforeAfterTestCommandBase.cs:212)
UnityEngine.TestTools.BeforeAfterTestCommandBase`1/<ExecuteEnumerable>d__16<UnityEngine.TestTools.IOuterUnityTestAction>:MoveNext () (at ./Library/PackageCache/com.unity.test-framework@76560ee600cb/UnityEngine.TestRunner/NUnitExtensions/Commands/BeforeAfterTestCommandBase.cs:212)
UnityEngine.TestTools.RetryCommand/<ExecuteEnumerable>d__2:MoveNext () (at ./Library/PackageCache/com.unity.test-framework@76560ee600cb/UnityEngine.TestRunner/NUnitExtensions/Commands/RetryCommand.cs:37)
UnityEngine.TestTools.RepeatCommand/<ExecuteEnumerable>d__2:MoveNext () (at ./Library/PackageCache/com.unity.test-framework@76560ee600cb/UnityEngine.TestRunner/NUnitExtensions/Commands/RepeatCommand.cs:36)
UnityEngine.TestTools.IgnoreTestCommand/<ExecuteEnumerable>d__3:MoveNext () (at ./Library/PackageCache/com.unity.test-framework@76560ee600cb/UnityEngine.TestRunner/NUnitExtensions/Commands/IgnoreTestCommand.cs:42)
UnityEngine.TestTools.StrictCheckCommand/<ExecuteEnumerable>d__2:MoveNext () (at ./Library/PackageCache/com.unity.test-framework@76560ee600cb/UnityEngine.TestRunner/NUnitExtensions/Commands/StrictCheckCommand.cs:29)
UnityEngine.TestTools.Utils.CoroutineRunner/<WrapEnumeratorForChecks>d__8:MoveNext () (at ./Library/PackageCache/com.unity.test-framework@76560ee600cb/UnityEngine.TestRunner/Utils/CoroutineRunner.cs:58)
UnityEngine.SetupCoroutine:InvokeMoveNext (System.Collections.IEnumerator,intptr)

(Filename: Assets/Games/OrchardReach/Tests/PlayMode/OrchardReachPlayModeAuditTests.cs Line: 274)

[OPUS] PlayModeAudit: captured carry at t=0.00s (apple parented to hand: True)
UnityEngine.Debug:ExtractStackTraceNoAlloc (byte*,int,string)
UnityEngine.StackTraceUtility:ExtractStackTrace ()
UnityEngine.DebugLogHandler:Internal_Log (UnityEngine.LogType,UnityEngine.LogOption,string,UnityEngine.Object)
UnityEngine.DebugLogHandler:LogFormat (UnityEngine.LogType,UnityEngine.Object,string,object[])
UnityEngine.Logger:Log (UnityEngine.LogType,object)
UnityEngine.Debug:Log (object)
Opus.Games.OrchardReach.Tests.PlayMode.OrchardReachPlayModeAuditTests/<DemoDriver_ProducesAllFiveAuditStatesWithRealContactGeometry>d__2:MoveNext () (at Assets/Games/OrchardReach/Tests/PlayMode/OrchardReachPlayModeAuditTests.cs:138)
UnityEngine.TestTools.TestEnumerator/<Execute>d__7:MoveNext () (at ./Library/PackageCache/com.unity.test-framework@76560ee600cb/UnityEngine.TestRunner/NUnitExtensions/Attributes/TestEnumerator.cs:44)
UnityEngine.TestTools.EnumerableTestMethodCommand/<ExecuteEnumerableAndRecordExceptions>d__4:MoveNext () (at ./Library/PackageCache/com.unity.test-framework@76560ee600cb/UnityEngine.TestRunner/NUnitExtensions/Commands/EnumerableTestMethodCommand.cs:79)
UnityEngine.TestTools.EnumerableTestMethodCommand:AdvanceEnumerator (System.Collections.IEnumerator) (at ./Library/PackageCache/com.unity.test-framework@76560ee600cb/UnityEngine.TestRunner/NUnitExtensions/Commands/EnumerableTestMethodCommand.cs:64)
UnityEngine.TestTools.EnumerableTestMethodCommand/<ExecuteEnumerable>d__2:MoveNext () (at ./Library/PackageCache/com.unity.test-framework@76560ee600cb/UnityEngine.TestRunner/NUnitExtensions/Commands/EnumerableTestMethodCommand.cs:47)
UnityEngine.TestRunner.NUnitExtensions.Runner.UnityLogCheckDelegatingCommand/<ExecuteEnumerable>d__3:MoveNext () (at ./Library/PackageCache/com.unity.test-framework@76560ee600cb/UnityEngine.TestRunner/NUnitExtensions/Runner/UnityLogCheckDelegatingCommand.cs:48)
UnityEngine.TestTools.BeforeAfterTestCommandBase`1/<ExecuteEnumerable>d__16<NUnit.Framework.ITestAction>:MoveNext () (at ./Library/PackageCache/com.unity.test-framework@76560ee600cb/UnityEngine.TestRunner/NUnitExtensions/Commands/BeforeAfterTestCommandBase.cs:212)
UnityEngine.TestTools.BeforeAfterTestCommandBase`1/<ExecuteEnumerable>d__16<System.Reflection.MethodInfo>:MoveNext () (at ./Library/PackageCache/com.unity.test-framework@76560ee600cb/UnityEngine.TestRunner/NUnitExtensions/Commands/BeforeAfterTestCommandBase.cs:212)
UnityEngine.TestTools.BeforeAfterTestCommandBase`1/<ExecuteEnumerable>d__16<System.Reflection.MethodInfo>:MoveNext () (at ./Library/PackageCache/com.unity.test-framework@76560ee600cb/UnityEngine.TestRunner/NUnitExtensions/Commands/BeforeAfterTestCommandBase.cs:212)
UnityEngine.TestTools.BeforeAfterTestCommandBase`1/<ExecuteEnumerable>d__16<UnityEngine.TestTools.IOuterUnityTestAction>:MoveNext () (at ./Library/PackageCache/com.unity.test-framework@76560ee600cb/UnityEngine.TestRunner/NUnitExtensions/Commands/BeforeAfterTestCommandBase.cs:212)
UnityEngine.TestTools.RetryCommand/<ExecuteEnumerable>d__2:MoveNext () (at ./Library/PackageCache/com.unity.test-framework@76560ee600cb/UnityEngine.TestRunner/NUnitExtensions/Commands/RetryCommand.cs:37)
UnityEngine.TestTools.RepeatCommand/<ExecuteEnumerable>d__2:MoveNext () (at ./Library/PackageCache/com.unity.test-framework@76560ee600cb/UnityEngine.TestRunner/NUnitExtensions/Commands/RepeatCommand.cs:36)
UnityEngine.TestTools.IgnoreTestCommand/<ExecuteEnumerable>d__3:MoveNext () (at ./Library/PackageCache/com.unity.test-framework@76560ee600cb/UnityEngine.TestRunner/NUnitExtensions/Commands/IgnoreTestCommand.cs:42)
UnityEngine.TestTools.StrictCheckCommand/<ExecuteEnumerable>d__2:MoveNext () (at ./Library/PackageCache/com.unity.test-framework@76560ee600cb/UnityEngine.TestRunner/NUnitExtensions/Commands/StrictCheckCommand.cs:29)
UnityEngine.TestTools.Utils.CoroutineRunner/<WrapEnumeratorForChecks>d__8:MoveNext () (at ./Library/PackageCache/com.unity.test-framework@76560ee600cb/UnityEngine.TestRunner/Utils/CoroutineRunner.cs:58)
UnityEngine.SetupCoroutine:InvokeMoveNext (System.Collections.IEnumerator,intptr)

(Filename: Assets/Games/OrchardReach/Tests/PlayMode/OrchardReachPlayModeAuditTests.cs Line: 138)

[OPUS] HandleFormSignal: kind=trunk_lean active=True leanCm=20.0 demoElapsedMs=32
UnityEngine.Debug:ExtractStackTraceNoAlloc (byte*,int,string)
UnityEngine.StackTraceUtility:ExtractStackTrace ()
UnityEngine.DebugLogHandler:Internal_Log (UnityEngine.LogType,UnityEngine.LogOption,string,UnityEngine.Object)
UnityEngine.DebugLogHandler:LogFormat (UnityEngine.LogType,UnityEngine.Object,string,object[])
UnityEngine.Logger:Log (UnityEngine.LogType,object)
UnityEngine.Debug:Log (object)
Opus.Shell.OrchardReachSceneController:HandleFormSignal (Opus.Sdk.FormWarningSignal) (at Assets/Shell/Runtime/OrchardReachSceneController.cs:432)
Opus.Sdk.FormFeedback:TickLean (double,double) (at ./Packages/com.opus.sdk/Runtime/Feedback/FormFeedback.cs:74)
Opus.Sdk.FormFeedback:Tick (double,double,bool,bool) (at ./Packages/com.opus.sdk/Runtime/Feedback/FormFeedback.cs:60)
Opus.Shell.OrchardReachSceneController:TickFormFeedbackAndHaptics (Opus.Sdk.IHandSource) (at Assets/Shell/Runtime/OrchardReachSceneController.cs:426)
Opus.Shell.OrchardReachSceneController:Update () (at Assets/Shell/Runtime/OrchardReachSceneController.cs:375)

(Filename: Assets/Shell/Runtime/OrchardReachSceneController.cs Line: 432)

[OPUS] PlayModeAudit: release pos=(-0.09, 0.88, 0.44), basket bounds center=(-0.08, 0.71, 0.45) max.y=0.8000001, horizDist=0.0097m
UnityEngine.Debug:ExtractStackTraceNoAlloc (byte*,int,string)
UnityEngine.StackTraceUtility:ExtractStackTrace ()
UnityEngine.DebugLogHandler:Internal_Log (UnityEngine.LogType,UnityEngine.LogOption,string,UnityEngine.Object)
UnityEngine.DebugLogHandler:LogFormat (UnityEngine.LogType,UnityEngine.Object,string,object[])
UnityEngine.Logger:Log (UnityEngine.LogType,object)
UnityEngine.Debug:Log (object)
Opus.Games.OrchardReach.Tests.PlayMode.OrchardReachPlayModeAuditTests/<DemoDriver_ProducesAllFiveAuditStatesWithRealContactGeometry>d__2:MoveNext () (at Assets/Games/OrchardReach/Tests/PlayMode/OrchardReachPlayModeAuditTests.cs:148)
UnityEngine.TestTools.TestEnumerator/<Execute>d__7:MoveNext () (at ./Library/PackageCache/com.unity.test-framework@76560ee600cb/UnityEngine.TestRunner/NUnitExtensions/Attributes/TestEnumerator.cs:44)
UnityEngine.TestTools.EnumerableTestMethodCommand/<ExecuteEnumerableAndRecordExceptions>d__4:MoveNext () (at ./Library/PackageCache/com.unity.test-framework@76560ee600cb/UnityEngine.TestRunner/NUnitExtensions/Commands/EnumerableTestMethodCommand.cs:79)
UnityEngine.TestTools.EnumerableTestMethodCommand:AdvanceEnumerator (System.Collections.IEnumerator) (at ./Library/PackageCache/com.unity.test-framework@76560ee600cb/UnityEngine.TestRunner/NUnitExtensions/Commands/EnumerableTestMethodCommand.cs:64)
UnityEngine.TestTools.EnumerableTestMethodCommand/<ExecuteEnumerable>d__2:MoveNext () (at ./Library/PackageCache/com.unity.test-framework@76560ee600cb/UnityEngine.TestRunner/NUnitExtensions/Commands/EnumerableTestMethodCommand.cs:47)
UnityEngine.TestRunner.NUnitExtensions.Runner.UnityLogCheckDelegatingCommand/<ExecuteEnumerable>d__3:MoveNext () (at ./Library/PackageCache/com.unity.test-framework@76560ee600cb/UnityEngine.TestRunner/NUnitExtensions/Runner/UnityLogCheckDelegatingCommand.cs:48)
UnityEngine.TestTools.BeforeAfterTestCommandBase`1/<ExecuteEnumerable>d__16<NUnit.Framework.ITestAction>:MoveNext () (at ./Library/PackageCache/com.unity.test-framework@76560ee600cb/UnityEngine.TestRunner/NUnitExtensions/Commands/BeforeAfterTestCommandBase.cs:212)
UnityEngine.TestTools.BeforeAfterTestCommandBase`1/<ExecuteEnumerable>d__16<System.Reflection.MethodInfo>:MoveNext () (at ./Library/PackageCache/com.unity.test-framework@76560ee600cb/UnityEngine.TestRunner/NUnitExtensions/Commands/BeforeAfterTestCommandBase.cs:212)
UnityEngine.TestTools.BeforeAfterTestCommandBase`1/<ExecuteEnumerable>d__16<System.Reflection.MethodInfo>:MoveNext () (at ./Library/PackageCache/com.unity.test-framework@76560ee600cb/UnityEngine.TestRunner/NUnitExtensions/Commands/BeforeAfterTestCommandBase.cs:212)
UnityEngine.TestTools.BeforeAfterTestCommandBase`1/<ExecuteEnumerable>d__16<UnityEngine.TestTools.IOuterUnityTestAction>:MoveNext () (at ./Library/PackageCache/com.unity.test-framework@76560ee600cb/UnityEngine.TestRunner/NUnitExtensions/Commands/BeforeAfterTestCommandBase.cs:212)
UnityEngine.TestTools.RetryCommand/<ExecuteEnumerable>d__2:MoveNext () (at ./Library/PackageCache/com.unity.test-framework@76560ee600cb/UnityEngine.TestRunner/NUnitExtensions/Commands/RetryCommand.cs:37)
UnityEngine.TestTools.RepeatCommand/<ExecuteEnumerable>d__2:MoveNext () (at ./Library/PackageCache/com.unity.test-framework@76560ee600cb/UnityEngine.TestRunner/NUnitExtensions/Commands/RepeatCommand.cs:36)
UnityEngine.TestTools.IgnoreTestCommand/<ExecuteEnumerable>d__3:MoveNext () (at ./Library/PackageCache/com.unity.test-framework@76560ee600cb/UnityEngine.TestRunner/NUnitExtensions/Commands/IgnoreTestCommand.cs:42)
UnityEngine.TestTools.StrictCheckCommand/<ExecuteEnumerable>d__2:MoveNext () (at ./Library/PackageCache/com.unity.test-framework@76560ee600cb/UnityEngine.TestRunner/NUnitExtensions/Commands/StrictCheckCommand.cs:29)
UnityEngine.TestTools.Utils.CoroutineRunner/<WrapEnumeratorForChecks>d__8:MoveNext () (at ./Library/PackageCache/com.unity.test-framework@76560ee600cb/UnityEngine.TestRunner/Utils/CoroutineRunner.cs:58)
UnityEngine.SetupCoroutine:InvokeMoveNext (System.Collections.IEnumerator,intptr)

(Filename: Assets/Games/OrchardReach/Tests/PlayMode/OrchardReachPlayModeAuditTests.cs Line: 148)

Setting linear velocity of a kinematic body is not supported.
UnityEngine.Debug:ExtractStackTraceNoAlloc (byte*,int,string)
UnityEngine.StackTraceUtility:ExtractStackTrace ()
UnityEngine.Rigidbody:set_linearVelocity (UnityEngine.Vector3)
Opus.Shell.OrchardReachSceneController:HandleTrialEvent (Opus.Sdk.TrialEvent) (at Assets/Shell/Runtime/OrchardReachSceneController.cs:735)
Opus.Games.OrchardReach.OrchardReachModule:Emit (string,string,Opus.Sdk.TrialTarget,string) (at Assets/Games/OrchardReach/Runtime/OrchardReachModule.cs:195)
Opus.Games.OrchardReach.OrchardReachModule:EmitSignal (System.Nullable`1<Opus.Games.OrchardReach.TrialSignal>,string,Opus.Sdk.TrialTarget) (at Assets/Games/OrchardReach/Runtime/OrchardReachModule.cs:211)
Opus.Games.OrchardReach.OrchardReachModule:StartNextTrial (double) (at Assets/Games/OrchardReach/Runtime/OrchardReachModule.cs:117)
Opus.Games.OrchardReach.OrchardReachModule:OnTrialFinished (Opus.Games.OrchardReach.TrialOutcome,double) (at Assets/Games/OrchardReach/Runtime/OrchardReachModule.cs:181)
Opus.Games.OrchardReach.OrchardReachModule:ConfirmPlacedInBasket (double) (at Assets/Games/OrchardReach/Runtime/OrchardReachModule.cs:172)
Opus.Shell.OrchardReachSceneController:OnFruitEnteredBasket () (at Assets/Shell/Runtime/OrchardReachSceneController.cs:683)
Opus.Shell.OrchardReachSceneController:<Awake>b__67_1 (UnityEngine.GameObject) (at Assets/Shell/Runtime/OrchardReachSceneController.cs:204)
Opus.Shell.BasketTrigger:OnTriggerEnter (UnityEngine.Collider) (at Assets/Shell/Runtime/BasketTrigger.cs:23)

[Assets/Shell/Runtime/OrchardReachSceneController.cs line 735]

Setting linear velocity of a kinematic body is not supported.
UnityEngine.Debug:ExtractStackTraceNoAlloc (byte*,int,string)
UnityEngine.StackTraceUtility:ExtractStackTrace ()
UnityEngine.Rigidbody:set_linearVelocity (UnityEngine.Vector3)
Opus.Shell.OrchardReachSceneController:DriveDemoHandAndFruit () (at Assets/Shell/Runtime/OrchardReachSceneController.cs:542)
Opus.Shell.OrchardReachSceneController:Update () (at Assets/Shell/Runtime/OrchardReachSceneController.cs:373)

[Assets/Shell/Runtime/OrchardReachSceneController.cs line 542]

[OPUS] PlayModeAudit: wrote C:\Users\GARV BANSAL\Documents\VR_games\OPUS\logs\sessions\screens\unity\run9_playmode\05_placed_in_basket.png (844927 bytes)
UnityEngine.Debug:ExtractStackTraceNoAlloc (byte*,int,string)
UnityEngine.StackTraceUtility:ExtractStackTrace ()
UnityEngine.DebugLogHandler:Internal_Log (UnityEngine.LogType,UnityEngine.LogOption,string,UnityEngine.Object)
UnityEngine.DebugLogHandler:LogFormat (UnityEngine.LogType,UnityEngine.Object,string,object[])
UnityEngine.Logger:Log (UnityEngine.LogType,object)
UnityEngine.Debug:Log (object)
Opus.Games.OrchardReach.Tests.PlayMode.OrchardReachPlayModeAuditTests:CaptureShot (string,string) (at Assets/Games/OrchardReach/Tests/PlayMode/OrchardReachPlayModeAuditTests.cs:274)
Opus.Games.OrchardReach.Tests.PlayMode.OrchardReachPlayModeAuditTests/<DemoDriver_ProducesAllFiveAuditStatesWithRealContactGeometry>d__2:MoveNext () (at Assets/Games/OrchardReach/Tests/PlayMode/OrchardReachPlayModeAuditTests.cs:156)
UnityEngine.TestTools.TestEnumerator/<Execute>d__7:MoveNext () (at ./Library/PackageCache/com.unity.test-framework@76560ee600cb/UnityEngine.TestRunner/NUnitExtensions/Attributes/TestEnumerator.cs:44)
UnityEngine.TestTools.EnumerableTestMethodCommand/<ExecuteEnumerableAndRecordExceptions>d__4:MoveNext () (at ./Library/PackageCache/com.unity.test-framework@76560ee600cb/UnityEngine.TestRunner/NUnitExtensions/Commands/EnumerableTestMethodCommand.cs:79)
UnityEngine.TestTools.EnumerableTestMethodCommand:AdvanceEnumerator (System.Collections.IEnumerator) (at ./Library/PackageCache/com.unity.test-framework@76560ee600cb/UnityEngine.TestRunner/NUnitExtensions/Commands/EnumerableTestMethodCommand.cs:64)
UnityEngine.TestTools.EnumerableTestMethodCommand/<ExecuteEnumerable>d__2:MoveNext () (at ./Library/PackageCache/com.unity.test-framework@76560ee600cb/UnityEngine.TestRunner/NUnitExtensions/Commands/EnumerableTestMethodCommand.cs:47)
UnityEngine.TestRunner.NUnitExtensions.Runner.UnityLogCheckDelegatingCommand/<ExecuteEnumerable>d__3:MoveNext () (at ./Library/PackageCache/com.unity.test-framework@76560ee600cb/UnityEngine.TestRunner/NUnitExtensions/Runner/UnityLogCheckDelegatingCommand.cs:48)
UnityEngine.TestTools.BeforeAfterTestCommandBase`1/<ExecuteEnumerable>d__16<NUnit.Framework.ITestAction>:MoveNext () (at ./Library/PackageCache/com.unity.test-framework@76560ee600cb/UnityEngine.TestRunner/NUnitExtensions/Commands/BeforeAfterTestCommandBase.cs:212)
UnityEngine.TestTools.BeforeAfterTestCommandBase`1/<ExecuteEnumerable>d__16<System.Reflection.MethodInfo>:MoveNext () (at ./Library/PackageCache/com.unity.test-framework@76560ee600cb/UnityEngine.TestRunner/NUnitExtensions/Commands/BeforeAfterTestCommandBase.cs:212)
UnityEngine.TestTools.BeforeAfterTestCommandBase`1/<ExecuteEnumerable>d__16<System.Reflection.MethodInfo>:MoveNext () (at ./Library/PackageCache/com.unity.test-framework@76560ee600cb/UnityEngine.TestRunner/NUnitExtensions/Commands/BeforeAfterTestCommandBase.cs:212)
UnityEngine.TestTools.BeforeAfterTestCommandBase`1/<ExecuteEnumerable>d__16<UnityEngine.TestTools.IOuterUnityTestAction>:MoveNext () (at ./Library/PackageCache/com.unity.test-framework@76560ee600cb/UnityEngine.TestRunner/NUnitExtensions/Commands/BeforeAfterTestCommandBase.cs:212)
UnityEngine.TestTools.RetryCommand/<ExecuteEnumerable>d__2:MoveNext () (at ./Library/PackageCache/com.unity.test-framework@76560ee600cb/UnityEngine.TestRunner/NUnitExtensions/Commands/RetryCommand.cs:37)
UnityEngine.TestTools.RepeatCommand/<ExecuteEnumerable>d__2:MoveNext () (at ./Library/PackageCache/com.unity.test-framework@76560ee600cb/UnityEngine.TestRunner/NUnitExtensions/Commands/RepeatCommand.cs:36)
UnityEngine.TestTools.IgnoreTestCommand/<ExecuteEnumerable>d__3:MoveNext () (at ./Library/PackageCache/com.unity.test-framework@76560ee600cb/UnityEngine.TestRunner/NUnitExtensions/Commands/IgnoreTestCommand.cs:42)
UnityEngine.TestTools.StrictCheckCommand/<ExecuteEnumerable>d__2:MoveNext () (at ./Library/PackageCache/com.unity.test-framework@76560ee600cb/UnityEngine.TestRunner/NUnitExtensions/Commands/StrictCheckCommand.cs:29)
UnityEngine.TestTools.Utils.CoroutineRunner/<WrapEnumeratorForChecks>d__8:MoveNext () (at ./Library/PackageCache/com.unity.test-framework@76560ee600cb/UnityEngine.TestRunner/Utils/CoroutineRunner.cs:58)
UnityEngine.SetupCoroutine:InvokeMoveNext (System.Collections.IEnumerator,intptr)

(Filename: Assets/Games/OrchardReach/Tests/PlayMode/OrchardReachPlayModeAuditTests.cs Line: 274)

[OPUS] PlayModeAudit: captured placed_in_basket at t=0.09s (real 'placed' event, trialsCompleted=1, successCount=1), applePos=(-0.08, 0.83, 0.44), basketBounds min=(-0.21, 0.62, 0.32) max=(0.05, 0.80, 0.58), inside=False
UnityEngine.Debug:ExtractStackTraceNoAlloc (byte*,int,string)
UnityEngine.StackTraceUtility:ExtractStackTrace ()
UnityEngine.DebugLogHandler:Internal_Log (UnityEngine.LogType,UnityEngine.LogOption,string,UnityEngine.Object)
UnityEngine.DebugLogHandler:LogFormat (UnityEngine.LogType,UnityEngine.Object,string,object[])
UnityEngine.Logger:Log (UnityEngine.LogType,object)
UnityEngine.Debug:Log (object)
Opus.Games.OrchardReach.Tests.PlayMode.OrchardReachPlayModeAuditTests/<DemoDriver_ProducesAllFiveAuditStatesWithRealContactGeometry>d__2:MoveNext () (at Assets/Games/OrchardReach/Tests/PlayMode/OrchardReachPlayModeAuditTests.cs:162)
UnityEngine.TestTools.TestEnumerator/<Execute>d__7:MoveNext () (at ./Library/PackageCache/com.unity.test-framework@76560ee600cb/UnityEngine.TestRunner/NUnitExtensions/Attributes/TestEnumerator.cs:44)
UnityEngine.TestTools.EnumerableTestMethodCommand/<ExecuteEnumerableAndRecordExceptions>d__4:MoveNext () (at ./Library/PackageCache/com.unity.test-framework@76560ee600cb/UnityEngine.TestRunner/NUnitExtensions/Commands/EnumerableTestMethodCommand.cs:79)
UnityEngine.TestTools.EnumerableTestMethodCommand:AdvanceEnumerator (System.Collections.IEnumerator) (at ./Library/PackageCache/com.unity.test-framework@76560ee600cb/UnityEngine.TestRunner/NUnitExtensions/Commands/EnumerableTestMethodCommand.cs:64)
UnityEngine.TestTools.EnumerableTestMethodCommand/<ExecuteEnumerable>d__2:MoveNext () (at ./Library/PackageCache/com.unity.test-framework@76560ee600cb/UnityEngine.TestRunner/NUnitExtensions/Commands/EnumerableTestMethodCommand.cs:47)
UnityEngine.TestRunner.NUnitExtensions.Runner.UnityLogCheckDelegatingCommand/<ExecuteEnumerable>d__3:MoveNext () (at ./Library/PackageCache/com.unity.test-framework@76560ee600cb/UnityEngine.TestRunner/NUnitExtensions/Runner/UnityLogCheckDelegatingCommand.cs:48)
UnityEngine.TestTools.BeforeAfterTestCommandBase`1/<ExecuteEnumerable>d__16<NUnit.Framework.ITestAction>:MoveNext () (at ./Library/PackageCache/com.unity.test-framework@76560ee600cb/UnityEngine.TestRunner/NUnitExtensions/Commands/BeforeAfterTestCommandBase.cs:212)
UnityEngine.TestTools.BeforeAfterTestCommandBase`1/<ExecuteEnumerable>d__16<System.Reflection.MethodInfo>:MoveNext () (at ./Library/PackageCache/com.unity.test-framework@76560ee600cb/UnityEngine.TestRunner/NUnitExtensions/Commands/BeforeAfterTestCommandBase.cs:212)
UnityEngine.TestTools.BeforeAfterTestCommandBase`1/<ExecuteEnumerable>d__16<System.Reflection.MethodInfo>:MoveNext () (at ./Library/PackageCache/com.unity.test-framework@76560ee600cb/UnityEngine.TestRunner/NUnitExtensions/Commands/BeforeAfterTestCommandBase.cs:212)
UnityEngine.TestTools.BeforeAfterTestCommandBase`1/<ExecuteEnumerable>d__16<UnityEngine.TestTools.IOuterUnityTestAction>:MoveNext () (at ./Library/PackageCache/com.unity.test-framework@76560ee600cb/UnityEngine.TestRunner/NUnitExtensions/Commands/BeforeAfterTestCommandBase.cs:212)
UnityEngine.TestTools.RetryCommand/<ExecuteEnumerable>d__2:MoveNext () (at ./Library/PackageCache/com.unity.test-framework@76560ee600cb/UnityEngine.TestRunner/NUnitExtensions/Commands/RetryCommand.cs:37)
UnityEngine.TestTools.RepeatCommand/<ExecuteEnumerable>d__2:MoveNext () (at ./Library/PackageCache/com.unity.test-framework@76560ee600cb/UnityEngine.TestRunner/NUnitExtensions/Commands/RepeatCommand.cs:36)
UnityEngine.TestTools.IgnoreTestCommand/<ExecuteEnumerable>d__3:MoveNext () (at ./Library/PackageCache/com.unity.test-framework@76560ee600cb/UnityEngine.TestRunner/NUnitExtensions/Commands/IgnoreTestCommand.cs:42)
UnityEngine.TestTools.StrictCheckCommand/<ExecuteEnumerable>d__2:MoveNext () (at ./Library/PackageCache/com.unity.test-framework@76560ee600cb/UnityEngine.TestRunner/NUnitExtensions/Commands/StrictCheckCommand.cs:29)
UnityEngine.TestTools.Utils.CoroutineRunner/<WrapEnumeratorForChecks>d__8:MoveNext () (at ./Library/PackageCache/com.unity.test-framework@76560ee600cb/UnityEngine.TestRunner/Utils/CoroutineRunner.cs:58)
UnityEngine.SetupCoroutine:InvokeMoveNext (System.Collections.IEnumerator,intptr)

(Filename: Assets/Games/OrchardReach/Tests/PlayMode/OrchardReachPlayModeAuditTests.cs Line: 162)

[TestRunnerTools] Test Finished: Opus.Games.OrchardReach.Tests.PlayMode.OrchardReachPlayModeAuditTests.DemoDriver_ProducesAllFiveAuditStatesWithRealContactGeometry, ResultState: Failed, Duration: 3.429s, Message:   After settling the apple must be inside the basket's collider bounds — apple=(-0.08, 0.83, 0.44), basket bounds=[(-0.21, 0.62, 0.32),(0.05, 0.80, 0.58)].
  Expected: True
  But was:  False
UnityEngine.Debug:ExtractStackTraceNoAlloc (byte*,int,string)
UnityEngine.StackTraceUtility:ExtractStackTrace ()
UnityEngine.DebugLogHandler:Internal_Log (UnityEngine.LogType,UnityEngine.LogOption,string,UnityEngine.Object)
UnityEngine.DebugLogHandler:LogFormat (UnityEngine.LogType,UnityEngine.Object,string,object[])
UnityEngine.Logger:Log (UnityEngine.LogType,object)
UnityEngine.Debug:Log (object)
Meta.MCPBridge.Editor.TestRunnerTools:OnTestFinished (UnityEditor.TestTools.TestRunner.Api.ITestResultAdaptor) (at ./Library/PackageCache/com.meta.xr.sdk.core@4ea2676097b9/Editor/MCPBridge/TestRunnerTools.cs:847)
Meta.MCPBridge.Editor.TestRunnerTools/TestRunnerCallbacks:TestFinished (UnityEditor.TestTools.TestRunner.Api.ITestResultAdaptor) (at ./Library/PackageCache/com.meta.xr.sdk.core@4ea2676097b9/Editor/MCPBridge/TestRunnerTools.cs:904)
UnityEditor.TestTools.TestRunner.Api.CallbacksDelegator/<>c__DisplayClass14_0:<TestFinished>b__0 (UnityEditor.TestTools.TestRunner.Api.ICallbacks) (at ./Library/PackageCache/com.unity.test-framework@76560ee600cb/UnityEditor.TestRunner/Api/CallbacksDelegator.cs:95)
UnityEditor.TestTools.TestRunner.Api.CallbacksDelegator:TryInvokeAllCallbacks (System.Action`1<UnityEditor.TestTools.TestRunner.Api.ICallbacks>) (at ./Library/PackageCache/com.unity.test-framework@76560ee600cb/UnityEditor.TestRunner/Api/CallbacksDelegator.cs:135)
UnityEditor.TestTools.TestRunner.Api.CallbacksDelegator:TestFinished (NUnit.Framework.Interfaces.ITestResult) (at ./Library/PackageCache/com.unity.test-framework@76560ee600cb/UnityEditor.TestRunner/Api/CallbacksDelegator.cs:95)
UnityEngine.Events.InvokableCall`1<NUnit.Framework.Interfaces.ITestResult>:Invoke (NUnit.Framework.Interfaces.ITestResult)
UnityEngine.Events.UnityEvent`1<NUnit.Framework.Interfaces.ITestResult>:Invoke (NUnit.Framework.Interfaces.ITestResult)
UnityEngine.Events.InvokableCall`1<NUnit.Framework.Interfaces.ITestResult>:Invoke (NUnit.Framework.Interfaces.ITestResult)
UnityEngine.Events.UnityEvent`1<NUnit.Framework.Interfaces.ITestResult>:Invoke (NUnit.Framework.Interfaces.ITestResult)
UnityEngine.TestTools.TestRunner.TestListenerWrapper:TestFinished (NUnit.Framework.Interfaces.ITestResult) (at ./Library/PackageCache/com.unity.test-framework@76560ee600cb/UnityEngine.TestRunner/TestRunner/TestListenerWrapper.cs:24)
UnityEngine.TestRunner.NUnitExtensions.Runner.UnityWorkItem:WorkItemComplete () (at ./Library/PackageCache/com.unity.test-framework@76560ee600cb/UnityEngine.TestRunner/NUnitExtensions/Runner/UnityWorkItem.cs:107)
UnityEngine.TestRunner.NUnitExtensions.Runner.CoroutineTestWorkItem/<PerformWork>d__6:<>m__Finally1 () (at ./Library/PackageCache/com.unity.test-framework@76560ee600cb/UnityEngine.TestRunner/NUnitExtensions/Runner/CoroutineTestWorkItem.cs:59)
UnityEngine.TestRunner.NUnitExtensions.Runner.CoroutineTestWorkItem/<PerformWork>d__6:MoveNext () (at ./Library/PackageCache/com.unity.test-framework@76560ee600cb/UnityEngine.TestRunner/NUnitExtensions/Runner/CoroutineTestWorkItem.cs:56)
UnityEngine.TestRunner.NUnitExtensions.Runner.CompositeWorkItem/<RunChildren>d__17:MoveNext () (at ./Library/PackageCache/com.unity.test-framework@76560ee600cb/UnityEngine.TestRunner/NUnitExtensions/Runner/CompositeWorkItem.cs:207)
UnityEngine.TestRunner.NUnitExtensions.Runner.CompositeWorkItem/<PerformWork>d__13:MoveNext () (at ./Library/PackageCache/com.unity.test-framework@76560ee600cb/UnityEngine.TestRunner/NUnitExtensions/Runner/CompositeWorkItem.cs:82)
UnityEngine.TestRunner.NUnitExtensions.Runner.CompositeWorkItem/<RunChildren>d__17:MoveNext () (at ./Library/PackageCache/com.unity.test-framework@76560ee600cb/UnityEngine.TestRunner/NUnitExtensions/Runner/CompositeWorkItem.cs:207)
UnityEngine.TestRunner.NUnitExtensions.Runner.CompositeWorkItem/<PerformWork>d__13:MoveNext () (at ./Library/PackageCache/com.unity.test-framework@76560ee600cb/UnityEngine.TestRunner/NUnitExtensions/Runner/CompositeWorkItem.cs:82)
UnityEngine.TestRunner.NUnitExtensions.Runner.CompositeWorkItem/<RunChildren>d__17:MoveNext () (at ./Library/PackageCache/com.unity.test-framework@76560ee600cb/UnityEngine.TestRunner/NUnitExtensions/Runner/CompositeWorkItem.cs:207)
UnityEngine.TestRunner.NUnitExtensions.Runner.CompositeWorkItem/<PerformWork>d__13:MoveNext () (at ./Library/PackageCache/com.unity.test-framework@76560ee600cb/UnityEngine.TestRunner/NUnitExtensions/Runner/CompositeWorkItem.cs:82)
UnityEngine.TestRunner.NUnitExtensions.Runner.CompositeWorkItem/<RunChildren>d__17:MoveNext () (at ./Library/PackageCache/com.unity.test-framework@76560ee600cb/UnityEngine.TestRunner/NUnitExtensions/Runner/CompositeWorkItem.cs:207)
UnityEngine.TestRunner.NUnitExtensions.Runner.CompositeWorkItem/<PerformWork>d__13:MoveNext () (at ./Library/PackageCache/com.unity.test-framework@76560ee600cb/UnityEngine.TestRunner/NUnitExtensions/Runner/CompositeWorkItem.cs:82)
UnityEngine.TestRunner.NUnitExtensions.Runner.CompositeWorkItem/<RunChildren>d__17:MoveNext () (at ./Library/PackageCache/com.unity.test-framework@76560ee600cb/UnityEngine.TestRunner/NUnitExtensions/Runner/CompositeWorkItem.cs:207)
UnityEngine.TestRunner.NUnitExtensions.Runner.CompositeWorkItem/<PerformWork>d__13:MoveNext () (at ./Library/PackageCache/com.unity.test-framework@76560ee600cb/UnityEngine.TestRunner/NUnitExtensions/Runner/CompositeWorkItem.cs:82)
UnityEngine.TestRunner.NUnitExtensions.Runner.CompositeWorkItem/<RunChildren>d__17:MoveNext () (at ./Library/PackageCache/com.unity.test-framework@76560ee600cb/UnityEngine.TestRunner/NUnitExtensions/Runner/CompositeWorkItem.cs:207)
UnityEngine.TestRunner.NUnitExtensions.Runner.CompositeWorkItem/<PerformWork>d__13:MoveNext () (at ./Library/PackageCache/com.unity.test-framework@76560ee600cb/UnityEngine.TestRunner/NUnitExtensions/Runner/CompositeWorkItem.cs:82)
UnityEngine.TestRunner.NUnitExtensions.Runner.CompositeWorkItem/<RunChildren>d__17:MoveNext () (at ./Library/PackageCache/com.unity.test-framework@76560ee600cb/UnityEngine.TestRunner/NUnitExtensions/Runner/CompositeWorkItem.cs:207)
UnityEngine.TestRunner.NUnitExtensions.Runner.CompositeWorkItem/<PerformWork>d__13:MoveNext () (at ./Library/PackageCache/com.unity.test-framework@76560ee600cb/UnityEngine.TestRunner/NUnitExtensions/Runner/CompositeWorkItem.cs:82)
UnityEngine.TestRunner.NUnitExtensions.Runner.CompositeWorkItem/<RunChildren>d__17:MoveNext () (at ./Library/PackageCache/com.unity.test-framework@76560ee600cb/UnityEngine.TestRunner/NUnitExtensions/Runner/CompositeWorkItem.cs:207)
UnityEngine.TestRunner.NUnitExtensions.Runner.CompositeWorkItem/<PerformWork>d__13:MoveNext () (at ./Library/PackageCache/com.unity.test-framework@76560ee600cb/UnityEngine.TestRunner/NUnitExtensions/Runner/CompositeWorkItem.cs:82)
UnityEngine.TestTools.TestRunner.PlaymodeTestsController/<TestRunnerCoroutine>d__24:MoveNext () (at ./Library/PackageCache/com.unity.test-framework@76560ee600cb/UnityEngine.TestRunner/TestRunner/PlaymodeTestsController.cs:93)
UnityEngine.SetupCoroutine:InvokeMoveNext (System.Collections.IEnumerator,intptr)

(Filename: ./Library/PackageCache/com.meta.xr.sdk.core@4ea2676097b9/Editor/MCPBridge/TestRunnerTools.cs Line: 847)

[TestRunnerTools] Test Started: Opus.Shell.Tests.PlayMode.HapticIntegrationTests.DemoSession_HapticsDisabled_SendsNoCues
UnityEngine.Debug:ExtractStackTraceNoAlloc (byte*,int,string)
UnityEngine.StackTraceUtility:ExtractStackTrace ()
UnityEngine.DebugLogHandler:Internal_Log (UnityEngine.LogType,UnityEngine.LogOption,string,UnityEngine.Object)
UnityEngine.DebugLogHandler:LogFormat (UnityEngine.LogType,UnityEngine.Object,string,object[])
UnityEngine.Logger:Log (UnityEngine.LogType,object)
UnityEngine.Debug:Log (object)
Meta.MCPBridge.Editor.TestRunnerTools:OnTestStarted (UnityEditor.TestTools.TestRunner.Api.ITestAdaptor) (at ./Library/PackageCache/com.meta.xr.sdk.core@4ea2676097b9/Editor/MCPBridge/TestRunnerTools.cs:838)
Meta.MCPBridge.Editor.TestRunnerTools/TestRunnerCallbacks:TestStarted (UnityEditor.TestTools.TestRunner.Api.ITestAdaptor) (at ./Library/PackageCache/com.meta.xr.sdk.core@4ea2676097b9/Editor/MCPBridge/TestRunnerTools.cs:899)
UnityEditor.TestTools.TestRunner.Api.CallbacksDelegator/<>c__DisplayClass12_0:<TestStarted>b__0 (UnityEditor.TestTools.TestRunner.Api.ICallbacks) (at ./Library/PackageCache/com.unity.test-framework@76560ee600cb/UnityEditor.TestRunner/Api/CallbacksDelegator.cs:81)
UnityEditor.TestTools.TestRunner.Api.CallbacksDelegator:TryInvokeAllCallbacks (System.Action`1<UnityEditor.TestTools.TestRunner.Api.ICallbacks>) (at ./Library/PackageCache/com.unity.test-framework@76560ee600cb/UnityEditor.TestRunner/Api/CallbacksDelegator.cs:135)
UnityEditor.TestTools.TestRunner.Api.CallbacksDelegator:TestStarted (NUnit.Framework.Interfaces.ITest) (at ./Library/PackageCache/com.unity.test-framework@76560ee600cb/UnityEditor.TestRunner/Api/CallbacksDelegator.cs:81)
UnityEngine.Events.InvokableCall`1<NUnit.Framework.Interfaces.ITest>:Invoke (NUnit.Framework.Interfaces.ITest)
UnityEngine.Events.UnityEvent`1<NUnit.Framework.Interfaces.ITest>:Invoke (NUnit.Framework.Interfaces.ITest)
UnityEngine.Events.InvokableCall`1<NUnit.Framework.Interfaces.ITest>:Invoke (NUnit.Framework.Interfaces.ITest)
UnityEngine.Events.UnityEvent`1<NUnit.Framework.Interfaces.ITest>:Invoke (NUnit.Framework.Interfaces.ITest)
UnityEngine.TestTools.TestRunner.TestListenerWrapper:TestStarted (NUnit.Framework.Interfaces.ITest) (at ./Library/PackageCache/com.unity.test-framework@76560ee600cb/UnityEngine.TestRunner/TestRunner/TestListenerWrapper.cs:19)
UnityEngine.TestRunner.NUnitExtensions.Runner.UnityWorkItem:Execute () (at ./Library/PackageCache/com.unity.test-framework@76560ee600cb/UnityEngine.TestRunner/NUnitExtensions/Runner/UnityWorkItem.cs:83)
UnityEngine.TestRunner.NUnitExtensions.Runner.CompositeWorkItem/<RunChildren>d__17:MoveNext () (at ./Library/PackageCache/com.unity.test-framework@76560ee600cb/UnityEngine.TestRunner/NUnitExtensions/Runner/CompositeWorkItem.cs:203)
UnityEngine.TestRunner.NUnitExtensions.Runner.CompositeWorkItem/<PerformWork>d__13:MoveNext () (at ./Library/PackageCache/com.unity.test-framework@76560ee600cb/UnityEngine.TestRunner/NUnitExtensions/Runner/CompositeWorkItem.cs:82)
UnityEngine.TestRunner.NUnitExtensions.Runner.CompositeWorkItem/<RunChildren>d__17:MoveNext () (at ./Library/PackageCache/com.unity.test-framework@76560ee600cb/UnityEngine.TestRunner/NUnitExtensions/Runner/CompositeWorkItem.cs:207)
UnityEngine.TestRunner.NUnitExtensions.Runner.CompositeWorkItem/<PerformWork>d__13:MoveNext () (at ./Library/PackageCache/com.unity.test-framework@76560ee600cb/UnityEngine.TestRunner/NUnitExtensions/Runner/CompositeWorkItem.cs:82)
UnityEngine.TestRunner.NUnitExtensions.Runner.CompositeWorkItem/<RunChildren>d__17:MoveNext () (at ./Library/PackageCache/com.unity.test-framework@76560ee600cb/UnityEngine.TestRunner/NUnitExtensions/Runner/CompositeWorkItem.cs:207)
UnityEngine.TestRunner.NUnitExtensions.Runner.CompositeWorkItem/<PerformWork>d__13:MoveNext () (at ./Library/PackageCache/com.unity.test-framework@76560ee600cb/UnityEngine.TestRunner/NUnitExtensions/Runner/CompositeWorkItem.cs:82)
UnityEngine.TestRunner.NUnitExtensions.Runner.CompositeWorkItem/<RunChildren>d__17:MoveNext () (at ./Library/PackageCache/com.unity.test-framework@76560ee600cb/UnityEngine.TestRunner/NUnitExtensions/Runner/CompositeWorkItem.cs:207)
UnityEngine.TestRunner.NUnitExtensions.Runner.CompositeWorkItem/<PerformWork>d__13:MoveNext () (at ./Library/PackageCache/com.unity.test-framework@76560ee600cb/UnityEngine.TestRunner/NUnitExtensions/Runner/CompositeWorkItem.cs:82)
UnityEngine.TestRunner.NUnitExtensions.Runner.CompositeWorkItem/<RunChildren>d__17:MoveNext () (at ./Library/PackageCache/com.unity.test-framework@76560ee600cb/UnityEngine.TestRunner/NUnitExtensions/Runner/CompositeWorkItem.cs:207)
UnityEngine.TestRunner.NUnitExtensions.Runner.CompositeWorkItem/<PerformWork>d__13:MoveNext () (at ./Library/PackageCache/com.unity.test-framework@76560ee600cb/UnityEngine.TestRunner/NUnitExtensions/Runner/CompositeWorkItem.cs:82)
UnityEngine.TestRunner.NUnitExtensions.Runner.CompositeWorkItem/<RunChildren>d__17:MoveNext () (at ./Library/PackageCache/com.unity.test-framework@76560ee600cb/UnityEngine.TestRunner/NUnitExtensions/Runner/CompositeWorkItem.cs:207)
UnityEngine.TestRunner.NUnitExtensions.Runner.CompositeWorkItem/<PerformWork>d__13:MoveNext () (at ./Library/PackageCache/com.unity.test-framework@76560ee600cb/UnityEngine.TestRunner/NUnitExtensions/Runner/CompositeWorkItem.cs:82)
UnityEngine.TestRunner.NUnitExtensions.Runner.CompositeWorkItem/<RunChildren>d__17:MoveNext () (at ./Library/PackageCache/com.unity.test-framework@76560ee600cb/UnityEngine.TestRunner/NUnitExtensions/Runner/CompositeWorkItem.cs:207)
UnityEngine.TestRunner.NUnitExtensions.Runner.CompositeWorkItem/<PerformWork>d__13:MoveNext () (at ./Library/PackageCache/com.unity.test-framework@76560ee600cb/UnityEngine.TestRunner/NUnitExtensions/Runner/CompositeWorkItem.cs:82)
UnityEngine.TestTools.TestRunner.PlaymodeTestsController/<TestRunnerCoroutine>d__24:MoveNext () (at ./Library/PackageCache/com.unity.test-framework@76560ee600cb/UnityEngine.TestRunner/TestRunner/PlaymodeTestsController.cs:93)
UnityEngine.SetupCoroutine:InvokeMoveNext (System.Collections.IEnumerator,intptr)

(Filename: ./Library/PackageCache/com.meta.xr.sdk.core@4ea2676097b9/Editor/MCPBridge/TestRunnerTools.cs Line: 838)

Unloading 84 Unused Serialized files (Serialized files now loaded: 0)
[OVRManager] OnDestroy
UnityEngine.Debug:ExtractStackTraceNoAlloc (byte*,int,string)
UnityEngine.StackTraceUtility:ExtractStackTrace ()
UnityEngine.DebugLogHandler:Internal_Log (UnityEngine.LogType,UnityEngine.LogOption,string,UnityEngine.Object)
UnityEngine.DebugLogHandler:LogFormat (UnityEngine.LogType,UnityEngine.Object,string,object[])
UnityEngine.Logger:Log (UnityEngine.LogType,object)
UnityEngine.Debug:Log (object)
OVRManager:OnDestroy () (at ./Library/PackageCache/com.meta.xr.sdk.core@4ea2676097b9/Scripts/OVRManager.cs:3452)

(Filename: ./Library/PackageCache/com.meta.xr.sdk.core@4ea2676097b9/Scripts/OVRManager.cs Line: 3452)

UnloadTime: 29.734600 ms
Found IOVRSkeletonDataProvider reference in [BuildingBlock] Hand Tracking left due to unassigned field.
UnityEngine.Debug:ExtractStackTraceNoAlloc (byte*,int,string)
UnityEngine.StackTraceUtility:ExtractStackTrace ()
UnityEngine.DebugLogHandler:Internal_Log (UnityEngine.LogType,UnityEngine.LogOption,string,UnityEngine.Object)
UnityEngine.DebugLogHandler:LogFormat (UnityEngine.LogType,UnityEngine.Object,string,object[])
UnityEngine.Logger:Log (UnityEngine.LogType,object)
UnityEngine.Debug:Log (object)
OVRSkeleton:Awake () (at ./Library/PackageCache/com.meta.xr.sdk.core@4ea2676097b9/Scripts/Util/OVRSkeleton.cs:520)

(Filename: ./Library/PackageCache/com.meta.xr.sdk.core@4ea2676097b9/Scripts/Util/OVRSkeleton.cs Line: 520)

Found IOVRSkeletonDataProvider reference in [BuildingBlock] Hand Tracking right due to unassigned field.
UnityEngine.Debug:ExtractStackTraceNoAlloc (byte*,int,string)
UnityEngine.StackTraceUtility:ExtractStackTrace ()
UnityEngine.DebugLogHandler:Internal_Log (UnityEngine.LogType,UnityEngine.LogOption,string,UnityEngine.Object)
UnityEngine.DebugLogHandler:LogFormat (UnityEngine.LogType,UnityEngine.Object,string,object[])
UnityEngine.Logger:Log (UnityEngine.LogType,object)
UnityEngine.Debug:Log (object)
OVRSkeleton:Awake () (at ./Library/PackageCache/com.meta.xr.sdk.core@4ea2676097b9/Scripts/Util/OVRSkeleton.cs:520)

(Filename: ./Library/PackageCache/com.meta.xr.sdk.core@4ea2676097b9/Scripts/Util/OVRSkeleton.cs Line: 520)

Setting linear velocity of a kinematic body is not supported.
UnityEngine.Debug:ExtractStackTraceNoAlloc (byte*,int,string)
UnityEngine.StackTraceUtility:ExtractStackTrace ()
UnityEngine.Rigidbody:set_linearVelocity (UnityEngine.Vector3)
Opus.Shell.OrchardReachSceneController:HandleTrialEvent (Opus.Sdk.TrialEvent) (at Assets/Shell/Runtime/OrchardReachSceneController.cs:735)
Opus.Games.OrchardReach.OrchardReachModule:Emit (string,string,Opus.Sdk.TrialTarget,string) (at Assets/Games/OrchardReach/Runtime/OrchardReachModule.cs:195)
Opus.Games.OrchardReach.OrchardReachModule:EmitSignal (System.Nullable`1<Opus.Games.OrchardReach.TrialSignal>,string,Opus.Sdk.TrialTarget) (at Assets/Games/OrchardReach/Runtime/OrchardReachModule.cs:211)
Opus.Games.OrchardReach.OrchardReachModule:StartNextTrial (double) (at Assets/Games/OrchardReach/Runtime/OrchardReachModule.cs:117)
Opus.Games.OrchardReach.OrchardReachModule:Begin () (at Assets/Games/OrchardReach/Runtime/OrchardReachModule.cs:80)
Opus.Shell.OrchardReachSceneController:Awake () (at Assets/Shell/Runtime/OrchardReachSceneController.cs:224)

[Assets/Shell/Runtime/OrchardReachSceneController.cs line 735]

Loaded scene 'Assets/Scenes/OrchardReach.unity'
	Deserialize:            258.120 ms
	Integration:            570.286 ms
	Integration of assets:  26.414 ms
	Thread Wait Time:       -0.236 ms
	Total Operation Time:   854.583 ms
Unloading 16269 unused Assets / (7.8 MB). Loaded Objects now: 14933.
Memory consumption went from 318.0 MB to 310.2 MB.
Total: 60.147000 ms (FindLiveObjects: 4.550300 ms CreateObjectMapping: 12.220800 ms MarkObjects: 32.590200 ms  DeleteObjects: 10.784100 ms)

At GameObject <color=#3366ff><b>PlayerController</b></color>, component <b>FirstPersonLocomotor</b>. The ground could not be found below the locomotor for 10 meters. Velocity will be disabled.A) Add a ground collider under the character controller and/or adjust the CharacterController.LayerMask.
B) Set _velocityDisabled to disable movement and prevent falling without showing this warning.
C) Set _maxStartGroundDistance to 0 to disable this behaviour.
UnityEngine.Debug:ExtractStackTraceNoAlloc (byte*,int,string)
UnityEngine.StackTraceUtility:ExtractStackTrace ()
UnityEngine.DebugLogHandler:Internal_Log (UnityEngine.LogType,UnityEngine.LogOption,string,UnityEngine.Object)
UnityEngine.DebugLogHandler:LogFormat (UnityEngine.LogType,UnityEngine.Object,string,object[])
UnityEngine.Logger:Log (UnityEngine.LogType,object,UnityEngine.Object)
UnityEngine.Debug:LogWarning (object,UnityEngine.Object)
Oculus.Interaction.AssertUtils:LogWarning (UnityEngine.Component,string,string,string) (at ./Library/PackageCache/com.meta.xr.sdk.interaction@875abb30439c/Runtime/Scripts/Utils/AssertUtils.cs:252)
Oculus.Interaction.Locomotion.FirstPersonLocomotor:Start () (at ./Library/PackageCache/com.meta.xr.sdk.interaction@875abb30439c/Runtime/Scripts/Interaction/Models/Locomotion/FirstPersonLocomotor.cs:444)

(Filename: ./Library/PackageCache/com.meta.xr.sdk.interaction@875abb30439c/Runtime/Scripts/Utils/AssertUtils.cs Line: 252)

Setting linear velocity of a kinematic body is not supported.
UnityEngine.Debug:ExtractStackTraceNoAlloc (byte*,int,string)
UnityEngine.StackTraceUtility:ExtractStackTrace ()
UnityEngine.Rigidbody:set_linearVelocity (UnityEngine.Vector3)
Opus.Shell.OrchardReachSceneController:DriveDemoHandAndFruit () (at Assets/Shell/Runtime/OrchardReachSceneController.cs:542)
Opus.Shell.OrchardReachSceneController:Update () (at Assets/Shell/Runtime/OrchardReachSceneController.cs:373)

[Assets/Shell/Runtime/OrchardReachSceneController.cs line 542]

[OPUS] HandleFormSignal: kind=trunk_lean active=True leanCm=20.0 demoElapsedMs=317
UnityEngine.Debug:ExtractStackTraceNoAlloc (byte*,int,string)
UnityEngine.StackTraceUtility:ExtractStackTrace ()
UnityEngine.DebugLogHandler:Internal_Log (UnityEngine.LogType,UnityEngine.LogOption,string,UnityEngine.Object)
UnityEngine.DebugLogHandler:LogFormat (UnityEngine.LogType,UnityEngine.Object,string,object[])
UnityEngine.Logger:Log (UnityEngine.LogType,object)
UnityEngine.Debug:Log (object)
Opus.Shell.OrchardReachSceneController:HandleFormSignal (Opus.Sdk.FormWarningSignal) (at Assets/Shell/Runtime/OrchardReachSceneController.cs:432)
Opus.Sdk.FormFeedback:TickLean (double,double) (at ./Packages/com.opus.sdk/Runtime/Feedback/FormFeedback.cs:74)
Opus.Sdk.FormFeedback:Tick (double,double,bool,bool) (at ./Packages/com.opus.sdk/Runtime/Feedback/FormFeedback.cs:60)
Opus.Shell.OrchardReachSceneController:TickFormFeedbackAndHaptics (Opus.Sdk.IHandSource) (at Assets/Shell/Runtime/OrchardReachSceneController.cs:426)
Opus.Shell.OrchardReachSceneController:Update () (at Assets/Shell/Runtime/OrchardReachSceneController.cs:375)

(Filename: Assets/Shell/Runtime/OrchardReachSceneController.cs Line: 432)

[OPUS] HandleFormSignal: kind=trunk_lean active=False leanCm=0.0 demoElapsedMs=600
UnityEngine.Debug:ExtractStackTraceNoAlloc (byte*,int,string)
UnityEngine.StackTraceUtility:ExtractStackTrace ()
UnityEngine.DebugLogHandler:Internal_Log (UnityEngine.LogType,UnityEngine.LogOption,string,UnityEngine.Object)
UnityEngine.DebugLogHandler:LogFormat (UnityEngine.LogType,UnityEngine.Object,string,object[])
UnityEngine.Logger:Log (UnityEngine.LogType,object)
UnityEngine.Debug:Log (object)
Opus.Shell.OrchardReachSceneController:HandleFormSignal (Opus.Sdk.FormWarningSignal) (at Assets/Shell/Runtime/OrchardReachSceneController.cs:432)
Opus.Sdk.FormFeedback:TickLean (double,double) (at ./Packages/com.opus.sdk/Runtime/Feedback/FormFeedback.cs:83)
Opus.Sdk.FormFeedback:Tick (double,double,bool,bool) (at ./Packages/com.opus.sdk/Runtime/Feedback/FormFeedback.cs:60)
Opus.Shell.OrchardReachSceneController:TickFormFeedbackAndHaptics (Opus.Sdk.IHandSource) (at Assets/Shell/Runtime/OrchardReachSceneController.cs:426)
Opus.Shell.OrchardReachSceneController:Update () (at Assets/Shell/Runtime/OrchardReachSceneController.cs:375)

(Filename: Assets/Shell/Runtime/OrchardReachSceneController.cs Line: 432)

Setting linear velocity of a kinematic body is not supported.
UnityEngine.Debug:ExtractStackTraceNoAlloc (byte*,int,string)
UnityEngine.StackTraceUtility:ExtractStackTrace ()
UnityEngine.Rigidbody:set_linearVelocity (UnityEngine.Vector3)
Opus.Shell.OrchardReachSceneController:HandleTrialEvent (Opus.Sdk.TrialEvent) (at Assets/Shell/Runtime/OrchardReachSceneController.cs:735)
Opus.Games.OrchardReach.OrchardReachModule:Emit (string,string,Opus.Sdk.TrialTarget,string) (at Assets/Games/OrchardReach/Runtime/OrchardReachModule.cs:195)
Opus.Games.OrchardReach.OrchardReachModule:EmitSignal (System.Nullable`1<Opus.Games.OrchardReach.TrialSignal>,string,Opus.Sdk.TrialTarget) (at Assets/Games/OrchardReach/Runtime/OrchardReachModule.cs:211)
Opus.Games.OrchardReach.OrchardReachModule:StartNextTrial (double) (at Assets/Games/OrchardReach/Runtime/OrchardReachModule.cs:117)
Opus.Games.OrchardReach.OrchardReachModule:OnTrialFinished (Opus.Games.OrchardReach.TrialOutcome,double) (at Assets/Games/OrchardReach/Runtime/OrchardReachModule.cs:181)
Opus.Games.OrchardReach.OrchardReachModule:ConfirmPlacedInBasket (double) (at Assets/Games/OrchardReach/Runtime/OrchardReachModule.cs:172)
Opus.Shell.OrchardReachSceneController:OnFruitEnteredBasket () (at Assets/Shell/Runtime/OrchardReachSceneController.cs:683)
Opus.Shell.OrchardReachSceneController:<Awake>b__67_1 (UnityEngine.GameObject) (at Assets/Shell/Runtime/OrchardReachSceneController.cs:204)
Opus.Shell.BasketTrigger:OnTriggerEnter (UnityEngine.Collider) (at Assets/Shell/Runtime/BasketTrigger.cs:23)

[Assets/Shell/Runtime/OrchardReachSceneController.cs line 735]

Setting linear velocity of a kinematic body is not supported.
UnityEngine.Debug:ExtractStackTraceNoAlloc (byte*,int,string)
UnityEngine.StackTraceUtility:ExtractStackTrace ()
UnityEngine.Rigidbody:set_linearVelocity (UnityEngine.Vector3)
Opus.Shell.OrchardReachSceneController:DriveDemoHandAndFruit () (at Assets/Shell/Runtime/OrchardReachSceneController.cs:542)
Opus.Shell.OrchardReachSceneController:Update () (at Assets/Shell/Runtime/OrchardReachSceneController.cs:373)

[Assets/Shell/Runtime/OrchardReachSceneController.cs line 542]

[OPUS] HandleFormSignal: kind=low_confidence active=True leanCm=0.0 demoElapsedMs=1500
UnityEngine.Debug:ExtractStackTraceNoAlloc (byte*,int,string)
UnityEngine.StackTraceUtility:ExtractStackTrace ()
UnityEngine.DebugLogHandler:Internal_Log (UnityEngine.LogType,UnityEngine.LogOption,string,UnityEngine.Object)
UnityEngine.DebugLogHandler:LogFormat (UnityEngine.LogType,UnityEngine.Object,string,object[])
UnityEngine.Logger:Log (UnityEngine.LogType,object)
UnityEngine.Debug:Log (object)
Opus.Shell.OrchardReachSceneController:HandleFormSignal (Opus.Sdk.FormWarningSignal) (at Assets/Shell/Runtime/OrchardReachSceneController.cs:432)
Opus.Sdk.FormFeedback:TickTracking (double,bool) (at ./Packages/com.opus.sdk/Runtime/Feedback/FormFeedback.cs:96)
Opus.Sdk.FormFeedback:Tick (double,double,bool,bool) (at ./Packages/com.opus.sdk/Runtime/Feedback/FormFeedback.cs:61)
Opus.Shell.OrchardReachSceneController:TickFormFeedbackAndHaptics (Opus.Sdk.IHandSource) (at Assets/Shell/Runtime/OrchardReachSceneController.cs:426)
Opus.Shell.OrchardReachSceneController:Update () (at Assets/Shell/Runtime/OrchardReachSceneController.cs:375)

(Filename: Assets/Shell/Runtime/OrchardReachSceneController.cs Line: 432)

[OPUS] HandleFormSignal: kind=low_confidence active=False leanCm=0.0 demoElapsedMs=1700
UnityEngine.Debug:ExtractStackTraceNoAlloc (byte*,int,string)
UnityEngine.StackTraceUtility:ExtractStackTrace ()
UnityEngine.DebugLogHandler:Internal_Log (UnityEngine.LogType,UnityEngine.LogOption,string,UnityEngine.Object)
UnityEngine.DebugLogHandler:LogFormat (UnityEngine.LogType,UnityEngine.Object,string,object[])
UnityEngine.Logger:Log (UnityEngine.LogType,object)
UnityEngine.Debug:Log (object)
Opus.Shell.OrchardReachSceneController:HandleFormSignal (Opus.Sdk.FormWarningSignal) (at Assets/Shell/Runtime/OrchardReachSceneController.cs:432)
Opus.Sdk.FormFeedback:TickTracking (double,bool) (at ./Packages/com.opus.sdk/Runtime/Feedback/FormFeedback.cs:105)
Opus.Sdk.FormFeedback:Tick (double,double,bool,bool) (at ./Packages/com.opus.sdk/Runtime/Feedback/FormFeedback.cs:61)
Opus.Shell.OrchardReachSceneController:TickFormFeedbackAndHaptics (Opus.Sdk.IHandSource) (at Assets/Shell/Runtime/OrchardReachSceneController.cs:426)
Opus.Shell.OrchardReachSceneController:Update () (at Assets/Shell/Runtime/OrchardReachSceneController.cs:375)

(Filename: Assets/Shell/Runtime/OrchardReachSceneController.cs Line: 432)

Setting linear velocity of a kinematic body is not supported.
UnityEngine.Debug:ExtractStackTraceNoAlloc (byte*,int,string)
UnityEngine.StackTraceUtility:ExtractStackTrace ()
UnityEngine.Rigidbody:set_linearVelocity (UnityEngine.Vector3)
Opus.Shell.OrchardReachSceneController:HandleTrialEvent (Opus.Sdk.TrialEvent) (at Assets/Shell/Runtime/OrchardReachSceneController.cs:735)
Opus.Games.OrchardReach.OrchardReachModule:Emit (string,string,Opus.Sdk.TrialTarget,string) (at Assets/Games/OrchardReach/Runtime/OrchardReachModule.cs:195)
Opus.Games.OrchardReach.OrchardReachModule:EmitSignal (System.Nullable`1<Opus.Games.OrchardReach.TrialSignal>,string,Opus.Sdk.TrialTarget) (at Assets/Games/OrchardReach/Runtime/OrchardReachModule.cs:211)
Opus.Games.OrchardReach.OrchardReachModule:StartNextTrial (double) (at Assets/Games/OrchardReach/Runtime/OrchardReachModule.cs:117)
Opus.Games.OrchardReach.OrchardReachModule:OnTrialFinished (Opus.Games.OrchardReach.TrialOutcome,double) (at Assets/Games/OrchardReach/Runtime/OrchardReachModule.cs:181)
Opus.Games.OrchardReach.OrchardReachModule:ConfirmPlacedInBasket (double) (at Assets/Games/OrchardReach/Runtime/OrchardReachModule.cs:172)
Opus.Shell.OrchardReachSceneController:OnFruitEnteredBasket () (at Assets/Shell/Runtime/OrchardReachSceneController.cs:683)
Opus.Shell.OrchardReachSceneController:<Awake>b__67_1 (UnityEngine.GameObject) (at Assets/Shell/Runtime/OrchardReachSceneController.cs:204)
Opus.Shell.BasketTrigger:OnTriggerEnter (UnityEngine.Collider) (at Assets/Shell/Runtime/BasketTrigger.cs:23)

[Assets/Shell/Runtime/OrchardReachSceneController.cs line 735]

Setting linear velocity of a kinematic body is not supported.
UnityEngine.Debug:ExtractStackTraceNoAlloc (byte*,int,string)
UnityEngine.StackTraceUtility:ExtractStackTrace ()
UnityEngine.Rigidbody:set_linearVelocity (UnityEngine.Vector3)
Opus.Shell.OrchardReachSceneController:DriveDemoHandAndFruit () (at Assets/Shell/Runtime/OrchardReachSceneController.cs:542)
Opus.Shell.OrchardReachSceneController:Update () (at Assets/Shell/Runtime/OrchardReachSceneController.cs:373)

[Assets/Shell/Runtime/OrchardReachSceneController.cs line 542]

Setting linear velocity of a kinematic body is not supported.
UnityEngine.Debug:ExtractStackTraceNoAlloc (byte*,int,string)
UnityEngine.StackTraceUtility:ExtractStackTrace ()
UnityEngine.Rigidbody:set_linearVelocity (UnityEngine.Vector3)
Opus.Shell.OrchardReachSceneController:HandleTrialEvent (Opus.Sdk.TrialEvent) (at Assets/Shell/Runtime/OrchardReachSceneController.cs:735)
Opus.Games.OrchardReach.OrchardReachModule:Emit (string,string,Opus.Sdk.TrialTarget,string) (at Assets/Games/OrchardReach/Runtime/OrchardReachModule.cs:195)
Opus.Games.OrchardReach.OrchardReachModule:EmitSignal (System.Nullable`1<Opus.Games.OrchardReach.TrialSignal>,string,Opus.Sdk.TrialTarget) (at Assets/Games/OrchardReach/Runtime/OrchardReachModule.cs:211)
Opus.Games.OrchardReach.OrchardReachModule:StartNextTrial (double) (at Assets/Games/OrchardReach/Runtime/OrchardReachModule.cs:117)
Opus.Games.OrchardReach.OrchardReachModule:OnTrialFinished (Opus.Games.OrchardReach.TrialOutcome,double) (at Assets/Games/OrchardReach/Runtime/OrchardReachModule.cs:181)
Opus.Games.OrchardReach.OrchardReachModule:Tick (double,Opus.Sdk.IHandSource) (at Assets/Games/OrchardReach/Runtime/OrchardReachModule.cs:154)
Opus.Shell.OrchardReachSceneController:Update () (at Assets/Shell/Runtime/OrchardReachSceneController.cs:371)

[Assets/Shell/Runtime/OrchardReachSceneController.cs line 735]

E0918 22:27:50.693596 37484 TigonCurlRequestAdapter.cpp:901] [231b02918d230348] Request failed from curl: curl (28): Timeout was reached: Operation timed out after 5002 milliseconds with 0 bytes received
[OPUS] HapticIntegrationTest: hapticsEnabled=false -> cueCount=0 after 3.0s (expect 0)
UnityEngine.Debug:ExtractStackTraceNoAlloc (byte*,int,string)
UnityEngine.StackTraceUtility:ExtractStackTrace ()
UnityEngine.DebugLogHandler:Internal_Log (UnityEngine.LogType,UnityEngine.LogOption,string,UnityEngine.Object)
UnityEngine.DebugLogHandler:LogFormat (UnityEngine.LogType,UnityEngine.Object,string,object[])
UnityEngine.Logger:Log (UnityEngine.LogType,object)
UnityEngine.Debug:Log (object)
Opus.Shell.Tests.PlayMode.HapticIntegrationTests/<DemoSession_HapticsDisabled_SendsNoCues>d__10:MoveNext () (at Assets/Shell/Tests/PlayMode/HapticIntegrationTests.cs:218)
UnityEngine.TestTools.TestEnumerator/<Execute>d__7:MoveNext () (at ./Library/PackageCache/com.unity.test-framework@76560ee600cb/UnityEngine.TestRunner/NUnitExtensions/Attributes/TestEnumerator.cs:44)
UnityEngine.TestTools.EnumerableTestMethodCommand/<ExecuteEnumerableAndRecordExceptions>d__4:MoveNext () (at ./Library/PackageCache/com.unity.test-framework@76560ee600cb/UnityEngine.TestRunner/NUnitExtensions/Commands/EnumerableTestMethodCommand.cs:79)
UnityEngine.TestTools.EnumerableTestMethodCommand:AdvanceEnumerator (System.Collections.IEnumerator) (at ./Library/PackageCache/com.unity.test-framework@76560ee600cb/UnityEngine.TestRunner/NUnitExtensions/Commands/EnumerableTestMethodCommand.cs:64)
UnityEngine.TestTools.EnumerableTestMethodCommand/<ExecuteEnumerable>d__2:MoveNext () (at ./Library/PackageCache/com.unity.test-framework@76560ee600cb/UnityEngine.TestRunner/NUnitExtensions/Commands/EnumerableTestMethodCommand.cs:47)
UnityEngine.TestRunner.NUnitExtensions.Runner.UnityLogCheckDelegatingCommand/<ExecuteEnumerable>d__3:MoveNext () (at ./Library/PackageCache/com.unity.test-framework@76560ee600cb/UnityEngine.TestRunner/NUnitExtensions/Runner/UnityLogCheckDelegatingCommand.cs:48)
UnityEngine.TestTools.BeforeAfterTestCommandBase`1/<ExecuteEnumerable>d__16<NUnit.Framework.ITestAction>:MoveNext () (at ./Library/PackageCache/com.unity.test-framework@76560ee600cb/UnityEngine.TestRunner/NUnitExtensions/Commands/BeforeAfterTestCommandBase.cs:212)
UnityEngine.TestTools.BeforeAfterTestCommandBase`1/<ExecuteEnumerable>d__16<System.Reflection.MethodInfo>:MoveNext () (at ./Library/PackageCache/com.unity.test-framework@76560ee600cb/UnityEngine.TestRunner/NUnitExtensions/Commands/BeforeAfterTestCommandBase.cs:212)
UnityEngine.TestTools.BeforeAfterTestCommandBase`1/<ExecuteEnumerable>d__16<System.Reflection.MethodInfo>:MoveNext () (at ./Library/PackageCache/com.unity.test-framework@76560ee600cb/UnityEngine.TestRunner/NUnitExtensions/Commands/BeforeAfterTestCommandBase.cs:212)
UnityEngine.TestTools.BeforeAfterTestCommandBase`1/<ExecuteEnumerable>d__16<UnityEngine.TestTools.IOuterUnityTestAction>:MoveNext () (at ./Library/PackageCache/com.unity.test-framework@76560ee600cb/UnityEngine.TestRunner/NUnitExtensions/Commands/BeforeAfterTestCommandBase.cs:212)
UnityEngine.TestTools.RetryCommand/<ExecuteEnumerable>d__2:MoveNext () (at ./Library/PackageCache/com.unity.test-framework@76560ee600cb/UnityEngine.TestRunner/NUnitExtensions/Commands/RetryCommand.cs:37)
UnityEngine.TestTools.RepeatCommand/<ExecuteEnumerable>d__2:MoveNext () (at ./Library/PackageCache/com.unity.test-framework@76560ee600cb/UnityEngine.TestRunner/NUnitExtensions/Commands/RepeatCommand.cs:36)
UnityEngine.TestTools.IgnoreTestCommand/<ExecuteEnumerable>d__3:MoveNext () (at ./Library/PackageCache/com.unity.test-framework@76560ee600cb/UnityEngine.TestRunner/NUnitExtensions/Commands/IgnoreTestCommand.cs:42)
UnityEngine.TestTools.StrictCheckCommand/<ExecuteEnumerable>d__2:MoveNext () (at ./Library/PackageCache/com.unity.test-framework@76560ee600cb/UnityEngine.TestRunner/NUnitExtensions/Commands/StrictCheckCommand.cs:29)
UnityEngine.TestTools.Utils.CoroutineRunner/<WrapEnumeratorForChecks>d__8:MoveNext () (at ./Library/PackageCache/com.unity.test-framework@76560ee600cb/UnityEngine.TestRunner/Utils/CoroutineRunner.cs:58)
UnityEngine.SetupCoroutine:InvokeMoveNext (System.Collections.IEnumerator,intptr)

(Filename: Assets/Shell/Tests/PlayMode/HapticIntegrationTests.cs Line: 218)

[TestRunnerTools] Test Finished: Opus.Shell.Tests.PlayMode.HapticIntegrationTests.DemoSession_HapticsDisabled_SendsNoCues, ResultState: Passed, Duration: 3.944s
UnityEngine.Debug:ExtractStackTraceNoAlloc (byte*,int,string)
UnityEngine.StackTraceUtility:ExtractStackTrace ()
UnityEngine.DebugLogHandler:Internal_Log (UnityEngine.LogType,UnityEngine.LogOption,string,UnityEngine.Object)
UnityEngine.DebugLogHandler:LogFormat (UnityEngine.LogType,UnityEngine.Object,string,object[])
UnityEngine.Logger:Log (UnityEngine.LogType,object)
UnityEngine.Debug:Log (object)
Meta.MCPBridge.Editor.TestRunnerTools:OnTestFinished (UnityEditor.TestTools.TestRunner.Api.ITestResultAdaptor) (at ./Library/PackageCache/com.meta.xr.sdk.core@4ea2676097b9/Editor/MCPBridge/TestRunnerTools.cs:847)
Meta.MCPBridge.Editor.TestRunnerTools/TestRunnerCallbacks:TestFinished (UnityEditor.TestTools.TestRunner.Api.ITestResultAdaptor) (at ./Library/PackageCache/com.meta.xr.sdk.core@4ea2676097b9/Editor/MCPBridge/TestRunnerTools.cs:904)
UnityEditor.TestTools.TestRunner.Api.CallbacksDelegator/<>c__DisplayClass14_0:<TestFinished>b__0 (UnityEditor.TestTools.TestRunner.Api.ICallbacks) (at ./Library/PackageCache/com.unity.test-framework@76560ee600cb/UnityEditor.TestRunner/Api/CallbacksDelegator.cs:95)
UnityEditor.TestTools.TestRunner.Api.CallbacksDelegator:TryInvokeAllCallbacks (System.Action`1<UnityEditor.TestTools.TestRunner.Api.ICallbacks>) (at ./Library/PackageCache/com.unity.test-framework@76560ee600cb/UnityEditor.TestRunner/Api/CallbacksDelegator.cs:135)
UnityEditor.TestTools.TestRunner.Api.CallbacksDelegator:TestFinished (NUnit.Framework.Interfaces.ITestResult) (at ./Library/PackageCache/com.unity.test-framework@76560ee600cb/UnityEditor.TestRunner/Api/CallbacksDelegator.cs:95)
UnityEngine.Events.InvokableCall`1<NUnit.Framework.Interfaces.ITestResult>:Invoke (NUnit.Framework.Interfaces.ITestResult)
UnityEngine.Events.UnityEvent`1<NUnit.Framework.Interfaces.ITestResult>:Invoke (NUnit.Framework.Interfaces.ITestResult)
UnityEngine.Events.InvokableCall`1<NUnit.Framework.Interfaces.ITestResult>:Invoke (NUnit.Framework.Interfaces.ITestResult)
UnityEngine.Events.UnityEvent`1<NUnit.Framework.Interfaces.ITestResult>:Invoke (NUnit.Framework.Interfaces.ITestResult)
UnityEngine.TestTools.TestRunner.TestListenerWrapper:TestFinished (NUnit.Framework.Interfaces.ITestResult) (at ./Library/PackageCache/com.unity.test-framework@76560ee600cb/UnityEngine.TestRunner/TestRunner/TestListenerWrapper.cs:24)
UnityEngine.TestRunner.NUnitExtensions.Runner.UnityWorkItem:WorkItemComplete () (at ./Library/PackageCache/com.unity.test-framework@76560ee600cb/UnityEngine.TestRunner/NUnitExtensions/Runner/UnityWorkItem.cs:107)
UnityEngine.TestRunner.NUnitExtensions.Runner.CoroutineTestWorkItem/<PerformWork>d__6:<>m__Finally1 () (at ./Library/PackageCache/com.unity.test-framework@76560ee600cb/UnityEngine.TestRunner/NUnitExtensions/Runner/CoroutineTestWorkItem.cs:59)
UnityEngine.TestRunner.NUnitExtensions.Runner.CoroutineTestWorkItem/<PerformWork>d__6:MoveNext () (at ./Library/PackageCache/com.unity.test-framework@76560ee600cb/UnityEngine.TestRunner/NUnitExtensions/Runner/CoroutineTestWorkItem.cs:56)
UnityEngine.TestRunner.NUnitExtensions.Runner.CompositeWorkItem/<RunChildren>d__17:MoveNext () (at ./Library/PackageCache/com.unity.test-framework@76560ee600cb/UnityEngine.TestRunner/NUnitExtensions/Runner/CompositeWorkItem.cs:207)
UnityEngine.TestRunner.NUnitExtensions.Runner.CompositeWorkItem/<PerformWork>d__13:MoveNext () (at ./Library/PackageCache/com.unity.test-framework@76560ee600cb/UnityEngine.TestRunner/NUnitExtensions/Runner/CompositeWorkItem.cs:82)
UnityEngine.TestRunner.NUnitExtensions.Runner.CompositeWorkItem/<RunChildren>d__17:MoveNext () (at ./Library/PackageCache/com.unity.test-framework@76560ee600cb/UnityEngine.TestRunner/NUnitExtensions/Runner/CompositeWorkItem.cs:207)
UnityEngine.TestRunner.NUnitExtensions.Runner.CompositeWorkItem/<PerformWork>d__13:MoveNext () (at ./Library/PackageCache/com.unity.test-framework@76560ee600cb/UnityEngine.TestRunner/NUnitExtensions/Runner/CompositeWorkItem.cs:82)
UnityEngine.TestRunner.NUnitExtensions.Runner.CompositeWorkItem/<RunChildren>d__17:MoveNext () (at ./Library/PackageCache/com.unity.test-framework@76560ee600cb/UnityEngine.TestRunner/NUnitExtensions/Runner/CompositeWorkItem.cs:207)
UnityEngine.TestRunner.NUnitExtensions.Runner.CompositeWorkItem/<PerformWork>d__13:MoveNext () (at ./Library/PackageCache/com.unity.test-framework@76560ee600cb/UnityEngine.TestRunner/NUnitExtensions/Runner/CompositeWorkItem.cs:82)
UnityEngine.TestRunner.NUnitExtensions.Runner.CompositeWorkItem/<RunChildren>d__17:MoveNext () (at ./Library/PackageCache/com.unity.test-framework@76560ee600cb/UnityEngine.TestRunner/NUnitExtensions/Runner/CompositeWorkItem.cs:207)
UnityEngine.TestRunner.NUnitExtensions.Runner.CompositeWorkItem/<PerformWork>d__13:MoveNext () (at ./Library/PackageCache/com.unity.test-framework@76560ee600cb/UnityEngine.TestRunner/NUnitExtensions/Runner/CompositeWorkItem.cs:82)
UnityEngine.TestRunner.NUnitExtensions.Runner.CompositeWorkItem/<RunChildren>d__17:MoveNext () (at ./Library/PackageCache/com.unity.test-framework@76560ee600cb/UnityEngine.TestRunner/NUnitExtensions/Runner/CompositeWorkItem.cs:207)
UnityEngine.TestRunner.NUnitExtensions.Runner.CompositeWorkItem/<PerformWork>d__13:MoveNext () (at ./Library/PackageCache/com.unity.test-framework@76560ee600cb/UnityEngine.TestRunner/NUnitExtensions/Runner/CompositeWorkItem.cs:82)
UnityEngine.TestRunner.NUnitExtensions.Runner.CompositeWorkItem/<RunChildren>d__17:MoveNext () (at ./Library/PackageCache/com.unity.test-framework@76560ee600cb/UnityEngine.TestRunner/NUnitExtensions/Runner/CompositeWorkItem.cs:207)
UnityEngine.TestRunner.NUnitExtensions.Runner.CompositeWorkItem/<PerformWork>d__13:MoveNext () (at ./Library/PackageCache/com.unity.test-framework@76560ee600cb/UnityEngine.TestRunner/NUnitExtensions/Runner/CompositeWorkItem.cs:82)
UnityEngine.TestRunner.NUnitExtensions.Runner.CompositeWorkItem/<RunChildren>d__17:MoveNext () (at ./Library/PackageCache/com.unity.test-framework@76560ee600cb/UnityEngine.TestRunner/NUnitExtensions/Runner/CompositeWorkItem.cs:207)
UnityEngine.TestRunner.NUnitExtensions.Runner.CompositeWorkItem/<PerformWork>d__13:MoveNext () (at ./Library/PackageCache/com.unity.test-framework@76560ee600cb/UnityEngine.TestRunner/NUnitExtensions/Runner/CompositeWorkItem.cs:82)
UnityEngine.TestTools.TestRunner.PlaymodeTestsController/<TestRunnerCoroutine>d__24:MoveNext () (at ./Library/PackageCache/com.unity.test-framework@76560ee600cb/UnityEngine.TestRunner/TestRunner/PlaymodeTestsController.cs:93)
UnityEngine.SetupCoroutine:InvokeMoveNext (System.Collections.IEnumerator,intptr)

(Filename: ./Library/PackageCache/com.meta.xr.sdk.core@4ea2676097b9/Editor/MCPBridge/TestRunnerTools.cs Line: 847)

[TestRunnerTools] Test Started: Opus.Shell.Tests.PlayMode.HapticIntegrationTests.DemoSession_SleeveNeverAnswers_SessionStillCompletes
UnityEngine.Debug:ExtractStackTraceNoAlloc (byte*,int,string)
UnityEngine.StackTraceUtility:ExtractStackTrace ()
UnityEngine.DebugLogHandler:Internal_Log (UnityEngine.LogType,UnityEngine.LogOption,string,UnityEngine.Object)
UnityEngine.DebugLogHandler:LogFormat (UnityEngine.LogType,UnityEngine.Object,string,object[])
UnityEngine.Logger:Log (UnityEngine.LogType,object)
UnityEngine.Debug:Log (object)
Meta.MCPBridge.Editor.TestRunnerTools:OnTestStarted (UnityEditor.TestTools.TestRunner.Api.ITestAdaptor) (at ./Library/PackageCache/com.meta.xr.sdk.core@4ea2676097b9/Editor/MCPBridge/TestRunnerTools.cs:838)
Meta.MCPBridge.Editor.TestRunnerTools/TestRunnerCallbacks:TestStarted (UnityEditor.TestTools.TestRunner.Api.ITestAdaptor) (at ./Library/PackageCache/com.meta.xr.sdk.core@4ea2676097b9/Editor/MCPBridge/TestRunnerTools.cs:899)
UnityEditor.TestTools.TestRunner.Api.CallbacksDelegator/<>c__DisplayClass12_0:<TestStarted>b__0 (UnityEditor.TestTools.TestRunner.Api.ICallbacks) (at ./Library/PackageCache/com.unity.test-framework@76560ee600cb/UnityEditor.TestRunner/Api/CallbacksDelegator.cs:81)
UnityEditor.TestTools.TestRunner.Api.CallbacksDelegator:TryInvokeAllCallbacks (System.Action`1<UnityEditor.TestTools.TestRunner.Api.ICallbacks>) (at ./Library/PackageCache/com.unity.test-framework@76560ee600cb/UnityEditor.TestRunner/Api/CallbacksDelegator.cs:135)
UnityEditor.TestTools.TestRunner.Api.CallbacksDelegator:TestStarted (NUnit.Framework.Interfaces.ITest) (at ./Library/PackageCache/com.unity.test-framework@76560ee600cb/UnityEditor.TestRunner/Api/CallbacksDelegator.cs:81)
UnityEngine.Events.InvokableCall`1<NUnit.Framework.Interfaces.ITest>:Invoke (NUnit.Framework.Interfaces.ITest)
UnityEngine.Events.UnityEvent`1<NUnit.Framework.Interfaces.ITest>:Invoke (NUnit.Framework.Interfaces.ITest)
UnityEngine.Events.InvokableCall`1<NUnit.Framework.Interfaces.ITest>:Invoke (NUnit.Framework.Interfaces.ITest)
UnityEngine.Events.UnityEvent`1<NUnit.Framework.Interfaces.ITest>:Invoke (NUnit.Framework.Interfaces.ITest)
UnityEngine.TestTools.TestRunner.TestListenerWrapper:TestStarted (NUnit.Framework.Interfaces.ITest) (at ./Library/PackageCache/com.unity.test-framework@76560ee600cb/UnityEngine.TestRunner/TestRunner/TestListenerWrapper.cs:19)
UnityEngine.TestRunner.NUnitExtensions.Runner.UnityWorkItem:Execute () (at ./Library/PackageCache/com.unity.test-framework@76560ee600cb/UnityEngine.TestRunner/NUnitExtensions/Runner/UnityWorkItem.cs:83)
UnityEngine.TestRunner.NUnitExtensions.Runner.CompositeWorkItem/<RunChildren>d__17:MoveNext () (at ./Library/PackageCache/com.unity.test-framework@76560ee600cb/UnityEngine.TestRunner/NUnitExtensions/Runner/CompositeWorkItem.cs:203)
UnityEngine.TestRunner.NUnitExtensions.Runner.CompositeWorkItem/<PerformWork>d__13:MoveNext () (at ./Library/PackageCache/com.unity.test-framework@76560ee600cb/UnityEngine.TestRunner/NUnitExtensions/Runner/CompositeWorkItem.cs:82)
UnityEngine.TestRunner.NUnitExtensions.Runner.CompositeWorkItem/<RunChildren>d__17:MoveNext () (at ./Library/PackageCache/com.unity.test-framework@76560ee600cb/UnityEngine.TestRunner/NUnitExtensions/Runner/CompositeWorkItem.cs:207)
UnityEngine.TestRunner.NUnitExtensions.Runner.CompositeWorkItem/<PerformWork>d__13:MoveNext () (at ./Library/PackageCache/com.unity.test-framework@76560ee600cb/UnityEngine.TestRunner/NUnitExtensions/Runner/CompositeWorkItem.cs:82)
UnityEngine.TestRunner.NUnitExtensions.Runner.CompositeWorkItem/<RunChildren>d__17:MoveNext () (at ./Library/PackageCache/com.unity.test-framework@76560ee600cb/UnityEngine.TestRunner/NUnitExtensions/Runner/CompositeWorkItem.cs:207)
UnityEngine.TestRunner.NUnitExtensions.Runner.CompositeWorkItem/<PerformWork>d__13:MoveNext () (at ./Library/PackageCache/com.unity.test-framework@76560ee600cb/UnityEngine.TestRunner/NUnitExtensions/Runner/CompositeWorkItem.cs:82)
UnityEngine.TestRunner.NUnitExtensions.Runner.CompositeWorkItem/<RunChildren>d__17:MoveNext () (at ./Library/PackageCache/com.unity.test-framework@76560ee600cb/UnityEngine.TestRunner/NUnitExtensions/Runner/CompositeWorkItem.cs:207)
UnityEngine.TestRunner.NUnitExtensions.Runner.CompositeWorkItem/<PerformWork>d__13:MoveNext () (at ./Library/PackageCache/com.unity.test-framework@76560ee600cb/UnityEngine.TestRunner/NUnitExtensions/Runner/CompositeWorkItem.cs:82)
UnityEngine.TestRunner.NUnitExtensions.Runner.CompositeWorkItem/<RunChildren>d__17:MoveNext () (at ./Library/PackageCache/com.unity.test-framework@76560ee600cb/UnityEngine.TestRunner/NUnitExtensions/Runner/CompositeWorkItem.cs:207)
UnityEngine.TestRunner.NUnitExtensions.Runner.CompositeWorkItem/<PerformWork>d__13:MoveNext () (at ./Library/PackageCache/com.unity.test-framework@76560ee600cb/UnityEngine.TestRunner/NUnitExtensions/Runner/CompositeWorkItem.cs:82)
UnityEngine.TestRunner.NUnitExtensions.Runner.CompositeWorkItem/<RunChildren>d__17:MoveNext () (at ./Library/PackageCache/com.unity.test-framework@76560ee600cb/UnityEngine.TestRunner/NUnitExtensions/Runner/CompositeWorkItem.cs:207)
UnityEngine.TestRunner.NUnitExtensions.Runner.CompositeWorkItem/<PerformWork>d__13:MoveNext () (at ./Library/PackageCache/com.unity.test-framework@76560ee600cb/UnityEngine.TestRunner/NUnitExtensions/Runner/CompositeWorkItem.cs:82)
UnityEngine.TestRunner.NUnitExtensions.Runner.CompositeWorkItem/<RunChildren>d__17:MoveNext () (at ./Library/PackageCache/com.unity.test-framework@76560ee600cb/UnityEngine.TestRunner/NUnitExtensions/Runner/CompositeWorkItem.cs:207)
UnityEngine.TestRunner.NUnitExtensions.Runner.CompositeWorkItem/<PerformWork>d__13:MoveNext () (at ./Library/PackageCache/com.unity.test-framework@76560ee600cb/UnityEngine.TestRunner/NUnitExtensions/Runner/CompositeWorkItem.cs:82)
UnityEngine.TestTools.TestRunner.PlaymodeTestsController/<TestRunnerCoroutine>d__24:MoveNext () (at ./Library/PackageCache/com.unity.test-framework@76560ee600cb/UnityEngine.TestRunner/TestRunner/PlaymodeTestsController.cs:93)
UnityEngine.SetupCoroutine:InvokeMoveNext (System.Collections.IEnumerator,intptr)

(Filename: ./Library/PackageCache/com.meta.xr.sdk.core@4ea2676097b9/Editor/MCPBridge/TestRunnerTools.cs Line: 838)

Unloading 82 Unused Serialized files (Serialized files now loaded: 0)
[OVRManager] OnDestroy
UnityEngine.Debug:ExtractStackTraceNoAlloc (byte*,int,string)
UnityEngine.StackTraceUtility:ExtractStackTrace ()
UnityEngine.DebugLogHandler:Internal_Log (UnityEngine.LogType,UnityEngine.LogOption,string,UnityEngine.Object)
UnityEngine.DebugLogHandler:LogFormat (UnityEngine.LogType,UnityEngine.Object,string,object[])
UnityEngine.Logger:Log (UnityEngine.LogType,object)
UnityEngine.Debug:Log (object)
OVRManager:OnDestroy () (at ./Library/PackageCache/com.meta.xr.sdk.core@4ea2676097b9/Scripts/OVRManager.cs:3452)

(Filename: ./Library/PackageCache/com.meta.xr.sdk.core@4ea2676097b9/Scripts/OVRManager.cs Line: 3452)

UnloadTime: 5.430600 ms
Found IOVRSkeletonDataProvider reference in [BuildingBlock] Hand Tracking left due to unassigned field.
UnityEngine.Debug:ExtractStackTraceNoAlloc (byte*,int,string)
UnityEngine.StackTraceUtility:ExtractStackTrace ()
UnityEngine.DebugLogHandler:Internal_Log (UnityEngine.LogType,UnityEngine.LogOption,string,UnityEngine.Object)
UnityEngine.DebugLogHandler:LogFormat (UnityEngine.LogType,UnityEngine.Object,string,object[])
UnityEngine.Logger:Log (UnityEngine.LogType,object)
UnityEngine.Debug:Log (object)
OVRSkeleton:Awake () (at ./Library/PackageCache/com.meta.xr.sdk.core@4ea2676097b9/Scripts/Util/OVRSkeleton.cs:520)

(Filename: ./Library/PackageCache/com.meta.xr.sdk.core@4ea2676097b9/Scripts/Util/OVRSkeleton.cs Line: 520)

Found IOVRSkeletonDataProvider reference in [BuildingBlock] Hand Tracking right due to unassigned field.
UnityEngine.Debug:ExtractStackTraceNoAlloc (byte*,int,string)
UnityEngine.StackTraceUtility:ExtractStackTrace ()
UnityEngine.DebugLogHandler:Internal_Log (UnityEngine.LogType,UnityEngine.LogOption,string,UnityEngine.Object)
UnityEngine.DebugLogHandler:LogFormat (UnityEngine.LogType,UnityEngine.Object,string,object[])
UnityEngine.Logger:Log (UnityEngine.LogType,object)
UnityEngine.Debug:Log (object)
OVRSkeleton:Awake () (at ./Library/PackageCache/com.meta.xr.sdk.core@4ea2676097b9/Scripts/Util/OVRSkeleton.cs:520)

(Filename: ./Library/PackageCache/com.meta.xr.sdk.core@4ea2676097b9/Scripts/Util/OVRSkeleton.cs Line: 520)

Setting linear velocity of a kinematic body is not supported.
UnityEngine.Debug:ExtractStackTraceNoAlloc (byte*,int,string)
UnityEngine.StackTraceUtility:ExtractStackTrace ()
UnityEngine.Rigidbody:set_linearVelocity (UnityEngine.Vector3)
Opus.Shell.OrchardReachSceneController:HandleTrialEvent (Opus.Sdk.TrialEvent) (at Assets/Shell/Runtime/OrchardReachSceneController.cs:735)
Opus.Games.OrchardReach.OrchardReachModule:Emit (string,string,Opus.Sdk.TrialTarget,string) (at Assets/Games/OrchardReach/Runtime/OrchardReachModule.cs:195)
Opus.Games.OrchardReach.OrchardReachModule:EmitSignal (System.Nullable`1<Opus.Games.OrchardReach.TrialSignal>,string,Opus.Sdk.TrialTarget) (at Assets/Games/OrchardReach/Runtime/OrchardReachModule.cs:211)
Opus.Games.OrchardReach.OrchardReachModule:StartNextTrial (double) (at Assets/Games/OrchardReach/Runtime/OrchardReachModule.cs:117)
Opus.Games.OrchardReach.OrchardReachModule:Begin () (at Assets/Games/OrchardReach/Runtime/OrchardReachModule.cs:80)
Opus.Shell.OrchardReachSceneController:Awake () (at Assets/Shell/Runtime/OrchardReachSceneController.cs:224)

[Assets/Shell/Runtime/OrchardReachSceneController.cs line 735]

Loaded scene 'Assets/Scenes/OrchardReach.unity'
	Deserialize:            175.867 ms
	Integration:            446.981 ms
	Integration of assets:  23.148 ms
	Thread Wait Time:       -0.075 ms
	Total Operation Time:   645.921 ms
Unloading 16268 unused Assets / (7.7 MB). Loaded Objects now: 14933.
Memory consumption went from 318.0 MB to 310.3 MB.
Total: 29.410900 ms (FindLiveObjects: 1.376100 ms CreateObjectMapping: 0.843200 ms MarkObjects: 18.562100 ms  DeleteObjects: 8.628400 ms)

At GameObject <color=#3366ff><b>PlayerController</b></color>, component <b>FirstPersonLocomotor</b>. The ground could not be found below the locomotor for 10 meters. Velocity will be disabled.A) Add a ground collider under the character controller and/or adjust the CharacterController.LayerMask.
B) Set _velocityDisabled to disable movement and prevent falling without showing this warning.
C) Set _maxStartGroundDistance to 0 to disable this behaviour.
UnityEngine.Debug:ExtractStackTraceNoAlloc (byte*,int,string)
UnityEngine.StackTraceUtility:ExtractStackTrace ()
UnityEngine.DebugLogHandler:Internal_Log (UnityEngine.LogType,UnityEngine.LogOption,string,UnityEngine.Object)
UnityEngine.DebugLogHandler:LogFormat (UnityEngine.LogType,UnityEngine.Object,string,object[])
UnityEngine.Logger:Log (UnityEngine.LogType,object,UnityEngine.Object)
UnityEngine.Debug:LogWarning (object,UnityEngine.Object)
Oculus.Interaction.AssertUtils:LogWarning (UnityEngine.Component,string,string,string) (at ./Library/PackageCache/com.meta.xr.sdk.interaction@875abb30439c/Runtime/Scripts/Utils/AssertUtils.cs:252)
Oculus.Interaction.Locomotion.FirstPersonLocomotor:Start () (at ./Library/PackageCache/com.meta.xr.sdk.interaction@875abb30439c/Runtime/Scripts/Interaction/Models/Locomotion/FirstPersonLocomotor.cs:444)

(Filename: ./Library/PackageCache/com.meta.xr.sdk.interaction@875abb30439c/Runtime/Scripts/Utils/AssertUtils.cs Line: 252)

Setting linear velocity of a kinematic body is not supported.
UnityEngine.Debug:ExtractStackTraceNoAlloc (byte*,int,string)
UnityEngine.StackTraceUtility:ExtractStackTrace ()
UnityEngine.Rigidbody:set_linearVelocity (UnityEngine.Vector3)
Opus.Shell.OrchardReachSceneController:DriveDemoHandAndFruit () (at Assets/Shell/Runtime/OrchardReachSceneController.cs:542)
Opus.Shell.OrchardReachSceneController:Update () (at Assets/Shell/Runtime/OrchardReachSceneController.cs:373)

[Assets/Shell/Runtime/OrchardReachSceneController.cs line 542]

[OPUS] HandleFormSignal: kind=trunk_lean active=True leanCm=20.0 demoElapsedMs=317
UnityEngine.Debug:ExtractStackTraceNoAlloc (byte*,int,string)
UnityEngine.StackTraceUtility:ExtractStackTrace ()
UnityEngine.DebugLogHandler:Internal_Log (UnityEngine.LogType,UnityEngine.LogOption,string,UnityEngine.Object)
UnityEngine.DebugLogHandler:LogFormat (UnityEngine.LogType,UnityEngine.Object,string,object[])
UnityEngine.Logger:Log (UnityEngine.LogType,object)
UnityEngine.Debug:Log (object)
Opus.Shell.OrchardReachSceneController:HandleFormSignal (Opus.Sdk.FormWarningSignal) (at Assets/Shell/Runtime/OrchardReachSceneController.cs:432)
Opus.Sdk.FormFeedback:TickLean (double,double) (at ./Packages/com.opus.sdk/Runtime/Feedback/FormFeedback.cs:74)
Opus.Sdk.FormFeedback:Tick (double,double,bool,bool) (at ./Packages/com.opus.sdk/Runtime/Feedback/FormFeedback.cs:60)
Opus.Shell.OrchardReachSceneController:TickFormFeedbackAndHaptics (Opus.Sdk.IHandSource) (at Assets/Shell/Runtime/OrchardReachSceneController.cs:426)
Opus.Shell.OrchardReachSceneController:Update () (at Assets/Shell/Runtime/OrchardReachSceneController.cs:375)

(Filename: Assets/Shell/Runtime/OrchardReachSceneController.cs Line: 432)

[OPUS] HandleFormSignal: kind=trunk_lean active=False leanCm=0.0 demoElapsedMs=600
UnityEngine.Debug:ExtractStackTraceNoAlloc (byte*,int,string)
UnityEngine.StackTraceUtility:ExtractStackTrace ()
UnityEngine.DebugLogHandler:Internal_Log (UnityEngine.LogType,UnityEngine.LogOption,string,UnityEngine.Object)
UnityEngine.DebugLogHandler:LogFormat (UnityEngine.LogType,UnityEngine.Object,string,object[])
UnityEngine.Logger:Log (UnityEngine.LogType,object)
UnityEngine.Debug:Log (object)
Opus.Shell.OrchardReachSceneController:HandleFormSignal (Opus.Sdk.FormWarningSignal) (at Assets/Shell/Runtime/OrchardReachSceneController.cs:432)
Opus.Sdk.FormFeedback:TickLean (double,double) (at ./Packages/com.opus.sdk/Runtime/Feedback/FormFeedback.cs:83)
Opus.Sdk.FormFeedback:Tick (double,double,bool,bool) (at ./Packages/com.opus.sdk/Runtime/Feedback/FormFeedback.cs:60)
Opus.Shell.OrchardReachSceneController:TickFormFeedbackAndHaptics (Opus.Sdk.IHandSource) (at Assets/Shell/Runtime/OrchardReachSceneController.cs:426)
Opus.Shell.OrchardReachSceneController:Update () (at Assets/Shell/Runtime/OrchardReachSceneController.cs:375)

(Filename: Assets/Shell/Runtime/OrchardReachSceneController.cs Line: 432)

Setting linear velocity of a kinematic body is not supported.
UnityEngine.Debug:ExtractStackTraceNoAlloc (byte*,int,string)
UnityEngine.StackTraceUtility:ExtractStackTrace ()
UnityEngine.Rigidbody:set_linearVelocity (UnityEngine.Vector3)
Opus.Shell.OrchardReachSceneController:HandleTrialEvent (Opus.Sdk.TrialEvent) (at Assets/Shell/Runtime/OrchardReachSceneController.cs:735)
Opus.Games.OrchardReach.OrchardReachModule:Emit (string,string,Opus.Sdk.TrialTarget,string) (at Assets/Games/OrchardReach/Runtime/OrchardReachModule.cs:195)
Opus.Games.OrchardReach.OrchardReachModule:EmitSignal (System.Nullable`1<Opus.Games.OrchardReach.TrialSignal>,string,Opus.Sdk.TrialTarget) (at Assets/Games/OrchardReach/Runtime/OrchardReachModule.cs:211)
Opus.Games.OrchardReach.OrchardReachModule:StartNextTrial (double) (at Assets/Games/OrchardReach/Runtime/OrchardReachModule.cs:117)
Opus.Games.OrchardReach.OrchardReachModule:OnTrialFinished (Opus.Games.OrchardReach.TrialOutcome,double) (at Assets/Games/OrchardReach/Runtime/OrchardReachModule.cs:181)
Opus.Games.OrchardReach.OrchardReachModule:ConfirmPlacedInBasket (double) (at Assets/Games/OrchardReach/Runtime/OrchardReachModule.cs:172)
Opus.Shell.OrchardReachSceneController:OnFruitEnteredBasket () (at Assets/Shell/Runtime/OrchardReachSceneController.cs:683)
Opus.Shell.OrchardReachSceneController:<Awake>b__67_1 (UnityEngine.GameObject) (at Assets/Shell/Runtime/OrchardReachSceneController.cs:204)
Opus.Shell.BasketTrigger:OnTriggerEnter (UnityEngine.Collider) (at Assets/Shell/Runtime/BasketTrigger.cs:23)

[Assets/Shell/Runtime/OrchardReachSceneController.cs line 735]

Setting linear velocity of a kinematic body is not supported.
UnityEngine.Debug:ExtractStackTraceNoAlloc (byte*,int,string)
UnityEngine.StackTraceUtility:ExtractStackTrace ()
UnityEngine.Rigidbody:set_linearVelocity (UnityEngine.Vector3)
Opus.Shell.OrchardReachSceneController:DriveDemoHandAndFruit () (at Assets/Shell/Runtime/OrchardReachSceneController.cs:542)
Opus.Shell.OrchardReachSceneController:Update () (at Assets/Shell/Runtime/OrchardReachSceneController.cs:373)

[Assets/Shell/Runtime/OrchardReachSceneController.cs line 542]

[OPUS] HandleFormSignal: kind=low_confidence active=True leanCm=0.0 demoElapsedMs=1501
UnityEngine.Debug:ExtractStackTraceNoAlloc (byte*,int,string)
UnityEngine.StackTraceUtility:ExtractStackTrace ()
UnityEngine.DebugLogHandler:Internal_Log (UnityEngine.LogType,UnityEngine.LogOption,string,UnityEngine.Object)
UnityEngine.DebugLogHandler:LogFormat (UnityEngine.LogType,UnityEngine.Object,string,object[])
UnityEngine.Logger:Log (UnityEngine.LogType,object)
UnityEngine.Debug:Log (object)
Opus.Shell.OrchardReachSceneController:HandleFormSignal (Opus.Sdk.FormWarningSignal) (at Assets/Shell/Runtime/OrchardReachSceneController.cs:432)
Opus.Sdk.FormFeedback:TickTracking (double,bool) (at ./Packages/com.opus.sdk/Runtime/Feedback/FormFeedback.cs:96)
Opus.Sdk.FormFeedback:Tick (double,double,bool,bool) (at ./Packages/com.opus.sdk/Runtime/Feedback/FormFeedback.cs:61)
Opus.Shell.OrchardReachSceneController:TickFormFeedbackAndHaptics (Opus.Sdk.IHandSource) (at Assets/Shell/Runtime/OrchardReachSceneController.cs:426)
Opus.Shell.OrchardReachSceneController:Update () (at Assets/Shell/Runtime/OrchardReachSceneController.cs:375)

(Filename: Assets/Shell/Runtime/OrchardReachSceneController.cs Line: 432)

[OPUS] HandleFormSignal: kind=low_confidence active=False leanCm=0.0 demoElapsedMs=1701
UnityEngine.Debug:ExtractStackTraceNoAlloc (byte*,int,string)
UnityEngine.StackTraceUtility:ExtractStackTrace ()
UnityEngine.DebugLogHandler:Internal_Log (UnityEngine.LogType,UnityEngine.LogOption,string,UnityEngine.Object)
UnityEngine.DebugLogHandler:LogFormat (UnityEngine.LogType,UnityEngine.Object,string,object[])
UnityEngine.Logger:Log (UnityEngine.LogType,object)
UnityEngine.Debug:Log (object)
Opus.Shell.OrchardReachSceneController:HandleFormSignal (Opus.Sdk.FormWarningSignal) (at Assets/Shell/Runtime/OrchardReachSceneController.cs:432)
Opus.Sdk.FormFeedback:TickTracking (double,bool) (at ./Packages/com.opus.sdk/Runtime/Feedback/FormFeedback.cs:105)
Opus.Sdk.FormFeedback:Tick (double,double,bool,bool) (at ./Packages/com.opus.sdk/Runtime/Feedback/FormFeedback.cs:61)
Opus.Shell.OrchardReachSceneController:TickFormFeedbackAndHaptics (Opus.Sdk.IHandSource) (at Assets/Shell/Runtime/OrchardReachSceneController.cs:426)
Opus.Shell.OrchardReachSceneController:Update () (at Assets/Shell/Runtime/OrchardReachSceneController.cs:375)

(Filename: Assets/Shell/Runtime/OrchardReachSceneController.cs Line: 432)

Setting linear velocity of a kinematic body is not supported.
UnityEngine.Debug:ExtractStackTraceNoAlloc (byte*,int,string)
UnityEngine.StackTraceUtility:ExtractStackTrace ()
UnityEngine.Rigidbody:set_linearVelocity (UnityEngine.Vector3)
Opus.Shell.OrchardReachSceneController:HandleTrialEvent (Opus.Sdk.TrialEvent) (at Assets/Shell/Runtime/OrchardReachSceneController.cs:735)
Opus.Games.OrchardReach.OrchardReachModule:Emit (string,string,Opus.Sdk.TrialTarget,string) (at Assets/Games/OrchardReach/Runtime/OrchardReachModule.cs:195)
Opus.Games.OrchardReach.OrchardReachModule:EmitSignal (System.Nullable`1<Opus.Games.OrchardReach.TrialSignal>,string,Opus.Sdk.TrialTarget) (at Assets/Games/OrchardReach/Runtime/OrchardReachModule.cs:211)
Opus.Games.OrchardReach.OrchardReachModule:StartNextTrial (double) (at Assets/Games/OrchardReach/Runtime/OrchardReachModule.cs:117)
Opus.Games.OrchardReach.OrchardReachModule:OnTrialFinished (Opus.Games.OrchardReach.TrialOutcome,double) (at Assets/Games/OrchardReach/Runtime/OrchardReachModule.cs:181)
Opus.Games.OrchardReach.OrchardReachModule:ConfirmPlacedInBasket (double) (at Assets/Games/OrchardReach/Runtime/OrchardReachModule.cs:172)
Opus.Shell.OrchardReachSceneController:OnFruitEnteredBasket () (at Assets/Shell/Runtime/OrchardReachSceneController.cs:683)
Opus.Shell.OrchardReachSceneController:<Awake>b__67_1 (UnityEngine.GameObject) (at Assets/Shell/Runtime/OrchardReachSceneController.cs:204)
Opus.Shell.BasketTrigger:OnTriggerEnter (UnityEngine.Collider) (at Assets/Shell/Runtime/BasketTrigger.cs:23)

[Assets/Shell/Runtime/OrchardReachSceneController.cs line 735]

Setting linear velocity of a kinematic body is not supported.
UnityEngine.Debug:ExtractStackTraceNoAlloc (byte*,int,string)
UnityEngine.StackTraceUtility:ExtractStackTrace ()
UnityEngine.Rigidbody:set_linearVelocity (UnityEngine.Vector3)
Opus.Shell.OrchardReachSceneController:DriveDemoHandAndFruit () (at Assets/Shell/Runtime/OrchardReachSceneController.cs:542)
Opus.Shell.OrchardReachSceneController:Update () (at Assets/Shell/Runtime/OrchardReachSceneController.cs:373)

[Assets/Shell/Runtime/OrchardReachSceneController.cs line 542]

Setting linear velocity of a kinematic body is not supported.
UnityEngine.Debug:ExtractStackTraceNoAlloc (byte*,int,string)
UnityEngine.StackTraceUtility:ExtractStackTrace ()
UnityEngine.Rigidbody:set_linearVelocity (UnityEngine.Vector3)
Opus.Shell.OrchardReachSceneController:HandleTrialEvent (Opus.Sdk.TrialEvent) (at Assets/Shell/Runtime/OrchardReachSceneController.cs:735)
Opus.Games.OrchardReach.OrchardReachModule:Emit (string,string,Opus.Sdk.TrialTarget,string) (at Assets/Games/OrchardReach/Runtime/OrchardReachModule.cs:195)
Opus.Games.OrchardReach.OrchardReachModule:EmitSignal (System.Nullable`1<Opus.Games.OrchardReach.TrialSignal>,string,Opus.Sdk.TrialTarget) (at Assets/Games/OrchardReach/Runtime/OrchardReachModule.cs:211)
Opus.Games.OrchardReach.OrchardReachModule:StartNextTrial (double) (at Assets/Games/OrchardReach/Runtime/OrchardReachModule.cs:117)
Opus.Games.OrchardReach.OrchardReachModule:OnTrialFinished (Opus.Games.OrchardReach.TrialOutcome,double) (at Assets/Games/OrchardReach/Runtime/OrchardReachModule.cs:181)
Opus.Games.OrchardReach.OrchardReachModule:Tick (double,Opus.Sdk.IHandSource) (at Assets/Games/OrchardReach/Runtime/OrchardReachModule.cs:154)
Opus.Shell.OrchardReachSceneController:Update () (at Assets/Shell/Runtime/OrchardReachSceneController.cs:371)

[Assets/Shell/Runtime/OrchardReachSceneController.cs line 735]

Setting linear velocity of a kinematic body is not supported.
UnityEngine.Debug:ExtractStackTraceNoAlloc (byte*,int,string)
UnityEngine.StackTraceUtility:ExtractStackTrace ()
UnityEngine.Rigidbody:set_linearVelocity (UnityEngine.Vector3)
Opus.Shell.OrchardReachSceneController:DriveDemoHandAndFruit () (at Assets/Shell/Runtime/OrchardReachSceneController.cs:542)
Opus.Shell.OrchardReachSceneController:Update () (at Assets/Shell/Runtime/OrchardReachSceneController.cs:373)

[Assets/Shell/Runtime/OrchardReachSceneController.cs line 542]

Setting linear velocity of a kinematic body is not supported.
UnityEngine.Debug:ExtractStackTraceNoAlloc (byte*,int,string)
UnityEngine.StackTraceUtility:ExtractStackTrace ()
UnityEngine.Rigidbody:set_linearVelocity (UnityEngine.Vector3)
Opus.Shell.OrchardReachSceneController:HandleTrialEvent (Opus.Sdk.TrialEvent) (at Assets/Shell/Runtime/OrchardReachSceneController.cs:735)
Opus.Games.OrchardReach.OrchardReachModule:Emit (string,string,Opus.Sdk.TrialTarget,string) (at Assets/Games/OrchardReach/Runtime/OrchardReachModule.cs:195)
Opus.Games.OrchardReach.OrchardReachModule:EmitSignal (System.Nullable`1<Opus.Games.OrchardReach.TrialSignal>,string,Opus.Sdk.TrialTarget) (at Assets/Games/OrchardReach/Runtime/OrchardReachModule.cs:211)
Opus.Games.OrchardReach.OrchardReachModule:StartNextTrial (double) (at Assets/Games/OrchardReach/Runtime/OrchardReachModule.cs:117)
Opus.Games.OrchardReach.OrchardReachModule:OnTrialFinished (Opus.Games.OrchardReach.TrialOutcome,double) (at Assets/Games/OrchardReach/Runtime/OrchardReachModule.cs:181)
Opus.Games.OrchardReach.OrchardReachModule:Tick (double,Opus.Sdk.IHandSource) (at Assets/Games/OrchardReach/Runtime/OrchardReachModule.cs:154)
Opus.Shell.OrchardReachSceneController:Update () (at Assets/Shell/Runtime/OrchardReachSceneController.cs:371)

[Assets/Shell/Runtime/OrchardReachSceneController.cs line 735]

Setting linear velocity of a kinematic body is not supported.
UnityEngine.Debug:ExtractStackTraceNoAlloc (byte*,int,string)
UnityEngine.StackTraceUtility:ExtractStackTrace ()
UnityEngine.Rigidbody:set_linearVelocity (UnityEngine.Vector3)
Opus.Shell.OrchardReachSceneController:DriveDemoHandAndFruit () (at Assets/Shell/Runtime/OrchardReachSceneController.cs:542)
Opus.Shell.OrchardReachSceneController:Update () (at Assets/Shell/Runtime/OrchardReachSceneController.cs:373)

[Assets/Shell/Runtime/OrchardReachSceneController.cs line 542]

Setting linear velocity of a kinematic body is not supported.
UnityEngine.Debug:ExtractStackTraceNoAlloc (byte*,int,string)
UnityEngine.StackTraceUtility:ExtractStackTrace ()
UnityEngine.Rigidbody:set_linearVelocity (UnityEngine.Vector3)
Opus.Shell.OrchardReachSceneController:HandleTrialEvent (Opus.Sdk.TrialEvent) (at Assets/Shell/Runtime/OrchardReachSceneController.cs:735)
Opus.Games.OrchardReach.OrchardReachModule:Emit (string,string,Opus.Sdk.TrialTarget,string) (at Assets/Games/OrchardReach/Runtime/OrchardReachModule.cs:195)
Opus.Games.OrchardReach.OrchardReachModule:EmitSignal (System.Nullable`1<Opus.Games.OrchardReach.TrialSignal>,string,Opus.Sdk.TrialTarget) (at Assets/Games/OrchardReach/Runtime/OrchardReachModule.cs:211)
Opus.Games.OrchardReach.OrchardReachModule:StartNextTrial (double) (at Assets/Games/OrchardReach/Runtime/OrchardReachModule.cs:117)
Opus.Games.OrchardReach.OrchardReachModule:OnTrialFinished (Opus.Games.OrchardReach.TrialOutcome,double) (at Assets/Games/OrchardReach/Runtime/OrchardReachModule.cs:181)
Opus.Games.OrchardReach.OrchardReachModule:Tick (double,Opus.Sdk.IHandSource) (at Assets/Games/OrchardReach/Runtime/OrchardReachModule.cs:154)
Opus.Shell.OrchardReachSceneController:Update () (at Assets/Shell/Runtime/OrchardReachSceneController.cs:371)

[Assets/Shell/Runtime/OrchardReachSceneController.cs line 735]

Setting linear velocity of a kinematic body is not supported.
UnityEngine.Debug:ExtractStackTraceNoAlloc (byte*,int,string)
UnityEngine.StackTraceUtility:ExtractStackTrace ()
UnityEngine.Rigidbody:set_linearVelocity (UnityEngine.Vector3)
Opus.Shell.OrchardReachSceneController:DriveDemoHandAndFruit () (at Assets/Shell/Runtime/OrchardReachSceneController.cs:542)
Opus.Shell.OrchardReachSceneController:Update () (at Assets/Shell/Runtime/OrchardReachSceneController.cs:373)

[Assets/Shell/Runtime/OrchardReachSceneController.cs line 542]

[OPUS] HapticIntegrationTest: sleeve absent -> trialsCompleted=3 after 40.0s
UnityEngine.Debug:ExtractStackTraceNoAlloc (byte*,int,string)
UnityEngine.StackTraceUtility:ExtractStackTrace ()
UnityEngine.DebugLogHandler:Internal_Log (UnityEngine.LogType,UnityEngine.LogOption,string,UnityEngine.Object)
UnityEngine.DebugLogHandler:LogFormat (UnityEngine.LogType,UnityEngine.Object,string,object[])
UnityEngine.Logger:Log (UnityEngine.LogType,object)
UnityEngine.Debug:Log (object)
Opus.Shell.Tests.PlayMode.HapticIntegrationTests/<DemoSession_SleeveNeverAnswers_SessionStillCompletes>d__11:MoveNext () (at Assets/Shell/Tests/PlayMode/HapticIntegrationTests.cs:240)
UnityEngine.TestTools.TestEnumerator/<Execute>d__7:MoveNext () (at ./Library/PackageCache/com.unity.test-framework@76560ee600cb/UnityEngine.TestRunner/NUnitExtensions/Attributes/TestEnumerator.cs:44)
UnityEngine.TestTools.EnumerableTestMethodCommand/<ExecuteEnumerableAndRecordExceptions>d__4:MoveNext () (at ./Library/PackageCache/com.unity.test-framework@76560ee600cb/UnityEngine.TestRunner/NUnitExtensions/Commands/EnumerableTestMethodCommand.cs:79)
UnityEngine.TestTools.EnumerableTestMethodCommand:AdvanceEnumerator (System.Collections.IEnumerator) (at ./Library/PackageCache/com.unity.test-framework@76560ee600cb/UnityEngine.TestRunner/NUnitExtensions/Commands/EnumerableTestMethodCommand.cs:64)
UnityEngine.TestTools.EnumerableTestMethodCommand/<ExecuteEnumerable>d__2:MoveNext () (at ./Library/PackageCache/com.unity.test-framework@76560ee600cb/UnityEngine.TestRunner/NUnitExtensions/Commands/EnumerableTestMethodCommand.cs:47)
UnityEngine.TestRunner.NUnitExtensions.Runner.UnityLogCheckDelegatingCommand/<ExecuteEnumerable>d__3:MoveNext () (at ./Library/PackageCache/com.unity.test-framework@76560ee600cb/UnityEngine.TestRunner/NUnitExtensions/Runner/UnityLogCheckDelegatingCommand.cs:48)
UnityEngine.TestTools.BeforeAfterTestCommandBase`1/<ExecuteEnumerable>d__16<NUnit.Framework.ITestAction>:MoveNext () (at ./Library/PackageCache/com.unity.test-framework@76560ee600cb/UnityEngine.TestRunner/NUnitExtensions/Commands/BeforeAfterTestCommandBase.cs:212)
UnityEngine.TestTools.BeforeAfterTestCommandBase`1/<ExecuteEnumerable>d__16<System.Reflection.MethodInfo>:MoveNext () (at ./Library/PackageCache/com.unity.test-framework@76560ee600cb/UnityEngine.TestRunner/NUnitExtensions/Commands/BeforeAfterTestCommandBase.cs:212)
UnityEngine.TestTools.BeforeAfterTestCommandBase`1/<ExecuteEnumerable>d__16<System.Reflection.MethodInfo>:MoveNext () (at ./Library/PackageCache/com.unity.test-framework@76560ee600cb/UnityEngine.TestRunner/NUnitExtensions/Commands/BeforeAfterTestCommandBase.cs:212)
UnityEngine.TestTools.BeforeAfterTestCommandBase`1/<ExecuteEnumerable>d__16<UnityEngine.TestTools.IOuterUnityTestAction>:MoveNext () (at ./Library/PackageCache/com.unity.test-framework@76560ee600cb/UnityEngine.TestRunner/NUnitExtensions/Commands/BeforeAfterTestCommandBase.cs:212)
UnityEngine.TestTools.RetryCommand/<ExecuteEnumerable>d__2:MoveNext () (at ./Library/PackageCache/com.unity.test-framework@76560ee600cb/UnityEngine.TestRunner/NUnitExtensions/Commands/RetryCommand.cs:37)
UnityEngine.TestTools.RepeatCommand/<ExecuteEnumerable>d__2:MoveNext () (at ./Library/PackageCache/com.unity.test-framework@76560ee600cb/UnityEngine.TestRunner/NUnitExtensions/Commands/RepeatCommand.cs:36)
UnityEngine.TestTools.IgnoreTestCommand/<ExecuteEnumerable>d__3:MoveNext () (at ./Library/PackageCache/com.unity.test-framework@76560ee600cb/UnityEngine.TestRunner/NUnitExtensions/Commands/IgnoreTestCommand.cs:42)
UnityEngine.TestTools.StrictCheckCommand/<ExecuteEnumerable>d__2:MoveNext () (at ./Library/PackageCache/com.unity.test-framework@76560ee600cb/UnityEngine.TestRunner/NUnitExtensions/Commands/StrictCheckCommand.cs:29)
UnityEngine.TestTools.Utils.CoroutineRunner/<WrapEnumeratorForChecks>d__8:MoveNext () (at ./Library/PackageCache/com.unity.test-framework@76560ee600cb/UnityEngine.TestRunner/Utils/CoroutineRunner.cs:58)
UnityEngine.SetupCoroutine:InvokeMoveNext (System.Collections.IEnumerator,intptr)

(Filename: Assets/Shell/Tests/PlayMode/HapticIntegrationTests.cs Line: 240)

[TestRunnerTools] Test Finished: Opus.Shell.Tests.PlayMode.HapticIntegrationTests.DemoSession_SleeveNeverAnswers_SessionStillCompletes, ResultState: Failed, Duration: 40.686s, Message:   session did not complete its trials — a missing/unresponsive sleeve must not stall the game loop.
  Expected: greater than or equal to 6
  But was:  3
UnityEngine.Debug:ExtractStackTraceNoAlloc (byte*,int,string)
UnityEngine.StackTraceUtility:ExtractStackTrace ()
UnityEngine.DebugLogHandler:Internal_Log (UnityEngine.LogType,UnityEngine.LogOption,string,UnityEngine.Object)
UnityEngine.DebugLogHandler:LogFormat (UnityEngine.LogType,UnityEngine.Object,string,object[])
UnityEngine.Logger:Log (UnityEngine.LogType,object)
UnityEngine.Debug:Log (object)
Meta.MCPBridge.Editor.TestRunnerTools:OnTestFinished (UnityEditor.TestTools.TestRunner.Api.ITestResultAdaptor) (at ./Library/PackageCache/com.meta.xr.sdk.core@4ea2676097b9/Editor/MCPBridge/TestRunnerTools.cs:847)
Meta.MCPBridge.Editor.TestRunnerTools/TestRunnerCallbacks:TestFinished (UnityEditor.TestTools.TestRunner.Api.ITestResultAdaptor) (at ./Library/PackageCache/com.meta.xr.sdk.core@4ea2676097b9/Editor/MCPBridge/TestRunnerTools.cs:904)
UnityEditor.TestTools.TestRunner.Api.CallbacksDelegator/<>c__DisplayClass14_0:<TestFinished>b__0 (UnityEditor.TestTools.TestRunner.Api.ICallbacks) (at ./Library/PackageCache/com.unity.test-framework@76560ee600cb/UnityEditor.TestRunner/Api/CallbacksDelegator.cs:95)
UnityEditor.TestTools.TestRunner.Api.CallbacksDelegator:TryInvokeAllCallbacks (System.Action`1<UnityEditor.TestTools.TestRunner.Api.ICallbacks>) (at ./Library/PackageCache/com.unity.test-framework@76560ee600cb/UnityEditor.TestRunner/Api/CallbacksDelegator.cs:135)
UnityEditor.TestTools.TestRunner.Api.CallbacksDelegator:TestFinished (NUnit.Framework.Interfaces.ITestResult) (at ./Library/PackageCache/com.unity.test-framework@76560ee600cb/UnityEditor.TestRunner/Api/CallbacksDelegator.cs:95)
UnityEngine.Events.InvokableCall`1<NUnit.Framework.Interfaces.ITestResult>:Invoke (NUnit.Framework.Interfaces.ITestResult)
UnityEngine.Events.UnityEvent`1<NUnit.Framework.Interfaces.ITestResult>:Invoke (NUnit.Framework.Interfaces.ITestResult)
UnityEngine.Events.InvokableCall`1<NUnit.Framework.Interfaces.ITestResult>:Invoke (NUnit.Framework.Interfaces.ITestResult)
UnityEngine.Events.UnityEvent`1<NUnit.Framework.Interfaces.ITestResult>:Invoke (NUnit.Framework.Interfaces.ITestResult)
UnityEngine.TestTools.TestRunner.TestListenerWrapper:TestFinished (NUnit.Framework.Interfaces.ITestResult) (at ./Library/PackageCache/com.unity.test-framework@76560ee600cb/UnityEngine.TestRunner/TestRunner/TestListenerWrapper.cs:24)
UnityEngine.TestRunner.NUnitExtensions.Runner.UnityWorkItem:WorkItemComplete () (at ./Library/PackageCache/com.unity.test-framework@76560ee600cb/UnityEngine.TestRunner/NUnitExtensions/Runner/UnityWorkItem.cs:107)
UnityEngine.TestRunner.NUnitExtensions.Runner.CoroutineTestWorkItem/<PerformWork>d__6:<>m__Finally1 () (at ./Library/PackageCache/com.unity.test-framework@76560ee600cb/UnityEngine.TestRunner/NUnitExtensions/Runner/CoroutineTestWorkItem.cs:59)
UnityEngine.TestRunner.NUnitExtensions.Runner.CoroutineTestWorkItem/<PerformWork>d__6:MoveNext () (at ./Library/PackageCache/com.unity.test-framework@76560ee600cb/UnityEngine.TestRunner/NUnitExtensions/Runner/CoroutineTestWorkItem.cs:56)
UnityEngine.TestRunner.NUnitExtensions.Runner.CompositeWorkItem/<RunChildren>d__17:MoveNext () (at ./Library/PackageCache/com.unity.test-framework@76560ee600cb/UnityEngine.TestRunner/NUnitExtensions/Runner/CompositeWorkItem.cs:207)
UnityEngine.TestRunner.NUnitExtensions.Runner.CompositeWorkItem/<PerformWork>d__13:MoveNext () (at ./Library/PackageCache/com.unity.test-framework@76560ee600cb/UnityEngine.TestRunner/NUnitExtensions/Runner/CompositeWorkItem.cs:82)
UnityEngine.TestRunner.NUnitExtensions.Runner.CompositeWorkItem/<RunChildren>d__17:MoveNext () (at ./Library/PackageCache/com.unity.test-framework@76560ee600cb/UnityEngine.TestRunner/NUnitExtensions/Runner/CompositeWorkItem.cs:207)
UnityEngine.TestRunner.NUnitExtensions.Runner.CompositeWorkItem/<PerformWork>d__13:MoveNext () (at ./Library/PackageCache/com.unity.test-framework@76560ee600cb/UnityEngine.TestRunner/NUnitExtensions/Runner/CompositeWorkItem.cs:82)
UnityEngine.TestRunner.NUnitExtensions.Runner.CompositeWorkItem/<RunChildren>d__17:MoveNext () (at ./Library/PackageCache/com.unity.test-framework@76560ee600cb/UnityEngine.TestRunner/NUnitExtensions/Runner/CompositeWorkItem.cs:207)
UnityEngine.TestRunner.NUnitExtensions.Runner.CompositeWorkItem/<PerformWork>d__13:MoveNext () (at ./Library/PackageCache/com.unity.test-framework@76560ee600cb/UnityEngine.TestRunner/NUnitExtensions/Runner/CompositeWorkItem.cs:82)
UnityEngine.TestRunner.NUnitExtensions.Runner.CompositeWorkItem/<RunChildren>d__17:MoveNext () (at ./Library/PackageCache/com.unity.test-framework@76560ee600cb/UnityEngine.TestRunner/NUnitExtensions/Runner/CompositeWorkItem.cs:207)
UnityEngine.TestRunner.NUnitExtensions.Runner.CompositeWorkItem/<PerformWork>d__13:MoveNext () (at ./Library/PackageCache/com.unity.test-framework@76560ee600cb/UnityEngine.TestRunner/NUnitExtensions/Runner/CompositeWorkItem.cs:82)
UnityEngine.TestRunner.NUnitExtensions.Runner.CompositeWorkItem/<RunChildren>d__17:MoveNext () (at ./Library/PackageCache/com.unity.test-framework@76560ee600cb/UnityEngine.TestRunner/NUnitExtensions/Runner/CompositeWorkItem.cs:207)
UnityEngine.TestRunner.NUnitExtensions.Runner.CompositeWorkItem/<PerformWork>d__13:MoveNext () (at ./Library/PackageCache/com.unity.test-framework@76560ee600cb/UnityEngine.TestRunner/NUnitExtensions/Runner/CompositeWorkItem.cs:82)
UnityEngine.TestRunner.NUnitExtensions.Runner.CompositeWorkItem/<RunChildren>d__17:MoveNext () (at ./Library/PackageCache/com.unity.test-framework@76560ee600cb/UnityEngine.TestRunner/NUnitExtensions/Runner/CompositeWorkItem.cs:207)
UnityEngine.TestRunner.NUnitExtensions.Runner.CompositeWorkItem/<PerformWork>d__13:MoveNext () (at ./Library/PackageCache/com.unity.test-framework@76560ee600cb/UnityEngine.TestRunner/NUnitExtensions/Runner/CompositeWorkItem.cs:82)
UnityEngine.TestRunner.NUnitExtensions.Runner.CompositeWorkItem/<RunChildren>d__17:MoveNext () (at ./Library/PackageCache/com.unity.test-framework@76560ee600cb/UnityEngine.TestRunner/NUnitExtensions/Runner/CompositeWorkItem.cs:207)
UnityEngine.TestRunner.NUnitExtensions.Runner.CompositeWorkItem/<PerformWork>d__13:MoveNext () (at ./Library/PackageCache/com.unity.test-framework@76560ee600cb/UnityEngine.TestRunner/NUnitExtensions/Runner/CompositeWorkItem.cs:82)
UnityEngine.TestTools.TestRunner.PlaymodeTestsController/<TestRunnerCoroutine>d__24:MoveNext () (at ./Library/PackageCache/com.unity.test-framework@76560ee600cb/UnityEngine.TestRunner/TestRunner/PlaymodeTestsController.cs:93)
UnityEngine.SetupCoroutine:InvokeMoveNext (System.Collections.IEnumerator,intptr)

(Filename: ./Library/PackageCache/com.meta.xr.sdk.core@4ea2676097b9/Editor/MCPBridge/TestRunnerTools.cs Line: 847)

[TestRunnerTools] Test Started: Opus.Shell.Tests.PlayMode.HapticIntegrationTests.DemoSession_WithSleeve_ProducesOrderedCuesAndValidSession
UnityEngine.Debug:ExtractStackTraceNoAlloc (byte*,int,string)
UnityEngine.StackTraceUtility:ExtractStackTrace ()
UnityEngine.DebugLogHandler:Internal_Log (UnityEngine.LogType,UnityEngine.LogOption,string,UnityEngine.Object)
UnityEngine.DebugLogHandler:LogFormat (UnityEngine.LogType,UnityEngine.Object,string,object[])
UnityEngine.Logger:Log (UnityEngine.LogType,object)
UnityEngine.Debug:Log (object)
Meta.MCPBridge.Editor.TestRunnerTools:OnTestStarted (UnityEditor.TestTools.TestRunner.Api.ITestAdaptor) (at ./Library/PackageCache/com.meta.xr.sdk.core@4ea2676097b9/Editor/MCPBridge/TestRunnerTools.cs:838)
Meta.MCPBridge.Editor.TestRunnerTools/TestRunnerCallbacks:TestStarted (UnityEditor.TestTools.TestRunner.Api.ITestAdaptor) (at ./Library/PackageCache/com.meta.xr.sdk.core@4ea2676097b9/Editor/MCPBridge/TestRunnerTools.cs:899)
UnityEditor.TestTools.TestRunner.Api.CallbacksDelegator/<>c__DisplayClass12_0:<TestStarted>b__0 (UnityEditor.TestTools.TestRunner.Api.ICallbacks) (at ./Library/PackageCache/com.unity.test-framework@76560ee600cb/UnityEditor.TestRunner/Api/CallbacksDelegator.cs:81)
UnityEditor.TestTools.TestRunner.Api.CallbacksDelegator:TryInvokeAllCallbacks (System.Action`1<UnityEditor.TestTools.TestRunner.Api.ICallbacks>) (at ./Library/PackageCache/com.unity.test-framework@76560ee600cb/UnityEditor.TestRunner/Api/CallbacksDelegator.cs:135)
UnityEditor.TestTools.TestRunner.Api.CallbacksDelegator:TestStarted (NUnit.Framework.Interfaces.ITest) (at ./Library/PackageCache/com.unity.test-framework@76560ee600cb/UnityEditor.TestRunner/Api/CallbacksDelegator.cs:81)
UnityEngine.Events.InvokableCall`1<NUnit.Framework.Interfaces.ITest>:Invoke (NUnit.Framework.Interfaces.ITest)
UnityEngine.Events.UnityEvent`1<NUnit.Framework.Interfaces.ITest>:Invoke (NUnit.Framework.Interfaces.ITest)
UnityEngine.Events.InvokableCall`1<NUnit.Framework.Interfaces.ITest>:Invoke (NUnit.Framework.Interfaces.ITest)
UnityEngine.Events.UnityEvent`1<NUnit.Framework.Interfaces.ITest>:Invoke (NUnit.Framework.Interfaces.ITest)
UnityEngine.TestTools.TestRunner.TestListenerWrapper:TestStarted (NUnit.Framework.Interfaces.ITest) (at ./Library/PackageCache/com.unity.test-framework@76560ee600cb/UnityEngine.TestRunner/TestRunner/TestListenerWrapper.cs:19)
UnityEngine.TestRunner.NUnitExtensions.Runner.UnityWorkItem:Execute () (at ./Library/PackageCache/com.unity.test-framework@76560ee600cb/UnityEngine.TestRunner/NUnitExtensions/Runner/UnityWorkItem.cs:83)
UnityEngine.TestRunner.NUnitExtensions.Runner.CompositeWorkItem/<RunChildren>d__17:MoveNext () (at ./Library/PackageCache/com.unity.test-framework@76560ee600cb/UnityEngine.TestRunner/NUnitExtensions/Runner/CompositeWorkItem.cs:203)
UnityEngine.TestRunner.NUnitExtensions.Runner.CompositeWorkItem/<PerformWork>d__13:MoveNext () (at ./Library/PackageCache/com.unity.test-framework@76560ee600cb/UnityEngine.TestRunner/NUnitExtensions/Runner/CompositeWorkItem.cs:82)
UnityEngine.TestRunner.NUnitExtensions.Runner.CompositeWorkItem/<RunChildren>d__17:MoveNext () (at ./Library/PackageCache/com.unity.test-framework@76560ee600cb/UnityEngine.TestRunner/NUnitExtensions/Runner/CompositeWorkItem.cs:207)
UnityEngine.TestRunner.NUnitExtensions.Runner.CompositeWorkItem/<PerformWork>d__13:MoveNext () (at ./Library/PackageCache/com.unity.test-framework@76560ee600cb/UnityEngine.TestRunner/NUnitExtensions/Runner/CompositeWorkItem.cs:82)
UnityEngine.TestRunner.NUnitExtensions.Runner.CompositeWorkItem/<RunChildren>d__17:MoveNext () (at ./Library/PackageCache/com.unity.test-framework@76560ee600cb/UnityEngine.TestRunner/NUnitExtensions/Runner/CompositeWorkItem.cs:207)
UnityEngine.TestRunner.NUnitExtensions.Runner.CompositeWorkItem/<PerformWork>d__13:MoveNext () (at ./Library/PackageCache/com.unity.test-framework@76560ee600cb/UnityEngine.TestRunner/NUnitExtensions/Runner/CompositeWorkItem.cs:82)
UnityEngine.TestRunner.NUnitExtensions.Runner.CompositeWorkItem/<RunChildren>d__17:MoveNext () (at ./Library/PackageCache/com.unity.test-framework@76560ee600cb/UnityEngine.TestRunner/NUnitExtensions/Runner/CompositeWorkItem.cs:207)
UnityEngine.TestRunner.NUnitExtensions.Runner.CompositeWorkItem/<PerformWork>d__13:MoveNext () (at ./Library/PackageCache/com.unity.test-framework@76560ee600cb/UnityEngine.TestRunner/NUnitExtensions/Runner/CompositeWorkItem.cs:82)
UnityEngine.TestRunner.NUnitExtensions.Runner.CompositeWorkItem/<RunChildren>d__17:MoveNext () (at ./Library/PackageCache/com.unity.test-framework@76560ee600cb/UnityEngine.TestRunner/NUnitExtensions/Runner/CompositeWorkItem.cs:207)
UnityEngine.TestRunner.NUnitExtensions.Runner.CompositeWorkItem/<PerformWork>d__13:MoveNext () (at ./Library/PackageCache/com.unity.test-framework@76560ee600cb/UnityEngine.TestRunner/NUnitExtensions/Runner/CompositeWorkItem.cs:82)
UnityEngine.TestRunner.NUnitExtensions.Runner.CompositeWorkItem/<RunChildren>d__17:MoveNext () (at ./Library/PackageCache/com.unity.test-framework@76560ee600cb/UnityEngine.TestRunner/NUnitExtensions/Runner/CompositeWorkItem.cs:207)
UnityEngine.TestRunner.NUnitExtensions.Runner.CompositeWorkItem/<PerformWork>d__13:MoveNext () (at ./Library/PackageCache/com.unity.test-framework@76560ee600cb/UnityEngine.TestRunner/NUnitExtensions/Runner/CompositeWorkItem.cs:82)
UnityEngine.TestRunner.NUnitExtensions.Runner.CompositeWorkItem/<RunChildren>d__17:MoveNext () (at ./Library/PackageCache/com.unity.test-framework@76560ee600cb/UnityEngine.TestRunner/NUnitExtensions/Runner/CompositeWorkItem.cs:207)
UnityEngine.TestRunner.NUnitExtensions.Runner.CompositeWorkItem/<PerformWork>d__13:MoveNext () (at ./Library/PackageCache/com.unity.test-framework@76560ee600cb/UnityEngine.TestRunner/NUnitExtensions/Runner/CompositeWorkItem.cs:82)
UnityEngine.TestTools.TestRunner.PlaymodeTestsController/<TestRunnerCoroutine>d__24:MoveNext () (at ./Library/PackageCache/com.unity.test-framework@76560ee600cb/UnityEngine.TestRunner/TestRunner/PlaymodeTestsController.cs:93)
UnityEngine.SetupCoroutine:InvokeMoveNext (System.Collections.IEnumerator,intptr)

(Filename: ./Library/PackageCache/com.meta.xr.sdk.core@4ea2676097b9/Editor/MCPBridge/TestRunnerTools.cs Line: 838)

Unloading 82 Unused Serialized files (Serialized files now loaded: 0)
[OVRManager] OnDestroy
UnityEngine.Debug:ExtractStackTraceNoAlloc (byte*,int,string)
UnityEngine.StackTraceUtility:ExtractStackTrace ()
UnityEngine.DebugLogHandler:Internal_Log (UnityEngine.LogType,UnityEngine.LogOption,string,UnityEngine.Object)
UnityEngine.DebugLogHandler:LogFormat (UnityEngine.LogType,UnityEngine.Object,string,object[])
UnityEngine.Logger:Log (UnityEngine.LogType,object)
UnityEngine.Debug:Log (object)
OVRManager:OnDestroy () (at ./Library/PackageCache/com.meta.xr.sdk.core@4ea2676097b9/Scripts/OVRManager.cs:3452)

(Filename: ./Library/PackageCache/com.meta.xr.sdk.core@4ea2676097b9/Scripts/OVRManager.cs Line: 3452)

UnloadTime: 4.756500 ms
Found IOVRSkeletonDataProvider reference in [BuildingBlock] Hand Tracking left due to unassigned field.
UnityEngine.Debug:ExtractStackTraceNoAlloc (byte*,int,string)
UnityEngine.StackTraceUtility:ExtractStackTrace ()
UnityEngine.DebugLogHandler:Internal_Log (UnityEngine.LogType,UnityEngine.LogOption,string,UnityEngine.Object)
UnityEngine.DebugLogHandler:LogFormat (UnityEngine.LogType,UnityEngine.Object,string,object[])
UnityEngine.Logger:Log (UnityEngine.LogType,object)
UnityEngine.Debug:Log (object)
OVRSkeleton:Awake () (at ./Library/PackageCache/com.meta.xr.sdk.core@4ea2676097b9/Scripts/Util/OVRSkeleton.cs:520)

(Filename: ./Library/PackageCache/com.meta.xr.sdk.core@4ea2676097b9/Scripts/Util/OVRSkeleton.cs Line: 520)

Found IOVRSkeletonDataProvider reference in [BuildingBlock] Hand Tracking right due to unassigned field.
UnityEngine.Debug:ExtractStackTraceNoAlloc (byte*,int,string)
UnityEngine.StackTraceUtility:ExtractStackTrace ()
UnityEngine.DebugLogHandler:Internal_Log (UnityEngine.LogType,UnityEngine.LogOption,string,UnityEngine.Object)
UnityEngine.DebugLogHandler:LogFormat (UnityEngine.LogType,UnityEngine.Object,string,object[])
UnityEngine.Logger:Log (UnityEngine.LogType,object)
UnityEngine.Debug:Log (object)
OVRSkeleton:Awake () (at ./Library/PackageCache/com.meta.xr.sdk.core@4ea2676097b9/Scripts/Util/OVRSkeleton.cs:520)

(Filename: ./Library/PackageCache/com.meta.xr.sdk.core@4ea2676097b9/Scripts/Util/OVRSkeleton.cs Line: 520)

Setting linear velocity of a kinematic body is not supported.
UnityEngine.Debug:ExtractStackTraceNoAlloc (byte*,int,string)
UnityEngine.StackTraceUtility:ExtractStackTrace ()
UnityEngine.Rigidbody:set_linearVelocity (UnityEngine.Vector3)
Opus.Shell.OrchardReachSceneController:HandleTrialEvent (Opus.Sdk.TrialEvent) (at Assets/Shell/Runtime/OrchardReachSceneController.cs:735)
Opus.Games.OrchardReach.OrchardReachModule:Emit (string,string,Opus.Sdk.TrialTarget,string) (at Assets/Games/OrchardReach/Runtime/OrchardReachModule.cs:195)
Opus.Games.OrchardReach.OrchardReachModule:EmitSignal (System.Nullable`1<Opus.Games.OrchardReach.TrialSignal>,string,Opus.Sdk.TrialTarget) (at Assets/Games/OrchardReach/Runtime/OrchardReachModule.cs:211)
Opus.Games.OrchardReach.OrchardReachModule:StartNextTrial (double) (at Assets/Games/OrchardReach/Runtime/OrchardReachModule.cs:117)
Opus.Games.OrchardReach.OrchardReachModule:Begin () (at Assets/Games/OrchardReach/Runtime/OrchardReachModule.cs:80)
Opus.Shell.OrchardReachSceneController:Awake () (at Assets/Shell/Runtime/OrchardReachSceneController.cs:224)

[Assets/Shell/Runtime/OrchardReachSceneController.cs line 735]

Loaded scene 'Assets/Scenes/OrchardReach.unity'
	Deserialize:            179.725 ms
	Integration:            403.663 ms
	Integration of assets:  22.369 ms
	Thread Wait Time:       -0.838 ms
	Total Operation Time:   604.919 ms
[fake_haptic:err] [2026-09-18 22:28:32] INFO: [HAPTIC] Listening on UDP 0.0.0.0:8790
UnityEngine.Debug:ExtractStackTraceNoAlloc (byte*,int,string)
UnityEngine.StackTraceUtility:ExtractStackTrace ()
UnityEngine.DebugLogHandler:Internal_Log (UnityEngine.LogType,UnityEngine.LogOption,string,UnityEngine.Object)
UnityEngine.DebugLogHandler:LogFormat (UnityEngine.LogType,UnityEngine.Object,string,object[])
UnityEngine.Logger:Log (UnityEngine.LogType,object)
UnityEngine.Debug:Log (object)
Opus.Shell.Tests.PlayMode.HapticIntegrationTests/<>c:<StartFakeSleeve>b__7_1 (object,System.Diagnostics.DataReceivedEventArgs) (at Assets/Shell/Tests/PlayMode/HapticIntegrationTests.cs:84)
System.Diagnostics.Process:ErrorReadNotifyUser (string)
System.Diagnostics.AsyncStreamReader:FlushMessageQueue ()
System.Diagnostics.AsyncStreamReader:GetLinesFromStringBuilder ()
System.Diagnostics.AsyncStreamReader:ReadBuffer (System.IAsyncResult)
System.IO.Stream/ReadWriteTask:InvokeAsyncCallback (object)
System.Threading.ExecutionContext:RunInternal (System.Threading.ExecutionContext,System.Threading.ContextCallback,object,bool)
System.Threading.ExecutionContext:RunInternal (System.Threading.ExecutionContext,System.Threading.ContextCallback,object)
System.IO.Stream/ReadWriteTask:System.Threading.Tasks.ITaskCompletionAction.Invoke (System.Threading.Tasks.Task)
System.Threading.Tasks.Task:FinishContinuations ()
System.Threading.Tasks.Task:FinishStageThree ()
System.Threading.Tasks.Task:FinishStageTwo ()
System.Threading.Tasks.Task:Finish (bool)
System.Threading.Tasks.Task:ExecuteWithThreadLocal (System.Threading.Tasks.Task&)
System.Threading.Tasks.Task:ExecuteEntry (bool)
System.Threading.Tasks.Task:System.Threading.IThreadPoolWorkItem.ExecuteWorkItem ()
System.Threading.ThreadPoolWorkQueue:Dispatch ()
System.Threading._ThreadPoolWaitCallback:PerformWaitCallback ()

(Filename: Assets/Shell/Tests/PlayMode/HapticIntegrationTests.cs Line: 84)

[UdpHapticTransport] sleeve discovered at 172.18.228.97:8790 (device_id=sleeve-sim-01)
UnityEngine.Debug:ExtractStackTraceNoAlloc (byte*,int,string)
UnityEngine.StackTraceUtility:ExtractStackTrace ()
UnityEngine.DebugLogHandler:Internal_Log (UnityEngine.LogType,UnityEngine.LogOption,string,UnityEngine.Object)
UnityEngine.DebugLogHandler:LogFormat (UnityEngine.LogType,UnityEngine.Object,string,object[])
UnityEngine.Logger:Log (UnityEngine.LogType,object)
UnityEngine.Debug:Log (object)
Opus.Sdk.UdpHapticTransport/<DiscoveryLoopAsync>d__24:MoveNext () (at ./Packages/com.opus.sdk/Runtime/Transport/UdpHapticTransport.cs:191)
System.Runtime.CompilerServices.AsyncMethodBuilderCore/MoveNextRunner:InvokeMoveNext (object)
System.Threading.ExecutionContext:RunInternal (System.Threading.ExecutionContext,System.Threading.ContextCallback,object,bool)
System.Threading.ExecutionContext:Run (System.Threading.ExecutionContext,System.Threading.ContextCallback,object,bool)
System.Runtime.CompilerServices.AsyncMethodBuilderCore/MoveNextRunner:Run ()
System.Threading.Tasks.AwaitTaskContinuation:RunOrScheduleAction (System.Action,bool,System.Threading.Tasks.Task&)
System.Threading.Tasks.Task:FinishContinuations ()
System.Threading.Tasks.Task:FinishStageThree ()
System.Threading.Tasks.Task`1<System.Net.Sockets.UdpReceiveResult>:TrySetResult (System.Net.Sockets.UdpReceiveResult)
System.Threading.Tasks.TaskFactory`1<System.Net.Sockets.UdpReceiveResult>:FromAsyncCoreLogic (System.IAsyncResult,System.Func`2<System.IAsyncResult, System.Net.Sockets.UdpReceiveResult>,System.Action`1<System.IAsyncResult>,System.Threading.Tasks.Task`1<System.Net.Sockets.UdpReceiveResult>,bool)
System.Threading.Tasks.TaskFactory`1/<>c__DisplayClass35_0<System.Net.Sockets.UdpReceiveResult>:<FromAsyncImpl>b__0 (System.IAsyncResult)
System.Net.Sockets.SocketAsyncResult/<>c:<Complete>b__27_0 (object)
System.Threading.QueueUserWorkItemCallback:System.Threading.IThreadPoolWorkItem.ExecuteWorkItem ()
System.Threading.ThreadPoolWorkQueue:Dispatch ()
System.Threading._ThreadPoolWaitCallback:PerformWaitCallback ()

(Filename: ./Packages/com.opus.sdk/Runtime/Transport/UdpHapticTransport.cs Line: 191)

Unloading 16268 unused Assets / (9.4 MB). Loaded Objects now: 14933.
Memory consumption went from 319.6 MB to 310.2 MB.
Total: 26.170700 ms (FindLiveObjects: 1.526700 ms CreateObjectMapping: 0.904600 ms MarkObjects: 15.739700 ms  DeleteObjects: 7.998400 ms)

At GameObject <color=#3366ff><b>PlayerController</b></color>, component <b>FirstPersonLocomotor</b>. The ground could not be found below the locomotor for 10 meters. Velocity will be disabled.A) Add a ground collider under the character controller and/or adjust the CharacterController.LayerMask.
B) Set _velocityDisabled to disable movement and prevent falling without showing this warning.
C) Set _maxStartGroundDistance to 0 to disable this behaviour.
UnityEngine.Debug:ExtractStackTraceNoAlloc (byte*,int,string)
UnityEngine.StackTraceUtility:ExtractStackTrace ()
UnityEngine.DebugLogHandler:Internal_Log (UnityEngine.LogType,UnityEngine.LogOption,string,UnityEngine.Object)
UnityEngine.DebugLogHandler:LogFormat (UnityEngine.LogType,UnityEngine.Object,string,object[])
UnityEngine.Logger:Log (UnityEngine.LogType,object,UnityEngine.Object)
UnityEngine.Debug:LogWarning (object,UnityEngine.Object)
Oculus.Interaction.AssertUtils:LogWarning (UnityEngine.Component,string,string,string) (at ./Library/PackageCache/com.meta.xr.sdk.interaction@875abb30439c/Runtime/Scripts/Utils/AssertUtils.cs:252)
Oculus.Interaction.Locomotion.FirstPersonLocomotor:Start () (at ./Library/PackageCache/com.meta.xr.sdk.interaction@875abb30439c/Runtime/Scripts/Interaction/Models/Locomotion/FirstPersonLocomotor.cs:444)

(Filename: ./Library/PackageCache/com.meta.xr.sdk.interaction@875abb30439c/Runtime/Scripts/Utils/AssertUtils.cs Line: 252)

Setting linear velocity of a kinematic body is not supported.
UnityEngine.Debug:ExtractStackTraceNoAlloc (byte*,int,string)
UnityEngine.StackTraceUtility:ExtractStackTrace ()
UnityEngine.Rigidbody:set_linearVelocity (UnityEngine.Vector3)
Opus.Shell.OrchardReachSceneController:DriveDemoHandAndFruit () (at Assets/Shell/Runtime/OrchardReachSceneController.cs:542)
Opus.Shell.OrchardReachSceneController:Update () (at Assets/Shell/Runtime/OrchardReachSceneController.cs:373)

[Assets/Shell/Runtime/OrchardReachSceneController.cs line 542]

[OPUS] HandleFormSignal: kind=trunk_lean active=True leanCm=20.0 demoElapsedMs=310
UnityEngine.Debug:ExtractStackTraceNoAlloc (byte*,int,string)
UnityEngine.StackTraceUtility:ExtractStackTrace ()
UnityEngine.DebugLogHandler:Internal_Log (UnityEngine.LogType,UnityEngine.LogOption,string,UnityEngine.Object)
UnityEngine.DebugLogHandler:LogFormat (UnityEngine.LogType,UnityEngine.Object,string,object[])
UnityEngine.Logger:Log (UnityEngine.LogType,object)
UnityEngine.Debug:Log (object)
Opus.Shell.OrchardReachSceneController:HandleFormSignal (Opus.Sdk.FormWarningSignal) (at Assets/Shell/Runtime/OrchardReachSceneController.cs:432)
Opus.Sdk.FormFeedback:TickLean (double,double) (at ./Packages/com.opus.sdk/Runtime/Feedback/FormFeedback.cs:74)
Opus.Sdk.FormFeedback:Tick (double,double,bool,bool) (at ./Packages/com.opus.sdk/Runtime/Feedback/FormFeedback.cs:60)
Opus.Shell.OrchardReachSceneController:TickFormFeedbackAndHaptics (Opus.Sdk.IHandSource) (at Assets/Shell/Runtime/OrchardReachSceneController.cs:426)
Opus.Shell.OrchardReachSceneController:Update () (at Assets/Shell/Runtime/OrchardReachSceneController.cs:375)

(Filename: Assets/Shell/Runtime/OrchardReachSceneController.cs Line: 432)

[OPUS] HandleFormSignal: kind=trunk_lean active=False leanCm=0.0 demoElapsedMs=600
UnityEngine.Debug:ExtractStackTraceNoAlloc (byte*,int,string)
UnityEngine.StackTraceUtility:ExtractStackTrace ()
UnityEngine.DebugLogHandler:Internal_Log (UnityEngine.LogType,UnityEngine.LogOption,string,UnityEngine.Object)
UnityEngine.DebugLogHandler:LogFormat (UnityEngine.LogType,UnityEngine.Object,string,object[])
UnityEngine.Logger:Log (UnityEngine.LogType,object)
UnityEngine.Debug:Log (object)
Opus.Shell.OrchardReachSceneController:HandleFormSignal (Opus.Sdk.FormWarningSignal) (at Assets/Shell/Runtime/OrchardReachSceneController.cs:432)
Opus.Sdk.FormFeedback:TickLean (double,double) (at ./Packages/com.opus.sdk/Runtime/Feedback/FormFeedback.cs:83)
Opus.Sdk.FormFeedback:Tick (double,double,bool,bool) (at ./Packages/com.opus.sdk/Runtime/Feedback/FormFeedback.cs:60)
Opus.Shell.OrchardReachSceneController:TickFormFeedbackAndHaptics (Opus.Sdk.IHandSource) (at Assets/Shell/Runtime/OrchardReachSceneController.cs:426)
Opus.Shell.OrchardReachSceneController:Update () (at Assets/Shell/Runtime/OrchardReachSceneController.cs:375)

(Filename: Assets/Shell/Runtime/OrchardReachSceneController.cs Line: 432)

Setting linear velocity of a kinematic body is not supported.
UnityEngine.Debug:ExtractStackTraceNoAlloc (byte*,int,string)
UnityEngine.StackTraceUtility:ExtractStackTrace ()
UnityEngine.Rigidbody:set_linearVelocity (UnityEngine.Vector3)
Opus.Shell.OrchardReachSceneController:HandleTrialEvent (Opus.Sdk.TrialEvent) (at Assets/Shell/Runtime/OrchardReachSceneController.cs:735)
Opus.Games.OrchardReach.OrchardReachModule:Emit (string,string,Opus.Sdk.TrialTarget,string) (at Assets/Games/OrchardReach/Runtime/OrchardReachModule.cs:195)
Opus.Games.OrchardReach.OrchardReachModule:EmitSignal (System.Nullable`1<Opus.Games.OrchardReach.TrialSignal>,string,Opus.Sdk.TrialTarget) (at Assets/Games/OrchardReach/Runtime/OrchardReachModule.cs:211)
Opus.Games.OrchardReach.OrchardReachModule:StartNextTrial (double) (at Assets/Games/OrchardReach/Runtime/OrchardReachModule.cs:117)
Opus.Games.OrchardReach.OrchardReachModule:OnTrialFinished (Opus.Games.OrchardReach.TrialOutcome,double) (at Assets/Games/OrchardReach/Runtime/OrchardReachModule.cs:181)
Opus.Games.OrchardReach.OrchardReachModule:ConfirmPlacedInBasket (double) (at Assets/Games/OrchardReach/Runtime/OrchardReachModule.cs:172)
Opus.Shell.OrchardReachSceneController:OnFruitEnteredBasket () (at Assets/Shell/Runtime/OrchardReachSceneController.cs:683)
Opus.Shell.OrchardReachSceneController:<Awake>b__67_1 (UnityEngine.GameObject) (at Assets/Shell/Runtime/OrchardReachSceneController.cs:204)
Opus.Shell.BasketTrigger:OnTriggerEnter (UnityEngine.Collider) (at Assets/Shell/Runtime/BasketTrigger.cs:23)

[Assets/Shell/Runtime/OrchardReachSceneController.cs line 735]

Setting linear velocity of a kinematic body is not supported.
UnityEngine.Debug:ExtractStackTraceNoAlloc (byte*,int,string)
UnityEngine.StackTraceUtility:ExtractStackTrace ()
UnityEngine.Rigidbody:set_linearVelocity (UnityEngine.Vector3)
Opus.Shell.OrchardReachSceneController:DriveDemoHandAndFruit () (at Assets/Shell/Runtime/OrchardReachSceneController.cs:542)
Opus.Shell.OrchardReachSceneController:Update () (at Assets/Shell/Runtime/OrchardReachSceneController.cs:373)

[Assets/Shell/Runtime/OrchardReachSceneController.cs line 542]

[OPUS] HandleFormSignal: kind=low_confidence active=True leanCm=0.0 demoElapsedMs=1500
UnityEngine.Debug:ExtractStackTraceNoAlloc (byte*,int,string)
UnityEngine.StackTraceUtility:ExtractStackTrace ()
UnityEngine.DebugLogHandler:Internal_Log (UnityEngine.LogType,UnityEngine.LogOption,string,UnityEngine.Object)
UnityEngine.DebugLogHandler:LogFormat (UnityEngine.LogType,UnityEngine.Object,string,object[])
UnityEngine.Logger:Log (UnityEngine.LogType,object)
UnityEngine.Debug:Log (object)
Opus.Shell.OrchardReachSceneController:HandleFormSignal (Opus.Sdk.FormWarningSignal) (at Assets/Shell/Runtime/OrchardReachSceneController.cs:432)
Opus.Sdk.FormFeedback:TickTracking (double,bool) (at ./Packages/com.opus.sdk/Runtime/Feedback/FormFeedback.cs:96)
Opus.Sdk.FormFeedback:Tick (double,double,bool,bool) (at ./Packages/com.opus.sdk/Runtime/Feedback/FormFeedback.cs:61)
Opus.Shell.OrchardReachSceneController:TickFormFeedbackAndHaptics (Opus.Sdk.IHandSource) (at Assets/Shell/Runtime/OrchardReachSceneController.cs:426)
Opus.Shell.OrchardReachSceneController:Update () (at Assets/Shell/Runtime/OrchardReachSceneController.cs:375)

(Filename: Assets/Shell/Runtime/OrchardReachSceneController.cs Line: 432)

[OPUS] HandleFormSignal: kind=low_confidence active=False leanCm=0.0 demoElapsedMs=1700
UnityEngine.Debug:ExtractStackTraceNoAlloc (byte*,int,string)
UnityEngine.StackTraceUtility:ExtractStackTrace ()
UnityEngine.DebugLogHandler:Internal_Log (UnityEngine.LogType,UnityEngine.LogOption,string,UnityEngine.Object)
UnityEngine.DebugLogHandler:LogFormat (UnityEngine.LogType,UnityEngine.Object,string,object[])
UnityEngine.Logger:Log (UnityEngine.LogType,object)
UnityEngine.Debug:Log (object)
Opus.Shell.OrchardReachSceneController:HandleFormSignal (Opus.Sdk.FormWarningSignal) (at Assets/Shell/Runtime/OrchardReachSceneController.cs:432)
Opus.Sdk.FormFeedback:TickTracking (double,bool) (at ./Packages/com.opus.sdk/Runtime/Feedback/FormFeedback.cs:105)
Opus.Sdk.FormFeedback:Tick (double,double,bool,bool) (at ./Packages/com.opus.sdk/Runtime/Feedback/FormFeedback.cs:61)
Opus.Shell.OrchardReachSceneController:TickFormFeedbackAndHaptics (Opus.Sdk.IHandSource) (at Assets/Shell/Runtime/OrchardReachSceneController.cs:426)
Opus.Shell.OrchardReachSceneController:Update () (at Assets/Shell/Runtime/OrchardReachSceneController.cs:375)

(Filename: Assets/Shell/Runtime/OrchardReachSceneController.cs Line: 432)

Setting linear velocity of a kinematic body is not supported.
UnityEngine.Debug:ExtractStackTraceNoAlloc (byte*,int,string)
UnityEngine.StackTraceUtility:ExtractStackTrace ()
UnityEngine.Rigidbody:set_linearVelocity (UnityEngine.Vector3)
Opus.Shell.OrchardReachSceneController:HandleTrialEvent (Opus.Sdk.TrialEvent) (at Assets/Shell/Runtime/OrchardReachSceneController.cs:735)
Opus.Games.OrchardReach.OrchardReachModule:Emit (string,string,Opus.Sdk.TrialTarget,string) (at Assets/Games/OrchardReach/Runtime/OrchardReachModule.cs:195)
Opus.Games.OrchardReach.OrchardReachModule:EmitSignal (System.Nullable`1<Opus.Games.OrchardReach.TrialSignal>,string,Opus.Sdk.TrialTarget) (at Assets/Games/OrchardReach/Runtime/OrchardReachModule.cs:211)
Opus.Games.OrchardReach.OrchardReachModule:StartNextTrial (double) (at Assets/Games/OrchardReach/Runtime/OrchardReachModule.cs:117)
Opus.Games.OrchardReach.OrchardReachModule:OnTrialFinished (Opus.Games.OrchardReach.TrialOutcome,double) (at Assets/Games/OrchardReach/Runtime/OrchardReachModule.cs:181)
Opus.Games.OrchardReach.OrchardReachModule:Tick (double,Opus.Sdk.IHandSource) (at Assets/Games/OrchardReach/Runtime/OrchardReachModule.cs:154)
Opus.Shell.OrchardReachSceneController:Update () (at Assets/Shell/Runtime/OrchardReachSceneController.cs:371)

[Assets/Shell/Runtime/OrchardReachSceneController.cs line 735]

Setting linear velocity of a kinematic body is not supported.
UnityEngine.Debug:ExtractStackTraceNoAlloc (byte*,int,string)
UnityEngine.StackTraceUtility:ExtractStackTrace ()
UnityEngine.Rigidbody:set_linearVelocity (UnityEngine.Vector3)
Opus.Shell.OrchardReachSceneController:DriveDemoHandAndFruit () (at Assets/Shell/Runtime/OrchardReachSceneController.cs:542)
Opus.Shell.OrchardReachSceneController:Update () (at Assets/Shell/Runtime/OrchardReachSceneController.cs:373)

[Assets/Shell/Runtime/OrchardReachSceneController.cs line 542]

Setting linear velocity of a kinematic body is not supported.
UnityEngine.Debug:ExtractStackTraceNoAlloc (byte*,int,string)
UnityEngine.StackTraceUtility:ExtractStackTrace ()
UnityEngine.Rigidbody:set_linearVelocity (UnityEngine.Vector3)
Opus.Shell.OrchardReachSceneController:HandleTrialEvent (Opus.Sdk.TrialEvent) (at Assets/Shell/Runtime/OrchardReachSceneController.cs:735)
Opus.Games.OrchardReach.OrchardReachModule:Emit (string,string,Opus.Sdk.TrialTarget,string) (at Assets/Games/OrchardReach/Runtime/OrchardReachModule.cs:195)
Opus.Games.OrchardReach.OrchardReachModule:EmitSignal (System.Nullable`1<Opus.Games.OrchardReach.TrialSignal>,string,Opus.Sdk.TrialTarget) (at Assets/Games/OrchardReach/Runtime/OrchardReachModule.cs:211)
Opus.Games.OrchardReach.OrchardReachModule:StartNextTrial (double) (at Assets/Games/OrchardReach/Runtime/OrchardReachModule.cs:117)
Opus.Games.OrchardReach.OrchardReachModule:OnTrialFinished (Opus.Games.OrchardReach.TrialOutcome,double) (at Assets/Games/OrchardReach/Runtime/OrchardReachModule.cs:181)
Opus.Games.OrchardReach.OrchardReachModule:Tick (double,Opus.Sdk.IHandSource) (at Assets/Games/OrchardReach/Runtime/OrchardReachModule.cs:154)
Opus.Shell.OrchardReachSceneController:Update () (at Assets/Shell/Runtime/OrchardReachSceneController.cs:371)

[Assets/Shell/Runtime/OrchardReachSceneController.cs line 735]

Setting linear velocity of a kinematic body is not supported.
UnityEngine.Debug:ExtractStackTraceNoAlloc (byte*,int,string)
UnityEngine.StackTraceUtility:ExtractStackTrace ()
UnityEngine.Rigidbody:set_linearVelocity (UnityEngine.Vector3)
Opus.Shell.OrchardReachSceneController:DriveDemoHandAndFruit () (at Assets/Shell/Runtime/OrchardReachSceneController.cs:542)
Opus.Shell.OrchardReachSceneController:Update () (at Assets/Shell/Runtime/OrchardReachSceneController.cs:373)

[Assets/Shell/Runtime/OrchardReachSceneController.cs line 542]

Setting linear velocity of a kinematic body is not supported.
UnityEngine.Debug:ExtractStackTraceNoAlloc (byte*,int,string)
UnityEngine.StackTraceUtility:ExtractStackTrace ()
UnityEngine.Rigidbody:set_linearVelocity (UnityEngine.Vector3)
Opus.Shell.OrchardReachSceneController:HandleTrialEvent (Opus.Sdk.TrialEvent) (at Assets/Shell/Runtime/OrchardReachSceneController.cs:735)
Opus.Games.OrchardReach.OrchardReachModule:Emit (string,string,Opus.Sdk.TrialTarget,string) (at Assets/Games/OrchardReach/Runtime/OrchardReachModule.cs:195)
Opus.Games.OrchardReach.OrchardReachModule:EmitSignal (System.Nullable`1<Opus.Games.OrchardReach.TrialSignal>,string,Opus.Sdk.TrialTarget) (at Assets/Games/OrchardReach/Runtime/OrchardReachModule.cs:211)
Opus.Games.OrchardReach.OrchardReachModule:StartNextTrial (double) (at Assets/Games/OrchardReach/Runtime/OrchardReachModule.cs:117)
Opus.Games.OrchardReach.OrchardReachModule:OnTrialFinished (Opus.Games.OrchardReach.TrialOutcome,double) (at Assets/Games/OrchardReach/Runtime/OrchardReachModule.cs:181)
Opus.Games.OrchardReach.OrchardReachModule:Tick (double,Opus.Sdk.IHandSource) (at Assets/Games/OrchardReach/Runtime/OrchardReachModule.cs:154)
Opus.Shell.OrchardReachSceneController:Update () (at Assets/Shell/Runtime/OrchardReachSceneController.cs:371)

[Assets/Shell/Runtime/OrchardReachSceneController.cs line 735]

Setting linear velocity of a kinematic body is not supported.
UnityEngine.Debug:ExtractStackTraceNoAlloc (byte*,int,string)
UnityEngine.StackTraceUtility:ExtractStackTrace ()
UnityEngine.Rigidbody:set_linearVelocity (UnityEngine.Vector3)
Opus.Shell.OrchardReachSceneController:DriveDemoHandAndFruit () (at Assets/Shell/Runtime/OrchardReachSceneController.cs:542)
Opus.Shell.OrchardReachSceneController:Update () (at Assets/Shell/Runtime/OrchardReachSceneController.cs:373)

[Assets/Shell/Runtime/OrchardReachSceneController.cs line 542]

Setting linear velocity of a kinematic body is not supported.
UnityEngine.Debug:ExtractStackTraceNoAlloc (byte*,int,string)
UnityEngine.StackTraceUtility:ExtractStackTrace ()
UnityEngine.Rigidbody:set_linearVelocity (UnityEngine.Vector3)
Opus.Shell.OrchardReachSceneController:HandleTrialEvent (Opus.Sdk.TrialEvent) (at Assets/Shell/Runtime/OrchardReachSceneController.cs:735)
Opus.Games.OrchardReach.OrchardReachModule:Emit (string,string,Opus.Sdk.TrialTarget,string) (at Assets/Games/OrchardReach/Runtime/OrchardReachModule.cs:195)
Opus.Games.OrchardReach.OrchardReachModule:EmitSignal (System.Nullable`1<Opus.Games.OrchardReach.TrialSignal>,string,Opus.Sdk.TrialTarget) (at Assets/Games/OrchardReach/Runtime/OrchardReachModule.cs:211)
Opus.Games.OrchardReach.OrchardReachModule:StartNextTrial (double) (at Assets/Games/OrchardReach/Runtime/OrchardReachModule.cs:117)
Opus.Games.OrchardReach.OrchardReachModule:OnTrialFinished (Opus.Games.OrchardReach.TrialOutcome,double) (at Assets/Games/OrchardReach/Runtime/OrchardReachModule.cs:181)
Opus.Games.OrchardReach.OrchardReachModule:Tick (double,Opus.Sdk.IHandSource) (at Assets/Games/OrchardReach/Runtime/OrchardReachModule.cs:154)
Opus.Shell.OrchardReachSceneController:Update () (at Assets/Shell/Runtime/OrchardReachSceneController.cs:371)

[Assets/Shell/Runtime/OrchardReachSceneController.cs line 735]

Setting linear velocity of a kinematic body is not supported.
UnityEngine.Debug:ExtractStackTraceNoAlloc (byte*,int,string)
UnityEngine.StackTraceUtility:ExtractStackTrace ()
UnityEngine.Rigidbody:set_linearVelocity (UnityEngine.Vector3)
Opus.Shell.OrchardReachSceneController:DriveDemoHandAndFruit () (at Assets/Shell/Runtime/OrchardReachSceneController.cs:542)
Opus.Shell.OrchardReachSceneController:Update () (at Assets/Shell/Runtime/OrchardReachSceneController.cs:373)

[Assets/Shell/Runtime/OrchardReachSceneController.cs line 542]

[OPUS] HapticIntegrationTest: elapsed=40.0s trialsCompleted=6 cueOrder=[] trunk_lean=0 low_confidence=0 success=0
UnityEngine.Debug:ExtractStackTraceNoAlloc (byte*,int,string)
UnityEngine.StackTraceUtility:ExtractStackTrace ()
UnityEngine.DebugLogHandler:Internal_Log (UnityEngine.LogType,UnityEngine.LogOption,string,UnityEngine.Object)
UnityEngine.DebugLogHandler:LogFormat (UnityEngine.LogType,UnityEngine.Object,string,object[])
UnityEngine.Logger:Log (UnityEngine.LogType,object)
UnityEngine.Debug:Log (object)
Opus.Shell.Tests.PlayMode.HapticIntegrationTests/<DemoSession_WithSleeve_ProducesOrderedCuesAndValidSession>d__9:MoveNext () (at Assets/Shell/Tests/PlayMode/HapticIntegrationTests.cs:172)
UnityEngine.TestTools.TestEnumerator/<Execute>d__7:MoveNext () (at ./Library/PackageCache/com.unity.test-framework@76560ee600cb/UnityEngine.TestRunner/NUnitExtensions/Attributes/TestEnumerator.cs:44)
UnityEngine.TestTools.EnumerableTestMethodCommand/<ExecuteEnumerableAndRecordExceptions>d__4:MoveNext () (at ./Library/PackageCache/com.unity.test-framework@76560ee600cb/UnityEngine.TestRunner/NUnitExtensions/Commands/EnumerableTestMethodCommand.cs:79)
UnityEngine.TestTools.EnumerableTestMethodCommand:AdvanceEnumerator (System.Collections.IEnumerator) (at ./Library/PackageCache/com.unity.test-framework@76560ee600cb/UnityEngine.TestRunner/NUnitExtensions/Commands/EnumerableTestMethodCommand.cs:64)
UnityEngine.TestTools.EnumerableTestMethodCommand/<ExecuteEnumerable>d__2:MoveNext () (at ./Library/PackageCache/com.unity.test-framework@76560ee600cb/UnityEngine.TestRunner/NUnitExtensions/Commands/EnumerableTestMethodCommand.cs:47)
UnityEngine.TestRunner.NUnitExtensions.Runner.UnityLogCheckDelegatingCommand/<ExecuteEnumerable>d__3:MoveNext () (at ./Library/PackageCache/com.unity.test-framework@76560ee600cb/UnityEngine.TestRunner/NUnitExtensions/Runner/UnityLogCheckDelegatingCommand.cs:48)
UnityEngine.TestTools.BeforeAfterTestCommandBase`1/<ExecuteEnumerable>d__16<NUnit.Framework.ITestAction>:MoveNext () (at ./Library/PackageCache/com.unity.test-framework@76560ee600cb/UnityEngine.TestRunner/NUnitExtensions/Commands/BeforeAfterTestCommandBase.cs:212)
UnityEngine.TestTools.BeforeAfterTestCommandBase`1/<ExecuteEnumerable>d__16<System.Reflection.MethodInfo>:MoveNext () (at ./Library/PackageCache/com.unity.test-framework@76560ee600cb/UnityEngine.TestRunner/NUnitExtensions/Commands/BeforeAfterTestCommandBase.cs:212)
UnityEngine.TestTools.BeforeAfterTestCommandBase`1/<ExecuteEnumerable>d__16<System.Reflection.MethodInfo>:MoveNext () (at ./Library/PackageCache/com.unity.test-framework@76560ee600cb/UnityEngine.TestRunner/NUnitExtensions/Commands/BeforeAfterTestCommandBase.cs:212)
UnityEngine.TestTools.BeforeAfterTestCommandBase`1/<ExecuteEnumerable>d__16<UnityEngine.TestTools.IOuterUnityTestAction>:MoveNext () (at ./Library/PackageCache/com.unity.test-framework@76560ee600cb/UnityEngine.TestRunner/NUnitExtensions/Commands/BeforeAfterTestCommandBase.cs:212)
UnityEngine.TestTools.RetryCommand/<ExecuteEnumerable>d__2:MoveNext () (at ./Library/PackageCache/com.unity.test-framework@76560ee600cb/UnityEngine.TestRunner/NUnitExtensions/Commands/RetryCommand.cs:37)
UnityEngine.TestTools.RepeatCommand/<ExecuteEnumerable>d__2:MoveNext () (at ./Library/PackageCache/com.unity.test-framework@76560ee600cb/UnityEngine.TestRunner/NUnitExtensions/Commands/RepeatCommand.cs:36)
UnityEngine.TestTools.IgnoreTestCommand/<ExecuteEnumerable>d__3:MoveNext () (at ./Library/PackageCache/com.unity.test-framework@76560ee600cb/UnityEngine.TestRunner/NUnitExtensions/Commands/IgnoreTestCommand.cs:42)
UnityEngine.TestTools.StrictCheckCommand/<ExecuteEnumerable>d__2:MoveNext () (at ./Library/PackageCache/com.unity.test-framework@76560ee600cb/UnityEngine.TestRunner/NUnitExtensions/Commands/StrictCheckCommand.cs:29)
UnityEngine.TestTools.Utils.CoroutineRunner/<WrapEnumeratorForChecks>d__8:MoveNext () (at ./Library/PackageCache/com.unity.test-framework@76560ee600cb/UnityEngine.TestRunner/Utils/CoroutineRunner.cs:58)
UnityEngine.SetupCoroutine:InvokeMoveNext (System.Collections.IEnumerator,intptr)

(Filename: Assets/Shell/Tests/PlayMode/HapticIntegrationTests.cs Line: 172)

[TestRunnerTools] Test Finished: Opus.Shell.Tests.PlayMode.HapticIntegrationTests.DemoSession_WithSleeve_ProducesOrderedCuesAndValidSession, ResultState: Failed, Duration: 41.650s, Message:   trunk_lean cue never fired — demo lean-spike trigger did not produce a cue.
  Expected: greater than 0
  But was:  0
UnityEngine.Debug:ExtractStackTraceNoAlloc (byte*,int,string)
UnityEngine.StackTraceUtility:ExtractStackTrace ()
UnityEngine.DebugLogHandler:Internal_Log (UnityEngine.LogType,UnityEngine.LogOption,string,UnityEngine.Object)
UnityEngine.DebugLogHandler:LogFormat (UnityEngine.LogType,UnityEngine.Object,string,object[])
UnityEngine.Logger:Log (UnityEngine.LogType,object)
UnityEngine.Debug:Log (object)
Meta.MCPBridge.Editor.TestRunnerTools:OnTestFinished (UnityEditor.TestTools.TestRunner.Api.ITestResultAdaptor) (at ./Library/PackageCache/com.meta.xr.sdk.core@4ea2676097b9/Editor/MCPBridge/TestRunnerTools.cs:847)
Meta.MCPBridge.Editor.TestRunnerTools/TestRunnerCallbacks:TestFinished (UnityEditor.TestTools.TestRunner.Api.ITestResultAdaptor) (at ./Library/PackageCache/com.meta.xr.sdk.core@4ea2676097b9/Editor/MCPBridge/TestRunnerTools.cs:904)
UnityEditor.TestTools.TestRunner.Api.CallbacksDelegator/<>c__DisplayClass14_0:<TestFinished>b__0 (UnityEditor.TestTools.TestRunner.Api.ICallbacks) (at ./Library/PackageCache/com.unity.test-framework@76560ee600cb/UnityEditor.TestRunner/Api/CallbacksDelegator.cs:95)
UnityEditor.TestTools.TestRunner.Api.CallbacksDelegator:TryInvokeAllCallbacks (System.Action`1<UnityEditor.TestTools.TestRunner.Api.ICallbacks>) (at ./Library/PackageCache/com.unity.test-framework@76560ee600cb/UnityEditor.TestRunner/Api/CallbacksDelegator.cs:135)
UnityEditor.TestTools.TestRunner.Api.CallbacksDelegator:TestFinished (NUnit.Framework.Interfaces.ITestResult) (at ./Library/PackageCache/com.unity.test-framework@76560ee600cb/UnityEditor.TestRunner/Api/CallbacksDelegator.cs:95)
UnityEngine.Events.InvokableCall`1<NUnit.Framework.Interfaces.ITestResult>:Invoke (NUnit.Framework.Interfaces.ITestResult)
UnityEngine.Events.UnityEvent`1<NUnit.Framework.Interfaces.ITestResult>:Invoke (NUnit.Framework.Interfaces.ITestResult)
UnityEngine.Events.InvokableCall`1<NUnit.Framework.Interfaces.ITestResult>:Invoke (NUnit.Framework.Interfaces.ITestResult)
UnityEngine.Events.UnityEvent`1<NUnit.Framework.Interfaces.ITestResult>:Invoke (NUnit.Framework.Interfaces.ITestResult)
UnityEngine.TestTools.TestRunner.TestListenerWrapper:TestFinished (NUnit.Framework.Interfaces.ITestResult) (at ./Library/PackageCache/com.unity.test-framework@76560ee600cb/UnityEngine.TestRunner/TestRunner/TestListenerWrapper.cs:24)
UnityEngine.TestRunner.NUnitExtensions.Runner.UnityWorkItem:WorkItemComplete () (at ./Library/PackageCache/com.unity.test-framework@76560ee600cb/UnityEngine.TestRunner/NUnitExtensions/Runner/UnityWorkItem.cs:107)
UnityEngine.TestRunner.NUnitExtensions.Runner.CoroutineTestWorkItem/<PerformWork>d__6:<>m__Finally1 () (at ./Library/PackageCache/com.unity.test-framework@76560ee600cb/UnityEngine.TestRunner/NUnitExtensions/Runner/CoroutineTestWorkItem.cs:59)
UnityEngine.TestRunner.NUnitExtensions.Runner.CoroutineTestWorkItem/<PerformWork>d__6:MoveNext () (at ./Library/PackageCache/com.unity.test-framework@76560ee600cb/UnityEngine.TestRunner/NUnitExtensions/Runner/CoroutineTestWorkItem.cs:56)
UnityEngine.TestRunner.NUnitExtensions.Runner.CompositeWorkItem/<RunChildren>d__17:MoveNext () (at ./Library/PackageCache/com.unity.test-framework@76560ee600cb/UnityEngine.TestRunner/NUnitExtensions/Runner/CompositeWorkItem.cs:207)
UnityEngine.TestRunner.NUnitExtensions.Runner.CompositeWorkItem/<PerformWork>d__13:MoveNext () (at ./Library/PackageCache/com.unity.test-framework@76560ee600cb/UnityEngine.TestRunner/NUnitExtensions/Runner/CompositeWorkItem.cs:82)
UnityEngine.TestRunner.NUnitExtensions.Runner.CompositeWorkItem/<RunChildren>d__17:MoveNext () (at ./Library/PackageCache/com.unity.test-framework@76560ee600cb/UnityEngine.TestRunner/NUnitExtensions/Runner/CompositeWorkItem.cs:207)
UnityEngine.TestRunner.NUnitExtensions.Runner.CompositeWorkItem/<PerformWork>d__13:MoveNext () (at ./Library/PackageCache/com.unity.test-framework@76560ee600cb/UnityEngine.TestRunner/NUnitExtensions/Runner/CompositeWorkItem.cs:82)
UnityEngine.TestRunner.NUnitExtensions.Runner.CompositeWorkItem/<RunChildren>d__17:MoveNext () (at ./Library/PackageCache/com.unity.test-framework@76560ee600cb/UnityEngine.TestRunner/NUnitExtensions/Runner/CompositeWorkItem.cs:207)
UnityEngine.TestRunner.NUnitExtensions.Runner.CompositeWorkItem/<PerformWork>d__13:MoveNext () (at ./Library/PackageCache/com.unity.test-framework@76560ee600cb/UnityEngine.TestRunner/NUnitExtensions/Runner/CompositeWorkItem.cs:82)
UnityEngine.TestRunner.NUnitExtensions.Runner.CompositeWorkItem/<RunChildren>d__17:MoveNext () (at ./Library/PackageCache/com.unity.test-framework@76560ee600cb/UnityEngine.TestRunner/NUnitExtensions/Runner/CompositeWorkItem.cs:207)
UnityEngine.TestRunner.NUnitExtensions.Runner.CompositeWorkItem/<PerformWork>d__13:MoveNext () (at ./Library/PackageCache/com.unity.test-framework@76560ee600cb/UnityEngine.TestRunner/NUnitExtensions/Runner/CompositeWorkItem.cs:82)
UnityEngine.TestRunner.NUnitExtensions.Runner.CompositeWorkItem/<RunChildren>d__17:MoveNext () (at ./Library/PackageCache/com.unity.test-framework@76560ee600cb/UnityEngine.TestRunner/NUnitExtensions/Runner/CompositeWorkItem.cs:207)
UnityEngine.TestRunner.NUnitExtensions.Runner.CompositeWorkItem/<PerformWork>d__13:MoveNext () (at ./Library/PackageCache/com.unity.test-framework@76560ee600cb/UnityEngine.TestRunner/NUnitExtensions/Runner/CompositeWorkItem.cs:82)
UnityEngine.TestRunner.NUnitExtensions.Runner.CompositeWorkItem/<RunChildren>d__17:MoveNext () (at ./Library/PackageCache/com.unity.test-framework@76560ee600cb/UnityEngine.TestRunner/NUnitExtensions/Runner/CompositeWorkItem.cs:207)
UnityEngine.TestRunner.NUnitExtensions.Runner.CompositeWorkItem/<PerformWork>d__13:MoveNext () (at ./Library/PackageCache/com.unity.test-framework@76560ee600cb/UnityEngine.TestRunner/NUnitExtensions/Runner/CompositeWorkItem.cs:82)
UnityEngine.TestRunner.NUnitExtensions.Runner.CompositeWorkItem/<RunChildren>d__17:MoveNext () (at ./Library/PackageCache/com.unity.test-framework@76560ee600cb/UnityEngine.TestRunner/NUnitExtensions/Runner/CompositeWorkItem.cs:207)
UnityEngine.TestRunner.NUnitExtensions.Runner.CompositeWorkItem/<PerformWork>d__13:MoveNext () (at ./Library/PackageCache/com.unity.test-framework@76560ee600cb/UnityEngine.TestRunner/NUnitExtensions/Runner/CompositeWorkItem.cs:82)
UnityEngine.TestTools.TestRunner.PlaymodeTestsController/<TestRunnerCoroutine>d__24:MoveNext () (at ./Library/PackageCache/com.unity.test-framework@76560ee600cb/UnityEngine.TestRunner/TestRunner/PlaymodeTestsController.cs:93)
UnityEngine.SetupCoroutine:InvokeMoveNext (System.Collections.IEnumerator,intptr)

(Filename: ./Library/PackageCache/com.meta.xr.sdk.core@4ea2676097b9/Editor/MCPBridge/TestRunnerTools.cs Line: 847)

[TestRunnerTools] Test Started: Opus.Shell.Tests.PlayMode.LiveLinkIntegrationTests.LiveClient_CompletesScenarioBasic_AgainstFakeHub
UnityEngine.Debug:ExtractStackTraceNoAlloc (byte*,int,string)
UnityEngine.StackTraceUtility:ExtractStackTrace ()
UnityEngine.DebugLogHandler:Internal_Log (UnityEngine.LogType,UnityEngine.LogOption,string,UnityEngine.Object)
UnityEngine.DebugLogHandler:LogFormat (UnityEngine.LogType,UnityEngine.Object,string,object[])
UnityEngine.Logger:Log (UnityEngine.LogType,object)
UnityEngine.Debug:Log (object)
Meta.MCPBridge.Editor.TestRunnerTools:OnTestStarted (UnityEditor.TestTools.TestRunner.Api.ITestAdaptor) (at ./Library/PackageCache/com.meta.xr.sdk.core@4ea2676097b9/Editor/MCPBridge/TestRunnerTools.cs:838)
Meta.MCPBridge.Editor.TestRunnerTools/TestRunnerCallbacks:TestStarted (UnityEditor.TestTools.TestRunner.Api.ITestAdaptor) (at ./Library/PackageCache/com.meta.xr.sdk.core@4ea2676097b9/Editor/MCPBridge/TestRunnerTools.cs:899)
UnityEditor.TestTools.TestRunner.Api.CallbacksDelegator/<>c__DisplayClass12_0:<TestStarted>b__0 (UnityEditor.TestTools.TestRunner.Api.ICallbacks) (at ./Library/PackageCache/com.unity.test-framework@76560ee600cb/UnityEditor.TestRunner/Api/CallbacksDelegator.cs:81)
UnityEditor.TestTools.TestRunner.Api.CallbacksDelegator:TryInvokeAllCallbacks (System.Action`1<UnityEditor.TestTools.TestRunner.Api.ICallbacks>) (at ./Library/PackageCache/com.unity.test-framework@76560ee600cb/UnityEditor.TestRunner/Api/CallbacksDelegator.cs:135)
UnityEditor.TestTools.TestRunner.Api.CallbacksDelegator:TestStarted (NUnit.Framework.Interfaces.ITest) (at ./Library/PackageCache/com.unity.test-framework@76560ee600cb/UnityEditor.TestRunner/Api/CallbacksDelegator.cs:81)
UnityEngine.Events.InvokableCall`1<NUnit.Framework.Interfaces.ITest>:Invoke (NUnit.Framework.Interfaces.ITest)
UnityEngine.Events.UnityEvent`1<NUnit.Framework.Interfaces.ITest>:Invoke (NUnit.Framework.Interfaces.ITest)
UnityEngine.Events.InvokableCall`1<NUnit.Framework.Interfaces.ITest>:Invoke (NUnit.Framework.Interfaces.ITest)
UnityEngine.Events.UnityEvent`1<NUnit.Framework.Interfaces.ITest>:Invoke (NUnit.Framework.Interfaces.ITest)
UnityEngine.TestTools.TestRunner.TestListenerWrapper:TestStarted (NUnit.Framework.Interfaces.ITest) (at ./Library/PackageCache/com.unity.test-framework@76560ee600cb/UnityEngine.TestRunner/TestRunner/TestListenerWrapper.cs:19)
UnityEngine.TestRunner.NUnitExtensions.Runner.UnityWorkItem:Execute () (at ./Library/PackageCache/com.unity.test-framework@76560ee600cb/UnityEngine.TestRunner/NUnitExtensions/Runner/UnityWorkItem.cs:83)
UnityEngine.TestRunner.NUnitExtensions.Runner.CompositeWorkItem/<RunChildren>d__17:MoveNext () (at ./Library/PackageCache/com.unity.test-framework@76560ee600cb/UnityEngine.TestRunner/NUnitExtensions/Runner/CompositeWorkItem.cs:203)
UnityEngine.TestRunner.NUnitExtensions.Runner.CompositeWorkItem/<PerformWork>d__13:MoveNext () (at ./Library/PackageCache/com.unity.test-framework@76560ee600cb/UnityEngine.TestRunner/NUnitExtensions/Runner/CompositeWorkItem.cs:82)
UnityEngine.TestRunner.NUnitExtensions.Runner.CompositeWorkItem/<RunChildren>d__17:MoveNext () (at ./Library/PackageCache/com.unity.test-framework@76560ee600cb/UnityEngine.TestRunner/NUnitExtensions/Runner/CompositeWorkItem.cs:207)
UnityEngine.TestRunner.NUnitExtensions.Runner.CompositeWorkItem/<PerformWork>d__13:MoveNext () (at ./Library/PackageCache/com.unity.test-framework@76560ee600cb/UnityEngine.TestRunner/NUnitExtensions/Runner/CompositeWorkItem.cs:82)
UnityEngine.TestRunner.NUnitExtensions.Runner.CompositeWorkItem/<RunChildren>d__17:MoveNext () (at ./Library/PackageCache/com.unity.test-framework@76560ee600cb/UnityEngine.TestRunner/NUnitExtensions/Runner/CompositeWorkItem.cs:207)
UnityEngine.TestRunner.NUnitExtensions.Runner.CompositeWorkItem/<PerformWork>d__13:MoveNext () (at ./Library/PackageCache/com.unity.test-framework@76560ee600cb/UnityEngine.TestRunner/NUnitExtensions/Runner/CompositeWorkItem.cs:82)
UnityEngine.TestRunner.NUnitExtensions.Runner.CompositeWorkItem/<RunChildren>d__17:MoveNext () (at ./Library/PackageCache/com.unity.test-framework@76560ee600cb/UnityEngine.TestRunner/NUnitExtensions/Runner/CompositeWorkItem.cs:207)
UnityEngine.TestRunner.NUnitExtensions.Runner.CompositeWorkItem/<PerformWork>d__13:MoveNext () (at ./Library/PackageCache/com.unity.test-framework@76560ee600cb/UnityEngine.TestRunner/NUnitExtensions/Runner/CompositeWorkItem.cs:82)
UnityEngine.TestRunner.NUnitExtensions.Runner.CompositeWorkItem/<RunChildren>d__17:MoveNext () (at ./Library/PackageCache/com.unity.test-framework@76560ee600cb/UnityEngine.TestRunner/NUnitExtensions/Runner/CompositeWorkItem.cs:207)
UnityEngine.TestRunner.NUnitExtensions.Runner.CompositeWorkItem/<PerformWork>d__13:MoveNext () (at ./Library/PackageCache/com.unity.test-framework@76560ee600cb/UnityEngine.TestRunner/NUnitExtensions/Runner/CompositeWorkItem.cs:82)
UnityEngine.TestRunner.NUnitExtensions.Runner.CompositeWorkItem/<RunChildren>d__17:MoveNext () (at ./Library/PackageCache/com.unity.test-framework@76560ee600cb/UnityEngine.TestRunner/NUnitExtensions/Runner/CompositeWorkItem.cs:207)
UnityEngine.TestRunner.NUnitExtensions.Runner.CompositeWorkItem/<PerformWork>d__13:MoveNext () (at ./Library/PackageCache/com.unity.test-framework@76560ee600cb/UnityEngine.TestRunner/NUnitExtensions/Runner/CompositeWorkItem.cs:82)
UnityEngine.TestRunner.NUnitExtensions.Runner.CompositeWorkItem/<RunChildren>d__17:MoveNext () (at ./Library/PackageCache/com.unity.test-framework@76560ee600cb/UnityEngine.TestRunner/NUnitExtensions/Runner/CompositeWorkItem.cs:207)
UnityEngine.TestRunner.NUnitExtensions.Runner.CompositeWorkItem/<PerformWork>d__13:MoveNext () (at ./Library/PackageCache/com.unity.test-framework@76560ee600cb/UnityEngine.TestRunner/NUnitExtensions/Runner/CompositeWorkItem.cs:82)
UnityEngine.TestTools.TestRunner.PlaymodeTestsController/<TestRunnerCoroutine>d__24:MoveNext () (at ./Library/PackageCache/com.unity.test-framework@76560ee600cb/UnityEngine.TestRunner/TestRunner/PlaymodeTestsController.cs:93)
UnityEngine.SetupCoroutine:InvokeMoveNext (System.Collections.IEnumerator,intptr)

(Filename: ./Library/PackageCache/com.meta.xr.sdk.core@4ea2676097b9/Editor/MCPBridge/TestRunnerTools.cs Line: 838)

[OPUS] LiveLinkTest: started fake_hub.py, PID=23140
UnityEngine.Debug:ExtractStackTraceNoAlloc (byte*,int,string)
UnityEngine.StackTraceUtility:ExtractStackTrace ()
UnityEngine.DebugLogHandler:Internal_Log (UnityEngine.LogType,UnityEngine.LogOption,string,UnityEngine.Object)
UnityEngine.DebugLogHandler:LogFormat (UnityEngine.LogType,UnityEngine.Object,string,object[])
UnityEngine.Logger:Log (UnityEngine.LogType,object)
UnityEngine.Debug:Log (object)
Opus.Shell.Tests.PlayMode.LiveLinkIntegrationTests/<LiveClient_CompletesScenarioBasic_AgainstFakeHub>d__4:MoveNext () (at Assets/Shell/Tests/PlayMode/LiveLinkIntegrationTests.cs:62)
UnityEngine.TestTools.TestEnumerator/<Execute>d__7:MoveNext () (at ./Library/PackageCache/com.unity.test-framework@76560ee600cb/UnityEngine.TestRunner/NUnitExtensions/Attributes/TestEnumerator.cs:44)
UnityEngine.TestTools.EnumerableTestMethodCommand/<ExecuteEnumerableAndRecordExceptions>d__4:MoveNext () (at ./Library/PackageCache/com.unity.test-framework@76560ee600cb/UnityEngine.TestRunner/NUnitExtensions/Commands/EnumerableTestMethodCommand.cs:79)
UnityEngine.TestTools.EnumerableTestMethodCommand:AdvanceEnumerator (System.Collections.IEnumerator) (at ./Library/PackageCache/com.unity.test-framework@76560ee600cb/UnityEngine.TestRunner/NUnitExtensions/Commands/EnumerableTestMethodCommand.cs:64)
UnityEngine.TestTools.EnumerableTestMethodCommand/<ExecuteEnumerable>d__2:MoveNext () (at ./Library/PackageCache/com.unity.test-framework@76560ee600cb/UnityEngine.TestRunner/NUnitExtensions/Commands/EnumerableTestMethodCommand.cs:47)
UnityEngine.TestRunner.NUnitExtensions.Runner.UnityLogCheckDelegatingCommand/<ExecuteEnumerable>d__3:MoveNext () (at ./Library/PackageCache/com.unity.test-framework@76560ee600cb/UnityEngine.TestRunner/NUnitExtensions/Runner/UnityLogCheckDelegatingCommand.cs:48)
UnityEngine.TestTools.BeforeAfterTestCommandBase`1/<ExecuteEnumerable>d__16<NUnit.Framework.ITestAction>:MoveNext () (at ./Library/PackageCache/com.unity.test-framework@76560ee600cb/UnityEngine.TestRunner/NUnitExtensions/Commands/BeforeAfterTestCommandBase.cs:212)
UnityEngine.TestTools.BeforeAfterTestCommandBase`1/<ExecuteEnumerable>d__16<System.Reflection.MethodInfo>:MoveNext () (at ./Library/PackageCache/com.unity.test-framework@76560ee600cb/UnityEngine.TestRunner/NUnitExtensions/Commands/BeforeAfterTestCommandBase.cs:212)
UnityEngine.TestTools.BeforeAfterTestCommandBase`1/<ExecuteEnumerable>d__16<System.Reflection.MethodInfo>:MoveNext () (at ./Library/PackageCache/com.unity.test-framework@76560ee600cb/UnityEngine.TestRunner/NUnitExtensions/Commands/BeforeAfterTestCommandBase.cs:212)
UnityEngine.TestTools.BeforeAfterTestCommandBase`1/<ExecuteEnumerable>d__16<UnityEngine.TestTools.IOuterUnityTestAction>:MoveNext () (at ./Library/PackageCache/com.unity.test-framework@76560ee600cb/UnityEngine.TestRunner/NUnitExtensions/Commands/BeforeAfterTestCommandBase.cs:212)
UnityEngine.TestTools.RetryCommand/<ExecuteEnumerable>d__2:MoveNext () (at ./Library/PackageCache/com.unity.test-framework@76560ee600cb/UnityEngine.TestRunner/NUnitExtensions/Commands/RetryCommand.cs:37)
UnityEngine.TestTools.RepeatCommand/<ExecuteEnumerable>d__2:MoveNext () (at ./Library/PackageCache/com.unity.test-framework@76560ee600cb/UnityEngine.TestRunner/NUnitExtensions/Commands/RepeatCommand.cs:36)
UnityEngine.TestTools.IgnoreTestCommand/<ExecuteEnumerable>d__3:MoveNext () (at ./Library/PackageCache/com.unity.test-framework@76560ee600cb/UnityEngine.TestRunner/NUnitExtensions/Commands/IgnoreTestCommand.cs:42)
UnityEngine.TestTools.StrictCheckCommand/<ExecuteEnumerable>d__2:MoveNext () (at ./Library/PackageCache/com.unity.test-framework@76560ee600cb/UnityEngine.TestRunner/NUnitExtensions/Commands/StrictCheckCommand.cs:29)
UnityEngine.TestTools.Utils.CoroutineRunner/<WrapEnumeratorForChecks>d__8:MoveNext () (at ./Library/PackageCache/com.unity.test-framework@76560ee600cb/UnityEngine.TestRunner/Utils/CoroutineRunner.cs:58)
UnityEngine.SetupCoroutine:InvokeMoveNext (System.Collections.IEnumerator,intptr)

(Filename: Assets/Shell/Tests/PlayMode/LiveLinkIntegrationTests.cs Line: 62)

[OPUS] LiveLinkTest: hub health check -> True after wait
UnityEngine.Debug:ExtractStackTraceNoAlloc (byte*,int,string)
UnityEngine.StackTraceUtility:ExtractStackTrace ()
UnityEngine.DebugLogHandler:Internal_Log (UnityEngine.LogType,UnityEngine.LogOption,string,UnityEngine.Object)
UnityEngine.DebugLogHandler:LogFormat (UnityEngine.LogType,UnityEngine.Object,string,object[])
UnityEngine.Logger:Log (UnityEngine.LogType,object)
UnityEngine.Debug:Log (object)
Opus.Shell.Tests.PlayMode.LiveLinkIntegrationTests/<LiveClient_CompletesScenarioBasic_AgainstFakeHub>d__4:MoveNext () (at Assets/Shell/Tests/PlayMode/LiveLinkIntegrationTests.cs:78)
UnityEngine.TestTools.TestEnumerator/<Execute>d__7:MoveNext () (at ./Library/PackageCache/com.unity.test-framework@76560ee600cb/UnityEngine.TestRunner/NUnitExtensions/Attributes/TestEnumerator.cs:44)
UnityEngine.TestTools.EnumerableTestMethodCommand/<ExecuteEnumerableAndRecordExceptions>d__4:MoveNext () (at ./Library/PackageCache/com.unity.test-framework@76560ee600cb/UnityEngine.TestRunner/NUnitExtensions/Commands/EnumerableTestMethodCommand.cs:79)
UnityEngine.TestTools.EnumerableTestMethodCommand:AdvanceEnumerator (System.Collections.IEnumerator) (at ./Library/PackageCache/com.unity.test-framework@76560ee600cb/UnityEngine.TestRunner/NUnitExtensions/Commands/EnumerableTestMethodCommand.cs:64)
UnityEngine.TestTools.EnumerableTestMethodCommand/<ExecuteEnumerable>d__2:MoveNext () (at ./Library/PackageCache/com.unity.test-framework@76560ee600cb/UnityEngine.TestRunner/NUnitExtensions/Commands/EnumerableTestMethodCommand.cs:47)
UnityEngine.TestRunner.NUnitExtensions.Runner.UnityLogCheckDelegatingCommand/<ExecuteEnumerable>d__3:MoveNext () (at ./Library/PackageCache/com.unity.test-framework@76560ee600cb/UnityEngine.TestRunner/NUnitExtensions/Runner/UnityLogCheckDelegatingCommand.cs:48)
UnityEngine.TestTools.BeforeAfterTestCommandBase`1/<ExecuteEnumerable>d__16<NUnit.Framework.ITestAction>:MoveNext () (at ./Library/PackageCache/com.unity.test-framework@76560ee600cb/UnityEngine.TestRunner/NUnitExtensions/Commands/BeforeAfterTestCommandBase.cs:212)
UnityEngine.TestTools.BeforeAfterTestCommandBase`1/<ExecuteEnumerable>d__16<System.Reflection.MethodInfo>:MoveNext () (at ./Library/PackageCache/com.unity.test-framework@76560ee600cb/UnityEngine.TestRunner/NUnitExtensions/Commands/BeforeAfterTestCommandBase.cs:212)
UnityEngine.TestTools.BeforeAfterTestCommandBase`1/<ExecuteEnumerable>d__16<System.Reflection.MethodInfo>:MoveNext () (at ./Library/PackageCache/com.unity.test-framework@76560ee600cb/UnityEngine.TestRunner/NUnitExtensions/Commands/BeforeAfterTestCommandBase.cs:212)
UnityEngine.TestTools.BeforeAfterTestCommandBase`1/<ExecuteEnumerable>d__16<UnityEngine.TestTools.IOuterUnityTestAction>:MoveNext () (at ./Library/PackageCache/com.unity.test-framework@76560ee600cb/UnityEngine.TestRunner/NUnitExtensions/Commands/BeforeAfterTestCommandBase.cs:212)
UnityEngine.TestTools.RetryCommand/<ExecuteEnumerable>d__2:MoveNext () (at ./Library/PackageCache/com.unity.test-framework@76560ee600cb/UnityEngine.TestRunner/NUnitExtensions/Commands/RetryCommand.cs:37)
UnityEngine.TestTools.RepeatCommand/<ExecuteEnumerable>d__2:MoveNext () (at ./Library/PackageCache/com.unity.test-framework@76560ee600cb/UnityEngine.TestRunner/NUnitExtensions/Commands/RepeatCommand.cs:36)
UnityEngine.TestTools.IgnoreTestCommand/<ExecuteEnumerable>d__3:MoveNext () (at ./Library/PackageCache/com.unity.test-framework@76560ee600cb/UnityEngine.TestRunner/NUnitExtensions/Commands/IgnoreTestCommand.cs:42)
UnityEngine.TestTools.StrictCheckCommand/<ExecuteEnumerable>d__2:MoveNext () (at ./Library/PackageCache/com.unity.test-framework@76560ee600cb/UnityEngine.TestRunner/NUnitExtensions/Commands/StrictCheckCommand.cs:29)
UnityEngine.TestTools.Utils.CoroutineRunner/<WrapEnumeratorForChecks>d__8:MoveNext () (at ./Library/PackageCache/com.unity.test-framework@76560ee600cb/UnityEngine.TestRunner/Utils/CoroutineRunner.cs:58)
UnityEngine.SetupCoroutine:InvokeMoveNext (System.Collections.IEnumerator,intptr)

(Filename: Assets/Shell/Tests/PlayMode/LiveLinkIntegrationTests.cs Line: 78)

[OPUS] LiveLinkTest: OnCommand 'assign_program' ackId=e30aefd1-de35-46b5-bc38-3f04de3b67e0
UnityEngine.Debug:ExtractStackTraceNoAlloc (byte*,int,string)
UnityEngine.StackTraceUtility:ExtractStackTrace ()
UnityEngine.DebugLogHandler:Internal_Log (UnityEngine.LogType,UnityEngine.LogOption,string,UnityEngine.Object)
UnityEngine.DebugLogHandler:LogFormat (UnityEngine.LogType,UnityEngine.Object,string,object[])
UnityEngine.Logger:Log (UnityEngine.LogType,object)
UnityEngine.Debug:Log (object)
Opus.Shell.Tests.PlayMode.LiveLinkIntegrationTests/<>c__DisplayClass4_0:<LiveClient_CompletesScenarioBasic_AgainstFakeHub>b__4 (string,Newtonsoft.Json.Linq.JObject,string) (at Assets/Shell/Tests/PlayMode/LiveLinkIntegrationTests.cs:101)
Opus.Sdk.LiveClient/<>c__DisplayClass59_0:<HandleIncoming>b__1 () (at ./Packages/com.opus.sdk/Runtime/Transport/LiveClient.cs:400)
Opus.Sdk.LiveClient:Pump (double) (at ./Packages/com.opus.sdk/Runtime/Transport/LiveClient.cs:112)
Opus.Shell.Tests.PlayMode.LiveLinkIntegrationTests/<LiveClient_CompletesScenarioBasic_AgainstFakeHub>d__4:MoveNext () (at Assets/Shell/Tests/PlayMode/LiveLinkIntegrationTests.cs:127)
UnityEngine.TestTools.TestEnumerator/<Execute>d__7:MoveNext () (at ./Library/PackageCache/com.unity.test-framework@76560ee600cb/UnityEngine.TestRunner/NUnitExtensions/Attributes/TestEnumerator.cs:44)
UnityEngine.TestTools.EnumerableTestMethodCommand/<ExecuteEnumerableAndRecordExceptions>d__4:MoveNext () (at ./Library/PackageCache/com.unity.test-framework@76560ee600cb/UnityEngine.TestRunner/NUnitExtensions/Commands/EnumerableTestMethodCommand.cs:79)
UnityEngine.TestTools.EnumerableTestMethodCommand:AdvanceEnumerator (System.Collections.IEnumerator) (at ./Library/PackageCache/com.unity.test-framework@76560ee600cb/UnityEngine.TestRunner/NUnitExtensions/Commands/EnumerableTestMethodCommand.cs:64)
UnityEngine.TestTools.EnumerableTestMethodCommand/<ExecuteEnumerable>d__2:MoveNext () (at ./Library/PackageCache/com.unity.test-framework@76560ee600cb/UnityEngine.TestRunner/NUnitExtensions/Commands/EnumerableTestMethodCommand.cs:47)
UnityEngine.TestRunner.NUnitExtensions.Runner.UnityLogCheckDelegatingCommand/<ExecuteEnumerable>d__3:MoveNext () (at ./Library/PackageCache/com.unity.test-framework@76560ee600cb/UnityEngine.TestRunner/NUnitExtensions/Runner/UnityLogCheckDelegatingCommand.cs:48)
UnityEngine.TestTools.BeforeAfterTestCommandBase`1/<ExecuteEnumerable>d__16<NUnit.Framework.ITestAction>:MoveNext () (at ./Library/PackageCache/com.unity.test-framework@76560ee600cb/UnityEngine.TestRunner/NUnitExtensions/Commands/BeforeAfterTestCommandBase.cs:212)
UnityEngine.TestTools.BeforeAfterTestCommandBase`1/<ExecuteEnumerable>d__16<System.Reflection.MethodInfo>:MoveNext () (at ./Library/PackageCache/com.unity.test-framework@76560ee600cb/UnityEngine.TestRunner/NUnitExtensions/Commands/BeforeAfterTestCommandBase.cs:212)
UnityEngine.TestTools.BeforeAfterTestCommandBase`1/<ExecuteEnumerable>d__16<System.Reflection.MethodInfo>:MoveNext () (at ./Library/PackageCache/com.unity.test-framework@76560ee600cb/UnityEngine.TestRunner/NUnitExtensions/Commands/BeforeAfterTestCommandBase.cs:212)
UnityEngine.TestTools.BeforeAfterTestCommandBase`1/<ExecuteEnumerable>d__16<UnityEngine.TestTools.IOuterUnityTestAction>:MoveNext () (at ./Library/PackageCache/com.unity.test-framework@76560ee600cb/UnityEngine.TestRunner/NUnitExtensions/Commands/BeforeAfterTestCommandBase.cs:212)
UnityEngine.TestTools.RetryCommand/<ExecuteEnumerable>d__2:MoveNext () (at ./Library/PackageCache/com.unity.test-framework@76560ee600cb/UnityEngine.TestRunner/NUnitExtensions/Commands/RetryCommand.cs:37)
UnityEngine.TestTools.RepeatCommand/<ExecuteEnumerable>d__2:MoveNext () (at ./Library/PackageCache/com.unity.test-framework@76560ee600cb/UnityEngine.TestRunner/NUnitExtensions/Commands/RepeatCommand.cs:36)
UnityEngine.TestTools.IgnoreTestCommand/<ExecuteEnumerable>d__3:MoveNext () (at ./Library/PackageCache/com.unity.test-framework@76560ee600cb/UnityEngine.TestRunner/NUnitExtensions/Commands/IgnoreTestCommand.cs:42)
UnityEngine.TestTools.StrictCheckCommand/<ExecuteEnumerable>d__2:MoveNext () (at ./Library/PackageCache/com.unity.test-framework@76560ee600cb/UnityEngine.TestRunner/NUnitExtensions/Commands/StrictCheckCommand.cs:29)
UnityEngine.TestTools.Utils.CoroutineRunner/<WrapEnumeratorForChecks>d__8:MoveNext () (at ./Library/PackageCache/com.unity.test-framework@76560ee600cb/UnityEngine.TestRunner/Utils/CoroutineRunner.cs:58)
UnityEngine.SetupCoroutine:InvokeMoveNext (System.Collections.IEnumerator,intptr)

(Filename: Assets/Shell/Tests/PlayMode/LiveLinkIntegrationTests.cs Line: 101)

[OPUS] LiveLinkTest: OnCommand 'start' ackId=e8a1d28b-83b1-420d-9d45-52252630e624
UnityEngine.Debug:ExtractStackTraceNoAlloc (byte*,int,string)
UnityEngine.StackTraceUtility:ExtractStackTrace ()
UnityEngine.DebugLogHandler:Internal_Log (UnityEngine.LogType,UnityEngine.LogOption,string,UnityEngine.Object)
UnityEngine.DebugLogHandler:LogFormat (UnityEngine.LogType,UnityEngine.Object,string,object[])
UnityEngine.Logger:Log (UnityEngine.LogType,object)
UnityEngine.Debug:Log (object)
Opus.Shell.Tests.PlayMode.LiveLinkIntegrationTests/<>c__DisplayClass4_0:<LiveClient_CompletesScenarioBasic_AgainstFakeHub>b__4 (string,Newtonsoft.Json.Linq.JObject,string) (at Assets/Shell/Tests/PlayMode/LiveLinkIntegrationTests.cs:101)
Opus.Sdk.LiveClient/<>c__DisplayClass59_1:<HandleIncoming>b__2 () (at ./Packages/com.opus.sdk/Runtime/Transport/LiveClient.cs:407)
Opus.Sdk.LiveClient:Pump (double) (at ./Packages/com.opus.sdk/Runtime/Transport/LiveClient.cs:112)
Opus.Shell.Tests.PlayMode.LiveLinkIntegrationTests/<LiveClient_CompletesScenarioBasic_AgainstFakeHub>d__4:MoveNext () (at Assets/Shell/Tests/PlayMode/LiveLinkIntegrationTests.cs:127)
UnityEngine.TestTools.TestEnumerator/<Execute>d__7:MoveNext () (at ./Library/PackageCache/com.unity.test-framework@76560ee600cb/UnityEngine.TestRunner/NUnitExtensions/Attributes/TestEnumerator.cs:44)
UnityEngine.TestTools.EnumerableTestMethodCommand/<ExecuteEnumerableAndRecordExceptions>d__4:MoveNext () (at ./Library/PackageCache/com.unity.test-framework@76560ee600cb/UnityEngine.TestRunner/NUnitExtensions/Commands/EnumerableTestMethodCommand.cs:79)
UnityEngine.TestTools.EnumerableTestMethodCommand:AdvanceEnumerator (System.Collections.IEnumerator) (at ./Library/PackageCache/com.unity.test-framework@76560ee600cb/UnityEngine.TestRunner/NUnitExtensions/Commands/EnumerableTestMethodCommand.cs:64)
UnityEngine.TestTools.EnumerableTestMethodCommand/<ExecuteEnumerable>d__2:MoveNext () (at ./Library/PackageCache/com.unity.test-framework@76560ee600cb/UnityEngine.TestRunner/NUnitExtensions/Commands/EnumerableTestMethodCommand.cs:47)
UnityEngine.TestRunner.NUnitExtensions.Runner.UnityLogCheckDelegatingCommand/<ExecuteEnumerable>d__3:MoveNext () (at ./Library/PackageCache/com.unity.test-framework@76560ee600cb/UnityEngine.TestRunner/NUnitExtensions/Runner/UnityLogCheckDelegatingCommand.cs:48)
UnityEngine.TestTools.BeforeAfterTestCommandBase`1/<ExecuteEnumerable>d__16<NUnit.Framework.ITestAction>:MoveNext () (at ./Library/PackageCache/com.unity.test-framework@76560ee600cb/UnityEngine.TestRunner/NUnitExtensions/Commands/BeforeAfterTestCommandBase.cs:212)
UnityEngine.TestTools.BeforeAfterTestCommandBase`1/<ExecuteEnumerable>d__16<System.Reflection.MethodInfo>:MoveNext () (at ./Library/PackageCache/com.unity.test-framework@76560ee600cb/UnityEngine.TestRunner/NUnitExtensions/Commands/BeforeAfterTestCommandBase.cs:212)
UnityEngine.TestTools.BeforeAfterTestCommandBase`1/<ExecuteEnumerable>d__16<System.Reflection.MethodInfo>:MoveNext () (at ./Library/PackageCache/com.unity.test-framework@76560ee600cb/UnityEngine.TestRunner/NUnitExtensions/Commands/BeforeAfterTestCommandBase.cs:212)
UnityEngine.TestTools.BeforeAfterTestCommandBase`1/<ExecuteEnumerable>d__16<UnityEngine.TestTools.IOuterUnityTestAction>:MoveNext () (at ./Library/PackageCache/com.unity.test-framework@76560ee600cb/UnityEngine.TestRunner/NUnitExtensions/Commands/BeforeAfterTestCommandBase.cs:212)
UnityEngine.TestTools.RetryCommand/<ExecuteEnumerable>d__2:MoveNext () (at ./Library/PackageCache/com.unity.test-framework@76560ee600cb/UnityEngine.TestRunner/NUnitExtensions/Commands/RetryCommand.cs:37)
UnityEngine.TestTools.RepeatCommand/<ExecuteEnumerable>d__2:MoveNext () (at ./Library/PackageCache/com.unity.test-framework@76560ee600cb/UnityEngine.TestRunner/NUnitExtensions/Commands/RepeatCommand.cs:36)
UnityEngine.TestTools.IgnoreTestCommand/<ExecuteEnumerable>d__3:MoveNext () (at ./Library/PackageCache/com.unity.test-framework@76560ee600cb/UnityEngine.TestRunner/NUnitExtensions/Commands/IgnoreTestCommand.cs:42)
UnityEngine.TestTools.StrictCheckCommand/<ExecuteEnumerable>d__2:MoveNext () (at ./Library/PackageCache/com.unity.test-framework@76560ee600cb/UnityEngine.TestRunner/NUnitExtensions/Commands/StrictCheckCommand.cs:29)
UnityEngine.TestTools.Utils.CoroutineRunner/<WrapEnumeratorForChecks>d__8:MoveNext () (at ./Library/PackageCache/com.unity.test-framework@76560ee600cb/UnityEngine.TestRunner/Utils/CoroutineRunner.cs:58)
UnityEngine.SetupCoroutine:InvokeMoveNext (System.Collections.IEnumerator,intptr)

(Filename: Assets/Shell/Tests/PlayMode/LiveLinkIntegrationTests.cs Line: 101)

[OPUS] LiveLinkTest: OnCommand 'pause' ackId=81023b35-b521-401c-b5f2-443803e783e2
UnityEngine.Debug:ExtractStackTraceNoAlloc (byte*,int,string)
UnityEngine.StackTraceUtility:ExtractStackTrace ()
UnityEngine.DebugLogHandler:Internal_Log (UnityEngine.LogType,UnityEngine.LogOption,string,UnityEngine.Object)
UnityEngine.DebugLogHandler:LogFormat (UnityEngine.LogType,UnityEngine.Object,string,object[])
UnityEngine.Logger:Log (UnityEngine.LogType,object)
UnityEngine.Debug:Log (object)
Opus.Shell.Tests.PlayMode.LiveLinkIntegrationTests/<>c__DisplayClass4_0:<LiveClient_CompletesScenarioBasic_AgainstFakeHub>b__4 (string,Newtonsoft.Json.Linq.JObject,string) (at Assets/Shell/Tests/PlayMode/LiveLinkIntegrationTests.cs:101)
Opus.Sdk.LiveClient/<>c__DisplayClass59_1:<HandleIncoming>b__2 () (at ./Packages/com.opus.sdk/Runtime/Transport/LiveClient.cs:407)
Opus.Sdk.LiveClient:Pump (double) (at ./Packages/com.opus.sdk/Runtime/Transport/LiveClient.cs:112)
Opus.Shell.Tests.PlayMode.LiveLinkIntegrationTests/<LiveClient_CompletesScenarioBasic_AgainstFakeHub>d__4:MoveNext () (at Assets/Shell/Tests/PlayMode/LiveLinkIntegrationTests.cs:127)
UnityEngine.TestTools.TestEnumerator/<Execute>d__7:MoveNext () (at ./Library/PackageCache/com.unity.test-framework@76560ee600cb/UnityEngine.TestRunner/NUnitExtensions/Attributes/TestEnumerator.cs:44)
UnityEngine.TestTools.EnumerableTestMethodCommand/<ExecuteEnumerableAndRecordExceptions>d__4:MoveNext () (at ./Library/PackageCache/com.unity.test-framework@76560ee600cb/UnityEngine.TestRunner/NUnitExtensions/Commands/EnumerableTestMethodCommand.cs:79)
UnityEngine.TestTools.EnumerableTestMethodCommand:AdvanceEnumerator (System.Collections.IEnumerator) (at ./Library/PackageCache/com.unity.test-framework@76560ee600cb/UnityEngine.TestRunner/NUnitExtensions/Commands/EnumerableTestMethodCommand.cs:64)
UnityEngine.TestTools.EnumerableTestMethodCommand/<ExecuteEnumerable>d__2:MoveNext () (at ./Library/PackageCache/com.unity.test-framework@76560ee600cb/UnityEngine.TestRunner/NUnitExtensions/Commands/EnumerableTestMethodCommand.cs:47)
UnityEngine.TestRunner.NUnitExtensions.Runner.UnityLogCheckDelegatingCommand/<ExecuteEnumerable>d__3:MoveNext () (at ./Library/PackageCache/com.unity.test-framework@76560ee600cb/UnityEngine.TestRunner/NUnitExtensions/Runner/UnityLogCheckDelegatingCommand.cs:48)
UnityEngine.TestTools.BeforeAfterTestCommandBase`1/<ExecuteEnumerable>d__16<NUnit.Framework.ITestAction>:MoveNext () (at ./Library/PackageCache/com.unity.test-framework@76560ee600cb/UnityEngine.TestRunner/NUnitExtensions/Commands/BeforeAfterTestCommandBase.cs:212)
UnityEngine.TestTools.BeforeAfterTestCommandBase`1/<ExecuteEnumerable>d__16<System.Reflection.MethodInfo>:MoveNext () (at ./Library/PackageCache/com.unity.test-framework@76560ee600cb/UnityEngine.TestRunner/NUnitExtensions/Commands/BeforeAfterTestCommandBase.cs:212)
UnityEngine.TestTools.BeforeAfterTestCommandBase`1/<ExecuteEnumerable>d__16<System.Reflection.MethodInfo>:MoveNext () (at ./Library/PackageCache/com.unity.test-framework@76560ee600cb/UnityEngine.TestRunner/NUnitExtensions/Commands/BeforeAfterTestCommandBase.cs:212)
UnityEngine.TestTools.BeforeAfterTestCommandBase`1/<ExecuteEnumerable>d__16<UnityEngine.TestTools.IOuterUnityTestAction>:MoveNext () (at ./Library/PackageCache/com.unity.test-framework@76560ee600cb/UnityEngine.TestRunner/NUnitExtensions/Commands/BeforeAfterTestCommandBase.cs:212)
UnityEngine.TestTools.RetryCommand/<ExecuteEnumerable>d__2:MoveNext () (at ./Library/PackageCache/com.unity.test-framework@76560ee600cb/UnityEngine.TestRunner/NUnitExtensions/Commands/RetryCommand.cs:37)
UnityEngine.TestTools.RepeatCommand/<ExecuteEnumerable>d__2:MoveNext () (at ./Library/PackageCache/com.unity.test-framework@76560ee600cb/UnityEngine.TestRunner/NUnitExtensions/Commands/RepeatCommand.cs:36)
UnityEngine.TestTools.IgnoreTestCommand/<ExecuteEnumerable>d__3:MoveNext () (at ./Library/PackageCache/com.unity.test-framework@76560ee600cb/UnityEngine.TestRunner/NUnitExtensions/Commands/IgnoreTestCommand.cs:42)
UnityEngine.TestTools.StrictCheckCommand/<ExecuteEnumerable>d__2:MoveNext () (at ./Library/PackageCache/com.unity.test-framework@76560ee600cb/UnityEngine.TestRunner/NUnitExtensions/Commands/StrictCheckCommand.cs:29)
UnityEngine.TestTools.Utils.CoroutineRunner/<WrapEnumeratorForChecks>d__8:MoveNext () (at ./Library/PackageCache/com.unity.test-framework@76560ee600cb/UnityEngine.TestRunner/Utils/CoroutineRunner.cs:58)
UnityEngine.SetupCoroutine:InvokeMoveNext (System.Collections.IEnumerator,intptr)

(Filename: Assets/Shell/Tests/PlayMode/LiveLinkIntegrationTests.cs Line: 101)

[OPUS] LiveLinkTest: OnCommand 'resume' ackId=32369bd0-a416-411f-bba0-9df3825ba555
UnityEngine.Debug:ExtractStackTraceNoAlloc (byte*,int,string)
UnityEngine.StackTraceUtility:ExtractStackTrace ()
UnityEngine.DebugLogHandler:Internal_Log (UnityEngine.LogType,UnityEngine.LogOption,string,UnityEngine.Object)
UnityEngine.DebugLogHandler:LogFormat (UnityEngine.LogType,UnityEngine.Object,string,object[])
UnityEngine.Logger:Log (UnityEngine.LogType,object)
UnityEngine.Debug:Log (object)
Opus.Shell.Tests.PlayMode.LiveLinkIntegrationTests/<>c__DisplayClass4_0:<LiveClient_CompletesScenarioBasic_AgainstFakeHub>b__4 (string,Newtonsoft.Json.Linq.JObject,string) (at Assets/Shell/Tests/PlayMode/LiveLinkIntegrationTests.cs:101)
Opus.Sdk.LiveClient/<>c__DisplayClass59_1:<HandleIncoming>b__2 () (at ./Packages/com.opus.sdk/Runtime/Transport/LiveClient.cs:407)
Opus.Sdk.LiveClient:Pump (double) (at ./Packages/com.opus.sdk/Runtime/Transport/LiveClient.cs:112)
Opus.Shell.Tests.PlayMode.LiveLinkIntegrationTests/<LiveClient_CompletesScenarioBasic_AgainstFakeHub>d__4:MoveNext () (at Assets/Shell/Tests/PlayMode/LiveLinkIntegrationTests.cs:127)
UnityEngine.TestTools.TestEnumerator/<Execute>d__7:MoveNext () (at ./Library/PackageCache/com.unity.test-framework@76560ee600cb/UnityEngine.TestRunner/NUnitExtensions/Attributes/TestEnumerator.cs:44)
UnityEngine.TestTools.EnumerableTestMethodCommand/<ExecuteEnumerableAndRecordExceptions>d__4:MoveNext () (at ./Library/PackageCache/com.unity.test-framework@76560ee600cb/UnityEngine.TestRunner/NUnitExtensions/Commands/EnumerableTestMethodCommand.cs:79)
UnityEngine.TestTools.EnumerableTestMethodCommand:AdvanceEnumerator (System.Collections.IEnumerator) (at ./Library/PackageCache/com.unity.test-framework@76560ee600cb/UnityEngine.TestRunner/NUnitExtensions/Commands/EnumerableTestMethodCommand.cs:64)
UnityEngine.TestTools.EnumerableTestMethodCommand/<ExecuteEnumerable>d__2:MoveNext () (at ./Library/PackageCache/com.unity.test-framework@76560ee600cb/UnityEngine.TestRunner/NUnitExtensions/Commands/EnumerableTestMethodCommand.cs:47)
UnityEngine.TestRunner.NUnitExtensions.Runner.UnityLogCheckDelegatingCommand/<ExecuteEnumerable>d__3:MoveNext () (at ./Library/PackageCache/com.unity.test-framework@76560ee600cb/UnityEngine.TestRunner/NUnitExtensions/Runner/UnityLogCheckDelegatingCommand.cs:48)
UnityEngine.TestTools.BeforeAfterTestCommandBase`1/<ExecuteEnumerable>d__16<NUnit.Framework.ITestAction>:MoveNext () (at ./Library/PackageCache/com.unity.test-framework@76560ee600cb/UnityEngine.TestRunner/NUnitExtensions/Commands/BeforeAfterTestCommandBase.cs:212)
UnityEngine.TestTools.BeforeAfterTestCommandBase`1/<ExecuteEnumerable>d__16<System.Reflection.MethodInfo>:MoveNext () (at ./Library/PackageCache/com.unity.test-framework@76560ee600cb/UnityEngine.TestRunner/NUnitExtensions/Commands/BeforeAfterTestCommandBase.cs:212)
UnityEngine.TestTools.BeforeAfterTestCommandBase`1/<ExecuteEnumerable>d__16<System.Reflection.MethodInfo>:MoveNext () (at ./Library/PackageCache/com.unity.test-framework@76560ee600cb/UnityEngine.TestRunner/NUnitExtensions/Commands/BeforeAfterTestCommandBase.cs:212)
UnityEngine.TestTools.BeforeAfterTestCommandBase`1/<ExecuteEnumerable>d__16<UnityEngine.TestTools.IOuterUnityTestAction>:MoveNext () (at ./Library/PackageCache/com.unity.test-framework@76560ee600cb/UnityEngine.TestRunner/NUnitExtensions/Commands/BeforeAfterTestCommandBase.cs:212)
UnityEngine.TestTools.RetryCommand/<ExecuteEnumerable>d__2:MoveNext () (at ./Library/PackageCache/com.unity.test-framework@76560ee600cb/UnityEngine.TestRunner/NUnitExtensions/Commands/RetryCommand.cs:37)
UnityEngine.TestTools.RepeatCommand/<ExecuteEnumerable>d__2:MoveNext () (at ./Library/PackageCache/com.unity.test-framework@76560ee600cb/UnityEngine.TestRunner/NUnitExtensions/Commands/RepeatCommand.cs:36)
UnityEngine.TestTools.IgnoreTestCommand/<ExecuteEnumerable>d__3:MoveNext () (at ./Library/PackageCache/com.unity.test-framework@76560ee600cb/UnityEngine.TestRunner/NUnitExtensions/Commands/IgnoreTestCommand.cs:42)
UnityEngine.TestTools.StrictCheckCommand/<ExecuteEnumerable>d__2:MoveNext () (at ./Library/PackageCache/com.unity.test-framework@76560ee600cb/UnityEngine.TestRunner/NUnitExtensions/Commands/StrictCheckCommand.cs:29)
UnityEngine.TestTools.Utils.CoroutineRunner/<WrapEnumeratorForChecks>d__8:MoveNext () (at ./Library/PackageCache/com.unity.test-framework@76560ee600cb/UnityEngine.TestRunner/Utils/CoroutineRunner.cs:58)
UnityEngine.SetupCoroutine:InvokeMoveNext (System.Collections.IEnumerator,intptr)

(Filename: Assets/Shell/Tests/PlayMode/LiveLinkIntegrationTests.cs Line: 101)

[OPUS] LiveLinkTest: OnCommand 'stop' ackId=e6aeb8fb-abbc-46c3-b2e5-732606a730f9
UnityEngine.Debug:ExtractStackTraceNoAlloc (byte*,int,string)
UnityEngine.StackTraceUtility:ExtractStackTrace ()
UnityEngine.DebugLogHandler:Internal_Log (UnityEngine.LogType,UnityEngine.LogOption,string,UnityEngine.Object)
UnityEngine.DebugLogHandler:LogFormat (UnityEngine.LogType,UnityEngine.Object,string,object[])
UnityEngine.Logger:Log (UnityEngine.LogType,object)
UnityEngine.Debug:Log (object)
Opus.Shell.Tests.PlayMode.LiveLinkIntegrationTests/<>c__DisplayClass4_0:<LiveClient_CompletesScenarioBasic_AgainstFakeHub>b__4 (string,Newtonsoft.Json.Linq.JObject,string) (at Assets/Shell/Tests/PlayMode/LiveLinkIntegrationTests.cs:101)
Opus.Sdk.LiveClient/<>c__DisplayClass59_1:<HandleIncoming>b__2 () (at ./Packages/com.opus.sdk/Runtime/Transport/LiveClient.cs:407)
Opus.Sdk.LiveClient:Pump (double) (at ./Packages/com.opus.sdk/Runtime/Transport/LiveClient.cs:112)
Opus.Shell.Tests.PlayMode.LiveLinkIntegrationTests/<LiveClient_CompletesScenarioBasic_AgainstFakeHub>d__4:MoveNext () (at Assets/Shell/Tests/PlayMode/LiveLinkIntegrationTests.cs:127)
UnityEngine.TestTools.TestEnumerator/<Execute>d__7:MoveNext () (at ./Library/PackageCache/com.unity.test-framework@76560ee600cb/UnityEngine.TestRunner/NUnitExtensions/Attributes/TestEnumerator.cs:44)
UnityEngine.TestTools.EnumerableTestMethodCommand/<ExecuteEnumerableAndRecordExceptions>d__4:MoveNext () (at ./Library/PackageCache/com.unity.test-framework@76560ee600cb/UnityEngine.TestRunner/NUnitExtensions/Commands/EnumerableTestMethodCommand.cs:79)
UnityEngine.TestTools.EnumerableTestMethodCommand:AdvanceEnumerator (System.Collections.IEnumerator) (at ./Library/PackageCache/com.unity.test-framework@76560ee600cb/UnityEngine.TestRunner/NUnitExtensions/Commands/EnumerableTestMethodCommand.cs:64)
UnityEngine.TestTools.EnumerableTestMethodCommand/<ExecuteEnumerable>d__2:MoveNext () (at ./Library/PackageCache/com.unity.test-framework@76560ee600cb/UnityEngine.TestRunner/NUnitExtensions/Commands/EnumerableTestMethodCommand.cs:47)
UnityEngine.TestRunner.NUnitExtensions.Runner.UnityLogCheckDelegatingCommand/<ExecuteEnumerable>d__3:MoveNext () (at ./Library/PackageCache/com.unity.test-framework@76560ee600cb/UnityEngine.TestRunner/NUnitExtensions/Runner/UnityLogCheckDelegatingCommand.cs:48)
UnityEngine.TestTools.BeforeAfterTestCommandBase`1/<ExecuteEnumerable>d__16<NUnit.Framework.ITestAction>:MoveNext () (at ./Library/PackageCache/com.unity.test-framework@76560ee600cb/UnityEngine.TestRunner/NUnitExtensions/Commands/BeforeAfterTestCommandBase.cs:212)
UnityEngine.TestTools.BeforeAfterTestCommandBase`1/<ExecuteEnumerable>d__16<System.Reflection.MethodInfo>:MoveNext () (at ./Library/PackageCache/com.unity.test-framework@76560ee600cb/UnityEngine.TestRunner/NUnitExtensions/Commands/BeforeAfterTestCommandBase.cs:212)
UnityEngine.TestTools.BeforeAfterTestCommandBase`1/<ExecuteEnumerable>d__16<System.Reflection.MethodInfo>:MoveNext () (at ./Library/PackageCache/com.unity.test-framework@76560ee600cb/UnityEngine.TestRunner/NUnitExtensions/Commands/BeforeAfterTestCommandBase.cs:212)
UnityEngine.TestTools.BeforeAfterTestCommandBase`1/<ExecuteEnumerable>d__16<UnityEngine.TestTools.IOuterUnityTestAction>:MoveNext () (at ./Library/PackageCache/com.unity.test-framework@76560ee600cb/UnityEngine.TestRunner/NUnitExtensions/Commands/BeforeAfterTestCommandBase.cs:212)
UnityEngine.TestTools.RetryCommand/<ExecuteEnumerable>d__2:MoveNext () (at ./Library/PackageCache/com.unity.test-framework@76560ee600cb/UnityEngine.TestRunner/NUnitExtensions/Commands/RetryCommand.cs:37)
UnityEngine.TestTools.RepeatCommand/<ExecuteEnumerable>d__2:MoveNext () (at ./Library/PackageCache/com.unity.test-framework@76560ee600cb/UnityEngine.TestRunner/NUnitExtensions/Commands/RepeatCommand.cs:36)
UnityEngine.TestTools.IgnoreTestCommand/<ExecuteEnumerable>d__3:MoveNext () (at ./Library/PackageCache/com.unity.test-framework@76560ee600cb/UnityEngine.TestRunner/NUnitExtensions/Commands/IgnoreTestCommand.cs:42)
UnityEngine.TestTools.StrictCheckCommand/<ExecuteEnumerable>d__2:MoveNext () (at ./Library/PackageCache/com.unity.test-framework@76560ee600cb/UnityEngine.TestRunner/NUnitExtensions/Commands/StrictCheckCommand.cs:29)
UnityEngine.TestTools.Utils.CoroutineRunner/<WrapEnumeratorForChecks>d__8:MoveNext () (at ./Library/PackageCache/com.unity.test-framework@76560ee600cb/UnityEngine.TestRunner/Utils/CoroutineRunner.cs:58)
UnityEngine.SetupCoroutine:InvokeMoveNext (System.Collections.IEnumerator,intptr)

(Filename: Assets/Shell/Tests/PlayMode/LiveLinkIntegrationTests.cs Line: 101)

[OPUS] LiveLinkTest: scenario loop ended after 13.1s, sessionStarted=True, sessionStopped=True, rttSamples=1
UnityEngine.Debug:ExtractStackTraceNoAlloc (byte*,int,string)
UnityEngine.StackTraceUtility:ExtractStackTrace ()
UnityEngine.DebugLogHandler:Internal_Log (UnityEngine.LogType,UnityEngine.LogOption,string,UnityEngine.Object)
UnityEngine.DebugLogHandler:LogFormat (UnityEngine.LogType,UnityEngine.Object,string,object[])
UnityEngine.Logger:Log (UnityEngine.LogType,object)
UnityEngine.Debug:Log (object)
Opus.Shell.Tests.PlayMode.LiveLinkIntegrationTests/<LiveClient_CompletesScenarioBasic_AgainstFakeHub>d__4:MoveNext () (at Assets/Shell/Tests/PlayMode/LiveLinkIntegrationTests.cs:149)
UnityEngine.TestTools.TestEnumerator/<Execute>d__7:MoveNext () (at ./Library/PackageCache/com.unity.test-framework@76560ee600cb/UnityEngine.TestRunner/NUnitExtensions/Attributes/TestEnumerator.cs:44)
UnityEngine.TestTools.EnumerableTestMethodCommand/<ExecuteEnumerableAndRecordExceptions>d__4:MoveNext () (at ./Library/PackageCache/com.unity.test-framework@76560ee600cb/UnityEngine.TestRunner/NUnitExtensions/Commands/EnumerableTestMethodCommand.cs:79)
UnityEngine.TestTools.EnumerableTestMethodCommand:AdvanceEnumerator (System.Collections.IEnumerator) (at ./Library/PackageCache/com.unity.test-framework@76560ee600cb/UnityEngine.TestRunner/NUnitExtensions/Commands/EnumerableTestMethodCommand.cs:64)
UnityEngine.TestTools.EnumerableTestMethodCommand/<ExecuteEnumerable>d__2:MoveNext () (at ./Library/PackageCache/com.unity.test-framework@76560ee600cb/UnityEngine.TestRunner/NUnitExtensions/Commands/EnumerableTestMethodCommand.cs:47)
UnityEngine.TestRunner.NUnitExtensions.Runner.UnityLogCheckDelegatingCommand/<ExecuteEnumerable>d__3:MoveNext () (at ./Library/PackageCache/com.unity.test-framework@76560ee600cb/UnityEngine.TestRunner/NUnitExtensions/Runner/UnityLogCheckDelegatingCommand.cs:48)
UnityEngine.TestTools.BeforeAfterTestCommandBase`1/<ExecuteEnumerable>d__16<NUnit.Framework.ITestAction>:MoveNext () (at ./Library/PackageCache/com.unity.test-framework@76560ee600cb/UnityEngine.TestRunner/NUnitExtensions/Commands/BeforeAfterTestCommandBase.cs:212)
UnityEngine.TestTools.BeforeAfterTestCommandBase`1/<ExecuteEnumerable>d__16<System.Reflection.MethodInfo>:MoveNext () (at ./Library/PackageCache/com.unity.test-framework@76560ee600cb/UnityEngine.TestRunner/NUnitExtensions/Commands/BeforeAfterTestCommandBase.cs:212)
UnityEngine.TestTools.BeforeAfterTestCommandBase`1/<ExecuteEnumerable>d__16<System.Reflection.MethodInfo>:MoveNext () (at ./Library/PackageCache/com.unity.test-framework@76560ee600cb/UnityEngine.TestRunner/NUnitExtensions/Commands/BeforeAfterTestCommandBase.cs:212)
UnityEngine.TestTools.BeforeAfterTestCommandBase`1/<ExecuteEnumerable>d__16<UnityEngine.TestTools.IOuterUnityTestAction>:MoveNext () (at ./Library/PackageCache/com.unity.test-framework@76560ee600cb/UnityEngine.TestRunner/NUnitExtensions/Commands/BeforeAfterTestCommandBase.cs:212)
UnityEngine.TestTools.RetryCommand/<ExecuteEnumerable>d__2:MoveNext () (at ./Library/PackageCache/com.unity.test-framework@76560ee600cb/UnityEngine.TestRunner/NUnitExtensions/Commands/RetryCommand.cs:37)
UnityEngine.TestTools.RepeatCommand/<ExecuteEnumerable>d__2:MoveNext () (at ./Library/PackageCache/com.unity.test-framework@76560ee600cb/UnityEngine.TestRunner/NUnitExtensions/Commands/RepeatCommand.cs:36)
UnityEngine.TestTools.IgnoreTestCommand/<ExecuteEnumerable>d__3:MoveNext () (at ./Library/PackageCache/com.unity.test-framework@76560ee600cb/UnityEngine.TestRunner/NUnitExtensions/Commands/IgnoreTestCommand.cs:42)
UnityEngine.TestTools.StrictCheckCommand/<ExecuteEnumerable>d__2:MoveNext () (at ./Library/PackageCache/com.unity.test-framework@76560ee600cb/UnityEngine.TestRunner/NUnitExtensions/Commands/StrictCheckCommand.cs:29)
UnityEngine.TestTools.Utils.CoroutineRunner/<WrapEnumeratorForChecks>d__8:MoveNext () (at ./Library/PackageCache/com.unity.test-framework@76560ee600cb/UnityEngine.TestRunner/Utils/CoroutineRunner.cs:58)
UnityEngine.SetupCoroutine:InvokeMoveNext (System.Collections.IEnumerator,intptr)

(Filename: Assets/Shell/Tests/PlayMode/LiveLinkIntegrationTests.cs Line: 149)

[OPUS] LiveLinkTest: file uploads -> session.json=True events.ndjson=True
UnityEngine.Debug:ExtractStackTraceNoAlloc (byte*,int,string)
UnityEngine.StackTraceUtility:ExtractStackTrace ()
UnityEngine.DebugLogHandler:Internal_Log (UnityEngine.LogType,UnityEngine.LogOption,string,UnityEngine.Object)
UnityEngine.DebugLogHandler:LogFormat (UnityEngine.LogType,UnityEngine.Object,string,object[])
UnityEngine.Logger:Log (UnityEngine.LogType,object)
UnityEngine.Debug:Log (object)
Opus.Shell.Tests.PlayMode.LiveLinkIntegrationTests/<LiveClient_CompletesScenarioBasic_AgainstFakeHub>d__4:MoveNext () (at Assets/Shell/Tests/PlayMode/LiveLinkIntegrationTests.cs:188)
UnityEngine.TestTools.TestEnumerator/<Execute>d__7:MoveNext () (at ./Library/PackageCache/com.unity.test-framework@76560ee600cb/UnityEngine.TestRunner/NUnitExtensions/Attributes/TestEnumerator.cs:44)
UnityEngine.TestTools.EnumerableTestMethodCommand/<ExecuteEnumerableAndRecordExceptions>d__4:MoveNext () (at ./Library/PackageCache/com.unity.test-framework@76560ee600cb/UnityEngine.TestRunner/NUnitExtensions/Commands/EnumerableTestMethodCommand.cs:79)
UnityEngine.TestTools.EnumerableTestMethodCommand:AdvanceEnumerator (System.Collections.IEnumerator) (at ./Library/PackageCache/com.unity.test-framework@76560ee600cb/UnityEngine.TestRunner/NUnitExtensions/Commands/EnumerableTestMethodCommand.cs:64)
UnityEngine.TestTools.EnumerableTestMethodCommand/<ExecuteEnumerable>d__2:MoveNext () (at ./Library/PackageCache/com.unity.test-framework@76560ee600cb/UnityEngine.TestRunner/NUnitExtensions/Commands/EnumerableTestMethodCommand.cs:47)
UnityEngine.TestRunner.NUnitExtensions.Runner.UnityLogCheckDelegatingCommand/<ExecuteEnumerable>d__3:MoveNext () (at ./Library/PackageCache/com.unity.test-framework@76560ee600cb/UnityEngine.TestRunner/NUnitExtensions/Runner/UnityLogCheckDelegatingCommand.cs:48)
UnityEngine.TestTools.BeforeAfterTestCommandBase`1/<ExecuteEnumerable>d__16<NUnit.Framework.ITestAction>:MoveNext () (at ./Library/PackageCache/com.unity.test-framework@76560ee600cb/UnityEngine.TestRunner/NUnitExtensions/Commands/BeforeAfterTestCommandBase.cs:212)
UnityEngine.TestTools.BeforeAfterTestCommandBase`1/<ExecuteEnumerable>d__16<System.Reflection.MethodInfo>:MoveNext () (at ./Library/PackageCache/com.unity.test-framework@76560ee600cb/UnityEngine.TestRunner/NUnitExtensions/Commands/BeforeAfterTestCommandBase.cs:212)
UnityEngine.TestTools.BeforeAfterTestCommandBase`1/<ExecuteEnumerable>d__16<System.Reflection.MethodInfo>:MoveNext () (at ./Library/PackageCache/com.unity.test-framework@76560ee600cb/UnityEngine.TestRunner/NUnitExtensions/Commands/BeforeAfterTestCommandBase.cs:212)
UnityEngine.TestTools.BeforeAfterTestCommandBase`1/<ExecuteEnumerable>d__16<UnityEngine.TestTools.IOuterUnityTestAction>:MoveNext () (at ./Library/PackageCache/com.unity.test-framework@76560ee600cb/UnityEngine.TestRunner/NUnitExtensions/Commands/BeforeAfterTestCommandBase.cs:212)
UnityEngine.TestTools.RetryCommand/<ExecuteEnumerable>d__2:MoveNext () (at ./Library/PackageCache/com.unity.test-framework@76560ee600cb/UnityEngine.TestRunner/NUnitExtensions/Commands/RetryCommand.cs:37)
UnityEngine.TestTools.RepeatCommand/<ExecuteEnumerable>d__2:MoveNext () (at ./Library/PackageCache/com.unity.test-framework@76560ee600cb/UnityEngine.TestRunner/NUnitExtensions/Commands/RepeatCommand.cs:36)
UnityEngine.TestTools.IgnoreTestCommand/<ExecuteEnumerable>d__3:MoveNext () (at ./Library/PackageCache/com.unity.test-framework@76560ee600cb/UnityEngine.TestRunner/NUnitExtensions/Commands/IgnoreTestCommand.cs:42)
UnityEngine.TestTools.StrictCheckCommand/<ExecuteEnumerable>d__2:MoveNext () (at ./Library/PackageCache/com.unity.test-framework@76560ee600cb/UnityEngine.TestRunner/NUnitExtensions/Commands/StrictCheckCommand.cs:29)
UnityEngine.TestTools.Utils.CoroutineRunner/<WrapEnumeratorForChecks>d__8:MoveNext () (at ./Library/PackageCache/com.unity.test-framework@76560ee600cb/UnityEngine.TestRunner/Utils/CoroutineRunner.cs:58)
UnityEngine.SetupCoroutine:InvokeMoveNext (System.Collections.IEnumerator,intptr)

(Filename: Assets/Shell/Tests/PlayMode/LiveLinkIntegrationTests.cs Line: 188)

[OPUS] LiveLinkTest: hub stored session dir C:\Users\GARV BANSAL\Documents\VR_games\OPUS\sim\out\hub_sessions\9f80fb6f-6c2d-4b2f-bd18-8ec3d4604c2b exists-with-files=True
UnityEngine.Debug:ExtractStackTraceNoAlloc (byte*,int,string)
UnityEngine.StackTraceUtility:ExtractStackTrace ()
UnityEngine.DebugLogHandler:Internal_Log (UnityEngine.LogType,UnityEngine.LogOption,string,UnityEngine.Object)
UnityEngine.DebugLogHandler:LogFormat (UnityEngine.LogType,UnityEngine.Object,string,object[])
UnityEngine.Logger:Log (UnityEngine.LogType,object)
UnityEngine.Debug:Log (object)
Opus.Shell.Tests.PlayMode.LiveLinkIntegrationTests/<LiveClient_CompletesScenarioBasic_AgainstFakeHub>d__4:MoveNext () (at Assets/Shell/Tests/PlayMode/LiveLinkIntegrationTests.cs:206)
UnityEngine.TestTools.TestEnumerator/<Execute>d__7:MoveNext () (at ./Library/PackageCache/com.unity.test-framework@76560ee600cb/UnityEngine.TestRunner/NUnitExtensions/Attributes/TestEnumerator.cs:44)
UnityEngine.TestTools.EnumerableTestMethodCommand/<ExecuteEnumerableAndRecordExceptions>d__4:MoveNext () (at ./Library/PackageCache/com.unity.test-framework@76560ee600cb/UnityEngine.TestRunner/NUnitExtensions/Commands/EnumerableTestMethodCommand.cs:79)
UnityEngine.TestTools.EnumerableTestMethodCommand:AdvanceEnumerator (System.Collections.IEnumerator) (at ./Library/PackageCache/com.unity.test-framework@76560ee600cb/UnityEngine.TestRunner/NUnitExtensions/Commands/EnumerableTestMethodCommand.cs:64)
UnityEngine.TestTools.EnumerableTestMethodCommand/<ExecuteEnumerable>d__2:MoveNext () (at ./Library/PackageCache/com.unity.test-framework@76560ee600cb/UnityEngine.TestRunner/NUnitExtensions/Commands/EnumerableTestMethodCommand.cs:47)
UnityEngine.TestRunner.NUnitExtensions.Runner.UnityLogCheckDelegatingCommand/<ExecuteEnumerable>d__3:MoveNext () (at ./Library/PackageCache/com.unity.test-framework@76560ee600cb/UnityEngine.TestRunner/NUnitExtensions/Runner/UnityLogCheckDelegatingCommand.cs:48)
UnityEngine.TestTools.BeforeAfterTestCommandBase`1/<ExecuteEnumerable>d__16<NUnit.Framework.ITestAction>:MoveNext () (at ./Library/PackageCache/com.unity.test-framework@76560ee600cb/UnityEngine.TestRunner/NUnitExtensions/Commands/BeforeAfterTestCommandBase.cs:212)
UnityEngine.TestTools.BeforeAfterTestCommandBase`1/<ExecuteEnumerable>d__16<System.Reflection.MethodInfo>:MoveNext () (at ./Library/PackageCache/com.unity.test-framework@76560ee600cb/UnityEngine.TestRunner/NUnitExtensions/Commands/BeforeAfterTestCommandBase.cs:212)
UnityEngine.TestTools.BeforeAfterTestCommandBase`1/<ExecuteEnumerable>d__16<System.Reflection.MethodInfo>:MoveNext () (at ./Library/PackageCache/com.unity.test-framework@76560ee600cb/UnityEngine.TestRunner/NUnitExtensions/Commands/BeforeAfterTestCommandBase.cs:212)
UnityEngine.TestTools.BeforeAfterTestCommandBase`1/<ExecuteEnumerable>d__16<UnityEngine.TestTools.IOuterUnityTestAction>:MoveNext () (at ./Library/PackageCache/com.unity.test-framework@76560ee600cb/UnityEngine.TestRunner/NUnitExtensions/Commands/BeforeAfterTestCommandBase.cs:212)
UnityEngine.TestTools.RetryCommand/<ExecuteEnumerable>d__2:MoveNext () (at ./Library/PackageCache/com.unity.test-framework@76560ee600cb/UnityEngine.TestRunner/NUnitExtensions/Commands/RetryCommand.cs:37)
UnityEngine.TestTools.RepeatCommand/<ExecuteEnumerable>d__2:MoveNext () (at ./Library/PackageCache/com.unity.test-framework@76560ee600cb/UnityEngine.TestRunner/NUnitExtensions/Commands/RepeatCommand.cs:36)
UnityEngine.TestTools.IgnoreTestCommand/<ExecuteEnumerable>d__3:MoveNext () (at ./Library/PackageCache/com.unity.test-framework@76560ee600cb/UnityEngine.TestRunner/NUnitExtensions/Commands/IgnoreTestCommand.cs:42)
UnityEngine.TestTools.StrictCheckCommand/<ExecuteEnumerable>d__2:MoveNext () (at ./Library/PackageCache/com.unity.test-framework@76560ee600cb/UnityEngine.TestRunner/NUnitExtensions/Commands/StrictCheckCommand.cs:29)
UnityEngine.TestTools.Utils.CoroutineRunner/<WrapEnumeratorForChecks>d__8:MoveNext () (at ./Library/PackageCache/com.unity.test-framework@76560ee600cb/UnityEngine.TestRunner/Utils/CoroutineRunner.cs:58)
UnityEngine.SetupCoroutine:InvokeMoveNext (System.Collections.IEnumerator,intptr)

(Filename: Assets/Shell/Tests/PlayMode/LiveLinkIntegrationTests.cs Line: 206)

[OPUS] LiveLinkTest: RTT samples=1 p50=31.1ms p95=31.1ms max=31.1ms
UnityEngine.Debug:ExtractStackTraceNoAlloc (byte*,int,string)
UnityEngine.StackTraceUtility:ExtractStackTrace ()
UnityEngine.DebugLogHandler:Internal_Log (UnityEngine.LogType,UnityEngine.LogOption,string,UnityEngine.Object)
UnityEngine.DebugLogHandler:LogFormat (UnityEngine.LogType,UnityEngine.Object,string,object[])
UnityEngine.Logger:Log (UnityEngine.LogType,object)
UnityEngine.Debug:Log (object)
Opus.Shell.Tests.PlayMode.LiveLinkIntegrationTests/<LiveClient_CompletesScenarioBasic_AgainstFakeHub>d__4:MoveNext () (at Assets/Shell/Tests/PlayMode/LiveLinkIntegrationTests.cs:215)
UnityEngine.TestTools.TestEnumerator/<Execute>d__7:MoveNext () (at ./Library/PackageCache/com.unity.test-framework@76560ee600cb/UnityEngine.TestRunner/NUnitExtensions/Attributes/TestEnumerator.cs:44)
UnityEngine.TestTools.EnumerableTestMethodCommand/<ExecuteEnumerableAndRecordExceptions>d__4:MoveNext () (at ./Library/PackageCache/com.unity.test-framework@76560ee600cb/UnityEngine.TestRunner/NUnitExtensions/Commands/EnumerableTestMethodCommand.cs:79)
UnityEngine.TestTools.EnumerableTestMethodCommand:AdvanceEnumerator (System.Collections.IEnumerator) (at ./Library/PackageCache/com.unity.test-framework@76560ee600cb/UnityEngine.TestRunner/NUnitExtensions/Commands/EnumerableTestMethodCommand.cs:64)
UnityEngine.TestTools.EnumerableTestMethodCommand/<ExecuteEnumerable>d__2:MoveNext () (at ./Library/PackageCache/com.unity.test-framework@76560ee600cb/UnityEngine.TestRunner/NUnitExtensions/Commands/EnumerableTestMethodCommand.cs:47)
UnityEngine.TestRunner.NUnitExtensions.Runner.UnityLogCheckDelegatingCommand/<ExecuteEnumerable>d__3:MoveNext () (at ./Library/PackageCache/com.unity.test-framework@76560ee600cb/UnityEngine.TestRunner/NUnitExtensions/Runner/UnityLogCheckDelegatingCommand.cs:48)
UnityEngine.TestTools.BeforeAfterTestCommandBase`1/<ExecuteEnumerable>d__16<NUnit.Framework.ITestAction>:MoveNext () (at ./Library/PackageCache/com.unity.test-framework@76560ee600cb/UnityEngine.TestRunner/NUnitExtensions/Commands/BeforeAfterTestCommandBase.cs:212)
UnityEngine.TestTools.BeforeAfterTestCommandBase`1/<ExecuteEnumerable>d__16<System.Reflection.MethodInfo>:MoveNext () (at ./Library/PackageCache/com.unity.test-framework@76560ee600cb/UnityEngine.TestRunner/NUnitExtensions/Commands/BeforeAfterTestCommandBase.cs:212)
UnityEngine.TestTools.BeforeAfterTestCommandBase`1/<ExecuteEnumerable>d__16<System.Reflection.MethodInfo>:MoveNext () (at ./Library/PackageCache/com.unity.test-framework@76560ee600cb/UnityEngine.TestRunner/NUnitExtensions/Commands/BeforeAfterTestCommandBase.cs:212)
UnityEngine.TestTools.BeforeAfterTestCommandBase`1/<ExecuteEnumerable>d__16<UnityEngine.TestTools.IOuterUnityTestAction>:MoveNext () (at ./Library/PackageCache/com.unity.test-framework@76560ee600cb/UnityEngine.TestRunner/NUnitExtensions/Commands/BeforeAfterTestCommandBase.cs:212)
UnityEngine.TestTools.RetryCommand/<ExecuteEnumerable>d__2:MoveNext () (at ./Library/PackageCache/com.unity.test-framework@76560ee600cb/UnityEngine.TestRunner/NUnitExtensions/Commands/RetryCommand.cs:37)
UnityEngine.TestTools.RepeatCommand/<ExecuteEnumerable>d__2:MoveNext () (at ./Library/PackageCache/com.unity.test-framework@76560ee600cb/UnityEngine.TestRunner/NUnitExtensions/Commands/RepeatCommand.cs:36)
UnityEngine.TestTools.IgnoreTestCommand/<ExecuteEnumerable>d__3:MoveNext () (at ./Library/PackageCache/com.unity.test-framework@76560ee600cb/UnityEngine.TestRunner/NUnitExtensions/Commands/IgnoreTestCommand.cs:42)
UnityEngine.TestTools.StrictCheckCommand/<ExecuteEnumerable>d__2:MoveNext () (at ./Library/PackageCache/com.unity.test-framework@76560ee600cb/UnityEngine.TestRunner/NUnitExtensions/Commands/StrictCheckCommand.cs:29)
UnityEngine.TestTools.Utils.CoroutineRunner/<WrapEnumeratorForChecks>d__8:MoveNext () (at ./Library/PackageCache/com.unity.test-framework@76560ee600cb/UnityEngine.TestRunner/Utils/CoroutineRunner.cs:58)
UnityEngine.SetupCoroutine:InvokeMoveNext (System.Collections.IEnumerator,intptr)

(Filename: Assets/Shell/Tests/PlayMode/LiveLinkIntegrationTests.cs Line: 215)

[OPUS] LiveLinkTest: validate.py exit=0
stdout=[PASS] 9f80fb6f-6c2d-4b2f-bd18-8ec3d4604c2b/session.json
[PASS] 9f80fb6f-6c2d-4b2f-bd18-8ec3d4604c2b/events.ndjson: 3 events validated
[WARN] 9f80fb6f-6c2d-4b2f-bd18-8ec3d4604c2b: no kin_*.json files found
[WARN] 9f80fb6f-6c2d-4b2f-bd18-8ec3d4604c2b/metrics.json not found

[PASS] All validations passed

stderr=
UnityEngine.Debug:ExtractStackTraceNoAlloc (byte*,int,string)
UnityEngine.StackTraceUtility:ExtractStackTrace ()
UnityEngine.DebugLogHandler:Internal_Log (UnityEngine.LogType,UnityEngine.LogOption,string,UnityEngine.Object)
UnityEngine.DebugLogHandler:LogFormat (UnityEngine.LogType,UnityEngine.Object,string,object[])
UnityEngine.Logger:Log (UnityEngine.LogType,object)
UnityEngine.Debug:Log (object)
Opus.Shell.Tests.PlayMode.LiveLinkIntegrationTests/<LiveClient_CompletesScenarioBasic_AgainstFakeHub>d__4:MoveNext () (at Assets/Shell/Tests/PlayMode/LiveLinkIntegrationTests.cs:229)
UnityEngine.TestTools.TestEnumerator/<Execute>d__7:MoveNext () (at ./Library/PackageCache/com.unity.test-framework@76560ee600cb/UnityEngine.TestRunner/NUnitExtensions/Attributes/TestEnumerator.cs:44)
UnityEngine.TestTools.EnumerableTestMethodCommand/<ExecuteEnumerableAndRecordExceptions>d__4:MoveNext () (at ./Library/PackageCache/com.unity.test-framework@76560ee600cb/UnityEngine.TestRunner/NUnitExtensions/Commands/EnumerableTestMethodCommand.cs:79)
UnityEngine.TestTools.EnumerableTestMethodCommand:AdvanceEnumerator (System.Collections.IEnumerator) (at ./Library/PackageCache/com.unity.test-framework@76560ee600cb/UnityEngine.TestRunner/NUnitExtensions/Commands/EnumerableTestMethodCommand.cs:64)
UnityEngine.TestTools.EnumerableTestMethodCommand/<ExecuteEnumerable>d__2:MoveNext () (at ./Library/PackageCache/com.unity.test-framework@76560ee600cb/UnityEngine.TestRunner/NUnitExtensions/Commands/EnumerableTestMethodCommand.cs:47)
UnityEngine.TestRunner.NUnitExtensions.Runner.UnityLogCheckDelegatingCommand/<ExecuteEnumerable>d__3:MoveNext () (at ./Library/PackageCache/com.unity.test-framework@76560ee600cb/UnityEngine.TestRunner/NUnitExtensions/Runner/UnityLogCheckDelegatingCommand.cs:48)
UnityEngine.TestTools.BeforeAfterTestCommandBase`1/<ExecuteEnumerable>d__16<NUnit.Framework.ITestAction>:MoveNext () (at ./Library/PackageCache/com.unity.test-framework@76560ee600cb/UnityEngine.TestRunner/NUnitExtensions/Commands/BeforeAfterTestCommandBase.cs:212)
UnityEngine.TestTools.BeforeAfterTestCommandBase`1/<ExecuteEnumerable>d__16<System.Reflection.MethodInfo>:MoveNext () (at ./Library/PackageCache/com.unity.test-framework@76560ee600cb/UnityEngine.TestRunner/NUnitExtensions/Commands/BeforeAfterTestCommandBase.cs:212)
UnityEngine.TestTools.BeforeAfterTestCommandBase`1/<ExecuteEnumerable>d__16<System.Reflection.MethodInfo>:MoveNext () (at ./Library/PackageCache/com.unity.test-framework@76560ee600cb/UnityEngine.TestRunner/NUnitExtensions/Commands/BeforeAfterTestCommandBase.cs:212)
UnityEngine.TestTools.BeforeAfterTestCommandBase`1/<ExecuteEnumerable>d__16<UnityEngine.TestTools.IOuterUnityTestAction>:MoveNext () (at ./Library/PackageCache/com.unity.test-framework@76560ee600cb/UnityEngine.TestRunner/NUnitExtensions/Commands/BeforeAfterTestCommandBase.cs:212)
UnityEngine.TestTools.RetryCommand/<ExecuteEnumerable>d__2:MoveNext () (at ./Library/PackageCache/com.unity.test-framework@76560ee600cb/UnityEngine.TestRunner/NUnitExtensions/Commands/RetryCommand.cs:37)
UnityEngine.TestTools.RepeatCommand/<ExecuteEnumerable>d__2:MoveNext () (at ./Library/PackageCache/com.unity.test-framework@76560ee600cb/UnityEngine.TestRunner/NUnitExtensions/Commands/RepeatCommand.cs:36)
UnityEngine.TestTools.IgnoreTestCommand/<ExecuteEnumerable>d__3:MoveNext () (at ./Library/PackageCache/com.unity.test-framework@76560ee600cb/UnityEngine.TestRunner/NUnitExtensions/Commands/IgnoreTestCommand.cs:42)
UnityEngine.TestTools.StrictCheckCommand/<ExecuteEnumerable>d__2:MoveNext () (at ./Library/PackageCache/com.unity.test-framework@76560ee600cb/UnityEngine.TestRunner/NUnitExtensions/Commands/StrictCheckCommand.cs:29)
UnityEngine.TestTools.Utils.CoroutineRunner/<WrapEnumeratorForChecks>d__8:MoveNext () (at ./Library/PackageCache/com.unity.test-framework@76560ee600cb/UnityEngine.TestRunner/Utils/CoroutineRunner.cs:58)
UnityEngine.SetupCoroutine:InvokeMoveNext (System.Collections.IEnumerator,intptr)

(Filename: Assets/Shell/Tests/PlayMode/LiveLinkIntegrationTests.cs Line: 229)

[OPUS] LiveLinkTest: fake_hub.py invalid-message occurrences found in its log = 0 (must be 0)
UnityEngine.Debug:ExtractStackTraceNoAlloc (byte*,int,string)
UnityEngine.StackTraceUtility:ExtractStackTrace ()
UnityEngine.DebugLogHandler:Internal_Log (UnityEngine.LogType,UnityEngine.LogOption,string,UnityEngine.Object)
UnityEngine.DebugLogHandler:LogFormat (UnityEngine.LogType,UnityEngine.Object,string,object[])
UnityEngine.Logger:Log (UnityEngine.LogType,object)
UnityEngine.Debug:Log (object)
Opus.Shell.Tests.PlayMode.LiveLinkIntegrationTests/<LiveClient_CompletesScenarioBasic_AgainstFakeHub>d__4:MoveNext () (at Assets/Shell/Tests/PlayMode/LiveLinkIntegrationTests.cs:241)
UnityEngine.TestTools.TestEnumerator/<Execute>d__7:MoveNext () (at ./Library/PackageCache/com.unity.test-framework@76560ee600cb/UnityEngine.TestRunner/NUnitExtensions/Attributes/TestEnumerator.cs:44)
UnityEngine.TestTools.EnumerableTestMethodCommand/<ExecuteEnumerableAndRecordExceptions>d__4:MoveNext () (at ./Library/PackageCache/com.unity.test-framework@76560ee600cb/UnityEngine.TestRunner/NUnitExtensions/Commands/EnumerableTestMethodCommand.cs:79)
UnityEngine.TestTools.EnumerableTestMethodCommand:AdvanceEnumerator (System.Collections.IEnumerator) (at ./Library/PackageCache/com.unity.test-framework@76560ee600cb/UnityEngine.TestRunner/NUnitExtensions/Commands/EnumerableTestMethodCommand.cs:64)
UnityEngine.TestTools.EnumerableTestMethodCommand/<ExecuteEnumerable>d__2:MoveNext () (at ./Library/PackageCache/com.unity.test-framework@76560ee600cb/UnityEngine.TestRunner/NUnitExtensions/Commands/EnumerableTestMethodCommand.cs:47)
UnityEngine.TestRunner.NUnitExtensions.Runner.UnityLogCheckDelegatingCommand/<ExecuteEnumerable>d__3:MoveNext () (at ./Library/PackageCache/com.unity.test-framework@76560ee600cb/UnityEngine.TestRunner/NUnitExtensions/Runner/UnityLogCheckDelegatingCommand.cs:48)
UnityEngine.TestTools.BeforeAfterTestCommandBase`1/<ExecuteEnumerable>d__16<NUnit.Framework.ITestAction>:MoveNext () (at ./Library/PackageCache/com.unity.test-framework@76560ee600cb/UnityEngine.TestRunner/NUnitExtensions/Commands/BeforeAfterTestCommandBase.cs:212)
UnityEngine.TestTools.BeforeAfterTestCommandBase`1/<ExecuteEnumerable>d__16<System.Reflection.MethodInfo>:MoveNext () (at ./Library/PackageCache/com.unity.test-framework@76560ee600cb/UnityEngine.TestRunner/NUnitExtensions/Commands/BeforeAfterTestCommandBase.cs:212)
UnityEngine.TestTools.BeforeAfterTestCommandBase`1/<ExecuteEnumerable>d__16<System.Reflection.MethodInfo>:MoveNext () (at ./Library/PackageCache/com.unity.test-framework@76560ee600cb/UnityEngine.TestRunner/NUnitExtensions/Commands/BeforeAfterTestCommandBase.cs:212)
UnityEngine.TestTools.BeforeAfterTestCommandBase`1/<ExecuteEnumerable>d__16<UnityEngine.TestTools.IOuterUnityTestAction>:MoveNext () (at ./Library/PackageCache/com.unity.test-framework@76560ee600cb/UnityEngine.TestRunner/NUnitExtensions/Commands/BeforeAfterTestCommandBase.cs:212)
UnityEngine.TestTools.RetryCommand/<ExecuteEnumerable>d__2:MoveNext () (at ./Library/PackageCache/com.unity.test-framework@76560ee600cb/UnityEngine.TestRunner/NUnitExtensions/Commands/RetryCommand.cs:37)
UnityEngine.TestTools.RepeatCommand/<ExecuteEnumerable>d__2:MoveNext () (at ./Library/PackageCache/com.unity.test-framework@76560ee600cb/UnityEngine.TestRunner/NUnitExtensions/Commands/RepeatCommand.cs:36)
UnityEngine.TestTools.IgnoreTestCommand/<ExecuteEnumerable>d__3:MoveNext () (at ./Library/PackageCache/com.unity.test-framework@76560ee600cb/UnityEngine.TestRunner/NUnitExtensions/Commands/IgnoreTestCommand.cs:42)
UnityEngine.TestTools.StrictCheckCommand/<ExecuteEnumerable>d__2:MoveNext () (at ./Library/PackageCache/com.unity.test-framework@76560ee600cb/UnityEngine.TestRunner/NUnitExtensions/Commands/StrictCheckCommand.cs:29)
UnityEngine.TestTools.Utils.CoroutineRunner/<WrapEnumeratorForChecks>d__8:MoveNext () (at ./Library/PackageCache/com.unity.test-framework@76560ee600cb/UnityEngine.TestRunner/Utils/CoroutineRunner.cs:58)
UnityEngine.SetupCoroutine:InvokeMoveNext (System.Collections.IEnumerator,intptr)

(Filename: Assets/Shell/Tests/PlayMode/LiveLinkIntegrationTests.cs Line: 241)

[OPUS] LiveLinkTest: fake_hub.py stderr(log) tail:
9-18 22:29:23] INFO: [MSG RX] type=trial_event id=2c85e871-9dfb-4102-8311-f92ae2a2097d seq=27
[2026-09-18 22:29:23] INFO: [MSG RX] type=status id=d261aa71-bc74-49f5-920f-533b3ba56241 seq=28
[2026-09-18 22:29:23] INFO: [MSG RX] type=trial_event id=dfdb63d9-0426-46d7-bbbb-f66ed6814229 seq=15
[2026-09-18 22:29:23] INFO: [MSG RX] type=ping id=42a45bcf-fa73-4439-b324-849ad412e224 seq=29
[2026-09-18 22:29:23] INFO: [MSG TX] type=pong id=06830603-3a87-4799-9bef-f8af825e061a seq=22
[2026-09-18 22:29:23] INFO: [PING] Received ping, sent pong with echo_ts_ms=9048.691749572754
[2026-09-18 22:29:23] INFO: [MSG TX] type=ping id=17010eee-7992-4328-9fd8-fa90efdefab3 seq=23
[2026-09-18 22:29:23] INFO: [PING] Sent ping with echo_ts_ms=1789750763958.7742
[2026-09-18 22:29:23] INFO: [MSG RX] type=pong id=1703d603-d843-4e67-81a5-a8db09e6d51b seq=30
[2026-09-18 22:29:23] INFO: [PONG] echo_ts_ms=1789750763958.7742 rtt=3.5ms
[2026-09-18 22:29:24] INFO: [MSG RX] type=trial_event id=f69c960c-4f39-449f-bb6d-368e059f47a3 seq=22
[2026-09-18 22:29:24] INFO: [MSG RX] type=trial_event id=2c85e871-9dfb-4102-8311-f92ae2a2097d seq=27
[2026-09-18 22:29:24] INFO: [MSG RX] type=trial_event id=dfdb63d9-0426-46d7-bbbb-f66ed6814229 seq=15
[2026-09-18 22:29:24] INFO: [MSG RX] type=ping id=3e890d70-0600-40a5-9e95-57562865c54a seq=31
[2026-09-18 22:29:24] INFO: [MSG TX] type=pong id=749afc60-a85d-49ee-990a-f1c72d94e6e7 seq=24
[2026-09-18 22:29:24] INFO: [PING] Received ping, sent pong with echo_ts_ms=10048.967361450195
[2026-09-18 22:29:24] INFO: [MSG TX] type=ping id=a5f23dbf-4b18-4f90-8873-29e0b4b8d6dd seq=25
[2026-09-18 22:29:24] INFO: [PING] Sent ping with echo_ts_ms=1789750764965.817
[2026-09-18 22:29:24] INFO: [MSG RX] type=pong id=92de1776-3d0f-495e-89aa-ea38f8640bef seq=32
[2026-09-18 22:29:24] INFO: [PONG] echo_ts_ms=1789750764965.817 rtt=3.1ms
[2026-09-18 22:29:25] INFO: [MSG RX] type=trial_event id=f69c960c-4f39-449f-bb6d-368e059f47a3 seq=22
[2026-09-18 22:29:25] INFO: [MSG RX] type=trial_event id=2c85e871-9dfb-4102-8311-f92ae2a2097d seq=27
[2026-09-18 22:29:25] INFO: [MSG RX] type=trial_event id=dfdb63d9-0426-46d7-bbbb-f66ed6814229 seq=15
[2026-09-18 22:29:25] INFO: [MSG RX] type=ping id=e1d1f3e5-fd28-49e8-845a-a8b700997ca8 seq=33
[2026-09-18 22:29:25] INFO: [MSG TX] type=pong id=56c13f98-f8a2-4c88-8cf1-2145fa645130 seq=26
[2026-09-18 22:29:25] INFO: [PING] Received ping, sent pong with echo_ts_ms=11049.105644226074
[2026-09-18 22:29:25] INFO: [MSG TX] type=ping id=2fad3d9c-891f-432e-89b5-6cad65543795 seq=27
[2026-09-18 22:29:25] INFO: [PING] Sent ping with echo_ts_ms=1789750765963.437
[2026-09-18 22:29:25] INFO: [MSG RX] type=pong id=55ed4872-9d32-4a28-9ba1-d6102028e95f seq=34
[2026-09-18 22:29:25] INFO: [PONG] echo_ts_ms=1789750765963.437 rtt=2.0ms
[2026-09-18 22:29:26] INFO: [MSG RX] type=trial_event id=f69c960c-4f39-449f-bb6d-368e059f47a3 seq=22
[2026-09-18 22:29:26] INFO: [MSG RX] type=trial_event id=2c85e871-9dfb-4102-8311-f92ae2a2097d seq=27
[2026-09-18 22:29:26] INFO: [MSG RX] type=trial_event id=dfdb63d9-0426-46d7-bbbb-f66ed6814229 seq=15
[2026-09-18 22:29:26] INFO: [MSG RX] type=ping id=85a8a27c-d602-4e04-b7ed-9571d9f10f0a seq=35
[2026-09-18 22:29:26] INFO: [MSG TX] type=pong id=4508f3c5-05dc-45a2-94f8-95e774f37312 seq=28
[2026-09-18 22:29:26] INFO: [PING] Received ping, sent pong with echo_ts_ms=12049.897193908691
[2026-09-18 22:29:26] INFO: [MSG TX] type=ping id=1882245e-776f-49e1-8aca-f721d5e74b4c seq=29
[2026-09-18 22:29:26] INFO: [PING] Sent ping with echo_ts_ms=1789750766971.195
[2026-09-18 22:29:26] INFO: [MSG RX] type=pong id=b0d5dc00-56e5-4af3-8371-a30f34a9e2e9 seq=36
[2026-09-18 22:29:26] INFO: [PONG] echo_ts_ms=1789750766971.195 rtt=3.0ms
[2026-09-18 22:29:27] INFO: [MSG RX] type=trial_event id=f69c960c-4f39-449f-bb6d-368e059f47a3 seq=22
[2026-09-18 22:29:27] INFO: [MSG RX] type=trial_event id=2c85e871-9dfb-4102-8311-f92ae2a2097d seq=27
[2026-09-18 22:29:27] INFO: [MSG RX] type=trial_event id=dfdb63d9-0426-46d7-bbbb-f66ed6814229 seq=15
[2026-09-18 22:29:27] INFO: [MSG RX] type=ping id=c7a38775-63e7-40db-a2c5-4356b3a3f7f2 seq=37
[2026-09-18 22:29:27] INFO: [MSG TX] type=pong id=12aef1f3-466b-4d3f-a25f-85012589c624 seq=30
[2026-09-18 22:29:27] INFO: [PING] Received ping, sent pong with echo_ts_ms=13050.5952835083
[2026-09-18 22:29:27] INFO: [MSG TX] type=command id=e6aeb8fb-abbc-46c3-b2e5-732606a730f9 seq=31
[2026-09-18 22:29:27] INFO: [SCENARIO] Stop command sent
[2026-09-18 22:29:27] INFO: [MSG RX] type=ack id=dd4a7938-db43-4456-b6a4-1a90bdcebcdd seq=38
[2026-09-18 22:29:27] INFO: [ACK] e6aeb8fb-abbc-46c3-b2e5-732606a730f9 latency=3.1ms
[2026-09-18 22:29:27] INFO: [MSG RX] type=session_ended id=1146c50a-c5af-410d-b51d-db6c6c57d31a seq=39
[2026-09-18 22:29:27] WARNING: [MSG] Unhandled message type: session_ended
[2026-09-18 22:29:27] INFO: [FILE] session.json uploaded (830 bytes) -> 201
[2026-09-18 22:29:27] INFO: 127.0.0.1 [18/Sep/2026:22:29:27 +0530] "PUT /opus/v1/sessions/9f80fb6f-6c2d-4b2f-bd18-8ec3d4604c2b/files/session.json HTTP/1.1" 201 164 "-" "UnityPlayer/6000.4.6f1 (UnityWebRequest/1.0, libcurl/8.10.1-DEV)"
[2026-09-18 22:29:27] INFO: [MSG RX] type=file_available id=838decd0-29f1-49e9-a8c8-6811c961cce8 seq=40
[2026-09-18 22:29:27] WARNING: [MSG] Unhandled message type: file_available
[2026-09-18 22:29:27] INFO: [FILE] events.ndjson uploaded (194 bytes) -> 201
[2026-09-18 22:29:27] INFO: 127.0.0.1 [18/Sep/2026:22:29:27 +0530] "PUT /opus/v1/sessions/9f80fb6f-6c2d-4b2f-bd18-8ec3d4604c2b/files/events.ndjson HTTP/1.1" 201 164 "-" "UnityPlayer/6000.4.6f1 (UnityWebRequest/1.0, libcurl/8.10.1-DEV)"
[2026-09-18 22:29:27] INFO: [MSG RX] type=file_available id=7534093b-24df-44b2-9d9f-d285d9100ecc seq=41
[2026-09-18 22:29:27] WARNING: [MSG] Unhandled message type: file_available
[2026-09-18 22:29:27] INFO: [WS] Client disconnected
[2026-09-18 22:29:27] INFO: 127.0.0.1 [18/Sep/2026:22:29:14 +0530] "GET /opus/v1/live HTTP/1.1" 101 0 "-" "-"
UnityEngine.Debug:ExtractStackTraceNoAlloc (byte*,int,string)
UnityEngine.StackTraceUtility:ExtractStackTrace ()
UnityEngine.DebugLogHandler:Internal_Log (UnityEngine.LogType,UnityEngine.LogOption,string,UnityEngine.Object)
UnityEngine.DebugLogHandler:LogFormat (UnityEngine.LogType,UnityEngine.Object,string,object[])
UnityEngine.Logger:Log (UnityEngine.LogType,object)
UnityEngine.Debug:Log (object)
Opus.Shell.Tests.PlayMode.LiveLinkIntegrationTests/<LiveClient_CompletesScenarioBasic_AgainstFakeHub>d__4:MoveNext () (at Assets/Shell/Tests/PlayMode/LiveLinkIntegrationTests.cs:242)
UnityEngine.TestTools.TestEnumerator/<Execute>d__7:MoveNext () (at ./Library/PackageCache/com.unity.test-framework@76560ee600cb/UnityEngine.TestRunner/NUnitExtensions/Attributes/TestEnumerator.cs:44)
UnityEngine.TestTools.EnumerableTestMethodCommand/<ExecuteEnumerableAndRecordExceptions>d__4:MoveNext () (at ./Library/PackageCache/com.unity.test-framework@76560ee600cb/UnityEngine.TestRunner/NUnitExtensions/Commands/EnumerableTestMethodCommand.cs:79)
UnityEngine.TestTools.EnumerableTestMethodCommand:AdvanceEnumerator (System.Collections.IEnumerator) (at ./Library/PackageCache/com.unity.test-framework@76560ee600cb/UnityEngine.TestRunner/NUnitExtensions/Commands/EnumerableTestMethodCommand.cs:64)
UnityEngine.TestTools.EnumerableTestMethodCommand/<ExecuteEnumerable>d__2:MoveNext () (at ./Library/PackageCache/com.unity.test-framework@76560ee600cb/UnityEngine.TestRunner/NUnitExtensions/Commands/EnumerableTestMethodCommand.cs:47)
UnityEngine.TestRunner.NUnitExtensions.Runner.UnityLogCheckDelegatingCommand/<ExecuteEnumerable>d__3:MoveNext () (at ./Library/PackageCache/com.unity.test-framework@76560ee600cb/UnityEngine.TestRunner/NUnitExtensions/Runner/UnityLogCheckDelegatingCommand.cs:48)
UnityEngine.TestTools.BeforeAfterTestCommandBase`1/<ExecuteEnumerable>d__16<NUnit.Framework.ITestAction>:MoveNext () (at ./Library/PackageCache/com.unity.test-framework@76560ee600cb/UnityEngine.TestRunner/NUnitExtensions/Commands/BeforeAfterTestCommandBase.cs:212)
UnityEngine.TestTools.BeforeAfterTestCommandBase`1/<ExecuteEnumerable>d__16<System.Reflection.MethodInfo>:MoveNext () (at ./Library/PackageCache/com.unity.test-framework@76560ee600cb/UnityEngine.TestRunner/NUnitExtensions/Commands/BeforeAfterTestCommandBase.cs:212)
UnityEngine.TestTools.BeforeAfterTestCommandBase`1/<ExecuteEnumerable>d__16<System.Reflection.MethodInfo>:MoveNext () (at ./Library/PackageCache/com.unity.test-framework@76560ee600cb/UnityEngine.TestRunner/NUnitExtensions/Commands/BeforeAfterTestCommandBase.cs:212)
UnityEngine.TestTools.BeforeAfterTestCommandBase`1/<ExecuteEnumerable>d__16<UnityEngine.TestTools.IOuterUnityTestAction>:MoveNext () (at ./Library/PackageCache/com.unity.test-framework@76560ee600cb/UnityEngine.TestRunner/NUnitExtensions/Commands/BeforeAfterTestCommandBase.cs:212)
UnityEngine.TestTools.RetryCommand/<ExecuteEnumerable>d__2:MoveNext () (at ./Library/PackageCache/com.unity.test-framework@76560ee600cb/UnityEngine.TestRunner/NUnitExtensions/Commands/RetryCommand.cs:37)
UnityEngine.TestTools.RepeatCommand/<ExecuteEnumerable>d__2:MoveNext () (at ./Library/PackageCache/com.unity.test-framework@76560ee600cb/UnityEngine.TestRunner/NUnitExtensions/Commands/RepeatCommand.cs:36)
UnityEngine.TestTools.IgnoreTestCommand/<ExecuteEnumerable>d__3:MoveNext () (at ./Library/PackageCache/com.unity.test-framework@76560ee600cb/UnityEngine.TestRunner/NUnitExtensions/Commands/IgnoreTestCommand.cs:42)
UnityEngine.TestTools.StrictCheckCommand/<ExecuteEnumerable>d__2:MoveNext () (at ./Library/PackageCache/com.unity.test-framework@76560ee600cb/UnityEngine.TestRunner/NUnitExtensions/Commands/StrictCheckCommand.cs:29)
UnityEngine.TestTools.Utils.CoroutineRunner/<WrapEnumeratorForChecks>d__8:MoveNext () (at ./Library/PackageCache/com.unity.test-framework@76560ee600cb/UnityEngine.TestRunner/Utils/CoroutineRunner.cs:58)
UnityEngine.SetupCoroutine:InvokeMoveNext (System.Collections.IEnumerator,intptr)

(Filename: Assets/Shell/Tests/PlayMode/LiveLinkIntegrationTests.cs Line: 242)

[OPUS] LiveLinkTest: DONE
UnityEngine.Debug:ExtractStackTraceNoAlloc (byte*,int,string)
UnityEngine.StackTraceUtility:ExtractStackTrace ()
UnityEngine.DebugLogHandler:Internal_Log (UnityEngine.LogType,UnityEngine.LogOption,string,UnityEngine.Object)
UnityEngine.DebugLogHandler:LogFormat (UnityEngine.LogType,UnityEngine.Object,string,object[])
UnityEngine.Logger:Log (UnityEngine.LogType,object)
UnityEngine.Debug:Log (object)
Opus.Shell.Tests.PlayMode.LiveLinkIntegrationTests/<LiveClient_CompletesScenarioBasic_AgainstFakeHub>d__4:MoveNext () (at Assets/Shell/Tests/PlayMode/LiveLinkIntegrationTests.cs:244)
UnityEngine.TestTools.TestEnumerator/<Execute>d__7:MoveNext () (at ./Library/PackageCache/com.unity.test-framework@76560ee600cb/UnityEngine.TestRunner/NUnitExtensions/Attributes/TestEnumerator.cs:44)
UnityEngine.TestTools.EnumerableTestMethodCommand/<ExecuteEnumerableAndRecordExceptions>d__4:MoveNext () (at ./Library/PackageCache/com.unity.test-framework@76560ee600cb/UnityEngine.TestRunner/NUnitExtensions/Commands/EnumerableTestMethodCommand.cs:79)
UnityEngine.TestTools.EnumerableTestMethodCommand:AdvanceEnumerator (System.Collections.IEnumerator) (at ./Library/PackageCache/com.unity.test-framework@76560ee600cb/UnityEngine.TestRunner/NUnitExtensions/Commands/EnumerableTestMethodCommand.cs:64)
UnityEngine.TestTools.EnumerableTestMethodCommand/<ExecuteEnumerable>d__2:MoveNext () (at ./Library/PackageCache/com.unity.test-framework@76560ee600cb/UnityEngine.TestRunner/NUnitExtensions/Commands/EnumerableTestMethodCommand.cs:47)
UnityEngine.TestRunner.NUnitExtensions.Runner.UnityLogCheckDelegatingCommand/<ExecuteEnumerable>d__3:MoveNext () (at ./Library/PackageCache/com.unity.test-framework@76560ee600cb/UnityEngine.TestRunner/NUnitExtensions/Runner/UnityLogCheckDelegatingCommand.cs:48)
UnityEngine.TestTools.BeforeAfterTestCommandBase`1/<ExecuteEnumerable>d__16<NUnit.Framework.ITestAction>:MoveNext () (at ./Library/PackageCache/com.unity.test-framework@76560ee600cb/UnityEngine.TestRunner/NUnitExtensions/Commands/BeforeAfterTestCommandBase.cs:212)
UnityEngine.TestTools.BeforeAfterTestCommandBase`1/<ExecuteEnumerable>d__16<System.Reflection.MethodInfo>:MoveNext () (at ./Library/PackageCache/com.unity.test-framework@76560ee600cb/UnityEngine.TestRunner/NUnitExtensions/Commands/BeforeAfterTestCommandBase.cs:212)
UnityEngine.TestTools.BeforeAfterTestCommandBase`1/<ExecuteEnumerable>d__16<System.Reflection.MethodInfo>:MoveNext () (at ./Library/PackageCache/com.unity.test-framework@76560ee600cb/UnityEngine.TestRunner/NUnitExtensions/Commands/BeforeAfterTestCommandBase.cs:212)
UnityEngine.TestTools.BeforeAfterTestCommandBase`1/<ExecuteEnumerable>d__16<UnityEngine.TestTools.IOuterUnityTestAction>:MoveNext () (at ./Library/PackageCache/com.unity.test-framework@76560ee600cb/UnityEngine.TestRunner/NUnitExtensions/Commands/BeforeAfterTestCommandBase.cs:212)
UnityEngine.TestTools.RetryCommand/<ExecuteEnumerable>d__2:MoveNext () (at ./Library/PackageCache/com.unity.test-framework@76560ee600cb/UnityEngine.TestRunner/NUnitExtensions/Commands/RetryCommand.cs:37)
UnityEngine.TestTools.RepeatCommand/<ExecuteEnumerable>d__2:MoveNext () (at ./Library/PackageCache/com.unity.test-framework@76560ee600cb/UnityEngine.TestRunner/NUnitExtensions/Commands/RepeatCommand.cs:36)
UnityEngine.TestTools.IgnoreTestCommand/<ExecuteEnumerable>d__3:MoveNext () (at ./Library/PackageCache/com.unity.test-framework@76560ee600cb/UnityEngine.TestRunner/NUnitExtensions/Commands/IgnoreTestCommand.cs:42)
UnityEngine.TestTools.StrictCheckCommand/<ExecuteEnumerable>d__2:MoveNext () (at ./Library/PackageCache/com.unity.test-framework@76560ee600cb/UnityEngine.TestRunner/NUnitExtensions/Commands/StrictCheckCommand.cs:29)
UnityEngine.TestTools.Utils.CoroutineRunner/<WrapEnumeratorForChecks>d__8:MoveNext () (at ./Library/PackageCache/com.unity.test-framework@76560ee600cb/UnityEngine.TestRunner/Utils/CoroutineRunner.cs:58)
UnityEngine.SetupCoroutine:InvokeMoveNext (System.Collections.IEnumerator,intptr)

(Filename: Assets/Shell/Tests/PlayMode/LiveLinkIntegrationTests.cs Line: 244)

[TestRunnerTools] Test Finished: Opus.Shell.Tests.PlayMode.LiveLinkIntegrationTests.LiveClient_CompletesScenarioBasic_AgainstFakeHub, ResultState: Passed, Duration: 18.283s
UnityEngine.Debug:ExtractStackTraceNoAlloc (byte*,int,string)
UnityEngine.StackTraceUtility:ExtractStackTrace ()
UnityEngine.DebugLogHandler:Internal_Log (UnityEngine.LogType,UnityEngine.LogOption,string,UnityEngine.Object)
UnityEngine.DebugLogHandler:LogFormat (UnityEngine.LogType,UnityEngine.Object,string,object[])
UnityEngine.Logger:Log (UnityEngine.LogType,object)
UnityEngine.Debug:Log (object)
Meta.MCPBridge.Editor.TestRunnerTools:OnTestFinished (UnityEditor.TestTools.TestRunner.Api.ITestResultAdaptor) (at ./Library/PackageCache/com.meta.xr.sdk.core@4ea2676097b9/Editor/MCPBridge/TestRunnerTools.cs:847)
Meta.MCPBridge.Editor.TestRunnerTools/TestRunnerCallbacks:TestFinished (UnityEditor.TestTools.TestRunner.Api.ITestResultAdaptor) (at ./Library/PackageCache/com.meta.xr.sdk.core@4ea2676097b9/Editor/MCPBridge/TestRunnerTools.cs:904)
UnityEditor.TestTools.TestRunner.Api.CallbacksDelegator/<>c__DisplayClass14_0:<TestFinished>b__0 (UnityEditor.TestTools.TestRunner.Api.ICallbacks) (at ./Library/PackageCache/com.unity.test-framework@76560ee600cb/UnityEditor.TestRunner/Api/CallbacksDelegator.cs:95)
UnityEditor.TestTools.TestRunner.Api.CallbacksDelegator:TryInvokeAllCallbacks (System.Action`1<UnityEditor.TestTools.TestRunner.Api.ICallbacks>) (at ./Library/PackageCache/com.unity.test-framework@76560ee600cb/UnityEditor.TestRunner/Api/CallbacksDelegator.cs:135)
UnityEditor.TestTools.TestRunner.Api.CallbacksDelegator:TestFinished (NUnit.Framework.Interfaces.ITestResult) (at ./Library/PackageCache/com.unity.test-framework@76560ee600cb/UnityEditor.TestRunner/Api/CallbacksDelegator.cs:95)
UnityEngine.Events.InvokableCall`1<NUnit.Framework.Interfaces.ITestResult>:Invoke (NUnit.Framework.Interfaces.ITestResult)
UnityEngine.Events.UnityEvent`1<NUnit.Framework.Interfaces.ITestResult>:Invoke (NUnit.Framework.Interfaces.ITestResult)
UnityEngine.Events.InvokableCall`1<NUnit.Framework.Interfaces.ITestResult>:Invoke (NUnit.Framework.Interfaces.ITestResult)
UnityEngine.Events.UnityEvent`1<NUnit.Framework.Interfaces.ITestResult>:Invoke (NUnit.Framework.Interfaces.ITestResult)
UnityEngine.TestTools.TestRunner.TestListenerWrapper:TestFinished (NUnit.Framework.Interfaces.ITestResult) (at ./Library/PackageCache/com.unity.test-framework@76560ee600cb/UnityEngine.TestRunner/TestRunner/TestListenerWrapper.cs:24)
UnityEngine.TestRunner.NUnitExtensions.Runner.UnityWorkItem:WorkItemComplete () (at ./Library/PackageCache/com.unity.test-framework@76560ee600cb/UnityEngine.TestRunner/NUnitExtensions/Runner/UnityWorkItem.cs:107)
UnityEngine.TestRunner.NUnitExtensions.Runner.CoroutineTestWorkItem/<PerformWork>d__6:<>m__Finally1 () (at ./Library/PackageCache/com.unity.test-framework@76560ee600cb/UnityEngine.TestRunner/NUnitExtensions/Runner/CoroutineTestWorkItem.cs:59)
UnityEngine.TestRunner.NUnitExtensions.Runner.CoroutineTestWorkItem/<PerformWork>d__6:MoveNext () (at ./Library/PackageCache/com.unity.test-framework@76560ee600cb/UnityEngine.TestRunner/NUnitExtensions/Runner/CoroutineTestWorkItem.cs:56)
UnityEngine.TestRunner.NUnitExtensions.Runner.CompositeWorkItem/<RunChildren>d__17:MoveNext () (at ./Library/PackageCache/com.unity.test-framework@76560ee600cb/UnityEngine.TestRunner/NUnitExtensions/Runner/CompositeWorkItem.cs:207)
UnityEngine.TestRunner.NUnitExtensions.Runner.CompositeWorkItem/<PerformWork>d__13:MoveNext () (at ./Library/PackageCache/com.unity.test-framework@76560ee600cb/UnityEngine.TestRunner/NUnitExtensions/Runner/CompositeWorkItem.cs:82)
UnityEngine.TestRunner.NUnitExtensions.Runner.CompositeWorkItem/<RunChildren>d__17:MoveNext () (at ./Library/PackageCache/com.unity.test-framework@76560ee600cb/UnityEngine.TestRunner/NUnitExtensions/Runner/CompositeWorkItem.cs:207)
UnityEngine.TestRunner.NUnitExtensions.Runner.CompositeWorkItem/<PerformWork>d__13:MoveNext () (at ./Library/PackageCache/com.unity.test-framework@76560ee600cb/UnityEngine.TestRunner/NUnitExtensions/Runner/CompositeWorkItem.cs:82)
UnityEngine.TestRunner.NUnitExtensions.Runner.CompositeWorkItem/<RunChildren>d__17:MoveNext () (at ./Library/PackageCache/com.unity.test-framework@76560ee600cb/UnityEngine.TestRunner/NUnitExtensions/Runner/CompositeWorkItem.cs:207)
UnityEngine.TestRunner.NUnitExtensions.Runner.CompositeWorkItem/<PerformWork>d__13:MoveNext () (at ./Library/PackageCache/com.unity.test-framework@76560ee600cb/UnityEngine.TestRunner/NUnitExtensions/Runner/CompositeWorkItem.cs:82)
UnityEngine.TestRunner.NUnitExtensions.Runner.CompositeWorkItem/<RunChildren>d__17:MoveNext () (at ./Library/PackageCache/com.unity.test-framework@76560ee600cb/UnityEngine.TestRunner/NUnitExtensions/Runner/CompositeWorkItem.cs:207)
UnityEngine.TestRunner.NUnitExtensions.Runner.CompositeWorkItem/<PerformWork>d__13:MoveNext () (at ./Library/PackageCache/com.unity.test-framework@76560ee600cb/UnityEngine.TestRunner/NUnitExtensions/Runner/CompositeWorkItem.cs:82)
UnityEngine.TestRunner.NUnitExtensions.Runner.CompositeWorkItem/<RunChildren>d__17:MoveNext () (at ./Library/PackageCache/com.unity.test-framework@76560ee600cb/UnityEngine.TestRunner/NUnitExtensions/Runner/CompositeWorkItem.cs:207)
UnityEngine.TestRunner.NUnitExtensions.Runner.CompositeWorkItem/<PerformWork>d__13:MoveNext () (at ./Library/PackageCache/com.unity.test-framework@76560ee600cb/UnityEngine.TestRunner/NUnitExtensions/Runner/CompositeWorkItem.cs:82)
UnityEngine.TestRunner.NUnitExtensions.Runner.CompositeWorkItem/<RunChildren>d__17:MoveNext () (at ./Library/PackageCache/com.unity.test-framework@76560ee600cb/UnityEngine.TestRunner/NUnitExtensions/Runner/CompositeWorkItem.cs:207)
UnityEngine.TestRunner.NUnitExtensions.Runner.CompositeWorkItem/<PerformWork>d__13:MoveNext () (at ./Library/PackageCache/com.unity.test-framework@76560ee600cb/UnityEngine.TestRunner/NUnitExtensions/Runner/CompositeWorkItem.cs:82)
UnityEngine.TestRunner.NUnitExtensions.Runner.CompositeWorkItem/<RunChildren>d__17:MoveNext () (at ./Library/PackageCache/com.unity.test-framework@76560ee600cb/UnityEngine.TestRunner/NUnitExtensions/Runner/CompositeWorkItem.cs:207)
UnityEngine.TestRunner.NUnitExtensions.Runner.CompositeWorkItem/<PerformWork>d__13:MoveNext () (at ./Library/PackageCache/com.unity.test-framework@76560ee600cb/UnityEngine.TestRunner/NUnitExtensions/Runner/CompositeWorkItem.cs:82)
UnityEngine.TestTools.TestRunner.PlaymodeTestsController/<TestRunnerCoroutine>d__24:MoveNext () (at ./Library/PackageCache/com.unity.test-framework@76560ee600cb/UnityEngine.TestRunner/TestRunner/PlaymodeTestsController.cs:93)
UnityEngine.SetupCoroutine:InvokeMoveNext (System.Collections.IEnumerator,intptr)

(Filename: ./Library/PackageCache/com.meta.xr.sdk.core@4ea2676097b9/Editor/MCPBridge/TestRunnerTools.cs Line: 847)

Saving results to: C:/Users/GARV BANSAL/AppData/LocalLow/DefaultCompany/OPUS\TestResults.xml
Saving results to: C:\Users\GARV BANSAL\Documents\VR_games\OPUS\logs\sessions\run10_playmode5.xml
[TestRunnerTools] Run Finished: OPUS, ResultState: Failed(Child), PassCount: 2, FailCount: 3, SkipCount: 0, Duration: 108.09s
UnityEngine.Debug:ExtractStackTraceNoAlloc (byte*,int,string)
UnityEngine.StackTraceUtility:ExtractStackTrace ()
UnityEngine.DebugLogHandler:Internal_Log (UnityEngine.LogType,UnityEngine.LogOption,string,UnityEngine.Object)
UnityEngine.DebugLogHandler:LogFormat (UnityEngine.LogType,UnityEngine.Object,string,object[])
UnityEngine.Logger:Log (UnityEngine.LogType,object)
UnityEngine.Debug:Log (object)
Meta.MCPBridge.Editor.TestRunnerTools:OnRunFinished (UnityEditor.TestTools.TestRunner.Api.ITestResultAdaptor) (at ./Library/PackageCache/com.meta.xr.sdk.core@4ea2676097b9/Editor/MCPBridge/TestRunnerTools.cs:806)
Meta.MCPBridge.Editor.TestRunnerTools/TestRunnerCallbacks:RunFinished (UnityEditor.TestTools.TestRunner.Api.ITestResultAdaptor) (at ./Library/PackageCache/com.meta.xr.sdk.core@4ea2676097b9/Editor/MCPBridge/TestRunnerTools.cs:894)
UnityEditor.TestTools.TestRunner.Api.CallbacksDelegator/<>c__DisplayClass9_0:<RunFinished>b__0 (UnityEditor.TestTools.TestRunner.Api.ICallbacks) (at ./Library/PackageCache/com.unity.test-framework@76560ee600cb/UnityEditor.TestRunner/Api/CallbacksDelegator.cs:55)
UnityEditor.TestTools.TestRunner.Api.CallbacksDelegator:TryInvokeAllCallbacks (System.Action`1<UnityEditor.TestTools.TestRunner.Api.ICallbacks>) (at ./Library/PackageCache/com.unity.test-framework@76560ee600cb/UnityEditor.TestRunner/Api/CallbacksDelegator.cs:135)
UnityEditor.TestTools.TestRunner.Api.CallbacksDelegator:RunFinished (NUnit.Framework.Interfaces.ITestResult) (at ./Library/PackageCache/com.unity.test-framework@76560ee600cb/UnityEditor.TestRunner/Api/CallbacksDelegator.cs:55)
UnityEngine.Events.InvokableCall`1<NUnit.Framework.Interfaces.ITestResult>:Invoke (NUnit.Framework.Interfaces.ITestResult)
UnityEngine.Events.UnityEvent`1<NUnit.Framework.Interfaces.ITestResult>:Invoke (NUnit.Framework.Interfaces.ITestResult)
UnityEngine.Events.InvokableCall`1<NUnit.Framework.Interfaces.ITestResult>:Invoke (NUnit.Framework.Interfaces.ITestResult)
UnityEngine.Events.UnityEvent`1<NUnit.Framework.Interfaces.ITestResult>:Invoke (NUnit.Framework.Interfaces.ITestResult)
UnityEngine.TestTools.TestRunner.PlaymodeTestsController/<TestRunnerCoroutine>d__24:MoveNext () (at ./Library/PackageCache/com.unity.test-framework@76560ee600cb/UnityEngine.TestRunner/TestRunner/PlaymodeTestsController.cs:109)
UnityEngine.SetupCoroutine:InvokeMoveNext (System.Collections.IEnumerator,intptr)

(Filename: ./Library/PackageCache/com.meta.xr.sdk.core@4ea2676097b9/Editor/MCPBridge/TestRunnerTools.cs Line: 806)

[OVRManager] OnApplicationQuit
UnityEngine.Debug:ExtractStackTraceNoAlloc (byte*,int,string)
UnityEngine.StackTraceUtility:ExtractStackTrace ()
UnityEngine.DebugLogHandler:Internal_Log (UnityEngine.LogType,UnityEngine.LogOption,string,UnityEngine.Object)
UnityEngine.DebugLogHandler:LogFormat (UnityEngine.LogType,UnityEngine.Object,string,object[])
UnityEngine.Logger:Log (UnityEngine.LogType,object)
UnityEngine.Debug:Log (object)
OVRManager:OnApplicationQuit () (at ./Library/PackageCache/com.meta.xr.sdk.core@4ea2676097b9/Scripts/OVRManager.cs:3485)

(Filename: ./Library/PackageCache/com.meta.xr.sdk.core@4ea2676097b9/Scripts/OVRManager.cs Line: 3485)

[UdpHapticTransport] send failed: Cannot access a disposed object.
Object name: 'System.Net.Sockets.Socket'.
UnityEngine.Debug:ExtractStackTraceNoAlloc (byte*,int,string)
UnityEngine.StackTraceUtility:ExtractStackTrace ()
UnityEngine.DebugLogHandler:Internal_Log (UnityEngine.LogType,UnityEngine.LogOption,string,UnityEngine.Object)
UnityEngine.DebugLogHandler:LogFormat (UnityEngine.LogType,UnityEngine.Object,string,object[])
UnityEngine.Logger:Log (UnityEngine.LogType,object)
UnityEngine.Debug:LogWarning (object)
Opus.Sdk.UdpHapticTransport/<SendLoopAsync>d__22:MoveNext () (at ./Packages/com.opus.sdk/Runtime/Transport/UdpHapticTransport.cs:107)
System.Runtime.CompilerServices.AsyncMethodBuilderCore/MoveNextRunner:InvokeMoveNext (object)
System.Threading.ExecutionContext:RunInternal (System.Threading.ExecutionContext,System.Threading.ContextCallback,object,bool)
System.Threading.ExecutionContext:Run (System.Threading.ExecutionContext,System.Threading.ContextCallback,object,bool)
System.Runtime.CompilerServices.AsyncMethodBuilderCore/MoveNextRunner:Run ()
System.Threading.Tasks.AwaitTaskContinuation:RunOrScheduleAction (System.Action,bool,System.Threading.Tasks.Task&)
System.Threading.Tasks.Task:FinishContinuations ()
System.Threading.Tasks.Task:FinishStageThree ()
System.Threading.Tasks.Task`1<int>:TrySetResult (int)
System.Threading.Tasks.TaskFactory`1<int>:FromAsyncCoreLogic (System.IAsyncResult,System.Func`2<System.IAsyncResult, int>,System.Action`1<System.IAsyncResult>,System.Threading.Tasks.Task`1<int>,bool)
System.Threading.Tasks.TaskFactory`1/<>c__DisplayClass44_0`3<int, byte[], int, System.Net.IPEndPoint>:<FromAsyncImpl>b__0 (System.IAsyncResult)
System.Net.Sockets.SocketAsyncResult/<>c:<Complete>b__27_0 (object)
System.Threading.QueueUserWorkItemCallback:System.Threading.IThreadPoolWorkItem.ExecuteWorkItem ()
System.Threading.ThreadPoolWorkQueue:Dispatch ()
System.Threading._ThreadPoolWaitCallback:PerformWaitCallback ()

(Filename: ./Packages/com.opus.sdk/Runtime/Transport/UdpHapticTransport.cs Line: 107)

[OVRManager] OnDestroy
UnityEngine.Debug:ExtractStackTraceNoAlloc (byte*,int,string)
UnityEngine.StackTraceUtility:ExtractStackTrace ()
UnityEngine.DebugLogHandler:Internal_Log (UnityEngine.LogType,UnityEngine.LogOption,string,UnityEngine.Object)
UnityEngine.DebugLogHandler:LogFormat (UnityEngine.LogType,UnityEngine.Object,string,object[])
UnityEngine.Logger:Log (UnityEngine.LogType,object)
UnityEngine.Debug:Log (object)
OVRManager:OnDestroy () (at ./Library/PackageCache/com.meta.xr.sdk.core@4ea2676097b9/Scripts/OVRManager.cs:3452)

(Filename: ./Library/PackageCache/com.meta.xr.sdk.core@4ea2676097b9/Scripts/OVRManager.cs Line: 3452)

Unloading 1 Unused Serialized files (Serialized files now loaded: 0)
Loaded scene 'Temp/__Backupscenes/0.backup'
	Deserialize:            0.612 ms
	Integration:            389.855 ms
	Integration of assets:  0.001 ms
	Thread Wait Time:       0.050 ms
	Total Operation Time:   390.518 ms
Unloading 124 unused Assets / (256.0 KB). Loaded Objects now: 9987.
Memory consumption went from 304.2 MB to 304.0 MB.
Total: 65.909200 ms (FindLiveObjects: 0.747400 ms CreateObjectMapping: 0.403000 ms MarkObjects: 21.559800 ms  DeleteObjects: 43.182400 ms)

[Licensing::Client] Successfully resolved entitlement details
[Licensing::Client] Successfully resolved entitlement details
[MetaXROperator] XR_APILAYER_METAX_operator disabled after Play Mode.
UnityEngine.Debug:ExtractStackTraceNoAlloc (byte*,int,string)
UnityEngine.StackTraceUtility:ExtractStackTrace ()
UnityEngine.DebugLogHandler:Internal_Log (UnityEngine.LogType,UnityEngine.LogOption,string,UnityEngine.Object)
UnityEngine.DebugLogHandler:LogFormat (UnityEngine.LogType,UnityEngine.Object,string,object[])
UnityEngine.Logger:Log (UnityEngine.LogType,object)
UnityEngine.Debug:Log (object)
Meta.XR.Editor.MetaXROperatorEnabler:OnPlayModeChanged (UnityEditor.PlayModeStateChange) (at ./Library/PackageCache/com.meta.xr.sdk.core@4ea2676097b9/Editor/MetaXROperator/MetaXROperatorEnabler.cs:98)
UnityEditor.EditorApplication:Internal_PlayModeStateChanged (UnityEditor.PlayModeStateChange)

(Filename: ./Library/PackageCache/com.meta.xr.sdk.core@4ea2676097b9/Editor/MetaXROperator/MetaXROperatorEnabler.cs Line: 98)

Executing IPostBuildCleanup for: Unity.PerformanceTesting.Editor.TestRunBuilder.
UnityEngine.Debug:ExtractStackTraceNoAlloc (byte*,int,string)
UnityEngine.StackTraceUtility:ExtractStackTrace ()
UnityEngine.DebugLogHandler:Internal_Log (UnityEngine.LogType,UnityEngine.LogOption,string,UnityEngine.Object)
UnityEngine.DebugLogHandler:LogFormat (UnityEngine.LogType,UnityEngine.Object,string,object[])
UnityEngine.Logger:Log (UnityEngine.LogType,object)
UnityEngine.Debug:Log (object)
UnityEditor.TestTools.TestRunner.TestRun.Tasks.BuildActionTaskBase`1/<ExecuteMethods>d__8<UnityEngine.TestTools.IPostBuildCleanup>:MoveNext () (at ./Library/PackageCache/com.unity.test-framework@76560ee600cb/UnityEditor.TestRunner/TestRun/Tasks/BuildActionTaskBase.cs:48)
UnityEditor.TestTools.TestRunner.TestRun.Tasks.BuildActionTaskBase`1/<Execute>d__7<UnityEngine.TestTools.IPostBuildCleanup>:MoveNext () (at ./Library/PackageCache/com.unity.test-framework@76560ee600cb/UnityEditor.TestRunner/TestRun/Tasks/BuildActionTaskBase.cs:34)
UnityEditor.TestTools.TestRunner.TestRun.TestJobRunner:ExecuteStep () (at ./Library/PackageCache/com.unity.test-framework@76560ee600cb/UnityEditor.TestRunner/TestRun/TestJobRunner.cs:173)
UnityEditor.TestTools.TestRunner.TestRun.TestJobRunner:ExecuteCallback () (at ./Library/PackageCache/com.unity.test-framework@76560ee600cb/UnityEditor.TestRunner/TestRun/TestJobRunner.cs:108)
UnityEditor.EditorApplication:Internal_CallUpdateFunctions ()

(Filename: ./Library/PackageCache/com.unity.test-framework@76560ee600cb/UnityEditor.TestRunner/TestRun/Tasks/BuildActionTaskBase.cs Line: 48)

Unloading 0 Unused Serialized files (Serialized files now loaded: 0)
Unloading 0 unused Assets / (0 B). Loaded Objects now: 9992.
Memory consumption went from 298.7 MB to 298.7 MB.
Total: 24.073000 ms (FindLiveObjects: 0.865800 ms CreateObjectMapping: 0.893000 ms MarkObjects: 22.285900 ms  DeleteObjects: 0.025800 ms)

Refreshing native plugins compatible for Editor in 30.83 ms, found 12 plugins.
Asset Pipeline Refresh (id=0941bc7333d8e4e4b94f8748d17b2f51): Total: 0.244 seconds - Initiated by StopAssetImportingV2(NoUpdateAssetOptions)
DisplayProgressbar: Undo
Test run completed. Exiting with code 2 (Failed). One or more tests failed.
UnityEngine.Debug:ExtractStackTraceNoAlloc (byte*,int,string)
UnityEngine.StackTraceUtility:ExtractStackTrace ()
UnityEngine.DebugLogHandler:Internal_Log (UnityEngine.LogType,UnityEngine.LogOption,string,UnityEngine.Object)
UnityEngine.DebugLogHandler:LogFormat (UnityEngine.LogType,UnityEngine.Object,string,object[])
UnityEngine.Logger:Log (UnityEngine.LogType,object)
UnityEngine.Debug:Log (object)
UnityEditor.TestTools.TestRunner.CommandLineTest.Executer:ExitApplication (UnityEditor.TestTools.TestRunner.CommandLineTest.Executer/ReturnCodes,string) (at ./Library/PackageCache/com.unity.test-framework@76560ee600cb/UnityEditor.TestRunner/CommandLineTest/Executer.cs:81)
UnityEditor.TestTools.TestRunner.CommandLineTest.Executer:ExitIfRunIsCompleted () (at ./Library/PackageCache/com.unity.test-framework@76560ee600cb/UnityEditor.TestRunner/CommandLineTest/Executer.cs:74)
UnityEditor.EditorApplication:Internal_CallUpdateFunctions ()

(Filename: ./Library/PackageCache/com.unity.test-framework@76560ee600cb/UnityEditor.TestRunner/CommandLineTest/Executer.cs Line: 81)

[HttpMcpServer] Stopped
UnityEngine.Debug:ExtractStackTraceNoAlloc (byte*,int,string)
UnityEngine.StackTraceUtility:ExtractStackTrace ()
UnityEngine.DebugLogHandler:Internal_Log (UnityEngine.LogType,UnityEngine.LogOption,string,UnityEngine.Object)
UnityEngine.DebugLogHandler:LogFormat (UnityEngine.LogType,UnityEngine.Object,string,object[])
UnityEngine.Logger:Log (UnityEngine.LogType,object)
UnityEngine.Debug:Log (object)
Meta.MCPBridge.Editor.HttpMcpServer:Stop () (at ./Library/PackageCache/com.meta.xr.sdk.core@4ea2676097b9/Editor/MCPBridge/HttpMcpServer.cs:253)
Meta.MCPBridge.Editor.HttpMcpServer/<>c:<InitializeOnLoad>b__18_1 () (at ./Library/PackageCache/com.meta.xr.sdk.core@4ea2676097b9/Editor/MCPBridge/HttpMcpServer.cs:77)
UnityEditor.EditorApplication:Internal_EditorApplicationQuit ()
UnityEditor.TestTools.TestRunner.CommandLineTest.Executer:ExitApplication (UnityEditor.TestTools.TestRunner.CommandLineTest.Executer/ReturnCodes,string) (at ./Library/PackageCache/com.unity.test-framework@76560ee600cb/UnityEditor.TestRunner/CommandLineTest/Executer.cs:83)
UnityEditor.TestTools.TestRunner.CommandLineTest.Executer:ExitIfRunIsCompleted () (at ./Library/PackageCache/com.unity.test-framework@76560ee600cb/UnityEditor.TestRunner/CommandLineTest/Executer.cs:74)
UnityEditor.EditorApplication:Internal_CallUpdateFunctions ()

(Filename: ./Library/PackageCache/com.meta.xr.sdk.core@4ea2676097b9/Editor/MCPBridge/HttpMcpServer.cs Line: 253)

Killing ADB server in 0.1262509 seconds.
Start importing Assets/XR/Settings/OpenXR Package Settings.asset using Guid(0d647736f3e354044b23fb340838e9eb) (NativeFormatImporter) -> (Import Result ID: '83be3409bcbc20eef5cbae634207ea95') in 0.0052013 seconds [static dependencies only]. Details - ImportResultOutputID=c8338305546446aab4e7d26577b91671 DependenciesID=2c407465c3fa9fdae37604ba5dc1335a StaticDependenciesID=e7252c103fdb22a96e109f3b4bbed5a2 
Refreshing native plugins compatible for Editor in 22.03 ms, found 12 plugins.
Asset Pipeline Refresh (id=ef7918cd8eda543498e321aed7b07344): Total: 0.066 seconds - Initiated by StopAssetImportingV2(NoUpdateAssetOptions)
[Physics::Module] Cleanup current backend.
[Physics::Module] Id: 0xf2b8ea05
Input System module state changed to: ShutdownInProgress.
Input Polling Thread exited.
Input System module state changed to: Shutdown.
[Licensing::IpcConnector] LicenseClient-GARV BANSAL-notifications channel disconnected successfully.
[Licensing::IpcConnector] LicenseClient-GARV BANSAL channel disconnected successfully.
AcceleratorClientConnectionCallback - disconnected - :0
Cleanup mono
CodeReloadManager destroyed
abort_threads: Failed aborting id: 00000000000099C0, mono_thread_manage will ignore it

abort_threads: Failed aborting id: 0000000000007E88, mono_thread_manage will ignore it

abort_threads: Failed aborting id: 00000000000099C0, mono_thread_manage will ignore it

abort_threads: Failed aborting id: 0000000000007E88, mono_thread_manage will ignore it

debugger-agent: Unable to listen on 3948
Checking for leaked weakptr:
  Found no leaked weakptrs.
[Package Manager] Server process was shutdown
##utp:{"type":"MemoryLeaks","version":2,"phase":"Immediate","time":1789750779599,"processId":19900,"allocatedMemory":20437981,"memoryLabels":[{"Default":264342},{"Permanent":15276},{"NewDelete":65923},{"Thread":4230344},{"Manager":821133},{"VertexData":488},{"Geometry":816},{"Texture":24},{"Shader":850745},{"Material":24},{"GfxDevice":55681},{"Animation":392},{"Audio":2632},{"FreeType":8},{"FontEngine":736},{"Physics":2090},{"Physics2D":16},{"Serialization":952},{"Input":9880},{"JobScheduler":33024},{"TextLib":216},{"Mono":32},{"MonoCode":64},{"ScriptingNativeRuntime":155052},{"BaseObject":1620368},{"Resource":1184},{"Renderer":3008},{"Transform":4685},{"File":12776},{"WebCam":616},{"Culling":32},{"Terrain":11394},{"Wind":24},{"STL":40},{"String":14114},{"StaticString":6718},{"Utility":2673318},{"Curl":2478},{"PoolAlloc":2264},{"AI":80},{"TypeTree":13861},{"ScriptManager":448},{"RuntimeInitializeOnLoadManager":64},{"SpriteAtlas":120},{"GI":7792},{"Director":8320},{"CloudService":720},{"WebRequest":808},{"VR":53314},{"SceneManager":504},{"Video":208},{"LazyScriptCache":32},{"Camera":17},{"Secure":2113},{"SerializationCache":1576},{"APIUpdating":10320},{"VirtualTexturing":57888},{"StaticSafetyDebugInfo":278528},{"Analytics":336},{"Hierarchy":608},{"CoreStats":13032},{"Identifiers":12960},{"Gui":128},{"EditorUtility":180416},{"VersionControl":4},{"Undo":931},{"AssetDatabase":8880972},{"EditorGi":328},{"UnityConnect":37777},{"Upm":1912},{"UpmDiagnostics":8},{"AssetCompliance":64},{"DrivenProperties":72},{"LocalIPC":272},{"ProfilerEditor":9746},{"CoreBusinessMetrics":2641},{"Windowing":456},{"Licensing":664},{"AssetReference":32},{"IPCStream":32}]}
aXROperator] [32m[INFO][0m Telemetry session closed
[90m2026-09-18 22:27:40[0m [MetaXROperator] [32m[INFO][0m Telemetry shut down
[90m2026-09-18 22:27:40[0m [MetaXROperator] [32m[INFO][0m Destroying Agentic MCP Server...
[90m2026-09-18 22:27:41[0m [MetaXROperator] [32m[INFO][0m MCP Server stopped successfully
[90m2026-09-18 22:27:41[0m [MetaXROperator] [32m[INFO][0m AgenticLayerXrDestroyInstance succeeded
visemes
[OVRPlugin][INFO] Unavailable OpenXR extension: XR_FB_eye_tracking_social
[OVRPlugin][INFO] Unavailable OpenXR extension: XR_MSFT_hand_interaction
[OVRPlugin][INFO] Unavailable OpenXR extension: XR_META_hand_tracking_frequency_hint
[OVRPlugin][INFO] Unavailable OpenXR extension: XR_META_environment_depth
[OVRPlugin][INFO] Func_xrGetInstanceProcAddr: override xrPollEvent
[OVRPlugin][INFO] Func_xrGetInstanceProcAddr: override xrDestroySession
[OVRPlugin][INFO] Func_xrGetInstanceProcAddr: override xrBeginSession
[OVRPlugin][INFO] Func_xrGetInstanceProcAddr: override xrWaitFrame
[OVRPlugin][INFO] Func_xrGetInstanceProcAddr: override xrBeginFrame
[OVRPlugin][INFO] Func_xrGetInstanceProcAddr: override xrEndFrame
[OVRPlugin][INFO] Func_xrGetInstanceProcAddr: override xrSuggestInteractionProfileBindings
[OVRPlugin][INFO] Func_xrGetInstanceProcAddr: override xrAttachSessionActionSets
[OVRPlugin][INFO] Func_xrGetInstanceProcAddr: override xrGetCurrentInteractionProfile
[OVRPlugin][INFO] Func_xrGetInstanceProcAddr: override xrSyncActions
[OVRPlugin][INFO] Func_xrGetInstanceProcAddr: override xrGetVisibilityMaskKHR
[OVRPlugin][INFO] ovrp_UnityOpenXR_OnInstanceCreate(1)
[OVRPlugin][INFO] Use D3D11 Renderer
[OVRPlugin][INFO] OpenXR SDK version 1.1.59
[OVRPlugin][INFO] Warning: unable to bind OpenXR entry xrGetD3D12GraphicsRequirementsKHR
[OVRPlugin][INFO] OpenXR runtime name: Oculus, version 1.207.0
[OVRPlugin][INFO] xrGetSystem() retry 1 failed
[OVRPlugin][INFO] xrGetSystem() retry 2 failed
[OVRPlugin][INFO] xrGetSystem() retry 3 failed
[OVRPlugin][INFO] xrGetSystem() retry 4 failed
[OVRPlugin][INFO] xrGetSystem() retry 5 failed
[OVRPlugin][INFO] xrGetSystem() failed, which might be caused by a temporarly HMD connectivity issue. Skip the deletion of external xrInstance
