[Licensing::Module] Trying to connect to existing licensing client channel...
Built from '6000.4/staging' branch; Version is '6000.4.6f1 (0b051c2e5d54) revision 722204'; Using compiler version '194234433'; Build Type 'Release'
[Licensing::IpcConnector] Successfully connected to: "LicenseClient-GARV BANSAL" at "2026-09-18T19:07:52.5739637Z"
OS: 'Windows 11  (10.0.26200) CoreSingleLanguage' Language: 'en' Physical Memory: 16010 MB
BatchMode: 1, IsHumanControllingUs: 0, StartBugReporterOnCrash: 0, Is64bit: 1
System  architecture: x64
Process architecture: x64
Date: 2026-09-18T19:07:52Z
[Licensing::Client] Code 10 while verifying Licensing Client signature (process Id: 32380, path: "C:/Program Files/Unity Hub/UnityLicensingClient_V1/Unity.Licensing.Client.exe")
[Licensing::Module] LicensingClient has failed validation; ignoring
[Licensing::Client] Handshaking with LicensingClient:
  Version:                 1.18.3+d7ffd15
  Session Id:              679342e29db749e48b5a146df7844596
  Correlation Id:          00b2628eb82a48d79635ca32a85e1ff2
  External correlation Id: 2112664163450284453
  Machine Id:              kImHo2x28Ujte4rhYvWcdMgf4I8=
[Licensing::Module] Successfully connected to LicensingClient on channel: "LicenseClient-GARV BANSAL" (connect: 0.00s, validation: 0.00s, handshake: 0.09s)
[Licensing::IpcConnector] Successfully connected to: "LicenseClient-GARV BANSAL-notifications" at "2026-09-18T19:07:52.6692759Z"
[Licensing::Module] Error: Access token is unavailable; failed to update
[Licensing::Client] Successfully resolved entitlement details
[Licensing::Module] License group:
  Id: 13469799320789-UnityPersXXXX
  Product: Unity Personal
  Type: Assigned
  Expiration: Unlimited
[Licensing::Client] Successfully updated license, isAsync: True, time: 0.00
[Licensing::Module] Licensing Background thread has ended after 0.10s

COMMAND LINE ARGUMENTS:
C:\Program Files\Unity\Hub\Editor\6000.4.6f1\Editor\Unity.exe
-batchmode
-projectPath
C:/Users/GARV BANSAL/Documents/VR_games/OPUS/game
-logFile
C:/Users/GARV BANSAL/Documents/VR_games/OPUS/logs/sessions/run12_fullpipeline5.log
-runTests
-testPlatform
PlayMode
-testFilter
Opus.Shell.Tests.PlayMode.FullPipelineIntegrationTests
-testResults
C:/Users/GARV BANSAL/Documents/VR_games/OPUS/logs/sessions/run12_fullpipeline5_results.xml
Successfully changed project path to: C:/Users/GARV BANSAL/Documents/VR_games/OPUS/game
C:/Users/GARV BANSAL/Documents/VR_games/OPUS/game
[UnityMemory] Configuration Parameters - Can be set up in boot.config
    "memorysetup-temp-allocator-size-gi-baking-worker=262144"
    "memorysetup-temp-allocator-size-gi-baking-worker=262144"
    "memorysetup-temp-allocator-size-gi-baking-worker=262144"
    "memorysetup-temp-allocator-size-gi-baking-worker=262144"
    "memorysetup-temp-allocator-size-gi-baking-worker=262144"
    "memorysetup-temp-allocator-size-nav-mesh-worker=65536"
    "memorysetup-temp-allocator-size-audio-worker=65536"
    "memorysetup-temp-allocator-size-cloud-worker=32768"
    "memorysetup-temp-allocator-size-gfx=262144"
    "memorysetup-temp-allocator-size-preload-manager=33554432"
    "memorysetup-temp-allocator-size-job-worker=262144"
    "memorysetup-temp-allocator-size-background-worker=32768"
    "memorysetup-allocator-temp-initial-block-size-main=262144"
    "memorysetup-allocator-temp-initial-block-size-worker=262144"
    "memorysetup-bucket-allocator-granularity=16"
    "memorysetup-bucket-allocator-bucket-count=8"
    "memorysetup-bucket-allocator-block-size=33554432"
    "memorysetup-bucket-allocator-block-count=8"
    "memorysetup-main-allocator-block-size=16777216"
    "memorysetup-thread-allocator-block-size=16777216"
    "memorysetup-gfx-main-allocator-block-size=16777216"
    "memorysetup-gfx-thread-allocator-block-size=16777216"
    "memorysetup-cache-allocator-block-size=4194304"
    "memorysetup-typetree-allocator-block-size=2097152"
    "memorysetup-profiler-bucket-allocator-granularity=16"
    "memorysetup-profiler-bucket-allocator-bucket-count=8"
    "memorysetup-profiler-bucket-allocator-block-size=33554432"
    "memorysetup-profiler-bucket-allocator-block-count=8"
    "memorysetup-profiler-allocator-block-size=16777216"
    "memorysetup-profiler-editor-allocator-block-size=1048576"
    "memorysetup-temp-allocator-size-main=16777216"
    "memorysetup-job-temp-allocator-block-size=2097152"
    "memorysetup-job-temp-allocator-block-size-background=1048576"
    "memorysetup-job-temp-allocator-reduction-small-platforms=262144"
Player connection [26600]  Target information:

Player connection [26600]  * "[IP] 169.254.188.98 [Port] 55504 [Flags] 2 [Guid] 1976780176 [EditorId] 1976780176 [Version] 1048832 [Id] WindowsEditor(7,LAPTOP-EF95960B) [Debug] 1 [PackageName] WindowsEditor [ProjectName] Editor" 

Player connection [26600]  * "[IP] 169.254.83.107 [Port] 55504 [Flags] 2 [Guid] 1976780176 [EditorId] 1976780176 [Version] 1048832 [Id] WindowsEditor(7,LAPTOP-EF95960B) [Debug] 1 [PackageName] WindowsEditor [ProjectName] Editor" 

Player connection [26600]  * "[IP] 172.18.228.97 [Port] 55504 [Flags] 2 [Guid] 1976780176 [EditorId] 1976780176 [Version] 1048832 [Id] WindowsEditor(7,LAPTOP-EF95960B) [Debug] 1 [PackageName] WindowsEditor [ProjectName] Editor" 

Player connection [26600] Host joined multi-casting on [225.0.0.222:54997]...
Player connection [26600] Host joined alternative multi-casting on [225.0.0.222:34997]...
Input System module state changed to: Initialized.
[Physics::Module] Initialized fallback backend.
[Physics::Module] Id: 0xdecafbad
[Package Manager] Connected to IPC stream "Upm-17848" after 0.3 seconds.
[Licensing::Client] Successfully resolved entitlement details
Library Redirect Path: Library/
[Physics::Module] Selected backend.
[Physics::Module] Name: PhysX
[Physics::Module] Id: 0xf2b8ea05
[Physics::Module] SDK Version: 4.1.2
[Physics::Module] Integration Version: 1.0.0
[Physics::Module] Threading Mode: Multi-Threaded
[Licensing::Client] Successfully resolved entitlement details
Refreshing native plugins compatible for Editor in 5.46 ms, found 0 plugins.
Initialize engine version: 6000.4.6f1 (0b051c2e5d54)
[Subsystems] Discovering subsystems at path C:/Program Files/Unity/Hub/Editor/6000.4.6f1/Editor/Data/Resources/UnitySubsystems
[Subsystems] Discovering subsystems at path C:/Users/GARV BANSAL/Documents/VR_games/OPUS/game/Assets
GfxDevice: creating device client; kGfxThreadingModeNonThreaded
Direct3D:
    Version:  Direct3D 11.0 [level 11.1]
    Renderer: NVIDIA GeForce RTX 4050 Laptop GPU (ID=0x28a1)
    Vendor:   NVIDIA
    VRAM:     5921 MB
    Driver:   32.0.15.5597
Shader 'Oculus/OVRMRCameraFrameLit': fallback shader 'Alpha-Diffuse' not found
Initialize mono
Mono path[0] = 'C:/Program Files/Unity/Hub/Editor/6000.4.6f1/Editor/Data/Managed'
Mono path[1] = 'C:/Program Files/Unity/Hub/Editor/6000.4.6f1/Editor/Data/MonoBleedingEdge/lib/mono/unityjit-win32'
Mono config path = 'C:/Program Files/Unity/Hub/Editor/6000.4.6f1/Editor/Data/MonoBleedingEdge/etc'
Using monoOptions --debugger-agent=transport=dt_socket,embedding=1,server=y,suspend=n,address=127.0.0.1:56848
CodeReloadManager initialized
Using cacheserver namespaces - metadata:defaultmetadata, artifacts:defaultartifacts
Using cacheserver namespaces - metadata:defaultmetadata, artifacts:defaultartifacts
ImportWorker Server TCP listen port: 0
AcceleratorClientConnectionCallback - disconnected - :0
Begin MonoManager ReloadAssembly
Registering precompiled unity dll's ...
Register platform support module: C:/Program Files/Unity/Hub/Editor/6000.4.6f1/Editor/Data/PlaybackEngines/WindowsStandaloneSupport/UnityEditor.WindowsStandalone.Extensions.dll
Register platform support module: C:/Program Files/Unity/Hub/Editor/6000.4.6f1/Editor/Data/PlaybackEngines/AndroidPlayer/UnityEditor.Android.Extensions.dll
Registered in 0.003219 seconds.
Native extension for Android target not found
Native extension for WindowsStandalone target not found
Package Manager log level set to [2]
ScheduleIndexationOnStartup MainProcess:False IndexOnStartup:True
Mono: successfully reloaded assembly
- Finished resetting the current domain, in  0.498 seconds
Domain Reload Profiling: 1020ms
	BeginReloadAssembly (151ms)
		CreateAndSetChildDomain (8ms)
	RebuildCommonClasses (43ms)
	RebuildNativeTypeToScriptingClass (13ms)
	initialDomainReloadingComplete (77ms)
	LoadAllAssembliesAndSetupDomain (235ms)
		LoadAssemblies (139ms)
		AnalyzeDomain (225ms)
			TypeCache.Refresh (224ms)
				TypeCache.ScanAssembly (210ms)
	FinalizeReload (500ms)
		SetupLoadedEditorAssemblies (0ms)
			InitializePlatformSupportModulesInManaged (69ms)
			BeforeProcessingInitializeOnLoad (97ms)
			ProcessInitializeOnLoadAttributes (123ms)
			ProcessInitializeOnLoadMethodAttributes (137ms)
[Licensing::Client] Successfully resolved entitlement details
[Licensing::Client] Successfully resolved entitlement details
Application.AssetDatabase Initial Refresh Start
[Package Manager] Restoring resolved packages state from cache
[Licensing::Client] Successfully resolved entitlement details
[Package Manager] Registered 65 packages:
  Packages from [https://npm.developer.oculus.com]:
    com.meta.xr.sdk.core@205.0.0 (location: C:\Users\GARV BANSAL\Documents\VR_games\OPUS\game\Library\PackageCache\com.meta.xr.sdk.core@4ea2676097b9)
    com.meta.xr.sdk.interaction.ovr@205.0.0 (location: C:\Users\GARV BANSAL\Documents\VR_games\OPUS\game\Library\PackageCache\com.meta.xr.sdk.interaction.ovr@08728e3e2bb2)
    com.meta.xr.sdk.interaction@205.0.0 (location: C:\Users\GARV BANSAL\Documents\VR_games\OPUS\game\Library\PackageCache\com.meta.xr.sdk.interaction@875abb30439c)
  Packages from [https://packages.unity.com]:
    com.unity.xr.openxr@1.16.1 (location: C:\Users\GARV BANSAL\Documents\VR_games\OPUS\game\Library\PackageCache\com.unity.xr.openxr@ef0033a586bf)
    com.unity.xr.management@4.5.1 (location: C:\Users\GARV BANSAL\Documents\VR_games\OPUS\game\Library\PackageCache\com.unity.xr.management@20be87dea580)
    com.unity.inputsystem@1.11.2 (location: C:\Users\GARV BANSAL\Documents\VR_games\OPUS\game\Library\PackageCache\com.unity.inputsystem@3c4a97c3950f)
    com.unity.addressables@2.3.1 (location: C:\Users\GARV BANSAL\Documents\VR_games\OPUS\game\Library\PackageCache\com.unity.addressables@5d870284b3d9)
    com.unity.profiling.core@1.0.3 (location: C:\Users\GARV BANSAL\Documents\VR_games\OPUS\game\Library\PackageCache\com.unity.profiling.core@8a49f7027d06)
    com.unity.scriptablebuildpipeline@2.6.1 (location: C:\Users\GARV BANSAL\Documents\VR_games\OPUS\game\Library\PackageCache\com.unity.scriptablebuildpipeline@36e3b5898ee2)
    com.unity.xr.hands@1.7.3 (location: C:\Users\GARV BANSAL\Documents\VR_games\OPUS\game\Library\PackageCache\com.unity.xr.hands@3e241be20642)
    com.unity.xr.core-utils@2.6.0 (location: C:\Users\GARV BANSAL\Documents\VR_games\OPUS\game\Library\PackageCache\com.unity.xr.core-utils@a8b900321199)
    com.unity.xr.legacyinputhelpers@3.0.1 (location: C:\Users\GARV BANSAL\Documents\VR_games\OPUS\game\Library\PackageCache\com.unity.xr.legacyinputhelpers@3f62d634f63b)
    com.unity.nuget.newtonsoft-json@3.2.2 (location: C:\Users\GARV BANSAL\Documents\VR_games\OPUS\game\Library\PackageCache\com.unity.nuget.newtonsoft-json@4dfd81071c64)
    com.unity.mathematics@1.3.3 (location: C:\Users\GARV BANSAL\Documents\VR_games\OPUS\game\Library\PackageCache\com.unity.mathematics@19a9377c4ffa)
    com.unity.searcher@4.9.4 (location: C:\Users\GARV BANSAL\Documents\VR_games\OPUS\game\Library\PackageCache\com.unity.searcher@d45a78918735)
    com.unity.burst@1.8.29 (location: C:\Users\GARV BANSAL\Documents\VR_games\OPUS\game\Library\PackageCache\com.unity.burst@6bb9aca3ef38)
    com.unity.nuget.mono-cecil@1.11.6 (location: C:\Users\GARV BANSAL\Documents\VR_games\OPUS\game\Library\PackageCache\com.unity.nuget.mono-cecil@ecb9724e46ff)
    com.unity.test-framework.performance@3.4.0 (location: C:\Users\GARV BANSAL\Documents\VR_games\OPUS\game\Library\PackageCache\com.unity.test-framework.performance@aa81a99c4a75)
  Built-in packages:
    com.unity.multiplayer.center@1.0.1 (location: C:\Users\GARV BANSAL\Documents\VR_games\OPUS\game\Library\PackageCache\com.unity.multiplayer.center@f01f4ba8d00a)
    com.unity.render-pipelines.universal@17.4.0 (location: C:\Users\GARV BANSAL\Documents\VR_games\OPUS\game\Library\PackageCache\com.unity.render-pipelines.universal@0d0659f1368d)
    com.unity.test-framework@1.6.0 (location: C:\Users\GARV BANSAL\Documents\VR_games\OPUS\game\Library\PackageCache\com.unity.test-framework@76560ee600cb)
    com.unity.modules.accessibility@1.0.0 (location: C:\Users\GARV BANSAL\Documents\VR_games\OPUS\game\Library\PackageCache\com.unity.modules.accessibility)
    com.unity.modules.adaptiveperformance@1.0.0 (location: C:\Users\GARV BANSAL\Documents\VR_games\OPUS\game\Library\PackageCache\com.unity.modules.adaptiveperformance)
    com.unity.modules.ai@1.0.0 (location: C:\Users\GARV BANSAL\Documents\VR_games\OPUS\game\Library\PackageCache\com.unity.modules.ai)
    com.unity.modules.androidjni@1.0.0 (location: C:\Users\GARV BANSAL\Documents\VR_games\OPUS\game\Library\PackageCache\com.unity.modules.androidjni)
    com.unity.modules.animation@1.0.0 (location: C:\Users\GARV BANSAL\Documents\VR_games\OPUS\game\Library\PackageCache\com.unity.modules.animation)
    com.unity.modules.assetbundle@1.0.0 (location: C:\Users\GARV BANSAL\Documents\VR_games\OPUS\game\Library\PackageCache\com.unity.modules.assetbundle)
    com.unity.modules.audio@1.0.0 (location: C:\Users\GARV BANSAL\Documents\VR_games\OPUS\game\Library\PackageCache\com.unity.modules.audio)
    com.unity.modules.cloth@1.0.0 (location: C:\Users\GARV BANSAL\Documents\VR_games\OPUS\game\Library\PackageCache\com.unity.modules.cloth)
    com.unity.modules.director@1.0.0 (location: C:\Users\GARV BANSAL\Documents\VR_games\OPUS\game\Library\PackageCache\com.unity.modules.director)
    com.unity.modules.imageconversion@1.0.0 (location: C:\Users\GARV BANSAL\Documents\VR_games\OPUS\game\Library\PackageCache\com.unity.modules.imageconversion)
    com.unity.modules.imgui@1.0.0 (location: C:\Users\GARV BANSAL\Documents\VR_games\OPUS\game\Library\PackageCache\com.unity.modules.imgui)
    com.unity.modules.jsonserialize@1.0.0 (location: C:\Users\GARV BANSAL\Documents\VR_games\OPUS\game\Library\PackageCache\com.unity.modules.jsonserialize)
    com.unity.modules.particlesystem@1.0.0 (location: C:\Users\GARV BANSAL\Documents\VR_games\OPUS\game\Library\PackageCache\com.unity.modules.particlesystem)
    com.unity.modules.physics@1.0.0 (location: C:\Users\GARV BANSAL\Documents\VR_games\OPUS\game\Library\PackageCache\com.unity.modules.physics)
    com.unity.modules.physics2d@1.0.0 (location: C:\Users\GARV BANSAL\Documents\VR_games\OPUS\game\Library\PackageCache\com.unity.modules.physics2d)
    com.unity.modules.screencapture@1.0.0 (location: C:\Users\GARV BANSAL\Documents\VR_games\OPUS\game\Library\PackageCache\com.unity.modules.screencapture)
    com.unity.modules.terrain@1.0.0 (location: C:\Users\GARV BANSAL\Documents\VR_games\OPUS\game\Library\PackageCache\com.unity.modules.terrain)
    com.unity.modules.terrainphysics@1.0.0 (location: C:\Users\GARV BANSAL\Documents\VR_games\OPUS\game\Library\PackageCache\com.unity.modules.terrainphysics)
    com.unity.modules.tilemap@1.0.0 (location: C:\Users\GARV BANSAL\Documents\VR_games\OPUS\game\Library\PackageCache\com.unity.modules.tilemap)
    com.unity.modules.ui@1.0.0 (location: C:\Users\GARV BANSAL\Documents\VR_games\OPUS\game\Library\PackageCache\com.unity.modules.ui)
    com.unity.modules.uielements@1.0.0 (location: C:\Users\GARV BANSAL\Documents\VR_games\OPUS\game\Library\PackageCache\com.unity.modules.uielements)
    com.unity.modules.umbra@1.0.0 (location: C:\Users\GARV BANSAL\Documents\VR_games\OPUS\game\Library\PackageCache\com.unity.modules.umbra)
    com.unity.modules.unityanalytics@1.0.0 (location: C:\Users\GARV BANSAL\Documents\VR_games\OPUS\game\Library\PackageCache\com.unity.modules.unityanalytics)
    com.unity.modules.unitywebrequest@1.0.0 (location: C:\Users\GARV BANSAL\Documents\VR_games\OPUS\game\Library\PackageCache\com.unity.modules.unitywebrequest)
    com.unity.modules.unitywebrequestassetbundle@1.0.0 (location: C:\Users\GARV BANSAL\Documents\VR_games\OPUS\game\Library\PackageCache\com.unity.modules.unitywebrequestassetbundle)
    com.unity.modules.unitywebrequestaudio@1.0.0 (location: C:\Users\GARV BANSAL\Documents\VR_games\OPUS\game\Library\PackageCache\com.unity.modules.unitywebrequestaudio)
    com.unity.modules.unitywebrequesttexture@1.0.0 (location: C:\Users\GARV BANSAL\Documents\VR_games\OPUS\game\Library\PackageCache\com.unity.modules.unitywebrequesttexture)
    com.unity.modules.unitywebrequestwww@1.0.0 (location: C:\Users\GARV BANSAL\Documents\VR_games\OPUS\game\Library\PackageCache\com.unity.modules.unitywebrequestwww)
    com.unity.modules.vectorgraphics@1.0.0 (location: C:\Users\GARV BANSAL\Documents\VR_games\OPUS\game\Library\PackageCache\com.unity.modules.vectorgraphics)
    com.unity.modules.vehicles@1.0.0 (location: C:\Users\GARV BANSAL\Documents\VR_games\OPUS\game\Library\PackageCache\com.unity.modules.vehicles)
    com.unity.modules.video@1.0.0 (location: C:\Users\GARV BANSAL\Documents\VR_games\OPUS\game\Library\PackageCache\com.unity.modules.video)
    com.unity.modules.vr@1.0.0 (location: C:\Users\GARV BANSAL\Documents\VR_games\OPUS\game\Library\PackageCache\com.unity.modules.vr)
    com.unity.modules.wind@1.0.0 (location: C:\Users\GARV BANSAL\Documents\VR_games\OPUS\game\Library\PackageCache\com.unity.modules.wind)
    com.unity.modules.xr@1.0.0 (location: C:\Users\GARV BANSAL\Documents\VR_games\OPUS\game\Library\PackageCache\com.unity.modules.xr)
    com.unity.modules.subsystems@1.0.0 (location: C:\Users\GARV BANSAL\Documents\VR_games\OPUS\game\Library\PackageCache\com.unity.modules.subsystems)
    com.unity.modules.hierarchycore@1.0.0 (location: C:\Users\GARV BANSAL\Documents\VR_games\OPUS\game\Library\PackageCache\com.unity.modules.hierarchycore)
    com.unity.ext.nunit@2.0.5 (location: C:\Users\GARV BANSAL\Documents\VR_games\OPUS\game\Library\PackageCache\com.unity.ext.nunit@d8c07649098d)
    com.unity.render-pipelines.core@17.4.0 (location: C:\Users\GARV BANSAL\Documents\VR_games\OPUS\game\Library\PackageCache\com.unity.render-pipelines.core@630143bbfe2b)
    com.unity.shadergraph@17.4.0 (location: C:\Users\GARV BANSAL\Documents\VR_games\OPUS\game\Library\PackageCache\com.unity.shadergraph@04a6ef07359e)
    com.unity.render-pipelines.universal-config@17.4.0 (location: C:\Users\GARV BANSAL\Documents\VR_games\OPUS\game\Library\PackageCache\com.unity.render-pipelines.universal-config@0db4263b9e6b)
    com.unity.textmeshpro@5.0.0 (location: C:\Users\GARV BANSAL\Documents\VR_games\OPUS\game\Library\PackageCache\com.unity.textmeshpro@53f43edfd2e0)
    com.unity.ugui@2.0.0 (location: C:\Users\GARV BANSAL\Documents\VR_games\OPUS\game\Library\PackageCache\com.unity.ugui@473409526770)
    com.unity.collections@6.4.0 (location: C:\Users\GARV BANSAL\Documents\VR_games\OPUS\game\Library\PackageCache\com.unity.collections@65f499a3cc26)
  Embedded packages:
    com.opus.sdk@file:C:\Users\GARV BANSAL\Documents\VR_games\OPUS\game\Packages\com.opus.sdk (location: C:\Users\GARV BANSAL\Documents\VR_games\OPUS\game\Packages\com.opus.sdk)
[Subsystems] Looking for new subsystems at path C:\Users\GARV BANSAL\Documents\VR_games\OPUS\game\Library\PackageCache\com.unity.xr.openxr@ef0033a586bf
[Subsystems] Novel subsystem found at Library/PackageCache/com.unity.xr.openxr@ef0033a586bf/Runtime/UnitySubsystemsManifest.json
[Subsystems] Discovering subsystems at path C:/Program Files/Unity/Hub/Editor/6000.4.6f1/Editor/Data/Resources/UnitySubsystems
[Subsystems] Discovering subsystems at path C:/Users/GARV BANSAL/Documents/VR_games/OPUS/game/Assets
[Subsystems] Discovering subsystems at path C:\Users\GARV BANSAL\Documents\VR_games\OPUS\game\Library\PackageCache\com.unity.xr.openxr@ef0033a586bf
[Subsystems] No descriptors matched for  examples in Library/PackageCache/com.unity.xr.openxr@ef0033a586bf/Runtime/UnitySubsystemsManifest.json.
[Subsystems] 1 'inputs' descriptors matched in Library/PackageCache/com.unity.xr.openxr@ef0033a586bf/Runtime/UnitySubsystemsManifest.json
[Subsystems] 1 'displays' descriptors matched in Library/PackageCache/com.unity.xr.openxr@ef0033a586bf/Runtime/UnitySubsystemsManifest.json
[Subsystems] No descriptors matched for  meshings in Library/PackageCache/com.unity.xr.openxr@ef0033a586bf/Runtime/UnitySubsystemsManifest.json.
[Package Manager] Done registering packages in 0.05 seconds
[ScriptCompilation] Requested script compilation because: AssetDatabase observed changes in script compilation related files
Assembly for Assembly Definition File 'Packages/com.opus.sdk/Editor/Opus.Sdk.Editor.asmdef' will not be compiled, because it has no scripts associated with it.
UnityEngine.Debug:ExtractStackTraceNoAlloc (byte*,int,string)
UnityEngine.StackTraceUtility:ExtractStackTrace ()
UnityEngine.DebugLogHandler:Internal_Log (UnityEngine.LogType,UnityEngine.LogOption,string,UnityEngine.Object)
UnityEngine.DebugLogHandler:LogFormat (UnityEngine.LogType,UnityEngine.Object,string,object[])
UnityEngine.Logger:LogFormat (UnityEngine.LogType,string,object[])
UnityEngine.Debug:LogWarningFormat (string,object[])
UnityEditor.Scripting.ScriptCompilation.EditorCompilation:WarnIfThereAreAssembliesWithoutAnyScripts (UnityEditor.Scripting.ScriptCompilation.ScriptAssemblySettings,UnityEditor.Scripting.ScriptCompilation.ScriptAssembly[])
UnityEditor.Scripting.ScriptCompilation.EditorCompilation:CompileScriptsWithSettings (UnityEditor.Scripting.ScriptCompilation.ScriptAssemblySettings)
UnityEditor.Scripting.ScriptCompilation.EditorCompilation:CompileScripts (UnityEditor.Scripting.ScriptCompilation.EditorScriptCompilationOptions,UnityEditor.BuildTarget,int,string[])
UnityEditor.Scripting.ScriptCompilation.EditorCompilationInterface/<>c__DisplayClass21_0:<CompileScripts>b__0 ()
UnityEditor.Scripting.ScriptCompilation.EditorCompilationInterface:EmitExceptionAsError<UnityEditor.Scripting.ScriptCompilation.EditorCompilation/CompileStatus> (System.Func`1<UnityEditor.Scripting.ScriptCompilation.EditorCompilation/CompileStatus>,UnityEditor.Scripting.ScriptCompilation.EditorCompilation/CompileStatus)
UnityEditor.Scripting.ScriptCompilation.EditorCompilationInterface:CompileScripts (UnityEditor.Scripting.ScriptCompilation.EditorScriptCompilationOptions,UnityEditor.BuildTarget,int,string[])

info: Microsoft.Hosting.Lifetime[14]
      Now listening on: http://localhost:80
info: Microsoft.Hosting.Lifetime[0]
      Application started. Press Ctrl+C to shut down.
info: Microsoft.Hosting.Lifetime[0]
      Hosting environment: Production
info: Microsoft.Hosting.Lifetime[0]
      Content root path: C:\Users\GARV BANSAL\Documents\VR_games\OPUS\game
info: Microsoft.AspNetCore.Hosting.Diagnostics[1]
      Request starting HTTP/2 POST http://ilpp/UnityILPP.PostProcessing/Ping - application/grpc -
info: Microsoft.AspNetCore.Routing.EndpointMiddleware[0]
      Executing endpoint 'gRPC - /UnityILPP.PostProcessing/Ping'
info: Microsoft.AspNetCore.Routing.EndpointMiddleware[1]
      Executed endpoint 'gRPC - /UnityILPP.PostProcessing/Ping'
info: Microsoft.AspNetCore.Hosting.Diagnostics[2]
      Request finished HTTP/2 POST http://ilpp/UnityILPP.PostProcessing/Ping - 200 - application/grpc 37.6136ms
Starting: C:\Program Files\Unity\Hub\Editor\6000.4.6f1\Editor\Data\Tools\BuildPipeline\bee_backend.exe --ipc --defer-dag-verification --dagfile="Library/Bee/1300b0aE.dag" --continue-on-failure --profile="Library/Bee/backend1.traceevents" ScriptAssemblies
WorkingDir: C:/Users/GARV BANSAL/Documents/VR_games/OPUS/game
DisplayProgressbar: Compiling Scripts
info: Microsoft.AspNetCore.Hosting.Diagnostics[1]
      Request starting HTTP/2 POST http://ilpp/UnityILPP.PostProcessing/ConfigurePostProcessors - application/grpc -
info: Microsoft.AspNetCore.Routing.EndpointMiddleware[0]
      Executing endpoint 'gRPC - /UnityILPP.PostProcessing/ConfigurePostProcessors'
warn: Unity.ILPP.Runner.PostProcessingAssemblyLoadContext[0]
      Assembly system.runtime.interopservices.windowsruntime has duplicate hint path. Ignoring "C:\Program Files\Unity\Hub\Editor\6000.4.6f1\Editor\Data\UnityReferenceAssemblies\unity-4.8-api\Facades\System.Runtime.InteropServices.WindowsRuntime.dll" in favor of "C:\Program Files\Unity\Hub\Editor\6000.4.6f1\Editor\Data\NetStandard\Extensions\2.0.0\System.Runtime.InteropServices.WindowsRuntime.dll"
warn: Unity.ILPP.Runner.PostProcessingAssemblyLoadContext[0]
      Assembly system.componentmodel.composition has duplicate hint path. Ignoring "C:\Program Files\Unity\Hub\Editor\6000.4.6f1\Editor\Data\UnityReferenceAssemblies\unity-4.8-api\System.ComponentModel.Composition.dll" in favor of "C:\Program Files\Unity\Hub\Editor\6000.4.6f1\Editor\Data\NetStandard\compat\2.1.0\shims\netfx\System.ComponentModel.Composition.dll"
info: Unity.ILPP.Runner.PostProcessingAssemblyLoadContext[0]
      Resolved Unity.Burst.Cecil, Version=0.11.6.0, Culture=neutral, PublicKeyToken=50cebf1cceb9d05e with Library\PackageCache\com.unity.burst@6bb9aca3ef38\Unity.Burst.CodeGen\Unity.Burst.Cecil.dll
info: Unity.ILPP.Runner.PostProcessingAssemblyLoadContext[0]
      Resolved Mono.Cecil, Version=0.11.5.0, Culture=neutral, PublicKeyToken=50cebf1cceb9d05e with Library\PackageCache\com.unity.nuget.mono-cecil@ecb9724e46ff\Mono.Cecil.dll
info: Microsoft.AspNetCore.Routing.EndpointMiddleware[1]
      Executed endpoint 'gRPC - /UnityILPP.PostProcessing/ConfigurePostProcessors'
info: Microsoft.AspNetCore.Hosting.Diagnostics[2]
      Request finished HTTP/2 POST http://ilpp/UnityILPP.PostProcessing/ConfigurePostProcessors - 200 - application/grpc 89.3565ms
info: Microsoft.AspNetCore.Hosting.Diagnostics[1]
      Request starting HTTP/2 POST http://ilpp/UnityILPP.PostProcessing/PostProcessAssembly - application/grpc -
info: Microsoft.AspNetCore.Hosting.Diagnostics[1]
      Request starting HTTP/2 POST http://ilpp/UnityILPP.PostProcessing/PostProcessAssembly - application/grpc -
info: Microsoft.AspNetCore.Routing.EndpointMiddleware[0]
      Executing endpoint 'gRPC - /UnityILPP.PostProcessing/PostProcessAssembly'
info: Microsoft.AspNetCore.Routing.EndpointMiddleware[0]
      Executing endpoint 'gRPC - /UnityILPP.PostProcessing/PostProcessAssembly'
info: Microsoft.AspNetCore.Hosting.Diagnostics[1]
      Request starting HTTP/2 POST http://ilpp/UnityILPP.PostProcessing/PostProcessAssembly - application/grpc -
info: Microsoft.AspNetCore.Hosting.Diagnostics[1]
      Request starting HTTP/2 POST http://ilpp/UnityILPP.PostProcessing/PostProcessAssembly - application/grpc -
info: Microsoft.AspNetCore.Routing.EndpointMiddleware[0]
      Executing endpoint 'gRPC - /UnityILPP.PostProcessing/PostProcessAssembly'
info: Microsoft.AspNetCore.Routing.EndpointMiddleware[0]
      Executing endpoint 'gRPC - /UnityILPP.PostProcessing/PostProcessAssembly'
info: Microsoft.AspNetCore.Hosting.Diagnostics[1]
      Request starting HTTP/2 POST http://ilpp/UnityILPP.PostProcessing/PostProcessAssembly - application/grpc -
info: Microsoft.AspNetCore.Routing.EndpointMiddleware[0]
      Executing endpoint 'gRPC - /UnityILPP.PostProcessing/PostProcessAssembly'
info: Unity.ILPP.Runner.PostProcessingPipeline[0]
      Processing assembly Library/Bee/artifacts/1300b0aE.dag/Shell.Tests.Editor.dll, with 154 defines and 277 references
info: Unity.ILPP.Runner.PostProcessingPipeline[0]
      Processing assembly Library/Bee/artifacts/1300b0aE.dag/Shell.Runtime.dll, with 157 defines and 267 references
info: Unity.ILPP.Runner.PostProcessingPipeline[0]
      Processing assembly Library/Bee/artifacts/1300b0aE.dag/Shell.Editor.dll, with 154 defines and 284 references
info: Unity.ILPP.Runner.PostProcessingPipeline[0]
      Processing assembly Library/Bee/artifacts/1300b0aE.dag/Shell.Tests.PlayMode.dll, with 156 defines and 266 references
info: Unity.ILPP.Runner.PostProcessingPipeline[0]
      Processing assembly Library/Bee/artifacts/1300b0aE.dag/OrchardReach.Tests.PlayMode.dll, with 156 defines and 266 references
info: Unity.ILPP.Runner.PostProcessingPipeline[0]
      processors: Unity.Jobs.CodeGen.JobsILPostProcessor, zzzUnity.Burst.CodeGen.BurstILPostProcessor
info: Unity.ILPP.Runner.PostProcessingPipeline[0]
      processors: Unity.Jobs.CodeGen.JobsILPostProcessor, zzzUnity.Burst.CodeGen.BurstILPostProcessor
info: Unity.ILPP.Runner.PostProcessingPipeline[0]
      processors: Unity.Jobs.CodeGen.JobsILPostProcessor, zzzUnity.Burst.CodeGen.BurstILPostProcessor
info: Unity.ILPP.Runner.PostProcessingPipeline[0]
      processors: Unity.Jobs.CodeGen.JobsILPostProcessor, zzzUnity.Burst.CodeGen.BurstILPostProcessor
info: Unity.ILPP.Runner.PostProcessingPipeline[0]
      processors: Unity.Jobs.CodeGen.JobsILPostProcessor, zzzUnity.Burst.CodeGen.BurstILPostProcessor
info: Microsoft.AspNetCore.Hosting.Diagnostics[1]
      Request starting HTTP/2 POST http://ilpp/UnityILPP.PostProcessing/PostProcessAssembly - application/grpc -
info: Microsoft.AspNetCore.Hosting.Diagnostics[1]
      Request starting HTTP/2 POST http://ilpp/UnityILPP.PostProcessing/PostProcessAssembly - application/grpc -
info: Microsoft.AspNetCore.Routing.EndpointMiddleware[0]
      Executing endpoint 'gRPC - /UnityILPP.PostProcessing/PostProcessAssembly'
info: Microsoft.AspNetCore.Routing.EndpointMiddleware[0]
      Executing endpoint 'gRPC - /UnityILPP.PostProcessing/PostProcessAssembly'
info: Unity.ILPP.Runner.PostProcessingPipeline[0]
      Processing assembly Library/Bee/artifacts/1300b0aE.dag/OrchardReach.Tests.Editor.dll, with 154 defines and 277 references
info: Unity.ILPP.Runner.PostProcessingPipeline[0]
      processors: Unity.Jobs.CodeGen.JobsILPostProcessor, zzzUnity.Burst.CodeGen.BurstILPostProcessor
info: Unity.ILPP.Runner.PostProcessingPipeline[0]
      Processing assembly Library/Bee/artifacts/1300b0aE.dag/OrchardReach.Runtime.dll, with 156 defines and 264 references
info: Unity.ILPP.Runner.PostProcessingPipeline[0]
      processors: Unity.Jobs.CodeGen.JobsILPostProcessor, zzzUnity.Burst.CodeGen.BurstILPostProcessor
info: Unity.ILPP.Runner.PostProcessingPipeline[0]
      running Unity.Jobs.CodeGen.JobsILPostProcessor
info: Unity.ILPP.Runner.PostProcessingPipeline[0]
      running Unity.Jobs.CodeGen.JobsILPostProcessor
info: Unity.ILPP.Runner.PostProcessingPipeline[0]
      running Unity.Jobs.CodeGen.JobsILPostProcessor
info: Unity.ILPP.Runner.PostProcessingPipeline[0]
      running Unity.Jobs.CodeGen.JobsILPostProcessor
info: Unity.ILPP.Runner.PostProcessingPipeline[0]
      running Unity.Jobs.CodeGen.JobsILPostProcessor
info: Unity.ILPP.Runner.PostProcessingPipeline[0]
      running Unity.Jobs.CodeGen.JobsILPostProcessor
info: Unity.ILPP.Runner.PostProcessingPipeline[0]
      running zzzUnity.Burst.CodeGen.BurstILPostProcessor
info: Unity.ILPP.Runner.PostProcessingPipeline[0]
      running zzzUnity.Burst.CodeGen.BurstILPostProcessor
info: Unity.ILPP.Runner.PostProcessingPipeline[0]
      running zzzUnity.Burst.CodeGen.BurstILPostProcessor
info: Unity.ILPP.Runner.PostProcessingPipeline[0]
      running zzzUnity.Burst.CodeGen.BurstILPostProcessor
info: Unity.ILPP.Runner.PostProcessingPipeline[0]
      running zzzUnity.Burst.CodeGen.BurstILPostProcessor
info: Unity.ILPP.Runner.PostProcessingPipeline[0]
      running zzzUnity.Burst.CodeGen.BurstILPostProcessor
info: Microsoft.AspNetCore.Routing.EndpointMiddleware[1]
      Executed endpoint 'gRPC - /UnityILPP.PostProcessing/PostProcessAssembly'
info: Microsoft.AspNetCore.Routing.EndpointMiddleware[1]
      Executed endpoint 'gRPC - /UnityILPP.PostProcessing/PostProcessAssembly'
info: Microsoft.AspNetCore.Routing.EndpointMiddleware[1]
      Executed endpoint 'gRPC - /UnityILPP.PostProcessing/PostProcessAssembly'
info: Microsoft.AspNetCore.Routing.EndpointMiddleware[1]
      Executed endpoint 'gRPC - /UnityILPP.PostProcessing/PostProcessAssembly'
info: Microsoft.AspNetCore.Routing.EndpointMiddleware[1]
      Executed endpoint 'gRPC - /UnityILPP.PostProcessing/PostProcessAssembly'
info: Microsoft.AspNetCore.Hosting.Diagnostics[2]
      Request finished HTTP/2 POST http://ilpp/UnityILPP.PostProcessing/PostProcessAssembly - 200 - application/grpc 31.9295ms
info: Microsoft.AspNetCore.Hosting.Diagnostics[2]
      Request finished HTTP/2 POST http://ilpp/UnityILPP.PostProcessing/PostProcessAssembly - 200 - application/grpc 32.8734ms
info: Microsoft.AspNetCore.Hosting.Diagnostics[2]
      Request finished HTTP/2 POST http://ilpp/UnityILPP.PostProcessing/PostProcessAssembly - 200 - application/grpc 31.8570ms
info: Microsoft.AspNetCore.Hosting.Diagnostics[2]
      Request finished HTTP/2 POST http://ilpp/UnityILPP.PostProcessing/PostProcessAssembly - 200 - application/grpc 31.9445ms
info: Microsoft.AspNetCore.Hosting.Diagnostics[2]
      Request finished HTTP/2 POST http://ilpp/UnityILPP.PostProcessing/PostProcessAssembly - 200 - application/grpc 17.4706ms
info: Microsoft.AspNetCore.Routing.EndpointMiddleware[1]
      Executed endpoint 'gRPC - /UnityILPP.PostProcessing/PostProcessAssembly'
info: Microsoft.AspNetCore.Hosting.Diagnostics[2]
      Request finished HTTP/2 POST http://ilpp/UnityILPP.PostProcessing/PostProcessAssembly - 200 - application/grpc 88.6127ms
info: Unity.ILPP.Runner.PostProcessingPipeline[0]
      running Unity.Jobs.CodeGen.JobsILPostProcessor
info: Unity.ILPP.Runner.PostProcessingPipeline[0]
      running zzzUnity.Burst.CodeGen.BurstILPostProcessor
info: Microsoft.AspNetCore.Routing.EndpointMiddleware[1]
      Executed endpoint 'gRPC - /UnityILPP.PostProcessing/PostProcessAssembly'
info: Microsoft.AspNetCore.Hosting.Diagnostics[2]
      Request finished HTTP/2 POST http://ilpp/UnityILPP.PostProcessing/PostProcessAssembly - 200 - application/grpc 198.2938ms
ExitCode: 0 Duration: 3s142ms
[1275/1730  0s] ILPP-Configuration Library/ilpp-configuration.nevergeneratedoutput
[1702/1730  2s] Csc Library/Bee/artifacts/1300b0aE.dag/OrchardReach.Runtime.dll (+2 others)
[1709/1730  0s] ILPostProcess Library/Bee/artifacts/1300b0aE.dag/post-processed/Shell.Tests.PlayMode.dll (+pdb)
Processing assembly Library/Bee/artifacts/1300b0aE.dag/Shell.Tests.PlayMode.dll, with 156 defines and 266 references

processors: Unity.Jobs.CodeGen.JobsILPostProcessor, zzzUnity.Burst.CodeGen.BurstILPostProcessor

running Unity.Jobs.CodeGen.JobsILPostProcessor

running zzzUnity.Burst.CodeGen.BurstILPostProcessor
[1710/1730  0s] ILPostProcess Library/Bee/artifacts/1300b0aE.dag/post-processed/Shell.Tests.Editor.dll (+pdb)
Processing assembly Library/Bee/artifacts/1300b0aE.dag/Shell.Tests.Editor.dll, with 154 defines and 277 references

processors: Unity.Jobs.CodeGen.JobsILPostProcessor, zzzUnity.Burst.CodeGen.BurstILPostProcessor

running Unity.Jobs.CodeGen.JobsILPostProcessor

running zzzUnity.Burst.CodeGen.BurstILPostProcessor
[1711/1730  0s] ILPostProcess Library/Bee/artifacts/1300b0aE.dag/post-processed/OrchardReach.Runtime.dll (+pdb)
Processing assembly Library/Bee/artifacts/1300b0aE.dag/OrchardReach.Runtime.dll, with 156 defines and 264 references

processors: Unity.Jobs.CodeGen.JobsILPostProcessor, zzzUnity.Burst.CodeGen.BurstILPostProcessor

running Unity.Jobs.CodeGen.JobsILPostProcessor

running zzzUnity.Burst.CodeGen.BurstILPostProcessor
[1712/1730  0s] ILPostProcess Library/Bee/artifacts/1300b0aE.dag/post-processed/Shell.Runtime.dll (+pdb)
Processing assembly Library/Bee/artifacts/1300b0aE.dag/Shell.Runtime.dll, with 157 defines and 267 references

processors: Unity.Jobs.CodeGen.JobsILPostProcessor, zzzUnity.Burst.CodeGen.BurstILPostProcessor

running Unity.Jobs.CodeGen.JobsILPostProcessor

running zzzUnity.Burst.CodeGen.BurstILPostProcessor
[1713/1730  0s] ILPostProcess Library/Bee/artifacts/1300b0aE.dag/post-processed/Shell.Editor.dll (+pdb)
Processing assembly Library/Bee/artifacts/1300b0aE.dag/Shell.Editor.dll, with 154 defines and 284 references

processors: Unity.Jobs.CodeGen.JobsILPostProcessor, zzzUnity.Burst.CodeGen.BurstILPostProcessor

running Unity.Jobs.CodeGen.JobsILPostProcessor

running zzzUnity.Burst.CodeGen.BurstILPostProcessor
[1714/1730  0s] ILPostProcess Library/Bee/artifacts/1300b0aE.dag/post-processed/OrchardReach.Tests.PlayMode.dll (+pdb)
Processing assembly Library/Bee/artifacts/1300b0aE.dag/OrchardReach.Tests.PlayMode.dll, with 156 defines and 266 references

processors: Unity.Jobs.CodeGen.JobsILPostProcessor, zzzUnity.Burst.CodeGen.BurstILPostProcessor

running Unity.Jobs.CodeGen.JobsILPostProcessor

running zzzUnity.Burst.CodeGen.BurstILPostProcessor
[1719/1730  0s] CopyFiles Library/ScriptAssemblies/OrchardReach.Runtime.pdb
[1722/1730  0s] CopyFiles Library/ScriptAssemblies/OrchardReach.Runtime.dll
[1724/1730  0s] ILPostProcess Library/Bee/artifacts/1300b0aE.dag/post-processed/OrchardReach.Tests.Editor.dll (+pdb)
Processing assembly Library/Bee/artifacts/1300b0aE.dag/OrchardReach.Tests.Editor.dll, with 154 defines and 277 references

processors: Unity.Jobs.CodeGen.JobsILPostProcessor, zzzUnity.Burst.CodeGen.BurstILPostProcessor

running Unity.Jobs.CodeGen.JobsILPostProcessor

running zzzUnity.Burst.CodeGen.BurstILPostProcessor
*** Tundra build success (3.05 seconds), 11 items updated, 1730 evaluated
AssetDatabase: script compilation time: 3.756411s
Begin MonoManager ReloadAssembly
Assembly Assembly-CSharp-Editor-firstpass.dll at Library/ScriptAssemblies/Assembly-CSharp-Editor-firstpass.dll not valid. Loading of assembly skipped.
Assembly Assembly-CSharp-Editor.dll at Library/ScriptAssemblies/Assembly-CSharp-Editor.dll not valid. Loading of assembly skipped.
Assembly Assembly-CSharp-firstpass.dll at Library/ScriptAssemblies/Assembly-CSharp-firstpass.dll not valid. Loading of assembly skipped.
Assembly Assembly-CSharp.dll at Library/ScriptAssemblies/Assembly-CSharp.dll not valid. Loading of assembly skipped.
Assembly Meta.XR.Editor.Reflection.Tests.dll at Library/ScriptAssemblies/Meta.XR.Editor.Reflection.Tests.dll not valid. Loading of assembly skipped.
Assembly meta.xr.hand.readiness.tests.editmode.dll at Library/ScriptAssemblies/meta.xr.hand.readiness.tests.editmode.dll not valid. Loading of assembly skipped.
Assembly Meta.XR.Input.Editor.Tests.dll at Library/ScriptAssemblies/Meta.XR.Input.Editor.Tests.dll not valid. Loading of assembly skipped.
Assembly Meta.XR.MultiplayerBlocks.Fusion.dll at Library/ScriptAssemblies/Meta.XR.MultiplayerBlocks.Fusion.dll not valid. Loading of assembly skipped.
Assembly Meta.XR.MultiplayerBlocks.NGO.dll at Library/ScriptAssemblies/Meta.XR.MultiplayerBlocks.NGO.dll not valid. Loading of assembly skipped.
Assembly Opus.Sdk.Editor.dll at Library/ScriptAssemblies/Opus.Sdk.Editor.dll not valid. Loading of assembly skipped.
Assembly TestNewCustomAssembly.dll at Library/ScriptAssemblies/TestNewCustomAssembly.dll not valid. Loading of assembly skipped.
Assembly Unity.Addressables.Editor.Tests.dll at Library/ScriptAssemblies/Unity.Addressables.Editor.Tests.dll not valid. Loading of assembly skipped.
Assembly Unity.Addressables.Tests.dll at Library/ScriptAssemblies/Unity.Addressables.Tests.dll not valid. Loading of assembly skipped.
Assembly Unity.Collections.BurstCompatibilityGen.dll at Library/ScriptAssemblies/Unity.Collections.BurstCompatibilityGen.dll not valid. Loading of assembly skipped.
Assembly Unity.Collections.DocCodeSamples.dll at Library/ScriptAssemblies/Unity.Collections.DocCodeSamples.dll not valid. Loading of assembly skipped.
Assembly Unity.Collections.PerformanceTests.dll at Library/ScriptAssemblies/Unity.Collections.PerformanceTests.dll not valid. Loading of assembly skipped.
Assembly Unity.Collections.Tests.dll at Library/ScriptAssemblies/Unity.Collections.Tests.dll not valid. Loading of assembly skipped.
Assembly Unity.Collections.Tests.Playmode.dll at Library/ScriptAssemblies/Unity.Collections.Tests.Playmode.dll not valid. Loading of assembly skipped.
Assembly Unity.InputSystem.IntegrationTests.dll at Library/ScriptAssemblies/Unity.InputSystem.IntegrationTests.dll not valid. Loading of assembly skipped.
Assembly Unity.Mathematics.Tests.dll at Library/ScriptAssemblies/Unity.Mathematics.Tests.dll not valid. Loading of assembly skipped.
Assembly Unity.Multiplayer.Center.Editor.Tests.dll at Library/ScriptAssemblies/Unity.Multiplayer.Center.Editor.Tests.dll not valid. Loading of assembly skipped.
Assembly Unity.Multiplayer.Center.Tests.dll at Library/ScriptAssemblies/Unity.Multiplayer.Center.Tests.dll not valid. Loading of assembly skipped.
Assembly Unity.Nuget.Mono-Cecil.dll at Library/ScriptAssemblies/Unity.Nuget.Mono-Cecil.dll not valid. Loading of assembly skipped.
Assembly Unity.PathTracing.Editor.Tests.dll at Library/ScriptAssemblies/Unity.PathTracing.Editor.Tests.dll not valid. Loading of assembly skipped.
Assembly Unity.PathTracing.Runtime.Tests.dll at Library/ScriptAssemblies/Unity.PathTracing.Runtime.Tests.dll not valid. Loading of assembly skipped.
Assembly Unity.RenderPipelines.Core.Editor.Tests.dll at Library/ScriptAssemblies/Unity.RenderPipelines.Core.Editor.Tests.dll not valid. Loading of assembly skipped.
Assembly Unity.RenderPipelines.Core.Runtime.Tests.dll at Library/ScriptAssemblies/Unity.RenderPipelines.Core.Runtime.Tests.dll not valid. Loading of assembly skipped.
Assembly Unity.RenderPipelines.Universal.Config.Editor.Tests.dll at Library/ScriptAssemblies/Unity.RenderPipelines.Universal.Config.Editor.Tests.dll not valid. Loading of assembly skipped.
Assembly Unity.RenderPipelines.Universal.Editor.Tests.dll at Library/ScriptAssemblies/Unity.RenderPipelines.Universal.Editor.Tests.dll not valid. Loading of assembly skipped.
Assembly Unity.RenderPipelines.Universal.Runtime.Tests.dll at Library/ScriptAssemblies/Unity.RenderPipelines.Universal.Runtime.Tests.dll not valid. Loading of assembly skipped.
Assembly Unity.ResourceManager.Tests.dll at Library/ScriptAssemblies/Unity.ResourceManager.Tests.dll not valid. Loading of assembly skipped.
Assembly Unity.ScriptableBuildPipeline.Editor.Tests.dll at Library/ScriptAssemblies/Unity.ScriptableBuildPipeline.Editor.Tests.dll not valid. Loading of assembly skipped.
Assembly Unity.ScriptableBuildPipeline.Tests.dll at Library/ScriptAssemblies/Unity.ScriptableBuildPipeline.Tests.dll not valid. Loading of assembly skipped.
Assembly Unity.ScriptableBuildPipelineTests.Runtime.Tests.dll at Library/ScriptAssemblies/Unity.ScriptableBuildPipelineTests.Runtime.Tests.dll not valid. Loading of assembly skipped.
Assembly Unity.Searcher.EditorTests.dll at Library/ScriptAssemblies/Unity.Searcher.EditorTests.dll not valid. Loading of assembly skipped.
Assembly Unity.ShaderGraph.Editor.Tests.dll at Library/ScriptAssemblies/Unity.ShaderGraph.Editor.Tests.dll not valid. Loading of assembly skipped.
Assembly Unity.TextMeshPro.Editor.Tests.dll at Library/ScriptAssemblies/Unity.TextMeshPro.Editor.Tests.dll not valid. Loading of assembly skipped.
Assembly Unity.TextMeshPro.Tests.dll at Library/ScriptAssemblies/Unity.TextMeshPro.Tests.dll not valid. Loading of assembly skipped.
Assembly Unity.UnifiedRayTracing.Editor.Tests.dll at Library/ScriptAssemblies/Unity.UnifiedRayTracing.Editor.Tests.dll not valid. Loading of assembly skipped.
Assembly Unity.XR.CoreUtils.CodeSamples.Tests.dll at Library/ScriptAssemblies/Unity.XR.CoreUtils.CodeSamples.Tests.dll not valid. Loading of assembly skipped.
Assembly Unity.XR.CoreUtils.Editor.Tests.dll at Library/ScriptAssemblies/Unity.XR.CoreUtils.Editor.Tests.dll not valid. Loading of assembly skipped.
Assembly Unity.XR.CoreUtils.Tests.dll at Library/ScriptAssemblies/Unity.XR.CoreUtils.Tests.dll not valid. Loading of assembly skipped.
Assembly Unity.XR.Hands.Editor.Tests.dll at Library/ScriptAssemblies/Unity.XR.Hands.Editor.Tests.dll not valid. Loading of assembly skipped.
Assembly Unity.XR.Hands.Tests.dll at Library/ScriptAssemblies/Unity.XR.Hands.Tests.dll not valid. Loading of assembly skipped.
Assembly Unity.XR.Management.EditorTests.dll at Library/ScriptAssemblies/Unity.XR.Management.EditorTests.dll not valid. Loading of assembly skipped.
Assembly Unity.XR.Management.TestPackage.dll at Library/ScriptAssemblies/Unity.XR.Management.TestPackage.dll not valid. Loading of assembly skipped.
Assembly Unity.XR.Management.TestPackage.Editor.dll at Library/ScriptAssemblies/Unity.XR.Management.TestPackage.Editor.dll not valid. Loading of assembly skipped.
Assembly Unity.XR.Management.Tests.dll at Library/ScriptAssemblies/Unity.XR.Management.Tests.dll not valid. Loading of assembly skipped.
Assembly Unity.XR.Management.Tests.Standalone.dll at Library/ScriptAssemblies/Unity.XR.Management.Tests.Standalone.dll not valid. Loading of assembly skipped.
Assembly Unity.XR.OpenXR.Editor.Tests.dll at Library/ScriptAssemblies/Unity.XR.OpenXR.Editor.Tests.dll not valid. Loading of assembly skipped.
Assembly Unity.XR.OpenXR.Tests.dll at Library/ScriptAssemblies/Unity.XR.OpenXR.Tests.dll not valid. Loading of assembly skipped.
Assembly Unity.XR.OpenXR.Ubuntu.Tests.dll at Library/ScriptAssemblies/Unity.XR.OpenXR.Ubuntu.Tests.dll not valid. Loading of assembly skipped.
Assembly Unity.XR.TestSupport.dll at Library/ScriptAssemblies/Unity.XR.TestSupport.dll not valid. Loading of assembly skipped.
Assembly UnityEditor.UI.Common.Tests.dll at Library/ScriptAssemblies/UnityEditor.UI.Common.Tests.dll not valid. Loading of assembly skipped.
Assembly UnityEditor.UI.EditorTests.dll at Library/ScriptAssemblies/UnityEditor.UI.EditorTests.dll not valid. Loading of assembly skipped.
Assembly UnityEditor.XR.LegacyInputHelpers.Tests.dll at Library/ScriptAssemblies/UnityEditor.XR.LegacyInputHelpers.Tests.dll not valid. Loading of assembly skipped.
Assembly UnityEngine.SpatialTracking.Tests.dll at Library/ScriptAssemblies/UnityEngine.SpatialTracking.Tests.dll not valid. Loading of assembly skipped.
Assembly UnityEngine.UI.Tests.dll at Library/ScriptAssemblies/UnityEngine.UI.Tests.dll not valid. Loading of assembly skipped.
Assembly UnityEngine.XR.OpenXR.CodeSamples.Editor.Tests.dll at Library/ScriptAssemblies/UnityEngine.XR.OpenXR.CodeSamples.Editor.Tests.dll not valid. Loading of assembly skipped.
Symbol file LoadedFromMemory is not a mono symbol file
Script 'CharacterController' has the same name as built-in Unity component.
AddComponent and GetComponent will not work with this script.
'Packages/com.meta.xr.sdk.core/Editor/BuildingBlocks/BlocksWindowDetailsExtension.cs' contains partial class of Unity.Object, exactly 1 of the partial classes needs to be in a file with the same filename. This is to know the one that can be referenced from ie. GameObjects
'Packages/com.meta.xr.sdk.core/Editor/RuntimeOptimizer/RuntimeOptimizer.cs' contains partial class of Unity.Object, exactly 1 of the partial classes needs to be in a file with the same filename. This is to know the one that can be referenced from ie. GameObjects
'Packages/com.meta.xr.sdk.core/Editor/BuildingBlocks/BlocksWindow.cs' contains partial class of Unity.Object, exactly 1 of the partial classes needs to be in a file with the same filename. This is to know the one that can be referenced from ie. GameObjects
'Packages/com.meta.xr.sdk.core/Editor/BuildingBlocks/BlocksWindowCollectionsPageExtension.cs' contains partial class of Unity.Object, exactly 1 of the partial classes needs to be in a file with the same filename. This is to know the one that can be referenced from ie. GameObjects
'Packages/com.meta.xr.sdk.core/Editor/RuntimeOptimizer/RuntimeOptimizerNetworking.cs' contains partial class of Unity.Object, exactly 1 of the partial classes needs to be in a file with the same filename. This is to know the one that can be referenced from ie. GameObjects
'Packages/com.meta.xr.sdk.core/Editor/RuntimeOptimizer/RuntimeOptimizerStyles.cs' contains partial class of Unity.Object, exactly 1 of the partial classes needs to be in a file with the same filename. This is to know the one that can be referenced from ie. GameObjects
Refreshing native plugins compatible for Editor in 13.98 ms, found 12 plugins.
Native extension for Android target not found
Native extension for WindowsStandalone target not found
Refreshing native plugins compatible for Editor in 14.46 ms, found 12 plugins.
I0919 00:38:05.628608 26600 OVRTelemetry.cpp:57] Telemetry_Init: calling startSession with engineName=Unity, pluginVersion=1.205.0
* daemon not running; starting now at tcp:5037
* daemon started successfully
I0919 00:38:08.083289 26600 OVRTelemetry.cpp:61] Telemetry_Init: startSession completed successfully
I0919 00:38:08.394228 26600 OVRTelemetry.cpp:57] Telemetry_Init: calling startSession with engineName=Unity, pluginVersion=1.204.0
* daemon not running; starting now at tcp:5037
* daemon started successfully
I0919 00:38:10.724813 26600 OVRTelemetry.cpp:61] Telemetry_Init: startSession completed successfully
ScheduleIndexationOnStartup MainProcess:True IndexOnStartup:True
Mono: successfully reloaded assembly
- Finished resetting the current domain, in  9.731 seconds
Domain Reload Profiling: 10945ms
	BeginReloadAssembly (365ms)
		DisableScriptedObjects (29ms)
		CreateAndSetChildDomain (141ms)
	RebuildCommonClasses (43ms)
	RebuildNativeTypeToScriptingClass (15ms)
	initialDomainReloadingComplete (128ms)
	LoadAllAssembliesAndSetupDomain (663ms)
		LoadAssemblies (483ms)
		AnalyzeDomain (306ms)
			TypeCache.Refresh (201ms)
				TypeCache.ScanAssembly (181ms)
			BuildScriptInfoCaches (80ms)
			ResolveRequiredComponents (22ms)
	FinalizeReload (9732ms)
		SetupLoadedEditorAssemblies (0ms)
			InitializePlatformSupportModulesInManaged (41ms)
			BeforeProcessingInitializeOnLoad (230ms)
			ProcessInitializeOnLoadAttributes (8914ms)
			ProcessInitializeOnLoadMethodAttributes (160ms)
			AfterProcessingInitializeOnLoad (9ms)
		AwakeInstancesAfterBackupRestoration (28ms)
[HttpMcpServer] Started on port 48736
UnityEngine.Debug:ExtractStackTraceNoAlloc (byte*,int,string)
UnityEngine.StackTraceUtility:ExtractStackTrace ()
UnityEngine.DebugLogHandler:Internal_Log (UnityEngine.LogType,UnityEngine.LogOption,string,UnityEngine.Object)
UnityEngine.DebugLogHandler:LogFormat (UnityEngine.LogType,UnityEngine.Object,string,object[])
UnityEngine.Logger:Log (UnityEngine.LogType,object)
UnityEngine.Debug:Log (object)
Meta.MCPBridge.Editor.HttpMcpServer:Start (int,System.Action) (at ./Library/PackageCache/com.meta.xr.sdk.core@4ea2676097b9/Editor/MCPBridge/HttpMcpServer.cs:189)
Meta.MCPBridge.Editor.HttpMcpServer:StartMcpBridgeServer () (at ./Library/PackageCache/com.meta.xr.sdk.core@4ea2676097b9/Editor/MCPBridge/HttpMcpServer.cs:127)
Meta.MCPBridge.Editor.HttpMcpServer:StartIfEnabled () (at ./Library/PackageCache/com.meta.xr.sdk.core@4ea2676097b9/Editor/MCPBridge/HttpMcpServer.cs:109)
Meta.MCPBridge.Editor.HttpMcpServer/<>c:<InitializeOnLoad>b__18_3 () (at ./Library/PackageCache/com.meta.xr.sdk.core@4ea2676097b9/Editor/MCPBridge/HttpMcpServer.cs:89)
Meta.XR.Editor.Callbacks.InitializeOnLoad:OnAllAssetsPostProcessed () (at ./Library/PackageCache/com.meta.xr.sdk.core@4ea2676097b9/Editor/Utils/EditorCallbacks/InitializeOnLoad.cs:46)
Meta.XR.Editor.Callbacks.AssetPostProcessor:OnPostprocessAllAssets (string[],string[],string[],string[],bool) (at ./Library/PackageCache/com.meta.xr.sdk.core@4ea2676097b9/Editor/Utils/EditorCallbacks/AssetPostProcessor.cs:32)
System.Reflection.RuntimeMethodInfo:Invoke (object,System.Reflection.BindingFlags,System.Reflection.Binder,object[],System.Globalization.CultureInfo)
System.Reflection.MethodBase:Invoke (object,object[])
UnityEditor.AssetPostprocessingInternal:InvokeMethod (System.Reflection.MethodInfo,object[])
UnityEditor.AssetPostprocessingInternal:PostprocessAllAssets (string[],string[],string[],string[],string[],bool)

(Filename: ./Library/PackageCache/com.meta.xr.sdk.core@4ea2676097b9/Editor/MCPBridge/HttpMcpServer.cs Line: 189)

[LocalExecutor] Discovered 16 tools: DebugLog, DiagnosticTools, IGetResourcesService, IReflectionService, SceneObjectsTools, ToolHelp, CodeAnalysisTools, CompilationTools, DesignTokenResource, InteractionTestingTools, TestRunnerTools, UIVerificationTools, BuildingBlocksTools, UPSTTools, DrawingTools, ImmersiveDebuggerTools
UnityEngine.Debug:ExtractStackTraceNoAlloc (byte*,int,string)
UnityEngine.StackTraceUtility:ExtractStackTrace ()
UnityEngine.DebugLogHandler:Internal_Log (UnityEngine.LogType,UnityEngine.LogOption,string,UnityEngine.Object)
UnityEngine.DebugLogHandler:LogFormat (UnityEngine.LogType,UnityEngine.Object,string,object[])
UnityEngine.Logger:Log (UnityEngine.LogType,object)
UnityEngine.Debug:Log (object)
Meta.MCPBridge.LocalExecutor:EnsureInitialized () (at ./Library/PackageCache/com.meta.xr.sdk.core@4ea2676097b9/Scripts/MCPBridge/LocalExecutor.cs:123)
Meta.MCPBridge.Editor.LocalToolProvider:Register () (at ./Library/PackageCache/com.meta.xr.sdk.core@4ea2676097b9/Editor/MCPBridge/LocalToolProvider.cs:66)
Meta.MCPBridge.Editor.HttpMcpServer/<>c:<StartMcpBridgeServer>b__21_0 () (at ./Library/PackageCache/com.meta.xr.sdk.core@4ea2676097b9/Editor/MCPBridge/HttpMcpServer.cs:129)
Meta.MCPBridge.Editor.HttpMcpServer:Start (int,System.Action) (at ./Library/PackageCache/com.meta.xr.sdk.core@4ea2676097b9/Editor/MCPBridge/HttpMcpServer.cs:203)
Meta.MCPBridge.Editor.HttpMcpServer:StartMcpBridgeServer () (at ./Library/PackageCache/com.meta.xr.sdk.core@4ea2676097b9/Editor/MCPBridge/HttpMcpServer.cs:127)
Meta.MCPBridge.Editor.HttpMcpServer:StartIfEnabled () (at ./Library/PackageCache/com.meta.xr.sdk.core@4ea2676097b9/Editor/MCPBridge/HttpMcpServer.cs:109)
Meta.MCPBridge.Editor.HttpMcpServer/<>c:<InitializeOnLoad>b__18_3 () (at ./Library/PackageCache/com.meta.xr.sdk.core@4ea2676097b9/Editor/MCPBridge/HttpMcpServer.cs:89)
Meta.XR.Editor.Callbacks.InitializeOnLoad:OnAllAssetsPostProcessed () (at ./Library/PackageCache/com.meta.xr.sdk.core@4ea2676097b9/Editor/Utils/EditorCallbacks/InitializeOnLoad.cs:46)
Meta.XR.Editor.Callbacks.AssetPostProcessor:OnPostprocessAllAssets (string[],string[],string[],string[],bool) (at ./Library/PackageCache/com.meta.xr.sdk.core@4ea2676097b9/Editor/Utils/EditorCallbacks/AssetPostProcessor.cs:32)
System.Reflection.RuntimeMethodInfo:Invoke (object,System.Reflection.BindingFlags,System.Reflection.Binder,object[],System.Globalization.CultureInfo)
System.Reflection.MethodBase:Invoke (object,object[])
UnityEditor.AssetPostprocessingInternal:InvokeMethod (System.Reflection.MethodInfo,object[])
UnityEditor.AssetPostprocessingInternal:PostprocessAllAssets (string[],string[],string[],string[],string[],bool)

(Filename: ./Library/PackageCache/com.meta.xr.sdk.core@4ea2676097b9/Scripts/MCPBridge/LocalExecutor.cs Line: 123)

[ToolProviderManager] Provider registered: local-unity-editor
UnityEngine.Debug:ExtractStackTraceNoAlloc (byte*,int,string)
UnityEngine.StackTraceUtility:ExtractStackTrace ()
UnityEngine.DebugLogHandler:Internal_Log (UnityEngine.LogType,UnityEngine.LogOption,string,UnityEngine.Object)
UnityEngine.DebugLogHandler:LogFormat (UnityEngine.LogType,UnityEngine.Object,string,object[])
UnityEngine.Logger:Log (UnityEngine.LogType,object)
UnityEngine.Debug:Log (object)
Meta.MCPBridge.Editor.ToolProviderManager:RegisterProvider (string,System.IO.StreamWriter) (at ./Library/PackageCache/com.meta.xr.sdk.core@4ea2676097b9/Editor/MCPBridge/ToolProviderManager.cs:92)
Meta.MCPBridge.Editor.LocalToolProvider:Register () (at ./Library/PackageCache/com.meta.xr.sdk.core@4ea2676097b9/Editor/MCPBridge/LocalToolProvider.cs:73)
Meta.MCPBridge.Editor.HttpMcpServer/<>c:<StartMcpBridgeServer>b__21_0 () (at ./Library/PackageCache/com.meta.xr.sdk.core@4ea2676097b9/Editor/MCPBridge/HttpMcpServer.cs:129)
Meta.MCPBridge.Editor.HttpMcpServer:Start (int,System.Action) (at ./Library/PackageCache/com.meta.xr.sdk.core@4ea2676097b9/Editor/MCPBridge/HttpMcpServer.cs:203)
Meta.MCPBridge.Editor.HttpMcpServer:StartMcpBridgeServer () (at ./Library/PackageCache/com.meta.xr.sdk.core@4ea2676097b9/Editor/MCPBridge/HttpMcpServer.cs:127)
Meta.MCPBridge.Editor.HttpMcpServer:StartIfEnabled () (at ./Library/PackageCache/com.meta.xr.sdk.core@4ea2676097b9/Editor/MCPBridge/HttpMcpServer.cs:109)
Meta.MCPBridge.Editor.HttpMcpServer/<>c:<InitializeOnLoad>b__18_3 () (at ./Library/PackageCache/com.meta.xr.sdk.core@4ea2676097b9/Editor/MCPBridge/HttpMcpServer.cs:89)
Meta.XR.Editor.Callbacks.InitializeOnLoad:OnAllAssetsPostProcessed () (at ./Library/PackageCache/com.meta.xr.sdk.core@4ea2676097b9/Editor/Utils/EditorCallbacks/InitializeOnLoad.cs:46)
Meta.XR.Editor.Callbacks.AssetPostProcessor:OnPostprocessAllAssets (string[],string[],string[],string[],bool) (at ./Library/PackageCache/com.meta.xr.sdk.core@4ea2676097b9/Editor/Utils/EditorCallbacks/AssetPostProcessor.cs:32)
System.Reflection.RuntimeMethodInfo:Invoke (object,System.Reflection.BindingFlags,System.Reflection.Binder,object[],System.Globalization.CultureInfo)
System.Reflection.MethodBase:Invoke (object,object[])
UnityEditor.AssetPostprocessingInternal:InvokeMethod (System.Reflection.MethodInfo,object[])
UnityEditor.AssetPostprocessingInternal:PostprocessAllAssets (string[],string[],string[],string[],string[],bool)

(Filename: ./Library/PackageCache/com.meta.xr.sdk.core@4ea2676097b9/Editor/MCPBridge/ToolProviderManager.cs Line: 92)

[ConnectedToolProvider] Capabilities registered for local-unity-editor: 16 tools, 1 resources, 0 prompts
UnityEngine.Debug:ExtractStackTraceNoAlloc (byte*,int,string)
UnityEngine.StackTraceUtility:ExtractStackTrace ()
UnityEngine.DebugLogHandler:Internal_Log (UnityEngine.LogType,UnityEngine.LogOption,string,UnityEngine.Object)
UnityEngine.DebugLogHandler:LogFormat (UnityEngine.LogType,UnityEngine.Object,string,object[])
UnityEngine.Logger:Log (UnityEngine.LogType,object)
UnityEngine.Debug:Log (object)
Meta.MCPBridge.Editor.ConnectedToolProvider:SetCapabilities (Meta.MCPBridge.ProviderCapabilities) (at ./Library/PackageCache/com.meta.xr.sdk.core@4ea2676097b9/Editor/MCPBridge/ToolProviderManager.cs:533)
Meta.MCPBridge.Editor.LocalToolProvider:Register () (at ./Library/PackageCache/com.meta.xr.sdk.core@4ea2676097b9/Editor/MCPBridge/LocalToolProvider.cs:74)
Meta.MCPBridge.Editor.HttpMcpServer/<>c:<StartMcpBridgeServer>b__21_0 () (at ./Library/PackageCache/com.meta.xr.sdk.core@4ea2676097b9/Editor/MCPBridge/HttpMcpServer.cs:129)
Meta.MCPBridge.Editor.HttpMcpServer:Start (int,System.Action) (at ./Library/PackageCache/com.meta.xr.sdk.core@4ea2676097b9/Editor/MCPBridge/HttpMcpServer.cs:203)
Meta.MCPBridge.Editor.HttpMcpServer:StartMcpBridgeServer () (at ./Library/PackageCache/com.meta.xr.sdk.core@4ea2676097b9/Editor/MCPBridge/HttpMcpServer.cs:127)
Meta.MCPBridge.Editor.HttpMcpServer:StartIfEnabled () (at ./Library/PackageCache/com.meta.xr.sdk.core@4ea2676097b9/Editor/MCPBridge/HttpMcpServer.cs:109)
Meta.MCPBridge.Editor.HttpMcpServer/<>c:<InitializeOnLoad>b__18_3 () (at ./Library/PackageCache/com.meta.xr.sdk.core@4ea2676097b9/Editor/MCPBridge/HttpMcpServer.cs:89)
Meta.XR.Editor.Callbacks.InitializeOnLoad:OnAllAssetsPostProcessed () (at ./Library/PackageCache/com.meta.xr.sdk.core@4ea2676097b9/Editor/Utils/EditorCallbacks/InitializeOnLoad.cs:46)
Meta.XR.Editor.Callbacks.AssetPostProcessor:OnPostprocessAllAssets (string[],string[],string[],string[],bool) (at ./Library/PackageCache/com.meta.xr.sdk.core@4ea2676097b9/Editor/Utils/EditorCallbacks/AssetPostProcessor.cs:32)
System.Reflection.RuntimeMethodInfo:Invoke (object,System.Reflection.BindingFlags,System.Reflection.Binder,object[],System.Globalization.CultureInfo)
System.Reflection.MethodBase:Invoke (object,object[])
UnityEditor.AssetPostprocessingInternal:InvokeMethod (System.Reflection.MethodInfo,object[])
UnityEditor.AssetPostprocessingInternal:PostprocessAllAssets (string[],string[],string[],string[],string[],bool)

(Filename: ./Library/PackageCache/com.meta.xr.sdk.core@4ea2676097b9/Editor/MCPBridge/ToolProviderManager.cs Line: 533)

[LocalToolProvider] Registered with 16 tools, 1 resources, 0 prompts
UnityEngine.Debug:ExtractStackTraceNoAlloc (byte*,int,string)
UnityEngine.StackTraceUtility:ExtractStackTrace ()
UnityEngine.DebugLogHandler:Internal_Log (UnityEngine.LogType,UnityEngine.LogOption,string,UnityEngine.Object)
UnityEngine.DebugLogHandler:LogFormat (UnityEngine.LogType,UnityEngine.Object,string,object[])
UnityEngine.Logger:Log (UnityEngine.LogType,object)
UnityEngine.Debug:Log (object)
Meta.MCPBridge.Editor.LocalToolProvider:Register () (at ./Library/PackageCache/com.meta.xr.sdk.core@4ea2676097b9/Editor/MCPBridge/LocalToolProvider.cs:78)
Meta.MCPBridge.Editor.HttpMcpServer/<>c:<StartMcpBridgeServer>b__21_0 () (at ./Library/PackageCache/com.meta.xr.sdk.core@4ea2676097b9/Editor/MCPBridge/HttpMcpServer.cs:129)
Meta.MCPBridge.Editor.HttpMcpServer:Start (int,System.Action) (at ./Library/PackageCache/com.meta.xr.sdk.core@4ea2676097b9/Editor/MCPBridge/HttpMcpServer.cs:203)
Meta.MCPBridge.Editor.HttpMcpServer:StartMcpBridgeServer () (at ./Library/PackageCache/com.meta.xr.sdk.core@4ea2676097b9/Editor/MCPBridge/HttpMcpServer.cs:127)
Meta.MCPBridge.Editor.HttpMcpServer:StartIfEnabled () (at ./Library/PackageCache/com.meta.xr.sdk.core@4ea2676097b9/Editor/MCPBridge/HttpMcpServer.cs:109)
Meta.MCPBridge.Editor.HttpMcpServer/<>c:<InitializeOnLoad>b__18_3 () (at ./Library/PackageCache/com.meta.xr.sdk.core@4ea2676097b9/Editor/MCPBridge/HttpMcpServer.cs:89)
Meta.XR.Editor.Callbacks.InitializeOnLoad:OnAllAssetsPostProcessed () (at ./Library/PackageCache/com.meta.xr.sdk.core@4ea2676097b9/Editor/Utils/EditorCallbacks/InitializeOnLoad.cs:46)
Meta.XR.Editor.Callbacks.AssetPostProcessor:OnPostprocessAllAssets (string[],string[],string[],string[],bool) (at ./Library/PackageCache/com.meta.xr.sdk.core@4ea2676097b9/Editor/Utils/EditorCallbacks/AssetPostProcessor.cs:32)
System.Reflection.RuntimeMethodInfo:Invoke (object,System.Reflection.BindingFlags,System.Reflection.Binder,object[],System.Globalization.CultureInfo)
System.Reflection.MethodBase:Invoke (object,object[])
UnityEditor.AssetPostprocessingInternal:InvokeMethod (System.Reflection.MethodInfo,object[])
UnityEditor.AssetPostprocessingInternal:PostprocessAllAssets (string[],string[],string[],string[],string[],bool)

(Filename: ./Library/PackageCache/com.meta.xr.sdk.core@4ea2676097b9/Editor/MCPBridge/LocalToolProvider.cs Line: 78)

[MCPBridge] Discovery file written to C:\Users\GARVBA~1\AppData\Local\Temp\mcpbridge_1d15ecad.info
UnityEngine.Debug:ExtractStackTraceNoAlloc (byte*,int,string)
UnityEngine.StackTraceUtility:ExtractStackTrace ()
UnityEngine.DebugLogHandler:Internal_Log (UnityEngine.LogType,UnityEngine.LogOption,string,UnityEngine.Object)
UnityEngine.DebugLogHandler:LogFormat (UnityEngine.LogType,UnityEngine.Object,string,object[])
UnityEngine.Logger:Log (UnityEngine.LogType,object)
UnityEngine.Debug:Log (object)
Meta.MCPBridge.Editor.ExternalDiscovery:WriteDiscoveryFiles () (at ./Library/PackageCache/com.meta.xr.sdk.core@4ea2676097b9/Editor/MCPBridge/ExternalDiscovery.cs:65)
Meta.MCPBridge.Editor.HttpMcpServer/<>c:<StartMcpBridgeServer>b__21_0 () (at ./Library/PackageCache/com.meta.xr.sdk.core@4ea2676097b9/Editor/MCPBridge/HttpMcpServer.cs:130)
Meta.MCPBridge.Editor.HttpMcpServer:Start (int,System.Action) (at ./Library/PackageCache/com.meta.xr.sdk.core@4ea2676097b9/Editor/MCPBridge/HttpMcpServer.cs:203)
Meta.MCPBridge.Editor.HttpMcpServer:StartMcpBridgeServer () (at ./Library/PackageCache/com.meta.xr.sdk.core@4ea2676097b9/Editor/MCPBridge/HttpMcpServer.cs:127)
Meta.MCPBridge.Editor.HttpMcpServer:StartIfEnabled () (at ./Library/PackageCache/com.meta.xr.sdk.core@4ea2676097b9/Editor/MCPBridge/HttpMcpServer.cs:109)
Meta.MCPBridge.Editor.HttpMcpServer/<>c:<InitializeOnLoad>b__18_3 () (at ./Library/PackageCache/com.meta.xr.sdk.core@4ea2676097b9/Editor/MCPBridge/HttpMcpServer.cs:89)
Meta.XR.Editor.Callbacks.InitializeOnLoad:OnAllAssetsPostProcessed () (at ./Library/PackageCache/com.meta.xr.sdk.core@4ea2676097b9/Editor/Utils/EditorCallbacks/InitializeOnLoad.cs:46)
Meta.XR.Editor.Callbacks.AssetPostProcessor:OnPostprocessAllAssets (string[],string[],string[],string[],bool) (at ./Library/PackageCache/com.meta.xr.sdk.core@4ea2676097b9/Editor/Utils/EditorCallbacks/AssetPostProcessor.cs:32)
System.Reflection.RuntimeMethodInfo:Invoke (object,System.Reflection.BindingFlags,System.Reflection.Binder,object[],System.Globalization.CultureInfo)
System.Reflection.MethodBase:Invoke (object,object[])
UnityEditor.AssetPostprocessingInternal:InvokeMethod (System.Reflection.MethodInfo,object[])
UnityEditor.AssetPostprocessingInternal:PostprocessAllAssets (string[],string[],string[],string[],string[],bool)

(Filename: ./Library/PackageCache/com.meta.xr.sdk.core@4ea2676097b9/Editor/MCPBridge/ExternalDiscovery.cs Line: 65)

Refreshing native plugins compatible for Editor in 17.60 ms, found 12 plugins.
(Values over 0.050ms)
Asset Pipeline Refresh (id=ff0ad7c10ab162e468c7e15174439aa9): Total: 18.858 seconds - Initiated by InitialRefreshV2(ForceSynchronousImport)
	Summary:
		Imports: total=0 (actual=0, local cache=0, cache server=0)
		Asset DB Process Time: managed=0 ms, native=10733 ms
		Asset DB Callback time: managed=2949 ms, native=96 ms
		Scripting: domain reloads=1, domain reload time=1225 ms, compile time=3759 ms, other=93 ms
		Project Asset Count: scripts=2187, non-scripts=3853
		Asset File Changes: new=0, changed=1, moved=0, deleted=0
		Scan Filter Count: 0
	InvokePackagesCallback: 59.965ms
	ApplyChangesToAssetFolders: 1.927ms
	Scan: 303.077ms
	OnSourceAssetsModified: 0.960ms
	CategorizeScriptCompilationAssets: 108.332ms
	ProcessAssetsWithTransientArtifactChanges: 111.554ms
	CategorizeAssets: 127.547ms
	CompileScripts: 3758.578ms
	ImportOutOfDateAssets: 9786.593ms (9775.874ms without children)
		ReloadNativeAssets: 0.084ms
		UnloadImportedAssets: 4.990ms
		EnsureUptoDateAssetsAreRegisteredWithGuidPM: 2.681ms
		OnDemandSchedulerStart: 2.948ms
	PostProcessAllAssets: 2968.158ms
		XRBuildSystem.XRAssetImported 7.977ms
		VCAutoAddAssetPostprocess 4.730ms
		ShaderAssetModifiedCallback 1.707ms
		PostProcessCallbackCreateDeferredMaterials 1.299ms
		WindowTitlePostprocess 0.292ms
		MonoPostProcessAllAssets: 2949.040ms
			AssetPostprocessor.OnPostprocessAllAssets 191.563ms
			AssetCallbacks.OnPostprocessAllAssets 30.792ms
			StyleCatalogPostProcessor.OnPostprocessAllAssets 24.757ms
			UniversalRenderPipelineGlobalSettingsPostprocessor.OnPostprocessAllAssets 13.002ms
			BuilderAssetPostprocessor.OnPostprocessAllAssets 7.673ms
			SyncVS.PostprocessSyncProject 4.045ms
			WindowAssetPostprocessingWatcher.OnPostprocessAllAssets 3.621ms
			SpeedTree9Postprocessor.OnPostprocessAllAssets 2.984ms
			ShaderGraphAssetPostProcessor.OnPostprocessAllAssets 1.799ms
			AssetChangedListener.OnPostprocessAllAssets 1.762ms
			AddressablesAssetPostProcessor.OnPostprocessAllAssets 1.455ms
			RetainedModeAssetPostprocessor.OnPostprocessAllAssets 1.422ms
			RenderPipelineGlobalSettingsPostprocessor.OnPostprocessAllAssets 1.230ms
			MaterialPostprocessor.OnPostprocessAllAssets 1.003ms
			AssetPostProcessor.OnPostprocessAllAssets 0.918ms
			ArtifactBrowserPostProcessor.OnPostprocessAllAssets 0.917ms
			TMPro_TexturePostProcessor.OnPostprocessAllAssets 0.848ms
			AudioMixerPostprocessor.OnPostprocessAllAssets 0.636ms
			ReferencedClipsPostProcessor.OnPostprocessAllAssets 0.525ms
			AssetEvents.OnPostprocessAllAssets 0.443ms
			TextAssetPostProcessor.OnPostprocessAllAssets 0.427ms
			InputActionAssetPostprocessor.OnPostprocessAllAssets 0.401ms
			AssetDatabaseCallbacks.OnPostprocessAllAssets 0.368ms
			AssetPathToTypes.OnPostprocessAllAssets 0.355ms
			SceneRenameHandler.OnPostprocessAllAssets 0.353ms
			PostProcessor.OnPostprocessAllAssets 0.353ms
			ScenarioDriftAssetsTracker.OnPostprocessAllAssets 0.332ms
			ConfigAssetsTracker.OnPostprocessAllAssets 0.266ms
			TerrainToolbarOverlayPostProcessor.OnPostprocessAllAssets 0.259ms
			SpeedTreePostProcessor.OnPostprocessAllAssets 0.206ms
			AudioContainerPostProcessor.OnPostprocessAllAssets 0.149ms
			ProjectSettingsPostprocessor.OnPostprocessAllAssets 0.114ms
			InputActionJsonNameModifierAssetProcessor.OnPostprocessAllAssets 0.071ms
	PostAssetChangesProfiler: 21.701ms
	UnloadStreamsBegin: 4.029ms
	PersistCurrentRevisions: 0.425ms
	GenerateScriptTypeHashes: 17.767ms
	GenerateScriptTypeSerializationHashes: 26.701ms
	Untracked: 1590.839ms

Application.AssetDatabase Initial Refresh End
Launched and connected shader compiler UnityShaderCompiler.exe after 0.02 seconds
Shader 'Oculus/OVRMRCameraFrameLit': fallback shader 'Alpha-Diffuse' not found
Scanning for USB devices : 3.037ms
Initializing Unity extensions:
[MODES] ModeService[none].Initialize
[MODES] ModeService[none].LoadModes
[MODES] Loading mode Default (0) for mode-current-id-OPUS
[HRT] RulesProvider: loaded 4 remote rule(s) (schema v1).
UnityEngine.Debug:ExtractStackTraceNoAlloc (byte*,int,string)
UnityEngine.StackTraceUtility:ExtractStackTrace ()
UnityEngine.DebugLogHandler:Internal_Log (UnityEngine.LogType,UnityEngine.LogOption,string,UnityEngine.Object)
UnityEngine.DebugLogHandler:LogFormat (UnityEngine.LogType,UnityEngine.Object,string,object[])
UnityEngine.Logger:Log (UnityEngine.LogType,object)
UnityEngine.Debug:Log (object)
Meta.HandReadinessTool.Editor.HandReadinessRulesProvider:EmitSuccess (int,int) (at ./Library/PackageCache/com.meta.xr.sdk.core@4ea2676097b9/Editor/HandReadinessTool/HandReadinessRulesProvider.cs:175)
Meta.HandReadinessTool.Editor.HandReadinessRulesProvider/<FetchAndSwap>d__11:MoveNext () (at ./Library/PackageCache/com.meta.xr.sdk.core@4ea2676097b9/Editor/HandReadinessTool/HandReadinessRulesProvider.cs:125)
System.Runtime.CompilerServices.AsyncMethodBuilderCore/MoveNextRunner:InvokeMoveNext (object)
System.Threading.ExecutionContext:RunInternal (System.Threading.ExecutionContext,System.Threading.ContextCallback,object,bool)
System.Threading.ExecutionContext:Run (System.Threading.ExecutionContext,System.Threading.ContextCallback,object,bool)
System.Runtime.CompilerServices.AsyncMethodBuilderCore/MoveNextRunner:Run ()
System.Threading.Tasks.AwaitTaskContinuation:InvokeAction (object)
System.Threading.Tasks.AwaitTaskContinuation:RunCallback (System.Threading.ContextCallback,object,System.Threading.Tasks.Task&)
System.Threading.Tasks.SynchronizationContextAwaitTaskContinuation:Run (System.Threading.Tasks.Task,bool)
System.Threading.Tasks.Task:FinishContinuations ()
System.Threading.Tasks.Task:FinishStageThree ()
System.Threading.Tasks.Task`1<Meta.XR.Editor.RemoteContent.DownloadResult`1<Meta.HandReadinessTool.Editor.HandReadinessRulesProvider/RulesPayload>>:TrySetResult (Meta.XR.Editor.RemoteContent.DownloadResult`1<Meta.HandReadinessTool.Editor.HandReadinessRulesProvider/RulesPayload>)
System.Runtime.CompilerServices.AsyncTaskMethodBuilder`1<Meta.XR.Editor.RemoteContent.DownloadResult`1<Meta.HandReadinessTool.Editor.HandReadinessRulesProvider/RulesPayload>>:SetResult (Meta.XR.Editor.RemoteContent.DownloadResult`1<Meta.HandReadinessTool.Editor.HandReadinessRulesProvider/RulesPayload>)
Meta.XR.Editor.UserInterface.RemoteJsonContent`1/<Create>d__1<Meta.HandReadinessTool.Editor.HandReadinessRulesProvider/RulesPayload>:MoveNext () (at ./Library/PackageCache/com.meta.xr.sdk.core@4ea2676097b9/Editor/Utils/UserInterface/RemoteJsonContent.cs:56)
System.Runtime.CompilerServices.AsyncMethodBuilderCore/MoveNextRunner:InvokeMoveNext (object)
System.Threading.ExecutionContext:RunInternal (System.Threading.ExecutionContext,System.Threading.ContextCallback,object,bool)
System.Threading.ExecutionContext:Run (System.Threading.ExecutionContext,System.Threading.ContextCallback,object,bool)
System.Runtime.CompilerServices.AsyncMethodBuilderCore/MoveNextRunner:Run ()
System.Threading.Tasks.AwaitTaskContinuation:InvokeAction (object)
System.Threading.Tasks.AwaitTaskContinuation:RunCallback (System.Threading.ContextCallback,object,System.Threading.Tasks.Task&)
System.Threading.Tasks.SynchronizationContextAwaitTaskContinuation:Run (System.Threading.Tasks.Task,bool)
System.Threading.Tasks.Task:FinishContinuations ()
System.Threading.Tasks.Task:FinishStageThree ()
System.Threading.Tasks.Task`1<Meta.XR.Editor.RemoteContent.DownloadResult`1<string>>:TrySetResult (Meta.XR.Editor.RemoteContent.DownloadResult`1<string>)
System.Runtime.CompilerServices.AsyncTaskMethodBuilder`1<Meta.XR.Editor.RemoteContent.DownloadResult`1<string>>:SetResult (Meta.XR.Editor.RemoteContent.DownloadResult`1<string>)
Meta.XR.Editor.RemoteContent.RemoteJsonContentDownloader/<Fetch>d__3:MoveNext () (at ./Library/PackageCache/com.meta.xr.sdk.core@4ea2676097b9/Editor/Utils/RemoteContent/RemoteContentDownloader.cs:374)
System.Runtime.CompilerServices.AsyncMethodBuilderCore/MoveNextRunner:InvokeMoveNext (object)
System.Threading.ExecutionContext:RunInternal (System.Threading.ExecutionContext,System.Threading.ContextCallback,object,bool)
System.Threading.ExecutionContext:Run (System.Threading.ExecutionContext,System.Threading.ContextCallback,object,bool)
System.Runtime.CompilerServices.AsyncMethodBuilderCore/MoveNextRunner:Run ()
System.Threading.Tasks.AwaitTaskContinuation:InvokeAction (object)
System.Threading.Tasks.AwaitTaskContinuation:RunCallback (System.Threading.ContextCallback,object,System.Threading.Tasks.Task&)
System.Threading.Tasks.SynchronizationContextAwaitTaskContinuation:Run (System.Threading.Tasks.Task,bool)
System.Threading.Tasks.Task:FinishContinuations ()
System.Threading.Tasks.Task:FinishStageThree ()
System.Threading.Tasks.Task`1<Meta.XR.Editor.RemoteContent.DownloadResult`1<string>>:TrySetResult (Meta.XR.Editor.RemoteContent.DownloadResult`1<string>)
System.Runtime.CompilerServices.AsyncTaskMethodBuilder`1<Meta.XR.Editor.RemoteContent.DownloadResult`1<string>>:SetResult (Meta.XR.Editor.RemoteContent.DownloadResult`1<string>)
Meta.XR.Editor.RemoteContent.RemoteContentDownloader`1/<Fetch>d__31`1<Meta.XR.Editor.RemoteContent.RemoteJsonContentDownloader, string>:MoveNext () (at ./Library/PackageCache/com.meta.xr.sdk.core@4ea2676097b9/Editor/Utils/RemoteContent/RemoteContentDownloader.cs:309)
System.Runtime.CompilerServices.AsyncMethodBuilderCore/MoveNextRunner:InvokeMoveNext (object)
System.Threading.ExecutionContext:RunInternal (System.Threading.ExecutionContext,System.Threading.ContextCallback,object,bool)
System.Threading.ExecutionContext:Run (System.Threading.ExecutionContext,System.Threading.ContextCallback,object,bool)
System.Runtime.CompilerServices.AsyncMethodBuilderCore/MoveNextRunner:Run ()
System.Threading.Tasks.AwaitTaskContinuation:InvokeAction (object)
System.Threading.Tasks.AwaitTaskContinuation:RunCallback (System.Threading.ContextCallback,object,System.Threading.Tasks.Task&)
System.Threading.Tasks.SynchronizationContextAwaitTaskContinuation:Run (System.Threading.Tasks.Task,bool)
System.Threading.Tasks.Task:FinishContinuations ()
System.Threading.Tasks.Task:FinishStageThree ()
System.Threading.Tasks.Task`1<string>:TrySetResult (string)
System.Runtime.CompilerServices.AsyncTaskMethodBuilder`1<string>:SetResult (string)
Meta.XR.Editor.RemoteContent.RemoteJsonContentDownloader/<ReadFromCache>d__5`1<string>:MoveNext () (at ./Library/PackageCache/com.meta.xr.sdk.core@4ea2676097b9/Editor/Utils/RemoteContent/RemoteContentDownloader.cs:401)
System.Runtime.CompilerServices.AsyncMethodBuilderCore/MoveNextRunner:InvokeMoveNext (object)
System.Threading.ExecutionContext:RunInternal (System.Threading.ExecutionContext,System.Threading.ContextCallback,object,bool)
System.Threading.ExecutionContext:Run (System.Threading.ExecutionContext,System.Threading.ContextCallback,object,bool)
System.Runtime.CompilerServices.AsyncMethodBuilderCore/MoveNextRunner:Run ()
System.Threading.Tasks.SynchronizationContextAwaitTaskContinuation/<>c:<.cctor>b__7_0 (object)
UnityEngine.UnitySynchronizationContext/WorkRequest:Invoke ()
UnityEngine.UnitySynchronizationContext:Exec ()
UnityEngine.UnitySynchronizationContext:ExecuteTasks ()

(Filename: ./Library/PackageCache/com.meta.xr.sdk.core@4ea2676097b9/Editor/HandReadinessTool/HandReadinessRulesProvider.cs Line: 175)

[HRT] PromptProvider: loaded remote prompt (systemPrompt=4925c, references=2, schema v1).
UnityEngine.Debug:ExtractStackTraceNoAlloc (byte*,int,string)
UnityEngine.StackTraceUtility:ExtractStackTrace ()
UnityEngine.DebugLogHandler:Internal_Log (UnityEngine.LogType,UnityEngine.LogOption,string,UnityEngine.Object)
UnityEngine.DebugLogHandler:LogFormat (UnityEngine.LogType,UnityEngine.Object,string,object[])
UnityEngine.Logger:Log (UnityEngine.LogType,object)
UnityEngine.Debug:Log (object)
Meta.HandReadinessTool.Editor.HandReadinessPromptProvider:EmitSuccess (int,int,int) (at ./Library/PackageCache/com.meta.xr.sdk.core@4ea2676097b9/Editor/HandReadinessTool/HandReadinessPromptProvider.cs:159)
Meta.HandReadinessTool.Editor.HandReadinessPromptProvider/<FetchAndSwap>d__11:MoveNext () (at ./Library/PackageCache/com.meta.xr.sdk.core@4ea2676097b9/Editor/HandReadinessTool/HandReadinessPromptProvider.cs:122)
System.Runtime.CompilerServices.AsyncMethodBuilderCore/MoveNextRunner:InvokeMoveNext (object)
System.Threading.ExecutionContext:RunInternal (System.Threading.ExecutionContext,System.Threading.ContextCallback,object,bool)
System.Threading.ExecutionContext:Run (System.Threading.ExecutionContext,System.Threading.ContextCallback,object,bool)
System.Runtime.CompilerServices.AsyncMethodBuilderCore/MoveNextRunner:Run ()
System.Threading.Tasks.AwaitTaskContinuation:InvokeAction (object)
System.Threading.Tasks.AwaitTaskContinuation:RunCallback (System.Threading.ContextCallback,object,System.Threading.Tasks.Task&)
System.Threading.Tasks.SynchronizationContextAwaitTaskContinuation:Run (System.Threading.Tasks.Task,bool)
System.Threading.Tasks.Task:FinishContinuations ()
System.Threading.Tasks.Task:FinishStageThree ()
System.Threading.Tasks.Task`1<Meta.XR.Editor.RemoteContent.DownloadResult`1<Meta.HandReadinessTool.Editor.HandReadinessPromptProvider/PromptPayload>>:TrySetResult (Meta.XR.Editor.RemoteContent.DownloadResult`1<Meta.HandReadinessTool.Editor.HandReadinessPromptProvider/PromptPayload>)
System.Runtime.CompilerServices.AsyncTaskMethodBuilder`1<Meta.XR.Editor.RemoteContent.DownloadResult`1<Meta.HandReadinessTool.Editor.HandReadinessPromptProvider/PromptPayload>>:SetResult (Meta.XR.Editor.RemoteContent.DownloadResult`1<Meta.HandReadinessTool.Editor.HandReadinessPromptProvider/PromptPayload>)
Meta.XR.Editor.UserInterface.RemoteJsonContent`1/<Create>d__1<Meta.HandReadinessTool.Editor.HandReadinessPromptProvider/PromptPayload>:MoveNext () (at ./Library/PackageCache/com.meta.xr.sdk.core@4ea2676097b9/Editor/Utils/UserInterface/RemoteJsonContent.cs:56)
System.Runtime.CompilerServices.AsyncMethodBuilderCore/MoveNextRunner:InvokeMoveNext (object)
System.Threading.ExecutionContext:RunInternal (System.Threading.ExecutionContext,System.Threading.ContextCallback,object,bool)
System.Threading.ExecutionContext:Run (System.Threading.ExecutionContext,System.Threading.ContextCallback,object,bool)
System.Runtime.CompilerServices.AsyncMethodBuilderCore/MoveNextRunner:Run ()
System.Threading.Tasks.AwaitTaskContinuation:InvokeAction (object)
System.Threading.Tasks.AwaitTaskContinuation:RunCallback (System.Threading.ContextCallback,object,System.Threading.Tasks.Task&)
System.Threading.Tasks.SynchronizationContextAwaitTaskContinuation:Run (System.Threading.Tasks.Task,bool)
System.Threading.Tasks.Task:FinishContinuations ()
System.Threading.Tasks.Task:FinishStageThree ()
System.Threading.Tasks.Task`1<Meta.XR.Editor.RemoteContent.DownloadResult`1<string>>:TrySetResult (Meta.XR.Editor.RemoteContent.DownloadResult`1<string>)
System.Runtime.CompilerServices.AsyncTaskMethodBuilder`1<Meta.XR.Editor.RemoteContent.DownloadResult`1<string>>:SetResult (Meta.XR.Editor.RemoteContent.DownloadResult`1<string>)
Meta.XR.Editor.RemoteContent.RemoteJsonContentDownloader/<Fetch>d__3:MoveNext () (at ./Library/PackageCache/com.meta.xr.sdk.core@4ea2676097b9/Editor/Utils/RemoteContent/RemoteContentDownloader.cs:374)
System.Runtime.CompilerServices.AsyncMethodBuilderCore/MoveNextRunner:InvokeMoveNext (object)
System.Threading.ExecutionContext:RunInternal (System.Threading.ExecutionContext,System.Threading.ContextCallback,object,bool)
System.Threading.ExecutionContext:Run (System.Threading.ExecutionContext,System.Threading.ContextCallback,object,bool)
System.Runtime.CompilerServices.AsyncMethodBuilderCore/MoveNextRunner:Run ()
System.Threading.Tasks.AwaitTaskContinuation:InvokeAction (object)
System.Threading.Tasks.AwaitTaskContinuation:RunCallback (System.Threading.ContextCallback,object,System.Threading.Tasks.Task&)
System.Threading.Tasks.SynchronizationContextAwaitTaskContinuation:Run (System.Threading.Tasks.Task,bool)
System.Threading.Tasks.Task:FinishContinuations ()
System.Threading.Tasks.Task:FinishStageThree ()
System.Threading.Tasks.Task`1<Meta.XR.Editor.RemoteContent.DownloadResult`1<string>>:TrySetResult (Meta.XR.Editor.RemoteContent.DownloadResult`1<string>)
System.Runtime.CompilerServices.AsyncTaskMethodBuilder`1<Meta.XR.Editor.RemoteContent.DownloadResult`1<string>>:SetResult (Meta.XR.Editor.RemoteContent.DownloadResult`1<string>)
Meta.XR.Editor.RemoteContent.RemoteContentDownloader`1/<Fetch>d__31`1<Meta.XR.Editor.RemoteContent.RemoteJsonContentDownloader, string>:MoveNext () (at ./Library/PackageCache/com.meta.xr.sdk.core@4ea2676097b9/Editor/Utils/RemoteContent/RemoteContentDownloader.cs:309)
System.Runtime.CompilerServices.AsyncMethodBuilderCore/MoveNextRunner:InvokeMoveNext (object)
System.Threading.ExecutionContext:RunInternal (System.Threading.ExecutionContext,System.Threading.ContextCallback,object,bool)
System.Threading.ExecutionContext:Run (System.Threading.ExecutionContext,System.Threading.ContextCallback,object,bool)
System.Runtime.CompilerServices.AsyncMethodBuilderCore/MoveNextRunner:Run ()
System.Threading.Tasks.AwaitTaskContinuation:InvokeAction (object)
System.Threading.Tasks.AwaitTaskContinuation:RunCallback (System.Threading.ContextCallback,object,System.Threading.Tasks.Task&)
System.Threading.Tasks.SynchronizationContextAwaitTaskContinuation:Run (System.Threading.Tasks.Task,bool)
System.Threading.Tasks.Task:FinishContinuations ()
System.Threading.Tasks.Task:FinishStageThree ()
System.Threading.Tasks.Task`1<string>:TrySetResult (string)
System.Runtime.CompilerServices.AsyncTaskMethodBuilder`1<string>:SetResult (string)
Meta.XR.Editor.RemoteContent.RemoteJsonContentDownloader/<ReadFromCache>d__5`1<string>:MoveNext () (at ./Library/PackageCache/com.meta.xr.sdk.core@4ea2676097b9/Editor/Utils/RemoteContent/RemoteContentDownloader.cs:401)
System.Runtime.CompilerServices.AsyncMethodBuilderCore/MoveNextRunner:InvokeMoveNext (object)
System.Threading.ExecutionContext:RunInternal (System.Threading.ExecutionContext,System.Threading.ContextCallback,object,bool)
System.Threading.ExecutionContext:Run (System.Threading.ExecutionContext,System.Threading.ContextCallback,object,bool)
System.Runtime.CompilerServices.AsyncMethodBuilderCore/MoveNextRunner:Run ()
System.Threading.Tasks.SynchronizationContextAwaitTaskContinuation/<>c:<.cctor>b__7_0 (object)
UnityEngine.UnitySynchronizationContext/WorkRequest:Invoke ()
UnityEngine.UnitySynchronizationContext:Exec ()
UnityEngine.UnitySynchronizationContext:ExecuteTasks ()

(Filename: ./Library/PackageCache/com.meta.xr.sdk.core@4ea2676097b9/Editor/HandReadinessTool/HandReadinessPromptProvider.cs Line: 159)

Unloading 148 Unused Serialized files (Serialized files now loaded: 0)
Unloading 6896 unused Assets / (7.4 MB). Loaded Objects now: 9015.
Memory consumption went from 272.2 MB to 264.9 MB.
Total: 23.181400 ms (FindLiveObjects: 0.627100 ms CreateObjectMapping: 0.640900 ms MarkObjects: 17.091300 ms  DeleteObjects: 4.320000 ms)

[Project] Loading completed in 29.126 seconds
	Project init time: 				22.520 seconds
		Template init time: 		0.000 seconds
		Package Manager init time: 		0.293 seconds
		Asset Database init time: 		0.905 seconds
		Global illumination init time: 	0.005 seconds
		Assemblies load time: 			1.083 seconds
		Unity extensions init time: 	0.009 seconds
		Asset Database refresh time: 	18.859 seconds
	Scene opening time: 			6.319 seconds
##utp:{"type":"ProjectInfo","version":2,"phase":"Immediate","time":1789758501688,"processId":17848,"projectLoad":29.1264993,"projectInit":22.5198003,"templateInit":0.0,"packageManagerInit":0.2932365,"assetDatabaseInit":0.9052821,"globalIlluminationInit":0.0048423,"assembliesLoad":1.0826696,"unityExtensionsInit":0.0091235,"assetDatabaseRefresh":18.8593934,"sceneOpening":6.318912}
##utp:{"type":"EditorInfo","version":2,"phase":"Immediate","time":1789758501689,"processId":17848,"editorVersion":"6000.4.6f1 (0b051c2e5d54)","branch":"6000.4/staging","buildType":"Release","platform":"Windows"}
[Licensing::Client] Successfully resolved entitlement details
[Licensing::Client] Successfully resolved entitlement details
Start importing Assets/XR/Settings/OpenXR Package Settings.asset using Guid(0d647736f3e354044b23fb340838e9eb) (NativeFormatImporter) -> (Import Result ID: '83be3409bcbc20eef5cbae634207ea95') in 0.0144281 seconds [static dependencies only]. Details - ImportResultOutputID=c8338305546446aab4e7d26577b91671 DependenciesID=2c407465c3fa9fdae37604ba5dc1335a StaticDependenciesID=e7252c103fdb22a96e109f3b4bbed5a2 
Refreshing native plugins compatible for Editor in 13.40 ms, found 12 plugins.
Asset Pipeline Refresh (id=89dcd61a6715b9443b883b1af0a34c82): Total: 0.140 seconds - Initiated by StopAssetImportingV2(NoUpdateAssetOptions)
Start importing Assets/XR/Settings/OpenXR Package Settings.asset using Guid(0d647736f3e354044b23fb340838e9eb) (NativeFormatImporter) -> (Import Result ID: '83be3409bcbc20eef5cbae634207ea95') in 0.0093357 seconds [static dependencies only]. Details - ImportResultOutputID=c8338305546446aab4e7d26577b91671 DependenciesID=2c407465c3fa9fdae37604ba5dc1335a StaticDependenciesID=e7252c103fdb22a96e109f3b4bbed5a2 
Refreshing native plugins compatible for Editor in 13.32 ms, found 12 plugins.
Asset Pipeline Refresh (id=0f9f081074cca9547803a46f9ccaaa3d): Total: 0.047 seconds - Initiated by StopAssetImportingV2(NoUpdateAssetOptions)
Running tests for ExecutionSettings with details:
targetPlatform = 
playerHeartbeatTimeout = 600
filters[0] = 
   Filter with settings:
   testMode = PlayMode
   targetPlatform = 
   testNames = null
   groupNames = Opus.Shell.Tests.PlayMode.FullPipelineIntegrationTests
   categoryNames = null
   assemblyNames = null
ignoreTests = {}
featureFlags = null

UnityEngine.Debug:ExtractStackTraceNoAlloc (byte*,int,string)
UnityEngine.StackTraceUtility:ExtractStackTrace ()
UnityEngine.DebugLogHandler:Internal_Log (UnityEngine.LogType,UnityEngine.LogOption,string,UnityEngine.Object)
UnityEngine.DebugLogHandler:LogFormat (UnityEngine.LogType,UnityEngine.Object,string,object[])
UnityEngine.Logger:Log (UnityEngine.LogType,object)
UnityEngine.Debug:Log (object)
UnityEditor.TestTools.TestRunner.CommandLineTest.Executer:InitializeAndExecuteRun (string[]) (at ./Library/PackageCache/com.unity.test-framework@76560ee600cb/UnityEditor.TestRunner/CommandLineTest/Executer.cs:53)
UnityEditor.TestTools.TestRunner.CommandLineTest.TestStarter:InitializeAndExecuteRun () (at ./Library/PackageCache/com.unity.test-framework@76560ee600cb/UnityEditor.TestRunner/CommandLineTest/TestStarter.cs:64)
UnityEditor.EditorApplication:Internal_CallUpdateFunctions ()

(Filename: ./Library/PackageCache/com.unity.test-framework@76560ee600cb/UnityEditor.TestRunner/CommandLineTest/Executer.cs Line: 53)

[Licensing::Client] Successfully resolved entitlement details
[Licensing::Client] Successfully resolved entitlement details
[TestRunnerTools] Callbacks registered after domain reload
UnityEngine.Debug:ExtractStackTraceNoAlloc (byte*,int,string)
UnityEngine.StackTraceUtility:ExtractStackTrace ()
UnityEngine.DebugLogHandler:Internal_Log (UnityEngine.LogType,UnityEngine.LogOption,string,UnityEngine.Object)
UnityEngine.DebugLogHandler:LogFormat (UnityEngine.LogType,UnityEngine.Object,string,object[])
UnityEngine.Logger:Log (UnityEngine.LogType,object)
UnityEngine.Debug:Log (object)
Meta.MCPBridge.Editor.TestRunnerTools:EnsureCallbacksRegistered () (at ./Library/PackageCache/com.meta.xr.sdk.core@4ea2676097b9/Editor/MCPBridge/TestRunnerTools.cs:108)
Meta.MCPBridge.Editor.TestRunnerTools:InitializeOnMainThread () (at ./Library/PackageCache/com.meta.xr.sdk.core@4ea2676097b9/Editor/MCPBridge/TestRunnerTools.cs:95)
UnityEditor.EditorApplication:Internal_CallDelayFunctions ()

(Filename: ./Library/PackageCache/com.meta.xr.sdk.core@4ea2676097b9/Editor/MCPBridge/TestRunnerTools.cs Line: 108)

[TestRunnerTools] Cache loaded from EditorPrefs: RunId=786fd3a9, IsRunning=False
UnityEngine.Debug:ExtractStackTraceNoAlloc (byte*,int,string)
UnityEngine.StackTraceUtility:ExtractStackTrace ()
UnityEngine.DebugLogHandler:Internal_Log (UnityEngine.LogType,UnityEngine.LogOption,string,UnityEngine.Object)
UnityEngine.DebugLogHandler:LogFormat (UnityEngine.LogType,UnityEngine.Object,string,object[])
UnityEngine.Logger:Log (UnityEngine.LogType,object)
UnityEngine.Debug:Log (object)
Meta.MCPBridge.Editor.TestRunnerTools:LoadCacheFromEditorPrefsUnsafe () (at ./Library/PackageCache/com.meta.xr.sdk.core@4ea2676097b9/Editor/MCPBridge/TestRunnerTools.cs:169)
Meta.MCPBridge.Editor.TestRunnerTools:EnsureCacheInitialized () (at ./Library/PackageCache/com.meta.xr.sdk.core@4ea2676097b9/Editor/MCPBridge/TestRunnerTools.cs:132)
Meta.MCPBridge.Editor.TestRunnerTools:get_IsRunning () (at ./Library/PackageCache/com.meta.xr.sdk.core@4ea2676097b9/Editor/MCPBridge/TestRunnerTools.cs:191)
Meta.MCPBridge.Editor.TestRunnerTools:EnsureCallbacksRegistered () (at ./Library/PackageCache/com.meta.xr.sdk.core@4ea2676097b9/Editor/MCPBridge/TestRunnerTools.cs:112)
Meta.MCPBridge.Editor.TestRunnerTools:InitializeOnMainThread () (at ./Library/PackageCache/com.meta.xr.sdk.core@4ea2676097b9/Editor/MCPBridge/TestRunnerTools.cs:95)
UnityEditor.EditorApplication:Internal_CallDelayFunctions ()

(Filename: ./Library/PackageCache/com.meta.xr.sdk.core@4ea2676097b9/Editor/MCPBridge/TestRunnerTools.cs Line: 169)

Start Indexing on Editor startup
[Indexing] Starting Initial Indexing for Assets
[UnityConnectServicesConfig] config is NOT valid, switching to default
Created GICache directory at C:/Users/GARV BANSAL/AppData/LocalLow/Unity/Caches/GiCache. Took: 0.033s, timestamps: [29.134 - 29.167]
[Project Setup Tool] There are 6 outstanding Recommended fixes.
For more information, go to <a href="OpenProjectSetupTool">Edit > Project Settings > Meta XR</a>
UnityEngine.Debug:ExtractStackTraceNoAlloc (byte*,int,string)
UnityEngine.StackTraceUtility:ExtractStackTrace ()
UnityEngine.DebugLogHandler:Internal_Log (UnityEngine.LogType,UnityEngine.LogOption,string,UnityEngine.Object)
UnityEngine.DebugLogHandler:LogFormat (UnityEngine.LogType,UnityEngine.Object,string,object[])
UnityEngine.Logger:Log (UnityEngine.LogType,object)
UnityEngine.Debug:LogWarning (object)
OVRConfigurationTaskUpdaterSummary:Log () (at ./Library/PackageCache/com.meta.xr.sdk.core@4ea2676097b9/Editor/OVRProjectSetup/Tasks/Processors/OVRConfigurationTaskUpdaterSummary.cs:222)
OVRConfigurationTaskUpdater:Complete () (at ./Library/PackageCache/com.meta.xr.sdk.core@4ea2676097b9/Editor/OVRProjectSetup/Tasks/Processors/OVRConfigurationTaskUpdater.cs:129)
OVRConfigurationTaskProcessorQueue:Dequeue (OVRConfigurationTaskProcessor) (at ./Library/PackageCache/com.meta.xr.sdk.core@4ea2676097b9/Editor/OVRProjectSetup/Tasks/Processors/OVRConfigurationTaskProcessorQueue.cs:115)
OVRConfigurationTaskProcessorQueue:Update () (at ./Library/PackageCache/com.meta.xr.sdk.core@4ea2676097b9/Editor/OVRProjectSetup/Tasks/Processors/OVRConfigurationTaskProcessorQueue.cs:136)
UnityEditor.EditorApplication:Internal_CallUpdateFunctions ()

(Filename: ./Library/PackageCache/com.meta.xr.sdk.core@4ea2676097b9/Editor/OVRProjectSetup/Tasks/Processors/OVRConfigurationTaskUpdaterSummary.cs Line: 222)

[Project Setup Tool] There is 1 outstanding Required fix.
For more information, go to <a href="OpenProjectSetupTool">Edit > Project Settings > Meta XR</a>
UnityEngine.Debug:ExtractStackTraceNoAlloc (byte*,int,string)
UnityEngine.StackTraceUtility:ExtractStackTrace ()
UnityEngine.DebugLogHandler:Internal_Log (UnityEngine.LogType,UnityEngine.LogOption,string,UnityEngine.Object)
UnityEngine.DebugLogHandler:LogFormat (UnityEngine.LogType,UnityEngine.Object,string,object[])
UnityEngine.Logger:Log (UnityEngine.LogType,object)
UnityEngine.Debug:LogWarning (object)
OVRConfigurationTaskUpdaterSummary:Log () (at ./Library/PackageCache/com.meta.xr.sdk.core@4ea2676097b9/Editor/OVRProjectSetup/Tasks/Processors/OVRConfigurationTaskUpdaterSummary.cs:234)
OVRConfigurationTaskUpdater:Complete () (at ./Library/PackageCache/com.meta.xr.sdk.core@4ea2676097b9/Editor/OVRProjectSetup/Tasks/Processors/OVRConfigurationTaskUpdater.cs:129)
OVRConfigurationTaskProcessorQueue:Dequeue (OVRConfigurationTaskProcessor) (at ./Library/PackageCache/com.meta.xr.sdk.core@4ea2676097b9/Editor/OVRProjectSetup/Tasks/Processors/OVRConfigurationTaskProcessorQueue.cs:115)
OVRConfigurationTaskProcessorQueue:Update () (at ./Library/PackageCache/com.meta.xr.sdk.core@4ea2676097b9/Editor/OVRProjectSetup/Tasks/Processors/OVRConfigurationTaskProcessorQueue.cs:136)
UnityEditor.EditorApplication:Internal_CallUpdateFunctions ()

(Filename: ./Library/PackageCache/com.meta.xr.sdk.core@4ea2676097b9/Editor/OVRProjectSetup/Tasks/Processors/OVRConfigurationTaskUpdaterSummary.cs Line: 234)

Unloading 3 Unused Serialized files (Serialized files now loaded: 0)
Unloading 55 unused Assets / (56.6 KB). Loaded Objects now: 9040.
Memory consumption went from 280.3 MB to 280.2 MB.
Total: 15.225000 ms (FindLiveObjects: 0.390500 ms CreateObjectMapping: 0.251600 ms MarkObjects: 14.526400 ms  DeleteObjects: 0.055400 ms)

Start importing Assets/XR/Settings/OpenXR Package Settings.asset using Guid(0d647736f3e354044b23fb340838e9eb) (NativeFormatImporter) -> (Import Result ID: '83be3409bcbc20eef5cbae634207ea95') in 0.0034016 seconds [static dependencies only]. Details - ImportResultOutputID=c8338305546446aab4e7d26577b91671 DependenciesID=2c407465c3fa9fdae37604ba5dc1335a StaticDependenciesID=e7252c103fdb22a96e109f3b4bbed5a2 
Refreshing native plugins compatible for Editor in 14.10 ms, found 12 plugins.
Asset Pipeline Refresh (id=5b83a5656390fde46902df319ac302ba): Total: 0.058 seconds - Initiated by StopAssetImportingV2(NoUpdateAssetOptions)
Start importing Assets/InitTestScene9d6041f5-bbb1-46a4-9d26-3b96fcfca92a.unity using Guid(5827c8d237641ea4ca19d68fc7aeba0e) (DefaultImporter) -> (Import Result ID: '6a2b3dd32a48a9dd5701fbb4313e5888') in 0.0015825 seconds [static dependencies only]. Details - ImportResultOutputID=cca8314a53578dc449940ad2a3954b5c DependenciesID=313daec447ba0bae4b2e56fd31ac4c98 StaticDependenciesID=9cb9285c7859affe3494e0ef88d2b0ea 
Refreshing native plugins compatible for Editor in 11.09 ms, found 12 plugins.
Asset Pipeline Refresh (id=1f29f0b290a39a445ae4f8d4df8c8dcf): Total: 0.072 seconds - Initiated by StopAssetImportingV2(NoUpdateAssetOptions)
Executing IPrebuildSetup for: Unity.PerformanceTesting.Editor.TestRunBuilder.
UnityEngine.Debug:ExtractStackTraceNoAlloc (byte*,int,string)
UnityEngine.StackTraceUtility:ExtractStackTrace ()
UnityEngine.DebugLogHandler:Internal_Log (UnityEngine.LogType,UnityEngine.LogOption,string,UnityEngine.Object)
UnityEngine.DebugLogHandler:LogFormat (UnityEngine.LogType,UnityEngine.Object,string,object[])
UnityEngine.Logger:Log (UnityEngine.LogType,object)
UnityEngine.Debug:Log (object)
UnityEditor.TestTools.TestRunner.TestRun.Tasks.BuildActionTaskBase`1/<ExecuteMethods>d__8<UnityEngine.TestTools.IPrebuildSetup>:MoveNext () (at ./Library/PackageCache/com.unity.test-framework@76560ee600cb/UnityEditor.TestRunner/TestRun/Tasks/BuildActionTaskBase.cs:48)
UnityEditor.TestTools.TestRunner.TestRun.Tasks.BuildActionTaskBase`1/<Execute>d__7<UnityEngine.TestTools.IPrebuildSetup>:MoveNext () (at ./Library/PackageCache/com.unity.test-framework@76560ee600cb/UnityEditor.TestRunner/TestRun/Tasks/BuildActionTaskBase.cs:34)
UnityEditor.TestTools.TestRunner.TestRun.TestJobRunner:ExecuteStep () (at ./Library/PackageCache/com.unity.test-framework@76560ee600cb/UnityEditor.TestRunner/TestRun/TestJobRunner.cs:173)
UnityEditor.TestTools.TestRunner.TestRun.TestJobRunner:ExecuteCallback () (at ./Library/PackageCache/com.unity.test-framework@76560ee600cb/UnityEditor.TestRunner/TestRun/TestJobRunner.cs:108)
UnityEditor.EditorApplication:Internal_CallUpdateFunctions ()

(Filename: ./Library/PackageCache/com.unity.test-framework@76560ee600cb/UnityEditor.TestRunner/TestRun/Tasks/BuildActionTaskBase.cs Line: 48)

[MetaXROperator] XR_APILAYER_METAX_operator enabled for Play Mode.
UnityEngine.Debug:ExtractStackTraceNoAlloc (byte*,int,string)
UnityEngine.StackTraceUtility:ExtractStackTrace ()
UnityEngine.DebugLogHandler:Internal_Log (UnityEngine.LogType,UnityEngine.LogOption,string,UnityEngine.Object)
UnityEngine.DebugLogHandler:LogFormat (UnityEngine.LogType,UnityEngine.Object,string,object[])
UnityEngine.Logger:Log (UnityEngine.LogType,object)
UnityEngine.Debug:Log (object)
Meta.XR.Editor.MetaXROperatorEnabler:OnPlayModeChanged (UnityEditor.PlayModeStateChange) (at ./Library/PackageCache/com.meta.xr.sdk.core@4ea2676097b9/Editor/MetaXROperator/MetaXROperatorEnabler.cs:67)
UnityEditor.EditorApplication:Internal_PlayModeStateChanged (UnityEditor.PlayModeStateChange)
UnityEditor.TestTools.TestRunner.TestRun.Tasks.EnterPlayModeTask/<>c:<.ctor>b__3_1 () (at ./Library/PackageCache/com.unity.test-framework@76560ee600cb/UnityEditor.TestRunner/TestRun/Tasks/EnterPlayModeTask.cs:10)
UnityEditor.TestTools.TestRunner.TestRun.Tasks.EnterPlayModeTask/<Execute>d__2:MoveNext () (at ./Library/PackageCache/com.unity.test-framework@76560ee600cb/UnityEditor.TestRunner/TestRun/Tasks/EnterPlayModeTask.cs:22)
UnityEditor.TestTools.TestRunner.TestRun.TestJobRunner:ExecuteStep () (at ./Library/PackageCache/com.unity.test-framework@76560ee600cb/UnityEditor.TestRunner/TestRun/TestJobRunner.cs:173)
UnityEditor.TestTools.TestRunner.TestRun.TestJobRunner:ExecuteCallback () (at ./Library/PackageCache/com.unity.test-framework@76560ee600cb/UnityEditor.TestRunner/TestRun/TestJobRunner.cs:108)
UnityEditor.EditorApplication:Internal_CallUpdateFunctions ()

(Filename: ./Library/PackageCache/com.meta.xr.sdk.core@4ea2676097b9/Editor/MetaXROperator/MetaXROperatorEnabler.cs Line: 67)

Reloading assemblies for play mode.
Reloading assemblies after forced synchronous recompile.
Assembly Assembly-CSharp-Editor-firstpass.dll at Library/ScriptAssemblies/Assembly-CSharp-Editor-firstpass.dll not valid. Loading of assembly skipped.
Assembly Assembly-CSharp-Editor.dll at Library/ScriptAssemblies/Assembly-CSharp-Editor.dll not valid. Loading of assembly skipped.
Assembly Assembly-CSharp-firstpass.dll at Library/ScriptAssemblies/Assembly-CSharp-firstpass.dll not valid. Loading of assembly skipped.
Assembly Assembly-CSharp.dll at Library/ScriptAssemblies/Assembly-CSharp.dll not valid. Loading of assembly skipped.
Assembly Meta.XR.Editor.Reflection.Tests.dll at Library/ScriptAssemblies/Meta.XR.Editor.Reflection.Tests.dll not valid. Loading of assembly skipped.
Assembly meta.xr.hand.readiness.tests.editmode.dll at Library/ScriptAssemblies/meta.xr.hand.readiness.tests.editmode.dll not valid. Loading of assembly skipped.
Assembly Meta.XR.Input.Editor.Tests.dll at Library/ScriptAssemblies/Meta.XR.Input.Editor.Tests.dll not valid. Loading of assembly skipped.
Assembly Meta.XR.MultiplayerBlocks.Fusion.dll at Library/ScriptAssemblies/Meta.XR.MultiplayerBlocks.Fusion.dll not valid. Loading of assembly skipped.
Assembly Meta.XR.MultiplayerBlocks.NGO.dll at Library/ScriptAssemblies/Meta.XR.MultiplayerBlocks.NGO.dll not valid. Loading of assembly skipped.
Assembly Opus.Sdk.Editor.dll at Library/ScriptAssemblies/Opus.Sdk.Editor.dll not valid. Loading of assembly skipped.
Assembly TestNewCustomAssembly.dll at Library/ScriptAssemblies/TestNewCustomAssembly.dll not valid. Loading of assembly skipped.
Assembly Unity.Addressables.Editor.Tests.dll at Library/ScriptAssemblies/Unity.Addressables.Editor.Tests.dll not valid. Loading of assembly skipped.
Assembly Unity.Addressables.Tests.dll at Library/ScriptAssemblies/Unity.Addressables.Tests.dll not valid. Loading of assembly skipped.
Assembly Unity.Collections.BurstCompatibilityGen.dll at Library/ScriptAssemblies/Unity.Collections.BurstCompatibilityGen.dll not valid. Loading of assembly skipped.
Assembly Unity.Collections.DocCodeSamples.dll at Library/ScriptAssemblies/Unity.Collections.DocCodeSamples.dll not valid. Loading of assembly skipped.
Assembly Unity.Collections.PerformanceTests.dll at Library/ScriptAssemblies/Unity.Collections.PerformanceTests.dll not valid. Loading of assembly skipped.
Assembly Unity.Collections.Tests.dll at Library/ScriptAssemblies/Unity.Collections.Tests.dll not valid. Loading of assembly skipped.
Assembly Unity.Collections.Tests.Playmode.dll at Library/ScriptAssemblies/Unity.Collections.Tests.Playmode.dll not valid. Loading of assembly skipped.
Assembly Unity.InputSystem.IntegrationTests.dll at Library/ScriptAssemblies/Unity.InputSystem.IntegrationTests.dll not valid. Loading of assembly skipped.
Assembly Unity.Mathematics.Tests.dll at Library/ScriptAssemblies/Unity.Mathematics.Tests.dll not valid. Loading of assembly skipped.
Assembly Unity.Multiplayer.Center.Editor.Tests.dll at Library/ScriptAssemblies/Unity.Multiplayer.Center.Editor.Tests.dll not valid. Loading of assembly skipped.
Assembly Unity.Multiplayer.Center.Tests.dll at Library/ScriptAssemblies/Unity.Multiplayer.Center.Tests.dll not valid. Loading of assembly skipped.
Assembly Unity.Nuget.Mono-Cecil.dll at Library/ScriptAssemblies/Unity.Nuget.Mono-Cecil.dll not valid. Loading of assembly skipped.
Assembly Unity.PathTracing.Editor.Tests.dll at Library/ScriptAssemblies/Unity.PathTracing.Editor.Tests.dll not valid. Loading of assembly skipped.
Assembly Unity.PathTracing.Runtime.Tests.dll at Library/ScriptAssemblies/Unity.PathTracing.Runtime.Tests.dll not valid. Loading of assembly skipped.
Assembly Unity.RenderPipelines.Core.Editor.Tests.dll at Library/ScriptAssemblies/Unity.RenderPipelines.Core.Editor.Tests.dll not valid. Loading of assembly skipped.
Assembly Unity.RenderPipelines.Core.Runtime.Tests.dll at Library/ScriptAssemblies/Unity.RenderPipelines.Core.Runtime.Tests.dll not valid. Loading of assembly skipped.
Assembly Unity.RenderPipelines.Universal.Config.Editor.Tests.dll at Library/ScriptAssemblies/Unity.RenderPipelines.Universal.Config.Editor.Tests.dll not valid. Loading of assembly skipped.
Assembly Unity.RenderPipelines.Universal.Editor.Tests.dll at Library/ScriptAssemblies/Unity.RenderPipelines.Universal.Editor.Tests.dll not valid. Loading of assembly skipped.
Assembly Unity.RenderPipelines.Universal.Runtime.Tests.dll at Library/ScriptAssemblies/Unity.RenderPipelines.Universal.Runtime.Tests.dll not valid. Loading of assembly skipped.
Assembly Unity.ResourceManager.Tests.dll at Library/ScriptAssemblies/Unity.ResourceManager.Tests.dll not valid. Loading of assembly skipped.
Assembly Unity.ScriptableBuildPipeline.Editor.Tests.dll at Library/ScriptAssemblies/Unity.ScriptableBuildPipeline.Editor.Tests.dll not valid. Loading of assembly skipped.
Assembly Unity.ScriptableBuildPipeline.Tests.dll at Library/ScriptAssemblies/Unity.ScriptableBuildPipeline.Tests.dll not valid. Loading of assembly skipped.
Assembly Unity.ScriptableBuildPipelineTests.Runtime.Tests.dll at Library/ScriptAssemblies/Unity.ScriptableBuildPipelineTests.Runtime.Tests.dll not valid. Loading of assembly skipped.
Assembly Unity.Searcher.EditorTests.dll at Library/ScriptAssemblies/Unity.Searcher.EditorTests.dll not valid. Loading of assembly skipped.
Assembly Unity.ShaderGraph.Editor.Tests.dll at Library/ScriptAssemblies/Unity.ShaderGraph.Editor.Tests.dll not valid. Loading of assembly skipped.
Assembly Unity.TextMeshPro.Editor.Tests.dll at Library/ScriptAssemblies/Unity.TextMeshPro.Editor.Tests.dll not valid. Loading of assembly skipped.
Assembly Unity.TextMeshPro.Tests.dll at Library/ScriptAssemblies/Unity.TextMeshPro.Tests.dll not valid. Loading of assembly skipped.
Assembly Unity.UnifiedRayTracing.Editor.Tests.dll at Library/ScriptAssemblies/Unity.UnifiedRayTracing.Editor.Tests.dll not valid. Loading of assembly skipped.
Assembly Unity.XR.CoreUtils.CodeSamples.Tests.dll at Library/ScriptAssemblies/Unity.XR.CoreUtils.CodeSamples.Tests.dll not valid. Loading of assembly skipped.
Assembly Unity.XR.CoreUtils.Editor.Tests.dll at Library/ScriptAssemblies/Unity.XR.CoreUtils.Editor.Tests.dll not valid. Loading of assembly skipped.
Assembly Unity.XR.CoreUtils.Tests.dll at Library/ScriptAssemblies/Unity.XR.CoreUtils.Tests.dll not valid. Loading of assembly skipped.
Assembly Unity.XR.Hands.Editor.Tests.dll at Library/ScriptAssemblies/Unity.XR.Hands.Editor.Tests.dll not valid. Loading of assembly skipped.
Assembly Unity.XR.Hands.Tests.dll at Library/ScriptAssemblies/Unity.XR.Hands.Tests.dll not valid. Loading of assembly skipped.
Assembly Unity.XR.Management.EditorTests.dll at Library/ScriptAssemblies/Unity.XR.Management.EditorTests.dll not valid. Loading of assembly skipped.
Assembly Unity.XR.Management.TestPackage.dll at Library/ScriptAssemblies/Unity.XR.Management.TestPackage.dll not valid. Loading of assembly skipped.
Assembly Unity.XR.Management.TestPackage.Editor.dll at Library/ScriptAssemblies/Unity.XR.Management.TestPackage.Editor.dll not valid. Loading of assembly skipped.
Assembly Unity.XR.Management.Tests.dll at Library/ScriptAssemblies/Unity.XR.Management.Tests.dll not valid. Loading of assembly skipped.
Assembly Unity.XR.Management.Tests.Standalone.dll at Library/ScriptAssemblies/Unity.XR.Management.Tests.Standalone.dll not valid. Loading of assembly skipped.
Assembly Unity.XR.OpenXR.Editor.Tests.dll at Library/ScriptAssemblies/Unity.XR.OpenXR.Editor.Tests.dll not valid. Loading of assembly skipped.
Assembly Unity.XR.OpenXR.Tests.dll at Library/ScriptAssemblies/Unity.XR.OpenXR.Tests.dll not valid. Loading of assembly skipped.
Assembly Unity.XR.OpenXR.Ubuntu.Tests.dll at Library/ScriptAssemblies/Unity.XR.OpenXR.Ubuntu.Tests.dll not valid. Loading of assembly skipped.
Assembly Unity.XR.TestSupport.dll at Library/ScriptAssemblies/Unity.XR.TestSupport.dll not valid. Loading of assembly skipped.
Assembly UnityEditor.UI.Common.Tests.dll at Library/ScriptAssemblies/UnityEditor.UI.Common.Tests.dll not valid. Loading of assembly skipped.
Assembly UnityEditor.UI.EditorTests.dll at Library/ScriptAssemblies/UnityEditor.UI.EditorTests.dll not valid. Loading of assembly skipped.
Assembly UnityEditor.XR.LegacyInputHelpers.Tests.dll at Library/ScriptAssemblies/UnityEditor.XR.LegacyInputHelpers.Tests.dll not valid. Loading of assembly skipped.
Assembly UnityEngine.SpatialTracking.Tests.dll at Library/ScriptAssemblies/UnityEngine.SpatialTracking.Tests.dll not valid. Loading of assembly skipped.
Assembly UnityEngine.UI.Tests.dll at Library/ScriptAssemblies/UnityEngine.UI.Tests.dll not valid. Loading of assembly skipped.
Assembly UnityEngine.XR.OpenXR.CodeSamples.Editor.Tests.dll at Library/ScriptAssemblies/UnityEngine.XR.OpenXR.CodeSamples.Editor.Tests.dll not valid. Loading of assembly skipped.
Begin MonoManager ReloadAssembly
[HttpMcpServer] Stopped
UnityEngine.Debug:ExtractStackTraceNoAlloc (byte*,int,string)
UnityEngine.StackTraceUtility:ExtractStackTrace ()
UnityEngine.DebugLogHandler:Internal_Log (UnityEngine.LogType,UnityEngine.LogOption,string,UnityEngine.Object)
UnityEngine.DebugLogHandler:LogFormat (UnityEngine.LogType,UnityEngine.Object,string,object[])
UnityEngine.Logger:Log (UnityEngine.LogType,object)
UnityEngine.Debug:Log (object)
Meta.MCPBridge.Editor.HttpMcpServer:Stop () (at ./Library/PackageCache/com.meta.xr.sdk.core@4ea2676097b9/Editor/MCPBridge/HttpMcpServer.cs:253)
Meta.MCPBridge.Editor.HttpMcpServer/<>c:<InitializeOnLoad>b__18_2 () (at ./Library/PackageCache/com.meta.xr.sdk.core@4ea2676097b9/Editor/MCPBridge/HttpMcpServer.cs:78)
UnityEditor.AssemblyReloadEvents:OnBeforeAssemblyReload ()

(Filename: ./Library/PackageCache/com.meta.xr.sdk.core@4ea2676097b9/Editor/MCPBridge/HttpMcpServer.cs Line: 253)

Assembly Assembly-CSharp-Editor-firstpass.dll at Library/ScriptAssemblies/Assembly-CSharp-Editor-firstpass.dll not valid. Loading of assembly skipped.
Assembly Assembly-CSharp-Editor.dll at Library/ScriptAssemblies/Assembly-CSharp-Editor.dll not valid. Loading of assembly skipped.
Assembly Assembly-CSharp-firstpass.dll at Library/ScriptAssemblies/Assembly-CSharp-firstpass.dll not valid. Loading of assembly skipped.
Assembly Assembly-CSharp.dll at Library/ScriptAssemblies/Assembly-CSharp.dll not valid. Loading of assembly skipped.
Assembly Meta.XR.Editor.Reflection.Tests.dll at Library/ScriptAssemblies/Meta.XR.Editor.Reflection.Tests.dll not valid. Loading of assembly skipped.
Assembly meta.xr.hand.readiness.tests.editmode.dll at Library/ScriptAssemblies/meta.xr.hand.readiness.tests.editmode.dll not valid. Loading of assembly skipped.
Assembly Meta.XR.Input.Editor.Tests.dll at Library/ScriptAssemblies/Meta.XR.Input.Editor.Tests.dll not valid. Loading of assembly skipped.
Assembly Meta.XR.MultiplayerBlocks.Fusion.dll at Library/ScriptAssemblies/Meta.XR.MultiplayerBlocks.Fusion.dll not valid. Loading of assembly skipped.
Assembly Meta.XR.MultiplayerBlocks.NGO.dll at Library/ScriptAssemblies/Meta.XR.MultiplayerBlocks.NGO.dll not valid. Loading of assembly skipped.
Assembly Opus.Sdk.Editor.dll at Library/ScriptAssemblies/Opus.Sdk.Editor.dll not valid. Loading of assembly skipped.
Assembly TestNewCustomAssembly.dll at Library/ScriptAssemblies/TestNewCustomAssembly.dll not valid. Loading of assembly skipped.
Assembly Unity.Addressables.Editor.Tests.dll at Library/ScriptAssemblies/Unity.Addressables.Editor.Tests.dll not valid. Loading of assembly skipped.
Assembly Unity.Addressables.Tests.dll at Library/ScriptAssemblies/Unity.Addressables.Tests.dll not valid. Loading of assembly skipped.
Assembly Unity.Collections.BurstCompatibilityGen.dll at Library/ScriptAssemblies/Unity.Collections.BurstCompatibilityGen.dll not valid. Loading of assembly skipped.
Assembly Unity.Collections.DocCodeSamples.dll at Library/ScriptAssemblies/Unity.Collections.DocCodeSamples.dll not valid. Loading of assembly skipped.
Assembly Unity.Collections.PerformanceTests.dll at Library/ScriptAssemblies/Unity.Collections.PerformanceTests.dll not valid. Loading of assembly skipped.
Assembly Unity.Collections.Tests.dll at Library/ScriptAssemblies/Unity.Collections.Tests.dll not valid. Loading of assembly skipped.
Assembly Unity.Collections.Tests.Playmode.dll at Library/ScriptAssemblies/Unity.Collections.Tests.Playmode.dll not valid. Loading of assembly skipped.
Assembly Unity.InputSystem.IntegrationTests.dll at Library/ScriptAssemblies/Unity.InputSystem.IntegrationTests.dll not valid. Loading of assembly skipped.
Assembly Unity.Mathematics.Tests.dll at Library/ScriptAssemblies/Unity.Mathematics.Tests.dll not valid. Loading of assembly skipped.
Assembly Unity.Multiplayer.Center.Editor.Tests.dll at Library/ScriptAssemblies/Unity.Multiplayer.Center.Editor.Tests.dll not valid. Loading of assembly skipped.
Assembly Unity.Multiplayer.Center.Tests.dll at Library/ScriptAssemblies/Unity.Multiplayer.Center.Tests.dll not valid. Loading of assembly skipped.
Assembly Unity.Nuget.Mono-Cecil.dll at Library/ScriptAssemblies/Unity.Nuget.Mono-Cecil.dll not valid. Loading of assembly skipped.
Assembly Unity.PathTracing.Editor.Tests.dll at Library/ScriptAssemblies/Unity.PathTracing.Editor.Tests.dll not valid. Loading of assembly skipped.
Assembly Unity.PathTracing.Runtime.Tests.dll at Library/ScriptAssemblies/Unity.PathTracing.Runtime.Tests.dll not valid. Loading of assembly skipped.
Assembly Unity.RenderPipelines.Core.Editor.Tests.dll at Library/ScriptAssemblies/Unity.RenderPipelines.Core.Editor.Tests.dll not valid. Loading of assembly skipped.
Assembly Unity.RenderPipelines.Core.Runtime.Tests.dll at Library/ScriptAssemblies/Unity.RenderPipelines.Core.Runtime.Tests.dll not valid. Loading of assembly skipped.
Assembly Unity.RenderPipelines.Universal.Config.Editor.Tests.dll at Library/ScriptAssemblies/Unity.RenderPipelines.Universal.Config.Editor.Tests.dll not valid. Loading of assembly skipped.
Assembly Unity.RenderPipelines.Universal.Editor.Tests.dll at Library/ScriptAssemblies/Unity.RenderPipelines.Universal.Editor.Tests.dll not valid. Loading of assembly skipped.
Assembly Unity.RenderPipelines.Universal.Runtime.Tests.dll at Library/ScriptAssemblies/Unity.RenderPipelines.Universal.Runtime.Tests.dll not valid. Loading of assembly skipped.
Assembly Unity.ResourceManager.Tests.dll at Library/ScriptAssemblies/Unity.ResourceManager.Tests.dll not valid. Loading of assembly skipped.
Assembly Unity.ScriptableBuildPipeline.Editor.Tests.dll at Library/ScriptAssemblies/Unity.ScriptableBuildPipeline.Editor.Tests.dll not valid. Loading of assembly skipped.
Assembly Unity.ScriptableBuildPipeline.Tests.dll at Library/ScriptAssemblies/Unity.ScriptableBuildPipeline.Tests.dll not valid. Loading of assembly skipped.
Assembly Unity.ScriptableBuildPipelineTests.Runtime.Tests.dll at Library/ScriptAssemblies/Unity.ScriptableBuildPipelineTests.Runtime.Tests.dll not valid. Loading of assembly skipped.
Assembly Unity.Searcher.EditorTests.dll at Library/ScriptAssemblies/Unity.Searcher.EditorTests.dll not valid. Loading of assembly skipped.
Assembly Unity.ShaderGraph.Editor.Tests.dll at Library/ScriptAssemblies/Unity.ShaderGraph.Editor.Tests.dll not valid. Loading of assembly skipped.
Assembly Unity.TextMeshPro.Editor.Tests.dll at Library/ScriptAssemblies/Unity.TextMeshPro.Editor.Tests.dll not valid. Loading of assembly skipped.
Assembly Unity.TextMeshPro.Tests.dll at Library/ScriptAssemblies/Unity.TextMeshPro.Tests.dll not valid. Loading of assembly skipped.
Assembly Unity.UnifiedRayTracing.Editor.Tests.dll at Library/ScriptAssemblies/Unity.UnifiedRayTracing.Editor.Tests.dll not valid. Loading of assembly skipped.
Assembly Unity.XR.CoreUtils.CodeSamples.Tests.dll at Library/ScriptAssemblies/Unity.XR.CoreUtils.CodeSamples.Tests.dll not valid. Loading of assembly skipped.
Assembly Unity.XR.CoreUtils.Editor.Tests.dll at Library/ScriptAssemblies/Unity.XR.CoreUtils.Editor.Tests.dll not valid. Loading of assembly skipped.
Assembly Unity.XR.CoreUtils.Tests.dll at Library/ScriptAssemblies/Unity.XR.CoreUtils.Tests.dll not valid. Loading of assembly skipped.
Assembly Unity.XR.Hands.Editor.Tests.dll at Library/ScriptAssemblies/Unity.XR.Hands.Editor.Tests.dll not valid. Loading of assembly skipped.
Assembly Unity.XR.Hands.Tests.dll at Library/ScriptAssemblies/Unity.XR.Hands.Tests.dll not valid. Loading of assembly skipped.
Assembly Unity.XR.Management.EditorTests.dll at Library/ScriptAssemblies/Unity.XR.Management.EditorTests.dll not valid. Loading of assembly skipped.
Assembly Unity.XR.Management.TestPackage.dll at Library/ScriptAssemblies/Unity.XR.Management.TestPackage.dll not valid. Loading of assembly skipped.
Assembly Unity.XR.Management.TestPackage.Editor.dll at Library/ScriptAssemblies/Unity.XR.Management.TestPackage.Editor.dll not valid. Loading of assembly skipped.
Assembly Unity.XR.Management.Tests.dll at Library/ScriptAssemblies/Unity.XR.Management.Tests.dll not valid. Loading of assembly skipped.
Assembly Unity.XR.Management.Tests.Standalone.dll at Library/ScriptAssemblies/Unity.XR.Management.Tests.Standalone.dll not valid. Loading of assembly skipped.
Assembly Unity.XR.OpenXR.Editor.Tests.dll at Library/ScriptAssemblies/Unity.XR.OpenXR.Editor.Tests.dll not valid. Loading of assembly skipped.
Assembly Unity.XR.OpenXR.Tests.dll at Library/ScriptAssemblies/Unity.XR.OpenXR.Tests.dll not valid. Loading of assembly skipped.
Assembly Unity.XR.OpenXR.Ubuntu.Tests.dll at Library/ScriptAssemblies/Unity.XR.OpenXR.Ubuntu.Tests.dll not valid. Loading of assembly skipped.
Assembly Unity.XR.TestSupport.dll at Library/ScriptAssemblies/Unity.XR.TestSupport.dll not valid. Loading of assembly skipped.
Assembly UnityEditor.UI.Common.Tests.dll at Library/ScriptAssemblies/UnityEditor.UI.Common.Tests.dll not valid. Loading of assembly skipped.
Assembly UnityEditor.UI.EditorTests.dll at Library/ScriptAssemblies/UnityEditor.UI.EditorTests.dll not valid. Loading of assembly skipped.
Assembly UnityEditor.XR.LegacyInputHelpers.Tests.dll at Library/ScriptAssemblies/UnityEditor.XR.LegacyInputHelpers.Tests.dll not valid. Loading of assembly skipped.
Assembly UnityEngine.SpatialTracking.Tests.dll at Library/ScriptAssemblies/UnityEngine.SpatialTracking.Tests.dll not valid. Loading of assembly skipped.
Assembly UnityEngine.UI.Tests.dll at Library/ScriptAssemblies/UnityEngine.UI.Tests.dll not valid. Loading of assembly skipped.
Assembly UnityEngine.XR.OpenXR.CodeSamples.Editor.Tests.dll at Library/ScriptAssemblies/UnityEngine.XR.OpenXR.CodeSamples.Editor.Tests.dll not valid. Loading of assembly skipped.
Symbol file LoadedFromMemory is not a mono symbol file
Refreshing native plugins compatible for Editor in 12.40 ms, found 12 plugins.
Native extension for Android target not found
Native extension for WindowsStandalone target not found
ScheduleIndexationOnStartup MainProcess:True IndexOnStartup:True
Mono: successfully reloaded assembly
- Finished resetting the current domain, in  1.668 seconds
Domain Reload Profiling: 2706ms
	BeginReloadAssembly (602ms)
		DisableScriptedObjects (23ms)
		CreateAndSetChildDomain (390ms)
	RebuildCommonClasses (42ms)
	RebuildNativeTypeToScriptingClass (14ms)
	initialDomainReloadingComplete (74ms)
	LoadAllAssembliesAndSetupDomain (305ms)
		LoadAssemblies (170ms)
		AnalyzeDomain (233ms)
			TypeCache.Refresh (10ms)
			BuildScriptInfoCaches (199ms)
			ResolveRequiredComponents (23ms)
	FinalizeReload (1669ms)
		SetupLoadedEditorAssemblies (0ms)
			InitializePlatformSupportModulesInManaged (43ms)
			BeforeProcessingInitializeOnLoad (223ms)
			ProcessInitializeOnLoadAttributes (547ms)
			ProcessInitializeOnLoadMethodAttributes (322ms)
			AfterProcessingInitializeOnLoad (11ms)
		AwakeInstancesAfterBackupRestoration (85ms)
[HttpMcpServer] Started on port 48736
UnityEngine.Debug:ExtractStackTraceNoAlloc (byte*,int,string)
UnityEngine.StackTraceUtility:ExtractStackTrace ()
UnityEngine.DebugLogHandler:Internal_Log (UnityEngine.LogType,UnityEngine.LogOption,string,UnityEngine.Object)
UnityEngine.DebugLogHandler:LogFormat (UnityEngine.LogType,UnityEngine.Object,string,object[])
UnityEngine.Logger:Log (UnityEngine.LogType,object)
UnityEngine.Debug:Log (object)
Meta.MCPBridge.Editor.HttpMcpServer:Start (int,System.Action) (at ./Library/PackageCache/com.meta.xr.sdk.core@4ea2676097b9/Editor/MCPBridge/HttpMcpServer.cs:189)
Meta.MCPBridge.Editor.HttpMcpServer:StartMcpBridgeServer () (at ./Library/PackageCache/com.meta.xr.sdk.core@4ea2676097b9/Editor/MCPBridge/HttpMcpServer.cs:127)
Meta.MCPBridge.Editor.HttpMcpServer:StartIfEnabled () (at ./Library/PackageCache/com.meta.xr.sdk.core@4ea2676097b9/Editor/MCPBridge/HttpMcpServer.cs:109)
Meta.MCPBridge.Editor.HttpMcpServer/<>c:<InitializeOnLoad>b__18_3 () (at ./Library/PackageCache/com.meta.xr.sdk.core@4ea2676097b9/Editor/MCPBridge/HttpMcpServer.cs:89)
Meta.XR.Editor.Callbacks.InitializeOnLoad:OnAllAssetsPostProcessed () (at ./Library/PackageCache/com.meta.xr.sdk.core@4ea2676097b9/Editor/Utils/EditorCallbacks/InitializeOnLoad.cs:46)
Meta.XR.Editor.Callbacks.AssetPostProcessor:OnPostprocessAllAssets (string[],string[],string[],string[],bool) (at ./Library/PackageCache/com.meta.xr.sdk.core@4ea2676097b9/Editor/Utils/EditorCallbacks/AssetPostProcessor.cs:32)
System.Reflection.RuntimeMethodInfo:Invoke (object,System.Reflection.BindingFlags,System.Reflection.Binder,object[],System.Globalization.CultureInfo)
System.Reflection.MethodBase:Invoke (object,object[])
UnityEditor.AssetPostprocessingInternal:InvokeMethod (System.Reflection.MethodInfo,object[])
UnityEditor.AssetPostprocessingInternal:PostprocessAllAssets (string[],string[],string[],string[],string[],bool)

(Filename: ./Library/PackageCache/com.meta.xr.sdk.core@4ea2676097b9/Editor/MCPBridge/HttpMcpServer.cs Line: 189)

[LocalExecutor] Discovered 16 tools: DebugLog, DiagnosticTools, IGetResourcesService, IReflectionService, SceneObjectsTools, ToolHelp, CodeAnalysisTools, CompilationTools, DesignTokenResource, InteractionTestingTools, TestRunnerTools, UIVerificationTools, BuildingBlocksTools, UPSTTools, DrawingTools, ImmersiveDebuggerTools
UnityEngine.Debug:ExtractStackTraceNoAlloc (byte*,int,string)
UnityEngine.StackTraceUtility:ExtractStackTrace ()
UnityEngine.DebugLogHandler:Internal_Log (UnityEngine.LogType,UnityEngine.LogOption,string,UnityEngine.Object)
UnityEngine.DebugLogHandler:LogFormat (UnityEngine.LogType,UnityEngine.Object,string,object[])
UnityEngine.Logger:Log (UnityEngine.LogType,object)
UnityEngine.Debug:Log (object)
Meta.MCPBridge.LocalExecutor:EnsureInitialized () (at ./Library/PackageCache/com.meta.xr.sdk.core@4ea2676097b9/Scripts/MCPBridge/LocalExecutor.cs:123)
Meta.MCPBridge.Editor.LocalToolProvider:Register () (at ./Library/PackageCache/com.meta.xr.sdk.core@4ea2676097b9/Editor/MCPBridge/LocalToolProvider.cs:66)
Meta.MCPBridge.Editor.HttpMcpServer/<>c:<StartMcpBridgeServer>b__21_0 () (at ./Library/PackageCache/com.meta.xr.sdk.core@4ea2676097b9/Editor/MCPBridge/HttpMcpServer.cs:129)
Meta.MCPBridge.Editor.HttpMcpServer:Start (int,System.Action) (at ./Library/PackageCache/com.meta.xr.sdk.core@4ea2676097b9/Editor/MCPBridge/HttpMcpServer.cs:203)
Meta.MCPBridge.Editor.HttpMcpServer:StartMcpBridgeServer () (at ./Library/PackageCache/com.meta.xr.sdk.core@4ea2676097b9/Editor/MCPBridge/HttpMcpServer.cs:127)
Meta.MCPBridge.Editor.HttpMcpServer:StartIfEnabled () (at ./Library/PackageCache/com.meta.xr.sdk.core@4ea2676097b9/Editor/MCPBridge/HttpMcpServer.cs:109)
Meta.MCPBridge.Editor.HttpMcpServer/<>c:<InitializeOnLoad>b__18_3 () (at ./Library/PackageCache/com.meta.xr.sdk.core@4ea2676097b9/Editor/MCPBridge/HttpMcpServer.cs:89)
Meta.XR.Editor.Callbacks.InitializeOnLoad:OnAllAssetsPostProcessed () (at ./Library/PackageCache/com.meta.xr.sdk.core@4ea2676097b9/Editor/Utils/EditorCallbacks/InitializeOnLoad.cs:46)
Meta.XR.Editor.Callbacks.AssetPostProcessor:OnPostprocessAllAssets (string[],string[],string[],string[],bool) (at ./Library/PackageCache/com.meta.xr.sdk.core@4ea2676097b9/Editor/Utils/EditorCallbacks/AssetPostProcessor.cs:32)
System.Reflection.RuntimeMethodInfo:Invoke (object,System.Reflection.BindingFlags,System.Reflection.Binder,object[],System.Globalization.CultureInfo)
System.Reflection.MethodBase:Invoke (object,object[])
UnityEditor.AssetPostprocessingInternal:InvokeMethod (System.Reflection.MethodInfo,object[])
UnityEditor.AssetPostprocessingInternal:PostprocessAllAssets (string[],string[],string[],string[],string[],bool)

(Filename: ./Library/PackageCache/com.meta.xr.sdk.core@4ea2676097b9/Scripts/MCPBridge/LocalExecutor.cs Line: 123)

[ToolProviderManager] Provider registered: local-unity-editor
UnityEngine.Debug:ExtractStackTraceNoAlloc (byte*,int,string)
UnityEngine.StackTraceUtility:ExtractStackTrace ()
UnityEngine.DebugLogHandler:Internal_Log (UnityEngine.LogType,UnityEngine.LogOption,string,UnityEngine.Object)
UnityEngine.DebugLogHandler:LogFormat (UnityEngine.LogType,UnityEngine.Object,string,object[])
UnityEngine.Logger:Log (UnityEngine.LogType,object)
UnityEngine.Debug:Log (object)
Meta.MCPBridge.Editor.ToolProviderManager:RegisterProvider (string,System.IO.StreamWriter) (at ./Library/PackageCache/com.meta.xr.sdk.core@4ea2676097b9/Editor/MCPBridge/ToolProviderManager.cs:92)
Meta.MCPBridge.Editor.LocalToolProvider:Register () (at ./Library/PackageCache/com.meta.xr.sdk.core@4ea2676097b9/Editor/MCPBridge/LocalToolProvider.cs:73)
Meta.MCPBridge.Editor.HttpMcpServer/<>c:<StartMcpBridgeServer>b__21_0 () (at ./Library/PackageCache/com.meta.xr.sdk.core@4ea2676097b9/Editor/MCPBridge/HttpMcpServer.cs:129)
Meta.MCPBridge.Editor.HttpMcpServer:Start (int,System.Action) (at ./Library/PackageCache/com.meta.xr.sdk.core@4ea2676097b9/Editor/MCPBridge/HttpMcpServer.cs:203)
Meta.MCPBridge.Editor.HttpMcpServer:StartMcpBridgeServer () (at ./Library/PackageCache/com.meta.xr.sdk.core@4ea2676097b9/Editor/MCPBridge/HttpMcpServer.cs:127)
Meta.MCPBridge.Editor.HttpMcpServer:StartIfEnabled () (at ./Library/PackageCache/com.meta.xr.sdk.core@4ea2676097b9/Editor/MCPBridge/HttpMcpServer.cs:109)
Meta.MCPBridge.Editor.HttpMcpServer/<>c:<InitializeOnLoad>b__18_3 () (at ./Library/PackageCache/com.meta.xr.sdk.core@4ea2676097b9/Editor/MCPBridge/HttpMcpServer.cs:89)
Meta.XR.Editor.Callbacks.InitializeOnLoad:OnAllAssetsPostProcessed () (at ./Library/PackageCache/com.meta.xr.sdk.core@4ea2676097b9/Editor/Utils/EditorCallbacks/InitializeOnLoad.cs:46)
Meta.XR.Editor.Callbacks.AssetPostProcessor:OnPostprocessAllAssets (string[],string[],string[],string[],bool) (at ./Library/PackageCache/com.meta.xr.sdk.core@4ea2676097b9/Editor/Utils/EditorCallbacks/AssetPostProcessor.cs:32)
System.Reflection.RuntimeMethodInfo:Invoke (object,System.Reflection.BindingFlags,System.Reflection.Binder,object[],System.Globalization.CultureInfo)
System.Reflection.MethodBase:Invoke (object,object[])
UnityEditor.AssetPostprocessingInternal:InvokeMethod (System.Reflection.MethodInfo,object[])
UnityEditor.AssetPostprocessingInternal:PostprocessAllAssets (string[],string[],string[],string[],string[],bool)

(Filename: ./Library/PackageCache/com.meta.xr.sdk.core@4ea2676097b9/Editor/MCPBridge/ToolProviderManager.cs Line: 92)

[ConnectedToolProvider] Capabilities registered for local-unity-editor: 16 tools, 1 resources, 0 prompts
UnityEngine.Debug:ExtractStackTraceNoAlloc (byte*,int,string)
UnityEngine.StackTraceUtility:ExtractStackTrace ()
UnityEngine.DebugLogHandler:Internal_Log (UnityEngine.LogType,UnityEngine.LogOption,string,UnityEngine.Object)
UnityEngine.DebugLogHandler:LogFormat (UnityEngine.LogType,UnityEngine.Object,string,object[])
UnityEngine.Logger:Log (UnityEngine.LogType,object)
UnityEngine.Debug:Log (object)
Meta.MCPBridge.Editor.ConnectedToolProvider:SetCapabilities (Meta.MCPBridge.ProviderCapabilities) (at ./Library/PackageCache/com.meta.xr.sdk.core@4ea2676097b9/Editor/MCPBridge/ToolProviderManager.cs:533)
Meta.MCPBridge.Editor.LocalToolProvider:Register () (at ./Library/PackageCache/com.meta.xr.sdk.core@4ea2676097b9/Editor/MCPBridge/LocalToolProvider.cs:74)
Meta.MCPBridge.Editor.HttpMcpServer/<>c:<StartMcpBridgeServer>b__21_0 () (at ./Library/PackageCache/com.meta.xr.sdk.core@4ea2676097b9/Editor/MCPBridge/HttpMcpServer.cs:129)
Meta.MCPBridge.Editor.HttpMcpServer:Start (int,System.Action) (at ./Library/PackageCache/com.meta.xr.sdk.core@4ea2676097b9/Editor/MCPBridge/HttpMcpServer.cs:203)
Meta.MCPBridge.Editor.HttpMcpServer:StartMcpBridgeServer () (at ./Library/PackageCache/com.meta.xr.sdk.core@4ea2676097b9/Editor/MCPBridge/HttpMcpServer.cs:127)
Meta.MCPBridge.Editor.HttpMcpServer:StartIfEnabled () (at ./Library/PackageCache/com.meta.xr.sdk.core@4ea2676097b9/Editor/MCPBridge/HttpMcpServer.cs:109)
Meta.MCPBridge.Editor.HttpMcpServer/<>c:<InitializeOnLoad>b__18_3 () (at ./Library/PackageCache/com.meta.xr.sdk.core@4ea2676097b9/Editor/MCPBridge/HttpMcpServer.cs:89)
Meta.XR.Editor.Callbacks.InitializeOnLoad:OnAllAssetsPostProcessed () (at ./Library/PackageCache/com.meta.xr.sdk.core@4ea2676097b9/Editor/Utils/EditorCallbacks/InitializeOnLoad.cs:46)
Meta.XR.Editor.Callbacks.AssetPostProcessor:OnPostprocessAllAssets (string[],string[],string[],string[],bool) (at ./Library/PackageCache/com.meta.xr.sdk.core@4ea2676097b9/Editor/Utils/EditorCallbacks/AssetPostProcessor.cs:32)
System.Reflection.RuntimeMethodInfo:Invoke (object,System.Reflection.BindingFlags,System.Reflection.Binder,object[],System.Globalization.CultureInfo)
System.Reflection.MethodBase:Invoke (object,object[])
UnityEditor.AssetPostprocessingInternal:InvokeMethod (System.Reflection.MethodInfo,object[])
UnityEditor.AssetPostprocessingInternal:PostprocessAllAssets (string[],string[],string[],string[],string[],bool)

(Filename: ./Library/PackageCache/com.meta.xr.sdk.core@4ea2676097b9/Editor/MCPBridge/ToolProviderManager.cs Line: 533)

[LocalToolProvider] Registered with 16 tools, 1 resources, 0 prompts
UnityEngine.Debug:ExtractStackTraceNoAlloc (byte*,int,string)
UnityEngine.StackTraceUtility:ExtractStackTrace ()
UnityEngine.DebugLogHandler:Internal_Log (UnityEngine.LogType,UnityEngine.LogOption,string,UnityEngine.Object)
UnityEngine.DebugLogHandler:LogFormat (UnityEngine.LogType,UnityEngine.Object,string,object[])
UnityEngine.Logger:Log (UnityEngine.LogType,object)
UnityEngine.Debug:Log (object)
Meta.MCPBridge.Editor.LocalToolProvider:Register () (at ./Library/PackageCache/com.meta.xr.sdk.core@4ea2676097b9/Editor/MCPBridge/LocalToolProvider.cs:78)
Meta.MCPBridge.Editor.HttpMcpServer/<>c:<StartMcpBridgeServer>b__21_0 () (at ./Library/PackageCache/com.meta.xr.sdk.core@4ea2676097b9/Editor/MCPBridge/HttpMcpServer.cs:129)
Meta.MCPBridge.Editor.HttpMcpServer:Start (int,System.Action) (at ./Library/PackageCache/com.meta.xr.sdk.core@4ea2676097b9/Editor/MCPBridge/HttpMcpServer.cs:203)
Meta.MCPBridge.Editor.HttpMcpServer:StartMcpBridgeServer () (at ./Library/PackageCache/com.meta.xr.sdk.core@4ea2676097b9/Editor/MCPBridge/HttpMcpServer.cs:127)
Meta.MCPBridge.Editor.HttpMcpServer:StartIfEnabled () (at ./Library/PackageCache/com.meta.xr.sdk.core@4ea2676097b9/Editor/MCPBridge/HttpMcpServer.cs:109)
Meta.MCPBridge.Editor.HttpMcpServer/<>c:<InitializeOnLoad>b__18_3 () (at ./Library/PackageCache/com.meta.xr.sdk.core@4ea2676097b9/Editor/MCPBridge/HttpMcpServer.cs:89)
Meta.XR.Editor.Callbacks.InitializeOnLoad:OnAllAssetsPostProcessed () (at ./Library/PackageCache/com.meta.xr.sdk.core@4ea2676097b9/Editor/Utils/EditorCallbacks/InitializeOnLoad.cs:46)
Meta.XR.Editor.Callbacks.AssetPostProcessor:OnPostprocessAllAssets (string[],string[],string[],string[],bool) (at ./Library/PackageCache/com.meta.xr.sdk.core@4ea2676097b9/Editor/Utils/EditorCallbacks/AssetPostProcessor.cs:32)
System.Reflection.RuntimeMethodInfo:Invoke (object,System.Reflection.BindingFlags,System.Reflection.Binder,object[],System.Globalization.CultureInfo)
System.Reflection.MethodBase:Invoke (object,object[])
UnityEditor.AssetPostprocessingInternal:InvokeMethod (System.Reflection.MethodInfo,object[])
UnityEditor.AssetPostprocessingInternal:PostprocessAllAssets (string[],string[],string[],string[],string[],bool)

(Filename: ./Library/PackageCache/com.meta.xr.sdk.core@4ea2676097b9/Editor/MCPBridge/LocalToolProvider.cs Line: 78)

[MCPBridge] Discovery file written to C:\Users\GARVBA~1\AppData\Local\Temp\mcpbridge_1d15ecad.info
UnityEngine.Debug:ExtractStackTraceNoAlloc (byte*,int,string)
UnityEngine.StackTraceUtility:ExtractStackTrace ()
UnityEngine.DebugLogHandler:Internal_Log (UnityEngine.LogType,UnityEngine.LogOption,string,UnityEngine.Object)
UnityEngine.DebugLogHandler:LogFormat (UnityEngine.LogType,UnityEngine.Object,string,object[])
UnityEngine.Logger:Log (UnityEngine.LogType,object)
UnityEngine.Debug:Log (object)
Meta.MCPBridge.Editor.ExternalDiscovery:WriteDiscoveryFiles () (at ./Library/PackageCache/com.meta.xr.sdk.core@4ea2676097b9/Editor/MCPBridge/ExternalDiscovery.cs:65)
Meta.MCPBridge.Editor.HttpMcpServer/<>c:<StartMcpBridgeServer>b__21_0 () (at ./Library/PackageCache/com.meta.xr.sdk.core@4ea2676097b9/Editor/MCPBridge/HttpMcpServer.cs:130)
Meta.MCPBridge.Editor.HttpMcpServer:Start (int,System.Action) (at ./Library/PackageCache/com.meta.xr.sdk.core@4ea2676097b9/Editor/MCPBridge/HttpMcpServer.cs:203)
Meta.MCPBridge.Editor.HttpMcpServer:StartMcpBridgeServer () (at ./Library/PackageCache/com.meta.xr.sdk.core@4ea2676097b9/Editor/MCPBridge/HttpMcpServer.cs:127)
Meta.MCPBridge.Editor.HttpMcpServer:StartIfEnabled () (at ./Library/PackageCache/com.meta.xr.sdk.core@4ea2676097b9/Editor/MCPBridge/HttpMcpServer.cs:109)
Meta.MCPBridge.Editor.HttpMcpServer/<>c:<InitializeOnLoad>b__18_3 () (at ./Library/PackageCache/com.meta.xr.sdk.core@4ea2676097b9/Editor/MCPBridge/HttpMcpServer.cs:89)
Meta.XR.Editor.Callbacks.InitializeOnLoad:OnAllAssetsPostProcessed () (at ./Library/PackageCache/com.meta.xr.sdk.core@4ea2676097b9/Editor/Utils/EditorCallbacks/InitializeOnLoad.cs:46)
Meta.XR.Editor.Callbacks.AssetPostProcessor:OnPostprocessAllAssets (string[],string[],string[],string[],bool) (at ./Library/PackageCache/com.meta.xr.sdk.core@4ea2676097b9/Editor/Utils/EditorCallbacks/AssetPostProcessor.cs:32)
System.Reflection.RuntimeMethodInfo:Invoke (object,System.Reflection.BindingFlags,System.Reflection.Binder,object[],System.Globalization.CultureInfo)
System.Reflection.MethodBase:Invoke (object,object[])
UnityEditor.AssetPostprocessingInternal:InvokeMethod (System.Reflection.MethodInfo,object[])
UnityEditor.AssetPostprocessingInternal:PostprocessAllAssets (string[],string[],string[],string[],string[],bool)

(Filename: ./Library/PackageCache/com.meta.xr.sdk.core@4ea2676097b9/Editor/MCPBridge/ExternalDiscovery.cs Line: 65)

(Values over 0.050ms)
Asset Pipeline Refresh (id=a7305e1f5c8780847982934801752b1c): Total: 4.447 seconds - Initiated by StopAssetImportingV2(ForceSynchronousImport | ForceDomainReload)
	Summary:
		Imports: total=0 (actual=0, local cache=0, cache server=0)
		Asset DB Process Time: managed=0 ms, native=1845 ms
		Asset DB Callback time: managed=1489 ms, native=0 ms
		Scripting: domain reloads=1, domain reload time=1109 ms, compile time=2 ms, other=0 ms
		Project Asset Count: scripts=2187, non-scripts=3854
		Asset File Changes: new=0, changed=0, moved=0, deleted=0
		Scan Filter Count: 0
	InvokePackagesCallback: 3.126ms
	ApplyChangesToAssetFolders: 0.369ms
	ProcessAssetsWithTransientArtifactChanges: 6.796ms
	CategorizeAssets: 98.773ms
	CompileScripts: 1.524ms
	ImportOutOfDateAssets: 1694.438ms (1690.934ms without children)
		CollectScriptTypesHashes: 2.390ms
		ReloadNativeAssets: 1.883ms
		EnsureUptoDateAssetsAreRegisteredWithGuidPM: 1.121ms
		OnDemandSchedulerStart: 0.433ms
	PostProcessAllAssets: 1489.311ms
		MonoPostProcessAllAssets: 1489.303ms
			UniversalRenderPipelineGlobalSettingsPostprocessor.OnPostprocessAllAssets 13.597ms
			WindowAssetPostprocessingWatcher.OnPostprocessAllAssets 3.129ms
			SyncVS.PostprocessSyncProject 2.838ms
			SpeedTree9Postprocessor.OnPostprocessAllAssets 2.636ms
			RenderPipelineGlobalSettingsPostprocessor.OnPostprocessAllAssets 0.832ms
			AssetPostProcessor.OnPostprocessAllAssets 0.703ms
			ReferencedClipsPostProcessor.OnPostprocessAllAssets 0.389ms
			AssetDatabaseCallbacks.OnPostprocessAllAssets 0.375ms
			InputActionAssetPostprocessor.OnPostprocessAllAssets 0.334ms
			AssetChangedListener.OnPostprocessAllAssets 0.323ms
			TerrainToolbarOverlayPostProcessor.OnPostprocessAllAssets 0.260ms
			ProjectSettingsPostprocessor.OnPostprocessAllAssets 0.109ms
			ShaderGraphAssetPostProcessor.OnPostprocessAllAssets 0.071ms
			InputActionJsonNameModifierAssetProcessor.OnPostprocessAllAssets 0.057ms
	GatherAllCurrentPrimaryImportResultRevisions: 0.635ms
	UnloadStreamsBegin: 0.216ms
	PersistCurrentRevisions: 0.279ms
	GenerateScriptTypeHashes: 13.584ms
	GenerateScriptTypeSerializationHashes: 20.005ms
	Untracked: 1143.173ms

[XR] Time interace not found - delta time prediction disabled.
[Subsystems] OpenXR XR Plugin successfully registered Provider for OpenXR Display
[Subsystems] OpenXR XR Plugin successfully registered Provider for OpenXR Input
[Subsystems] OpenXR XR Plugin successfully registered Provider for OpenXR Display
Start importing Assets/XR/Settings/OpenXR Package Settings.asset using Guid(0d647736f3e354044b23fb340838e9eb) (NativeFormatImporter) -> (Import Result ID: '83be3409bcbc20eef5cbae634207ea95') in 0.0080191 seconds [static dependencies only]. Details - ImportResultOutputID=c8338305546446aab4e7d26577b91671 DependenciesID=2c407465c3fa9fdae37604ba5dc1335a StaticDependenciesID=e7252c103fdb22a96e109f3b4bbed5a2 
Refreshing native plugins compatible for Editor in 13.80 ms, found 12 plugins.
Asset Pipeline Refresh (id=d702bc5475522f4498817fafd5b37a41): Total: 0.112 seconds - Initiated by StopAssetImportingV2(NoUpdateAssetOptions)
Loading OpenXR loader library at path: C:\Users\GARV BANSAL\Documents\VR_games\OPUS\game\Library\PackageCache\com.unity.xr.openxr@ef0033a586bf\RuntimeLoaders\windows\x64\openxr_loader.dll
UnityEngine.Debug:ExtractStackTraceNoAlloc (byte*,int,string)
UnityEngine.StackTraceUtility:ExtractStackTrace ()
UnityEngine.DebugLogHandler:Internal_Log (UnityEngine.LogType,UnityEngine.LogOption,string,UnityEngine.Object)
UnityEngine.DebugLogHandler:LogFormat (UnityEngine.LogType,UnityEngine.Object,string,object[])
UnityEngine.Logger:Log (UnityEngine.LogType,object)
UnityEngine.Debug:Log (object)
UnityEngine.XR.OpenXR.OpenXRLoaderBase:LoadOpenXRSymbols () (at ./Library/PackageCache/com.unity.xr.openxr@ef0033a586bf/Runtime/OpenXRLoader.cs:558)
UnityEngine.XR.OpenXR.OpenXRLoaderBase:InitializeInternal () (at ./Library/PackageCache/com.unity.xr.openxr@ef0033a586bf/Runtime/OpenXRLoader.cs:235)
UnityEngine.XR.OpenXR.OpenXRLoaderBase:Initialize () (at ./Library/PackageCache/com.unity.xr.openxr@ef0033a586bf/Runtime/OpenXRLoader.cs:205)
UnityEngine.XR.Management.XRManagerSettings:InitializeLoaderSync () (at ./Library/PackageCache/com.unity.xr.management@20be87dea580/Runtime/XRManagerSettings.cs:190)
UnityEngine.XR.Management.XRGeneralSettings:InitXRSDK () (at ./Library/PackageCache/com.unity.xr.management@20be87dea580/Runtime/XRGeneralSettings.cs:175)
UnityEngine.XR.Management.XRGeneralSettings:AttemptInitializeXRSDKOnLoad () (at ./Library/PackageCache/com.unity.xr.management@20be87dea580/Runtime/XRGeneralSettings.cs:148)

(Filename: ./Library/PackageCache/com.unity.xr.openxr@ef0033a586bf/Runtime/OpenXRLoader.cs Line: 558)

[MetaXRFeature] HookGetInstanceProcAddr: 140730161464154
UnityEngine.Debug:ExtractStackTraceNoAlloc (byte*,int,string)
UnityEngine.StackTraceUtility:ExtractStackTrace ()
UnityEngine.DebugLogHandler:Internal_Log (UnityEngine.LogType,UnityEngine.LogOption,string,UnityEngine.Object)
UnityEngine.DebugLogHandler:LogFormat (UnityEngine.LogType,UnityEngine.Object,string,object[])
UnityEngine.Logger:Log (UnityEngine.LogType,object)
UnityEngine.Debug:Log (object)
Meta.XR.MetaXRFeature:HookGetInstanceProcAddr (intptr) (at ./Library/PackageCache/com.meta.xr.sdk.core@4ea2676097b9/Scripts/OpenXRFeatures/MetaXRFeature.cs:270)
UnityEngine.XR.OpenXR.Features.OpenXRFeature:HookGetInstanceProcAddr () (at ./Library/PackageCache/com.unity.xr.openxr@ef0033a586bf/Runtime/Features/OpenXRFeature.cs:764)
UnityEngine.XR.OpenXR.OpenXRLoaderBase:InitializeInternal () (at ./Library/PackageCache/com.unity.xr.openxr@ef0033a586bf/Runtime/OpenXRLoader.cs:248)
UnityEngine.XR.OpenXR.OpenXRLoaderBase:Initialize () (at ./Library/PackageCache/com.unity.xr.openxr@ef0033a586bf/Runtime/OpenXRLoader.cs:205)
UnityEngine.XR.Management.XRManagerSettings:InitializeLoaderSync () (at ./Library/PackageCache/com.unity.xr.management@20be87dea580/Runtime/XRManagerSettings.cs:190)
UnityEngine.XR.Management.XRGeneralSettings:InitXRSDK () (at ./Library/PackageCache/com.unity.xr.management@20be87dea580/Runtime/XRGeneralSettings.cs:175)
UnityEngine.XR.Management.XRGeneralSettings:AttemptInitializeXRSDKOnLoad () (at ./Library/PackageCache/com.unity.xr.management@20be87dea580/Runtime/XRGeneralSettings.cs:148)

(Filename: ./Library/PackageCache/com.meta.xr.sdk.core@4ea2676097b9/Scripts/OpenXRFeatures/MetaXRFeature.cs Line: 270)

[MetaXRFeature] SetClientVersion
UnityEngine.Debug:ExtractStackTraceNoAlloc (byte*,int,string)
UnityEngine.StackTraceUtility:ExtractStackTrace ()
UnityEngine.DebugLogHandler:Internal_Log (UnityEngine.LogType,UnityEngine.LogOption,string,UnityEngine.Object)
UnityEngine.DebugLogHandler:LogFormat (UnityEngine.LogType,UnityEngine.Object,string,object[])
UnityEngine.Logger:Log (UnityEngine.LogType,object)
UnityEngine.Debug:Log (object)
Meta.XR.MetaXRFeature:HookGetInstanceProcAddr (intptr) (at ./Library/PackageCache/com.meta.xr.sdk.core@4ea2676097b9/Scripts/OpenXRFeatures/MetaXRFeature.cs:272)
UnityEngine.XR.OpenXR.Features.OpenXRFeature:HookGetInstanceProcAddr () (at ./Library/PackageCache/com.unity.xr.openxr@ef0033a586bf/Runtime/Features/OpenXRFeature.cs:764)
UnityEngine.XR.OpenXR.OpenXRLoaderBase:InitializeInternal () (at ./Library/PackageCache/com.unity.xr.openxr@ef0033a586bf/Runtime/OpenXRLoader.cs:248)
UnityEngine.XR.OpenXR.OpenXRLoaderBase:Initialize () (at ./Library/PackageCache/com.unity.xr.openxr@ef0033a586bf/Runtime/OpenXRLoader.cs:205)
UnityEngine.XR.Management.XRManagerSettings:InitializeLoaderSync () (at ./Library/PackageCache/com.unity.xr.management@20be87dea580/Runtime/XRManagerSettings.cs:190)
UnityEngine.XR.Management.XRGeneralSettings:InitXRSDK () (at ./Library/PackageCache/com.unity.xr.management@20be87dea580/Runtime/XRGeneralSettings.cs:175)
UnityEngine.XR.Management.XRGeneralSettings:AttemptInitializeXRSDKOnLoad () (at ./Library/PackageCache/com.unity.xr.management@20be87dea580/Runtime/XRGeneralSettings.cs:148)

(Filename: ./Library/PackageCache/com.meta.xr.sdk.core@4ea2676097b9/Scripts/OpenXRFeatures/MetaXRFeature.cs Line: 272)

[OVRPlugin][ERROR] xrGetInstanceProcAddr is nullptr
 (arvr\projects\integrations\OVRPlugin\Src\Util\CompositorOpenXR_Entries.cpp:132)[90m2026-09-19 00:38:29[0m [MetaXROperator] [32m[INFO][0m Agentic XR API layer negotiation started
[90m2026-09-19 00:38:29[0m [MetaXROperator] [32m[INFO][0m Agentic XR API layer initialized
[MetaXROperator] file logging enabled: C:\Users\GARV BANSAL\AppData\Local\meta-xr-operator\Logs\api_layer_2026-09-19_00-38-29-263_17848\api_layer.log
[90m2026-09-19 00:38:29[0m [MetaXROperator] [32m[INFO][0m Queried available extensions, count: 90
[90m2026-09-19 00:38:29[0m [MetaXROperator] [32m[INFO][0m Adding extension to instance create info: XR_EXT_local_floor
[90m2026-09-19 00:38:29[0m [MetaXROperator] [33m[WARNING][0m Extension not available: XR_METAX1_simulator_compositor_output_capture
[90m2026-09-19 00:38:29[0m [MetaXROperator] [33m[WARNING][0m Extension not available: XR_EXT_conformance_automation
[90m2026-09-19 00:38:29[0m [MetaXROperator] [32m[INFO][0m Adding extension to instance create info: XR_META_touch_controller_plus
[90m2026-09-19 00:38:29[0m [MetaXROperator] [32m[INFO][0m Cached application info, data: Oculus VR Plugin (Unity 6000.4.6f1_0b051c2e5d54 [Editor]) (v1), Engine: Unity (v0)
[90m2026-09-19 00:38:29[0m [MetaXROperator] [32m[INFO][0m Telemetry consent: opted-in
[90m2026-09-19 00:38:29[0m [MetaXROperator] [32m[INFO][0m Telemetry session started for: Oculus VR Plugin (Unity 6000.4.6f1_0b051c2e5d54 [Editor])
[90m2026-09-19 00:38:29[0m [MetaXROperator] [32m[INFO][0m Telemetry initialized for: Oculus VR Plugin (Unity 6000.4.6f1_0b051c2e5d54 [Editor])
[90m2026-09-19 00:38:29[0m [MetaXROperator] [32m[INFO][0m Initializing Agentic MCP Server...
[90m2026-09-19 00:38:29[0m [MetaXROperator] [32m[INFO][0m MCP Server started successfully on port 8720 (IPv4 and IPv6)
[90m2026-09-19 00:38:29[0m [MetaXROperator] [32m[INFO][0m Registered 'openxr_get_head_pose' tool
[90m2026-09-19 00:38:29[0m [MetaXROperator] [32m[INFO][0m Registered 'openxr_get_controller_pose' tool
[90m2026-09-19 00:38:29[0m [MetaXROperator] [32m[INFO][0m Registered 'openxr_get_active_interaction_profile' tool
[90m2026-09-19 00:38:29[0m [MetaXROperator] [32m[INFO][0m Registered 'math_calc' tool
[90m2026-09-19 00:38:29[0m [MetaXROperator] [32m[INFO][0m Registered 'math_dot' tool
[90m2026-09-19 00:38:29[0m [MetaXROperator] [32m[INFO][0m Registered 'math_cross' tool
[90m2026-09-19 00:38:29[0m [MetaXROperator] [32m[INFO][0m Registered 'math_add' tool
[90m2026-09-19 00:38:29[0m [MetaXROperator] [32m[INFO][0m Registered 'math_sub' tool
[90m2026-09-19 00:38:29[0m [MetaXROperator] [32m[INFO][0m Registered 'math_mul' tool
[90m2026-09-19 00:38:29[0m [MetaXROperator] [32m[INFO][0m Registered 'math_div' tool
[90m2026-09-19 00:38:29[0m [MetaXROperator] [32m[INFO][0m Registered 'math_build_quat' tool
[90m2026-09-19 00:38:29[0m [MetaXROperator] [32m[INFO][0m Registered 'math_decompose_quat' tool
[90m2026-09-19 00:38:29[0m [MetaXROperator] [32m[INFO][0m Registered 'math_multiply_quat' tool
[90m2026-09-19 00:38:29[0m [MetaXROperator] [32m[INFO][0m Registered 'openxr_get_instance_info' tool
[90m2026-09-19 00:38:29[0m [MetaXROperator] [32m[INFO][0m Registered 'openxr_get_session_info' tool
[90m2026-09-19 00:38:29[0m [MetaXROperator] [32m[INFO][0m Registered 'openxr_get_system_info' tool
[90m2026-09-19 00:38:29[0m [MetaXROperator] [32m[INFO][0m Registered 'openxr_get_frame_info' tool
[90m2026-09-19 00:38:29[0m [MetaXROperator] [32m[INFO][0m Skipping 'openxr_capture_composited_image' tool (predicate returned false)
[90m2026-09-19 00:38:29[0m [MetaXROperator] [32m[INFO][0m Registered 'openxr_list_spatial_entities' tool
[90m2026-09-19 00:38:29[0m [MetaXROperator] [32m[INFO][0m Registered 'openxr_exit_session' tool
[90m2026-09-19 00:38:29[0m [MetaXROperator] [32m[INFO][0m Skipping 'openxr_set_controller_input' tool (predicate returned false)
[90m2026-09-19 00:38:29[0m [MetaXROperator] [32m[INFO][0m Skipping 'openxr_set_head_pose' tool (predicate returned false)
[90m2026-09-19 00:38:29[0m [MetaXROperator] [32m[INFO][0m Skipping 'openxr_set_controller_pose' tool (predicate returned false)
[90m2026-09-19 00:38:29[0m [MetaXROperator] [32m[INFO][0m Registered 'convert_unity_pose_to_openxr' tool
[90m2026-09-19 00:38:29[0m [MetaXROperator] [32m[INFO][0m Registered 'convert_openxr_pose_to_unity' tool
[90m2026-09-19 00:38:29[0m [MetaXROperator] [32m[INFO][0m Registered 'openxr_[OVRPlugin][ERROR] [XRCMD][failure] [XR_ERROR_FORM_FACTOR_UNAVAILABLE]: xrGetSystem(instance, &systemGetInfo, &systemId), arvr\projects\integrations\OVRPlugin\Src\Util\CompositorOpenXR.cpp:1475
 (arvr\projects\integrations\OVRPlugin\Src\Util/CompositorOpenXR.h:311)[OVRPlugin][ERROR] [XRCMD][failure] [XR_ERROR_FORM_FACTOR_UNAVAILABLE]: xrGetSystem(instance, &systemGetInfo, &systemId), arvr\projects\integrations\OVRPlugin\Src\Util\CompositorOpenXR.cpp:1485
 (arvr\projects\integrations\OVRPlugin\Src\Util/CompositorOpenXR.h:311)[OVRPlugin][ERROR] [XRCMD][failure] [XR_ERROR_FORM_FACTOR_UNAVAILABLE]: xrGetSystem(instance, &systemGetInfo, &systemId), arvr\projects\integrations\OVRPlugin\Src\Util\CompositorOpenXR.cpp:1485
 (arvr\projects\integrations\OVRPlugin\Src\Util/CompositorOpenXR.h:311)[OVRPlugin][ERROR] [XRCMD][failure] [XR_ERROR_FORM_FACTOR_UNAVAILABLE]: xrGetSystem(instance, &systemGetInfo, &systemId), arvr\projects\integrations\OVRPlugin\Src\Util\CompositorOpenXR.cpp:1485
 (arvr\projects\integrations\OVRPlugin\Src\Util/CompositorOpenXR.h:311)[OVRPlugin][ERROR] [XRCMD][failure] [XR_ERROR_FORM_FACTOR_UNAVAILABLE]: xrGetSystem(instance, &systemGetInfo, &systemId), arvr\projects\integrations\OVRPlugin\Src\Util\CompositorOpenXR.cpp:1485
 (arvr\projects\integrations\OVRPlugin\Src\Util/CompositorOpenXR.h:311)[OVRPlugin][ERROR] [XRCMD][failure] [XR_ERROR_FORM_FACTOR_UNAVAILABLE]: xrGetSystem(instance, &systemGetInfo, &systemId), arvr\projects\integrations\OVRPlugin\Src\Util\CompositorOpenXR.cpp:1485
 (arvr\projects\integrations\OVRPlugin\Src\Util/CompositorOpenXR.h:311)E0919 00:38:40.032541 30384 TigonCurlRequestAdapter.cpp:901] [a5163d3abf56862b] Request failed from curl: curl (28): Timeout was reached: Resolving timed out after 5001 milliseconds
E0919 00:38:40.033415 30384 TigonCurlRequestAdapter.cpp:901] [da2e9a5e11c83d45] Request failed from curl: curl (28): Timeout was reached: Failed to resolve host 'graph.oculus.com' with timeout after 4999 ms
[OVRPlugin][ERROR] CompositorOpenXR::PreInitialize() returns failure
 (arvr\projects\integrations\OVRPlugin\Src\OVR_Plugin_UnityOpenXR.cpp:59)[Subsystems] Loading plugin UnityOpenXR for subsystem OpenXR Display...
[XR] [26600] [00:38:44.066][Info   ] Available Layers: (1)
[OVRPlugin][INFO] UnityPluginLoad called
[OVRPlugin][INFO] UnityOpenXR_SetClientVersion(1, 205, 0) called
[OVRPlugin][INFO] ovrp_UnityOpenXR_HookGetInstanceProcAddr(00007FFE4B48835A)
[OVRPlugin][INFO] [CompositorOpenXR::SetExternalXrGetInstanceProcAddr] xrGetInstanceProcAddr set to 00007FFE4B48835A. All OpenXR API Entires unbound.
[OVRPlugin][INFO] CompositorOpenXR::PreInitialize(activity = 0000000000000000, apiType = 0, preinitializeFlags=0x1)
[OVRPlugin][INFO] Support Non-Oculus runtime: NO
[OVRPlugin][INFO] Use Alpha Blend Factors: NO
[OVRPlugin][INFO] RetryHMDConnection: YES
[OVRPlugin][INFO]  -- Set xrGetInstanceProcAddr to external function pointer
[OVRPlugin][INFO] Available Layers: (1)
[OVRPlugin][INFO]   Name=XR_APILAYER_METAX_operator SpecVersion=1.1.0 LayerVersion=1 Description=API layer that providing agentic interface for OpenXR
[OVRPlugin][INFO]     Available Extensions: (1)
[OVRPlugin][INFO]      Name=XR_METAX1_agentic_external_tool SpecVersion=1
[OVRPlugin][INFO] Preinitialize: xrCreateInstance() succeeded
[OVRPlugin][INFO] OpenXR runtime name: Oculus, version 1.207.0
[OVRPlugin][INFO] xrGetSystem() retry 1 failed
[OVRPlugin][INFO] xrGetSystem() retry 2 failed
[OVRPlugin][INFO] xrGetSystem() retry 3 failed
[OVRPlugin][INFO] xrGetSystem() retry 4 failed
[OVRPlugin][INFO] xrGetSystem() retry 5 failed
[OVRPlugin][INFO] xrGetSystem() failed, which might be caused by a temporarly HMD connectivity issue. xrInstance to be destroyed
[OVRPlugin][INFO] ProfilerSystem: verbose mode 0
[OVRPlugin][INFO] OVRPlugin 1.205.0 ... preinitialized
[OVRPlugin][INFO] Func_xrGetInstanceProcAddr: override xrCreateInstance
[OVRPlugin][INFO] Func_xrCreateInstance(000002163D602280)
[OVRPlugin][INFO] OpenXR Loader Version 1.1.59
[OVRPlugin][INFO] Unity Requested Extensions (70):
[OVRPlugin][INFO] Available Extensions: (91)
[OVRPlugin][INFO]  Name=XR_METAX1_agentic_external_tool SpecVersion=1
[OVRPlugin][INFO]  Name=XR_KHR_D3D11_enable SpecVersion=11
[OVRPlugin][INFO]  Name=XR_KHR_vulkan_enable SpecVersion=10
[OVRPlugin][INFO]  Name=XR_KHR_composition_layer_depth SpecVersion=6
[OVRPlugin][INFO]  Name=XR_KHR_convert_timespec_time SpecVersion=1
[OVRPlugin][INFO]  Name=XR_KHR_composition_layer_cube SpecVersion=8
[OVRPlugin][INFO]  Name=XR_KHR_composition_layer_cylinder SpecVersion=4
[OVRPlugin][INFO]  Name=XR_KHR_visibility_mask SpecVersion=2
[OVRPlugin][INFO]  Name=XR_KHR_composition_layer_color_scale_bias SpecVersion=5
[OVRPlugin][INFO]  Name=XR_EXT_debug_utils SpecVersion=5
[OVRPlugin][INFO]  Name=XR_OCULUS_audio_device_guid SpecVersion=1
[OVRPlugin][INFO]  Name=XR_FB_color_space SpecVersion=3
[OVRPlugin][INFO]  Name=XR_FB_display_refresh_rate SpecVersion=1
[OVRPlugin][INFO]  Name=XR_META_performance_metrics SpecVersion=2
[OVRPlugin][INFO]  Name=XR_META_headset_id SpecVersion=2
[OVRPlugin][INFO]  Name=XR_EXT_hand_interaction SpecVersion=2
[OVRPlugin][INFO]  Name=XR_EXT_hand_tracking SpecVersion=4
[OVRPlugin][INFO]  Name=XR_FB_hand_tracking_mesh SpecVersion=3
[OVRPlugin][INFO]  Name=XR_META_simultaneous_hands_and_controllers SpecVersion=1
[OVRPlugin][INFO]  Name=XR_FB_hand_tracking_aim SpecVersion=2
[OVRPlugin][INFO]  Name=XR_FB_hand_tracking_capsules SpecVersion=3
[OVRPlugin][INFO]  Name=XR_EXT_hand_tracking_data_source SpecVersion=1
[OVRPlugin][INFO]  Name=XR_META_hand_tracking_microgestures SpecVersion=1
[OVRPlugin][INFO]  Name=XR_EXTX2_stationary_reference_space SpecVersion=1
[OVRPlugin][INFO]  Name=XR_FB_body_tracking SpecVersion=1
[OVRPlugin][INFO]  Name=XR_META_body_tracking_full_body SpecVersion=1
[OVRPlugin][INFO]  Name=XR_META_body_tracking_fidelity SpecVersion=1
[OVRPlugin][INFO]  Name=XR_META_body_tracking_calibration SpecVersion=1
[OVRPlugin][INFO]  Name=XR_FB_passthrough SpecVersion=5
[OVRPlugin][INFO]  Name=XR_META_passthrough_layer_resumed_event SpecVersion=1
[OVRPlugin][INFO]  Name=XR_FB_triangle_mesh SpecVersion=2
[OVRPlugin][INFO]  Name=XR_META_passthrough_color_lut SpecVersion=1
[OVRPlugin][INFO]  Name=XR_META_passthrough_preferences SpecVersion=1
[OVRPlugin][INFO]  Name=XR_FB_render_model SpecVersion=4
[OVRPlugin][INFO]  Name=XR_FB_spatial_entity_container SpecVersion=2
[OVRPlugin][INFO]  Name=XR_FB_scene SpecVersion=4
[OVRPlugin][INFO]  Name=XR_FB_spatial_entity SpecVersion=3
[OVRPlugin][INFO]  Name=XR_FB_spatial_entity_storage SpecVersion=1
[OVRPlugin][INFO]  Name=XR_FB_spatial_entity_query SpecVersion=1
[OVRPlugin][INFO]  Name=XR_FB_spatial_entity_user SpecVersion=1
[OVRPlugin][INFO]  Name=XR_FB_spatial_entity_storage_batch SpecVersion=1
[OVRPlugin][INFO]  Name=XR_FB_spatial_entity_sharing SpecVersion=1
[OVRPlugin][INFO]  Name=XR_META_spatial_entity_persistence SpecVersion=1
[OVRPlugin][INFO]  Name=XR_META_spatial_entity_discovery SpecVersion=1
[OVRPlugin][INFO]  Name=XR_META_spatial_entity_group_sharing SpecVersion=1
[OVRPlugin][INFO]  Name=XR_META_spatial_entity_mesh SpecVersion=1
[OVRPlugin][INFO]  Name=XR_META_spatial_entity_room_mesh SpecVersion=1
[OVRPlugin][INFO]  Name=XR_META_spatial_entity_sharing SpecVersion=1
[OVRPlugin][INFO]  Name=XR_METAX1_spatial_entity_marker SpecVersion=1
[OVRPlugin][INFO]  Name=XR_EXT_spatial_entity SpecVersion=1
[OVRPlugin][INFO]  Name=XR_EXT_spatial_marker_tracking SpecVersion=1
[OVRPlugin][INFO]  Name=XR_META_boundary_visibility SpecVersion=1
[OVRPlugin][INFO]  Name=XR_META_colocation_discovery SpecVersion=1
[OVRPlugin][INFO]  Name=XR_META_dynamic_object_tracker SpecVersion=1
[OVRPlugin][INFO]  Name=XR_META_dynamic_object_keyboard SpecVersion=1
[OVRPlugin][INFO]  Name=XR_META_environment_raycast SpecVersion=1
[OVRPlugin][INFO]  Name=XR_METAX1_passthrough_camera_data SpecVersion=1
[OVRPlugin][INFO]  Name=XR_META_virtual_keyboard SpecVersion=1
[OVRPlugin][INFO]  Name=XR_EXT_local_floor SpecVersion=1
[OVRPlugin][INFO]  Name=XR_EXT_future SpecVersion=2
[OVRPlugin][INFO]  Name=XR_FB_haptic_amplitude_envelope SpecVersion=1
[OVRPlugin][INFO]  Name=XR_FB_haptic_pcm SpecVersion=1
[OVRPlugin][INFO]  Name=XR_FB_touch_controller_pro SpecVersion=1
[OVRPlugin][INFO]  Name=XR_META_touch_controller_plus SpecVersion=1
[OVRPlugin][INFO]  Name=XR_FB_touch_controller_proximity SpecVersion=1
[OVRPlugin][INFO]  Name=XR_META_detached_controllers SpecVersion=1
[OVRPlugin][INFO]  Name=XR_LOGITECH_mx_ink_stylus_interaction SpecVersion=1
[OVRPlugin][INFO]  Name=XR_EXTX1_haptic_parametric SpecVersion=1
[OVRPlugin][INFO]  Name=XR_METAX2_debug_utils_region_profiling SpecVersion=1
[OVRPlugin][INFO]  Name=XR_METAX3_debug_utils_region_profiling SpecVersion=1
[OVRPlugin][INFO] Unavailable OpenXR extension: XR_KHR_D3D12_enable
[OVRPlugin][INFO] Unavailable OpenXR extension: XR_EXT_performance_settings
[OVRPlugin][INFO] Unavailable OpenXR extension: XR_FB_swapchain_update_state
[OVRPlugin][INFO] Unavailable OpenXR extension: XR_FB_swapchain_update_state_vulkan
[OVRPlugin][INFO] Unavailable OpenXR extension: XR_FB_foveation
[OVRPlugin][INFO] Unavailable OpenXR extension: XR_FB_foveation_configuration
[OVRPlugin][INFO] Unavailable OpenXR extension: XR_FB_foveation_vulkan
[OVRPlugin][INFO] Unavailable OpenXR extension: XR_META_vulkan_swapchain_create_info
[OVRPlugin][INFO] Unavailable OpenXR extension: XR_META_foveation_eye_tracked
[OVRPlugin][INFO] Unavailable OpenXR extension: XR_FB_composition_layer_image_layout
[OVRPlugin][INFO] Unavailable OpenXR extension: XR_KHR_composition_layer_equirect2
[OVRPlugin][INFO] Unavailable OpenXR extension: XR_FB_passthrough_keyboard_hands
[OVRPlugin][INFO] Unavailable OpenXR extension: XR_OCULUS_external_camera
[OVRPlugin][INFO] Unavailable OpenXR extension: XR_FB_common_events
[OVRPlugin][INFO] Unavailable OpenXR extension: XR_FB_keyboard_tracking
[OVRPlugin][INFO] Unavailable OpenXR extension: XR_EXT_hand_joints_motion_range
[OVRPlugin][INFO] Unavailable OpenXR extension: XR_META_hand_tracking_wide_motion_mode
[OVRPlugin][INFO] Unavailable OpenXR extension: XR_META_hand_tracking_unextrapolated_poses
[OVRPlugin][INFO] Unavailable OpenXR extension: XR_META_hand_tracking_wide_motion_mode2
[OVRPlugin][INFO] Unavailable OpenXR extension: XR_FB_face_tracking
[OVRPlugin][INFO] Unavailable OpenXR extension: XR_FB_face_tracking2
[OVRPlugin][INFO] Unavailable OpenXR extension: XR_META_face_tracking_convert_pose_between_spaces' tool
[90m2026-09-19 00:38:35[0m [MetaXROperator] [32m[INFO][0m AgenticLayerXrDestroyInstance called
[90m2026-09-19 00:38:43[0m [MetaXROperator] [32m[INFO][0m Telemetry session closed
[90m2026-09-19 00:38:43[0m [MetaXROperator] [32m[INFO][0m Telemetry shut down
[90m2026-09-19 00:38:43[0m [MetaXROperator] [32m[INFO][0m Destroying Agentic MCP Server...
[90m2026-09-19 00:38:43[0m [MetaXROperator] [32m[INFO][0m MCP Server stopped successfully
[90m2026-09-19 00:38:43[0m [MetaXROperator] [32m[INFO][0m AgenticLayerXrDestroyInstance succeeded
[90m2026-09-19 00:38:44[0m [MetaXROperator] [32m[INFO][0m Agentic XR API layer negotiation started
[90m2026-09-19 00:38:44[0m [MetaXROperator] [32m[INFO][0m Agentic XR API layer initialized
[MetaXROperator] file logging enabled: C:\Users\GARV BANSAL\AppData\Local\meta-xr-operator\Logs\api_layer_2026-09-19_00-38-44-071_17848\api_layer.log
[MetaXRFeature] OpenXR runtime supports XR_META_headset_id extension. MetaXRFeature is enabled.
UnityEngine.Debug:ExtractStackTraceNoAlloc (byte*,int,string)
UnityEngine.StackTraceUtility:ExtractStackTrace ()
UnityEngine.DebugLogHandler:Internal_Log (UnityEngine.LogType,UnityEngine.LogOption,string,UnityEngine.Object)
UnityEngine.DebugLogHandler:LogFormat (UnityEngine.LogType,UnityEngine.Object,string,object[])
UnityEngine.Logger:Log (UnityEngine.LogType,object)
UnityEngine.Debug:Log (object)
Meta.XR.MetaXRFeature:OnInstanceCreate (ulong) (at ./Library/PackageCache/com.meta.xr.sdk.core@4ea2676097b9/Scripts/OpenXRFeatures/MetaXRFeature.cs:299)
UnityEngine.XR.OpenXR.Features.OpenXRFeature:ReceiveNativeEvent (UnityEngine.XR.OpenXR.Features.OpenXRFeature/NativeEvent,ulong) (at ./Library/PackageCache/com.unity.xr.openxr@ef0033a586bf/Runtime/Features/OpenXRFeature.cs:698)
UnityEngine.XR.OpenXR.OpenXRLoaderBase:ReceiveNativeEvent (UnityEngine.XR.OpenXR.Features.OpenXRFeature/NativeEvent,ulong) (at ./Library/PackageCache/com.unity.xr.openxr@ef0033a586bf/Runtime/OpenXRLoader.cs:707)
UnityEngine.IntegratedSubsystemDescriptor`1<UnityEngine.XR.XRDisplaySubsystem>:Create ()
UnityEngine.IntegratedSubsystemDescriptor`1<UnityEngine.XR.XRDisplaySubsystem>:CreateImpl ()
UnityEngine.IntegratedSubsystemDescriptor:UnityEngine.ISubsystemDescriptor.Create ()
UnityEngine.XR.Management.XRLoaderHelper:CreateSubsystem<UnityEngine.XR.XRDisplaySubsystemDescriptor, UnityEngine.XR.XRDisplaySubsystem> (System.Collections.Generic.List`1<UnityEngine.XR.XRDisplaySubsystemDescriptor>,string) (at ./Library/PackageCache/com.unity.xr.management@20be87dea580/Runtime/XRLoaderHelper.cs:118)
UnityEngine.XR.OpenXR.OpenXRLoaderBase:CreateSubsystem<UnityEngine.XR.XRDisplaySubsystemDescriptor, UnityEngine.XR.XRDisplaySubsystem> (System.Collections.Generic.List`1<UnityEngine.XR.XRDisplaySubsystemDescriptor>,string) (at ./Library/PackageCache/com.unity.xr.openxr@ef0033a586bf/Runtime/OpenXRLoader.cs:511)
UnityEngine.XR.OpenXR.OpenXRLoaderBase:CreateSubsystems () (at ./Library/PackageCache/com.unity.xr.openxr@ef0033a586bf/Runtime/OpenXRLoader.cs:291)
UnityEngine.XR.OpenXR.OpenXRLoaderBase:InitializeInternal () (at ./Library/PackageCache/com.unity.xr.openxr@ef0033a586bf/Runtime/OpenXRLoader.cs:264)
UnityEngine.XR.OpenXR.OpenXRLoaderBase:Initialize () (at ./Library/PackageCache/com.unity.xr.openxr@ef0033a586bf/Runtime/OpenXRLoader.cs:205)
UnityEngine.XR.Management.XRManagerSettings:InitializeLoaderSync () (at ./Library/PackageCache/com.unity.xr.management@20be87dea580/Runtime/XRManagerSettings.cs:190)
UnityEngine.XR.Management.XRGeneralSettings:InitXRSDK () (at ./Library/PackageCache/com.unity.xr.management@20be87dea580/Runtime/XRGeneralSettings.cs:175)
UnityEngine.XR.Management.XRGeneralSettings:AttemptInitializeXRSDKOnLoad () (at ./Library/PackageCache/com.unity.xr.management@20be87dea580/Runtime/XRGeneralSettings.cs:148)

(Filename: ./Library/PackageCache/com.meta.xr.sdk.core@4ea2676097b9/Scripts/OpenXRFeatures/MetaXRFeature.cs Line: 299)

[MetaXRFeature] OnInstanceCreate: 1
UnityEngine.Debug:ExtractStackTraceNoAlloc (byte*,int,string)
UnityEngine.StackTraceUtility:ExtractStackTrace ()
UnityEngine.DebugLogHandler:Internal_Log (UnityEngine.LogType,UnityEngine.LogOption,string,UnityEngine.Object)
UnityEngine.DebugLogHandler:LogFormat (UnityEngine.LogType,UnityEngine.Object,string,object[])
UnityEngine.Logger:Log (UnityEngine.LogType,object)
UnityEngine.Debug:Log (object)
Meta.XR.MetaXRFeature:OnInstanceCreate (ulong) (at ./Library/PackageCache/com.meta.xr.sdk.core@4ea2676097b9/Scripts/OpenXRFeatures/MetaXRFeature.cs:315)
UnityEngine.XR.OpenXR.Features.OpenXRFeature:ReceiveNativeEvent (UnityEngine.XR.OpenXR.Features.OpenXRFeature/NativeEvent,ulong) (at ./Library/PackageCache/com.unity.xr.openxr@ef0033a586bf/Runtime/Features/OpenXRFeature.cs:698)
UnityEngine.XR.OpenXR.OpenXRLoaderBase:ReceiveNativeEvent (UnityEngine.XR.OpenXR.Features.OpenXRFeature/NativeEvent,ulong) (at ./Library/PackageCache/com.unity.xr.openxr@ef0033a586bf/Runtime/OpenXRLoader.cs:707)
UnityEngine.IntegratedSubsystemDescriptor`1<UnityEngine.XR.XRDisplaySubsystem>:Create ()
UnityEngine.IntegratedSubsystemDescriptor`1<UnityEngine.XR.XRDisplaySubsystem>:CreateImpl ()
UnityEngine.IntegratedSubsystemDescriptor:UnityEngine.ISubsystemDescriptor.Create ()
UnityEngine.XR.Management.XRLoaderHelper:CreateSubsystem<UnityEngine.XR.XRDisplaySubsystemDescriptor, UnityEngine.XR.XRDisplaySubsystem> (System.Collections.Generic.List`1<UnityEngine.XR.XRDisplaySubsystemDescriptor>,string) (at ./Library/PackageCache/com.unity.xr.management@20be87dea580/Runtime/XRLoaderHelper.cs:118)
UnityEngine.XR.OpenXR.OpenXRLoaderBase:CreateSubsystem<UnityEngine.XR.XRDisplaySubsystemDescriptor, UnityEngine.XR.XRDisplaySubsystem> (System.Collections.Generic.List`1<UnityEngine.XR.XRDisplaySubsystemDescriptor>,string) (at ./Library/PackageCache/com.unity.xr.openxr@ef0033a586bf/Runtime/OpenXRLoader.cs:511)
UnityEngine.XR.OpenXR.OpenXRLoaderBase:CreateSubsystems () (at ./Library/PackageCache/com.unity.xr.openxr@ef0033a586bf/Runtime/OpenXRLoader.cs:291)
UnityEngine.XR.OpenXR.OpenXRLoaderBase:InitializeInternal () (at ./Library/PackageCache/com.unity.xr.openxr@ef0033a586bf/Runtime/OpenXRLoader.cs:264)
UnityEngine.XR.OpenXR.OpenXRLoaderBase:Initialize () (at ./Library/PackageCache/com.unity.xr.openxr@ef0033a586bf/Runtime/OpenXRLoader.cs:205)
UnityEngine.XR.Management.XRManagerSettings:InitializeLoaderSync () (at ./Library/PackageCache/com.unity.xr.management@20be87dea580/Runtime/XRManagerSettings.cs:190)
UnityEngine.XR.Management.XRGeneralSettings:InitXRSDK () (at ./Library/PackageCache/com.unity.xr.management@20be87dea580/Runtime/XRGeneralSettings.cs:175)
UnityEngine.XR.Management.XRGeneralSettings:AttemptInitializeXRSDKOnLoad () (at ./Library/PackageCache/com.unity.xr.management@20be87dea580/Runtime/XRGeneralSettings.cs:148)

(Filename: ./Library/PackageCache/com.meta.xr.sdk.core@4ea2676097b9/Scripts/OpenXRFeatures/MetaXRFeature.cs Line: 315)

[OVRPlugin][ERROR] [XRCMD][failure] [XR_ERROR_FORM_FACTOR_UNAVAILABLE]: xrGetSystem(instance, &systemGetInfo, &systemId), arvr\projects\integrations\OVRPlugin\Src\Util\CompositorOpenXR.cpp:2964
 (arvr\projects\integrations\OVRPlugin\Src\Util/CompositorOpenXR.h:311)[OVRPlugin][ERROR] [XRCMD][failure] [XR_ERROR_FORM_FACTOR_UNAVAILABLE]: xrGetSystem(instance, &systemGetInfo, &systemId), arvr\projects\integrations\OVRPlugin\Src\Util\CompositorOpenXR.cpp:2973
 (arvr\projects\integrations\OVRPlugin\Src\Util/CompositorOpenXR.h:311)[OVRPlugin][ERROR] [XRCMD][failure] [XR_ERROR_FORM_FACTOR_UNAVAILABLE]: xrGetSystem(instance, &systemGetInfo, &systemId), arvr\projects\integrations\OVRPlugin\Src\Util\CompositorOpenXR.cpp:2973
 (arvr\projects\integrations\OVRPlugin\Src\Util/CompositorOpenXR.h:311)[OVRPlugin][ERROR] [XRCMD][failure] [XR_ERROR_FORM_FACTOR_UNAVAILABLE]: xrGetSystem(instance, &systemGetInfo, &systemId), arvr\projects\integrations\OVRPlugin\Src\Util\CompositorOpenXR.cpp:2973
 (arvr\projects\integrations\OVRPlugin\Src\Util/CompositorOpenXR.h:311)[OVRPlugin][ERROR] [XRCMD][failure] [XR_ERROR_FORM_FACTOR_UNAVAILABLE]: xrGetSystem(instance, &systemGetInfo, &systemId), arvr\projects\integrations\OVRPlugin\Src\Util\CompositorOpenXR.cpp:2973
 (arvr\projects\integrations\OVRPlugin\Src\Util/CompositorOpenXR.h:311)[OVRPlugin][ERROR] [XRCMD][failure] [XR_ERROR_FORM_FACTOR_UNAVAILABLE]: xrGetSystem(instance, &systemGetInfo, &systemId), arvr\projects\integrations\OVRPlugin\Src\Util\CompositorOpenXR.cpp:2973
 (arvr\projects\integrations\OVRPlugin\Src\Util/CompositorOpenXR.h:311)[OVRPlugin][ERROR] Plugin failed to initialize.
 (arvr\projects\integrations\OVRPlugin\Src\Util\CompositorOpenXR.cpp:1175)[OVRPlugin][ERROR] Unable to create compositor: -1006
 (arvr\projects\integrations\OVRPlugin\Src\OVR_Plugin_UnityOpenXR.cpp:186)[MetaXRFeature] OnInstanceCreate returned an error. If you are using Quest Link, please verify if it's started.
UnityEngine.Debug:ExtractStackTraceNoAlloc (byte*,int,string)
UnityEngine.StackTraceUtility:ExtractStackTrace ()
UnityEngine.DebugLogHandler:Internal_Log (UnityEngine.LogType,UnityEngine.LogOption,string,UnityEngine.Object)
UnityEngine.DebugLogHandler:LogFormat (UnityEngine.LogType,UnityEngine.Object,string,object[])
UnityEngine.Logger:Log (UnityEngine.LogType,object)
UnityEngine.Debug:LogWarning (object)
Meta.XR.MetaXRFeature:OnInstanceCreate (ulong) (at ./Library/PackageCache/com.meta.xr.sdk.core@4ea2676097b9/Scripts/OpenXRFeatures/MetaXRFeature.cs:319)
UnityEngine.XR.OpenXR.Features.OpenXRFeature:ReceiveNativeEvent (UnityEngine.XR.OpenXR.Features.OpenXRFeature/NativeEvent,ulong) (at ./Library/PackageCache/com.unity.xr.openxr@ef0033a586bf/Runtime/Features/OpenXRFeature.cs:698)
UnityEngine.XR.OpenXR.OpenXRLoaderBase:ReceiveNativeEvent (UnityEngine.XR.OpenXR.Features.OpenXRFeature/NativeEvent,ulong) (at ./Library/PackageCache/com.unity.xr.openxr@ef0033a586bf/Runtime/OpenXRLoader.cs:707)
UnityEngine.IntegratedSubsystemDescriptor`1<UnityEngine.XR.XRDisplaySubsystem>:Create ()
UnityEngine.IntegratedSubsystemDescriptor`1<UnityEngine.XR.XRDisplaySubsystem>:CreateImpl ()
UnityEngine.IntegratedSubsystemDescriptor:UnityEngine.ISubsystemDescriptor.Create ()
UnityEngine.XR.Management.XRLoaderHelper:CreateSubsystem<UnityEngine.XR.XRDisplaySubsystemDescriptor, UnityEngine.XR.XRDisplaySubsystem> (System.Collections.Generic.List`1<UnityEngine.XR.XRDisplaySubsystemDescriptor>,string) (at ./Library/PackageCache/com.unity.xr.management@20be87dea580/Runtime/XRLoaderHelper.cs:118)
UnityEngine.XR.OpenXR.OpenXRLoaderBase:CreateSubsystem<UnityEngine.XR.XRDisplaySubsystemDescriptor, UnityEngine.XR.XRDisplaySubsystem> (System.Collections.Generic.List`1<UnityEngine.XR.XRDisplaySubsystemDescriptor>,string) (at ./Library/PackageCache/com.unity.xr.openxr@ef0033a586bf/Runtime/OpenXRLoader.cs:511)
UnityEngine.XR.OpenXR.OpenXRLoaderBase:CreateSubsystems () (at ./Library/PackageCache/com.unity.xr.openxr@ef0033a586bf/Runtime/OpenXRLoader.cs:291)
UnityEngine.XR.OpenXR.OpenXRLoaderBase:InitializeInternal () (at ./Library/PackageCache/com.unity.xr.openxr@ef0033a586bf/Runtime/OpenXRLoader.cs:264)
UnityEngine.XR.OpenXR.OpenXRLoaderBase:Initialize () (at ./Library/PackageCache/com.unity.xr.openxr@ef0033a586bf/Runtime/OpenXRLoader.cs:205)
UnityEngine.XR.Management.XRManagerSettings:InitializeLoaderSync () (at ./Library/PackageCache/com.unity.xr.management@20be87dea580/Runtime/XRManagerSettings.cs:190)
UnityEngine.XR.Management.XRGeneralSettings:InitXRSDK () (at ./Library/PackageCache/com.unity.xr.management@20be87dea580/Runtime/XRGeneralSettings.cs:175)
UnityEngine.XR.Management.XRGeneralSettings:AttemptInitializeXRSDKOnLoad () (at ./Library/PackageCache/com.unity.xr.management@20be87dea580/Runtime/XRGeneralSettings.cs:148)

(Filename: ./Library/PackageCache/com.meta.xr.sdk.core@4ea2676097b9/Scripts/OpenXRFeatures/MetaXRFeature.cs Line: 319)

[MetaXRFeature]: ErrorFormFactorUnavailable xrGetSystem
UnityEngine.Debug:ExtractStackTraceNoAlloc (byte*,int,string)
UnityEngine.StackTraceUtility:ExtractStackTrace ()
UnityEngine.DebugLogHandler:Internal_Log (UnityEngine.LogType,UnityEngine.LogOption,string,UnityEngine.Object)
UnityEngine.DebugLogHandler:LogFormat (UnityEngine.LogType,UnityEngine.Object,string,object[])
UnityEngine.Logger:LogFormat (UnityEngine.LogType,string,object[])
UnityEngine.Debug:LogErrorFormat (string,object[])
Meta.XR.Extensions:LogErrorFormat (string,object) (at ./Library/PackageCache/com.meta.xr.sdk.core@4ea2676097b9/Scripts/OpenXRFeatures/XrResult.cs:205)
Meta.XR.Extensions:OrLogFormat (Meta.XR.XrResult,string) (at ./Library/PackageCache/com.meta.xr.sdk.core@4ea2676097b9/Scripts/OpenXRFeatures/XrResult.cs:269)
Meta.XR.MetaXRFeature:BindFunctionPointers () (at ./Library/PackageCache/com.meta.xr.sdk.core@4ea2676097b9/Scripts/OpenXRFeatures/MetaXRFeature.cs:423)
Meta.XR.MetaFeatureBase`1<Meta.XR.MetaXRFeature>:OnInstanceCreate (ulong) (at ./Library/PackageCache/com.meta.xr.sdk.core@4ea2676097b9/Scripts/OpenXRFeatures/MetaFeatureBase.cs:134)
Meta.XR.MetaXRFeature:OnInstanceCreate (ulong) (at ./Library/PackageCache/com.meta.xr.sdk.core@4ea2676097b9/Scripts/OpenXRFeatures/MetaXRFeature.cs:321)
UnityEngine.XR.OpenXR.Features.OpenXRFeature:ReceiveNativeEvent (UnityEngine.XR.OpenXR.Features.OpenXRFeature/NativeEvent,ulong) (at ./Library/PackageCache/com.unity.xr.openxr@ef0033a586bf/Runtime/Features/OpenXRFeature.cs:698)
UnityEngine.XR.OpenXR.OpenXRLoaderBase:ReceiveNativeEvent (UnityEngine.XR.OpenXR.Features.OpenXRFeature/NativeEvent,ulong) (at ./Library/PackageCache/com.unity.xr.openxr@ef0033a586bf/Runtime/OpenXRLoader.cs:707)
UnityEngine.IntegratedSubsystemDescriptor`1<UnityEngine.XR.XRDisplaySubsystem>:Create ()
UnityEngine.IntegratedSubsystemDescriptor`1<UnityEngine.XR.XRDisplaySubsystem>:CreateImpl ()
UnityEngine.IntegratedSubsystemDescriptor:UnityEngine.ISubsystemDescriptor.Create ()
UnityEngine.XR.Management.XRLoaderHelper:CreateSubsystem<UnityEngine.XR.XRDisplaySubsystemDescriptor, UnityEngine.XR.XRDisplaySubsystem> (System.Collections.Generic.List`1<UnityEngine.XR.XRDisplaySubsystemDescriptor>,string) (at ./Library/PackageCache/com.unity.xr.management@20be87dea580/Runtime/XRLoaderHelper.cs:118)
UnityEngine.XR.OpenXR.OpenXRLoaderBase:CreateSubsystem<UnityEngine.XR.XRDisplaySubsystemDescriptor, UnityEngine.XR.XRDisplaySubsystem> (System.Collections.Generic.List`1<UnityEngine.XR.XRDisplaySubsystemDescriptor>,string) (at ./Library/PackageCache/com.unity.xr.openxr@ef0033a586bf/Runtime/OpenXRLoader.cs:511)
UnityEngine.XR.OpenXR.OpenXRLoaderBase:CreateSubsystems () (at ./Library/PackageCache/com.unity.xr.openxr@ef0033a586bf/Runtime/OpenXRLoader.cs:291)
UnityEngine.XR.OpenXR.OpenXRLoaderBase:InitializeInternal () (at ./Library/PackageCache/com.unity.xr.openxr@ef0033a586bf/Runtime/OpenXRLoader.cs:264)
UnityEngine.XR.OpenXR.OpenXRLoaderBase:Initialize () (at ./Library/PackageCache/com.unity.xr.openxr@ef0033a586bf/Runtime/OpenXRLoader.cs:205)
UnityEngine.XR.Management.XRManagerSettings:InitializeLoaderSync () (at ./Library/PackageCache/com.unity.xr.management@20be87dea580/Runtime/XRManagerSettings.cs:190)
UnityEngine.XR.Management.XRGeneralSettings:InitXRSDK () (at ./Library/PackageCache/com.unity.xr.management@20be87dea580/Runtime/XRGeneralSettings.cs:175)
UnityEngine.XR.Management.XRGeneralSettings:AttemptInitializeXRSDKOnLoad () (at ./Library/PackageCache/com.unity.xr.management@20be87dea580/Runtime/XRGeneralSettings.cs:148)

(Filename: ./Library/PackageCache/com.meta.xr.sdk.core@4ea2676097b9/Scripts/OpenXRFeatures/XrResult.cs Line: 205)

ErrorFunctionUnsupported: xrGetInstanceProcAddr failed to get function pointer for 'xrRequestSceneCaptureFB'.
UnityEngine.Debug:ExtractStackTraceNoAlloc (byte*,int,string)
UnityEngine.StackTraceUtility:ExtractStackTrace ()
UnityEngine.DebugLogHandler:Internal_Log (UnityEngine.LogType,UnityEngine.LogOption,string,UnityEngine.Object)
UnityEngine.DebugLogHandler:LogFormat (UnityEngine.LogType,UnityEngine.Object,string,object[])
UnityEngine.Logger:Log (UnityEngine.LogType,object)
UnityEngine.Debug:LogWarning (object)
Meta.XR.OpenXRNativeFuncs:GetInstanceDelegate<Meta.XR.OpenXRNativeFuncs/xrRequestSceneCaptureFB> (Meta.XR.OpenXRNativeFuncs/xrGetInstanceProcAddr,Meta.XR.XrInstance,string,Meta.XR.OpenXRNativeFuncs/xrRequestSceneCaptureFB&) (at ./Library/PackageCache/com.meta.xr.sdk.core@4ea2676097b9/Scripts/OpenXRFeatures/OpenXRNativeFuncs.cs:64)
Meta.XR.MetaFeatureBase`1<Meta.XR.MetaXRFeature>:GetInstanceDelegate<Meta.XR.OpenXRNativeFuncs/xrRequestSceneCaptureFB> (string,Meta.XR.OpenXRNativeFuncs/xrRequestSceneCaptureFB&) (at ./Library/PackageCache/com.meta.xr.sdk.core@4ea2676097b9/Scripts/OpenXRFeatures/MetaFeatureBase.cs:182)
Meta.XR.MetaXRFeature:BindSpatialEntityFunctionPointers () (at ./Library/PackageCache/com.meta.xr.sdk.core@4ea2676097b9/Scripts/OpenXRFeatures/MetaXRSpatialEntityFeature.cs:63)
Meta.XR.MetaXRFeature:BindFunctionPointers () (at ./Library/PackageCache/com.meta.xr.sdk.core@4ea2676097b9/Scripts/OpenXRFeatures/MetaXRFeature.cs:501)
Meta.XR.MetaFeatureBase`1<Meta.XR.MetaXRFeature>:OnInstanceCreate (ulong) (at ./Library/PackageCache/com.meta.xr.sdk.core@4ea2676097b9/Scripts/OpenXRFeatures/MetaFeatureBase.cs:134)
Meta.XR.MetaXRFeature:OnInstanceCreate (ulong) (at ./Library/PackageCache/com.meta.xr.sdk.core@4ea2676097b9/Scripts/OpenXRFeatures/MetaXRFeature.cs:321)
UnityEngine.XR.OpenXR.Features.OpenXRFeature:ReceiveNativeEvent (UnityEngine.XR.OpenXR.Features.OpenXRFeature/NativeEvent,ulong) (at ./Library/PackageCache/com.unity.xr.openxr@ef0033a586bf/Runtime/Features/OpenXRFeature.cs:698)
UnityEngine.XR.OpenXR.OpenXRLoaderBase:ReceiveNativeEvent (UnityEngine.XR.OpenXR.Features.OpenXRFeature/NativeEvent,ulong) (at ./Library/PackageCache/com.unity.xr.openxr@ef0033a586bf/Runtime/OpenXRLoader.cs:707)
UnityEngine.IntegratedSubsystemDescriptor`1<UnityEngine.XR.XRDisplaySubsystem>:Create ()
UnityEngine.IntegratedSubsystemDescriptor`1<UnityEngine.XR.XRDisplaySubsystem>:CreateImpl ()
UnityEngine.IntegratedSubsystemDescriptor:UnityEngine.ISubsystemDescriptor.Create ()
UnityEngine.XR.Management.XRLoaderHelper:CreateSubsystem<UnityEngine.XR.XRDisplaySubsystemDescriptor, UnityEngine.XR.XRDisplaySubsystem> (System.Collections.Generic.List`1<UnityEngine.XR.XRDisplaySubsystemDescriptor>,string) (at ./Library/PackageCache/com.unity.xr.management@20be87dea580/Runtime/XRLoaderHelper.cs:118)
UnityEngine.XR.OpenXR.OpenXRLoaderBase:CreateSubsystem<UnityEngine.XR.XRDisplaySubsystemDescriptor, UnityEngine.XR.XRDisplaySubsystem> (System.Collections.Generic.List`1<UnityEngine.XR.XRDisplaySubsystemDescriptor>,string) (at ./Library/PackageCache/com.unity.xr.openxr@ef0033a586bf/Runtime/OpenXRLoader.cs:511)
UnityEngine.XR.OpenXR.OpenXRLoaderBase:CreateSubsystems () (at ./Library/PackageCache/com.unity.xr.openxr@ef0033a586bf/Runtime/OpenXRLoader.cs:291)
UnityEngine.XR.OpenXR.OpenXRLoaderBase:InitializeInternal () (at ./Library/PackageCache/com.unity.xr.openxr@ef0033a586bf/Runtime/OpenXRLoader.cs:264)
UnityEngine.XR.OpenXR.OpenXRLoaderBase:Initialize () (at ./Library/PackageCache/com.unity.xr.openxr@ef0033a586bf/Runtime/OpenXRLoader.cs:205)
UnityEngine.XR.Management.XRManagerSettings:InitializeLoaderSync () (at ./Library/PackageCache/com.unity.xr.management@20be87dea580/Runtime/XRManagerSettings.cs:190)
UnityEngine.XR.Management.XRGeneralSettings:InitXRSDK () (at ./Library/PackageCache/com.unity.xr.management@20be87dea580/Runtime/XRGeneralSettings.cs:175)
UnityEngine.XR.Management.XRGeneralSettings:AttemptInitializeXRSDKOnLoad () (at ./Library/PackageCache/com.unity.xr.management@20be87dea580/Runtime/XRGeneralSettings.cs:148)

(Filename: ./Library/PackageCache/com.meta.xr.sdk.core@4ea2676097b9/Scripts/OpenXRFeatures/OpenXRNativeFuncs.cs Line: 64)

[XR] [26600] [00:38:49.131][Error  ] xrGetSystem: XR_ERROR_FORM_FACTOR_UNAVAILABLE
[XR] [26600] [00:38:49.132][Info   ] 

==== Start Unity OpenXR Diagnostic Report ====


[XR] [26600] [00:38:49.132][Info   ] ==== Report Reason: Uncaught Exception ====


[XR] [26600] [00:38:49.132][Info   ] ==== OpenXR Settings ====
[XR] [26600] [00:38:49.132][Info   ] 
[XR] [26600] [00:38:49.132][Info   ] Symmetric Projection: False
[XR] [26600] [00:38:49.132][Info   ] Stereo Rendering Mode: SinglePassInstanced
[XR] [26600] [00:38:49.132][Info   ] Latency Optimization: PrioritizeRendering
[XR] [26600] [00:38:49.132][Info   ] Color Submission Modes: kRenderTextureFormatGroup8888
[XR] [26600] [00:38:49.132][Info   ] Depth Submission Mode: None
[XR] [26600] [00:38:49.132][Info   ] Space Warp Motion Vector Texture Format: RGBA16f
[XR] [26600] [00:38:49.132][Info   ] Optimize Buffer Discards: False
[XR] [26600] [00:38:49.132][Info   ] Multiview Render Regions Optimization Mode: None
[XR] [26600] [00:38:49.132][Info   ] Use OpenXR Predicted Time: False
[XR] [26600] [00:38:49.132][Info   ] Foveated Rendering API: Legacy
[XR] [26600] [00:38:49.132][Info   ] 
[XR] [26600] [00:38:49.132][Info   ] ==== OpenXR Provider Info ====
[XR] [26600] [00:38:49.132][Info   ] 
[XR] [26600] [00:38:49.132][Info   ] Provider Version: 1.16.0-18-gc7a9defb
[XR] [26600] [00:38:49.132][Info   ] App: OPUS #3118937138
[XR] [26600] [00:38:49.132][Info   ] Engine: 6000.4.6f1 #88105985
[XR] [26600] [00:38:49.132][Info   ] 
[XR] [26600] [00:38:49.132][Info   ] ==== OpenXR Runtime Info ====
[XR] [26600] [00:38:49.132][Info   ] 
[XR] [26600] [00:38:49.132][Info   ] Available Runtime Extensions: (91)
[XR] [26600] [00:38:49.132][Info   ]   XR_METAX1_agentic_external_tool: Version=1
[XR] [26600] [00:38:49.132][Info   ]   XR_KHR_D3D11_enable: Version=11
[XR] [26600] [00:38:49.132][Info   ]   XR_KHR_D3D12_enable: Version=11
[XR] [26600] [00:38:49.132][Info   ]   XR_KHR_opengl_enable: Version=12
[XR] [26600] [00:38:49.132][Info   ]   XR_KHR_vulkan_enable: Version=10
[XR] [26600] [00:38:49.132][Info   ]   XR_KHR_vulkan_enable2: Version=4
[XR] [26600] [00:38:49.132][Info   ]   XR_KHR_composition_layer_depth: Version=6
[XR] [26600] [00:38:49.132][Info   ]   XR_KHR_win32_convert_performance_counter_time: Version=1
[XR] [26600] [00:38:49.132][Info   ]   XR_KHR_convert_timespec_time: Version=1
[XR] [26600] [00:38:49.132][Info   ]   XR_KHR_composition_layer_cube: Version=8
[XR] [26600] [00:38:49.132][Info   ]   XR_KHR_composition_layer_cylinder: Version=4
[XR] [26600] [00:38:49.132][Info   ]   XR_KHR_composition_layer_equirect: Version=3
[XR] [26600] [00:38:49.132][Info   ]   XR_KHR_visibility_mask: Version=2
[XR] [26600] [00:38:49.132][Info   ]   XR_KHR_composition_layer_color_scale_bias: Version=5
[XR] [26600] [00:38:49.132][Info   ]   XR_KHR_maintenance1: Version=1
[XR] [26600] [00:38:49.132][Info   ]   XR_EXT_win32_appcontainer_compatible: Version=1
[XR] [26600] [00:38:49.132][Info   ]   XR_EXT_debug_utils: Version=5
[XR] [26600] [00:38:49.132][Info   ]   XR_OCULUS_recenter_event: Version=1
[XR] [26600] [00:38:49.132][Info   ]   XR_OCULUS_audio_device_guid: Version=1
[XR] [26600] [00:38:49.132][Info   ]   XR_FB_color_space: Version=3
[XR] [26600] [00:38:49.132][Info   ]   XR_FB_display_refresh_rate: Version=1
[XR] [26600] [00:38:49.132][Info   ]   XR_META_performance_metrics: Version=2
[XR] [26600] [00:38:49.132][Info   ]   XR_META_headset_id: Version=2
[XR] [26600] [00:38:49.132][Info   ]   XR_OCULUS_ovrsession_handle: Version=1
[XR] [26600] [00:38:49.132][Info   ]   XR_EXT_hand_interaction: Version=2
[XR] [26600] [00:38:49.132][Info   ]   XR_EXT_hand_tracking: Version=4
[XR] [26600] [00:38:49.132][Info   ]   XR_FB_hand_tracking_mesh: Version=3
[XR] [26600] [00:38:49.132][Info   ]   XR_META_simultaneous_hands_and_controllers: Version=1
[XR] [26600] [00:38:49.132][Info   ]   XR_FB_hand_tracking_aim: Version=2
[XR] [26600] [00:38:49.132][Info   ]   XR_FB_hand_tracking_capsules: Version=3
[XR] [26600] [00:38:49.132][Info   ]   XR_EXT_hand_tracking_data_source: Version=1
[XR] [26600] [00:38:49.132][Info   ]   XR_META_hand_tracking_microgestures: Version=1
[XR] [26600] [00:38:49.132][Info   ]   XR_EXTX2_stationary_reference_space: Version=1
[XR] [26600] [00:38:49.132][Info   ]   XR_FB_body_tracking: Version=1
[XR] [26600] [00:38:49.132][Info   ]   XR_META_body_tracking_full_body: Version=1
[XR] [26600] [00:38:49.132][Info   ]   XR_META_body_tracking_fidelity: Version=1
[XR] [26600] [00:38:49.132][Info   ]   XR_META_body_tracking_calibration: Version=1
[XR] [26600] [00:38:49.132][Info   ]   XR_FB_passthrough: Version=5
[XR] [26600] [00:38:49.132][Info   ]   XR_META_passthrough_layer_resumed_event: Version=1
[XR] [26600] [00:38:49.132][Info   ]   XR_FB_triangle_mesh: Version=2
[XR] [26600] [00:38:49.132][Info   ]   XR_META_passthrough_color_lut: Version=1
[XR] [26600] [00:38:49.132][Info   ]   XR_META_passthrough_preferences: Version=1
[XR] [26600] [00:38:49.132][Info   ]   XR_FB_render_model: Version=4
[XR] [26600] [00:38:49.132][Info   ]   XR_FB_spatial_entity_container: Version=2
[XR] [26600] [00:38:49.132][Info   ]   XR_FB_scene: Version=4
[XR] [26600] [00:38:49.132][Info   ]   XR_FB_spatial_entity: Version=3
[XR] [26600] [00:38:49.132][Info   ]   XR_FB_spatial_entity_storage: Version=1
[XR] [26600] [00:38:49.132][Info   ]   XR_FB_spatial_entity_query: Version=1
[XR] [26600] [00:38:49.132][Info   ]   XR_FB_spatial_entity_user: Version=1
[XR] [26600] [00:38:49.132][Info   ]   XR_FB_spatial_entity_storage_batch: Version=1
[XR] [26600] [00:38:49.132][Info   ]   XR_FB_spatial_entity_sharing: Version=1
[XR] [26600] [00:38:49.132][Info   ]   XR_META_spatial_entity_persistence: Version=1
[XR] [26600] [00:38:49.132][Info   ]   XR_META_spatial_entity_discovery: Version=1
[XR] [26600] [00:38:49.132][Info   ]   XR_META_spatial_entity_group_sharing: Version=1
[XR] [26600] [00:38:49.132][Info   ]   XR_META_spatial_entity_mesh: Version=1
[XR] [26600] [00:38:49.132][Info   ]   XR_META_spatial_entity_room_mesh: Version=1
[XR] [26600] [00:38:49.132][Info   ]   XR_META_spatial_entity_sharing: Version=1
[XR] [26600] [00:38:49.132][Info   ]   XR_METAX1_spatial_entity_marker: Version=1
[XR] [26600] [00:38:49.132][Info   ]   XR_EXT_spatial_entity: Version=1
[XR] [26600] [00:38:49.132][Info   ]   XR_EXT_spatial_anchor: Version=1
[XR] [26600] [00:38:49.132][Info   ]   XR_EXT_spatial_persistence: Version=1
[XR] [26600] [00:38:49.132][Info   ]   XR_EXT_spatial_persistence_operations: Version=1
[XR] [26600] [00:38:49.133][Info   ]   XR_EXT_spatial_plane_tracking: Version=1
[XR] [26600] [00:38:49.133][Info   ]   XR_EXT_spatial_marker_tracking: Version=1
[XR] [26600] [00:38:49.133][Info   ]   XR_META_boundary_visibility: Version=1
[XR] [26600] [00:38:49.133][Info   ]   XR_META_colocation_discovery: Version=1
[XR] [26600] [00:38:49.133][Info   ]   XR_METAX1_dynamic_object_tracker: Version=1
[XR] [26600] [00:38:49.133][Info   ]   XR_META_dynamic_object_tracker: Version=1
[XR] [26600] [00:38:49.133][Info   ]   XR_META_dynamic_object_keyboard: Version=1
[XR] [26600] [00:38:49.133][Info   ]   XR_META_environment_depth: Version=2
[XR] [26600] [00:38:49.133][Info   ]   XR_META_environment_raycast: Version=1
[XR] [26600] [00:38:49.133][Info   ]   XR_METAX1_passthrough_camera_data: Version=1
[XR] [26600] [00:38:49.133][Info   ]   XR_META_virtual_keyboard: Version=1
[XR] [26600] [00:38:49.133][Info   ]   XR_EXT_local_floor: Version=1
[XR] [26600] [00:38:49.133][Info   ]   XR_EXT_active_action_set_priority: Version=1
[XR] [26600] [00:38:49.133][Info   ]   XR_EXT_future: Version=2
[XR] [26600] [00:38:49.133][Info   ]   XR_EXT_palm_pose: Version=3
[XR] [26600] [00:38:49.133][Info   ]   XR_EXT_haptic_parametric: Version=1
[XR] [26600] [00:38:49.133][Info   ]   XR_FB_haptic_amplitude_envelope: Version=1
[XR] [26600] [00:38:49.133][Info   ]   XR_FB_haptic_pcm: Version=1
[XR] [26600] [00:38:49.133][Info   ]   XR_FB_touch_controller_pro: Version=1
[XR] [26600] [00:38:49.133][Info   ]   XR_META_touch_controller_plus: Version=1
[XR] [26600] [00:38:49.133][Info   ]   XR_FB_touch_controller_proximity: Version=1
[XR] [26600] [00:38:49.133][Info   ]   XR_OCULUS_external_camera: Version=1
[XR] [26600] [00:38:49.133][Info   ]   XR_META_detached_controllers: Version=1
[XR] [26600] [00:38:49.133][Info   ]   XR_LOGITECH_mx_ink_stylus_interaction: Version=1
[XR] [26600] [00:38:49.133][Info   ]   XR_FBX1_touch_controller_extras: Version=1
[XR] [26600] [00:38:49.133][Info   ]   XR_EXTX1_haptic_parametric: Version=1
[XR] [26600] [00:38:49.133][Info   ]   XR_METAX2_debug_utils_region_profiling: Version=1
[XR] [26600] [00:38:49.133][Info   ]   XR_METAX3_debug_utils_region_profiling: Version=1
[XR] [26600] [00:38:49.133][Info   ]   XR_METAX1_space_instant_acceleration: Version=2
[XR] [26600] [00:38:49.133][Info   ] 
[XR] [26600] [00:38:49.133][Info   ] Available Layers: (1)
[XR] [26600] [00:38:49.133][Info   ]   XR_APILAYER_METAX_operator: SpecVersion=1.1.0, LayerVersion=1, Description="API layer that providing agentic interface for OpenXR"
[XR] [26600] [00:38:49.133][Info   ] 
[XR] [26600] [00:38:49.133][Info   ] Available Runtime Layer Extensions: LayerName="XR_APILAYER_METAX_operator": (1)
[XR] [26600] [00:38:49.133][Info   ]   XR_METAX1_agentic_external_tool: Version=1
[XR] [26600] [00:38:49.133][Info   ] 
[XR] [26600] [00:38:49.133][Info   ] Runtime Name: Oculus
[XR] [26600] [00:38:49.133][Info   ] Runtime Version: 1.207.0
[XR] [26600] [00:38:49.133][Info   ] 
[XR] [26600] [00:38:49.133][Info   ] ==== OpenXR API Spec Version ====
[XR] [26600] [00:38:49.133][Info   ] 
[XR] [26600] [00:38:49.133][Info   ] XrInstance Created with OpenXR API Version: 1.1.53
[XR] [26600] [00:38:49.133][Info   ] 
[XR] [26600] [00:38:49.133][Info   ] ==== OpenXR Exception Thrown ====
[XR] [26600] [00:38:49.133][Info   ] 
[XR] [26600] [00:38:49.133][Info   ] Error: XrResult failure [XR_ERROR_FORM_FACTOR_UNAVAILABLE]
[XR] [26600] [00:38:49.133][Info   ]     Origin: result
[XR] [26600] [00:38:49.133][Info   ]     Source: C:\build\output\unity\xr.sdk.openxr\NativePlugin\Source\unity_session.cpp:318
[XR] [26600] [00:38:49.133][Info   ] 
[XR] [26600] [00:38:49.133][Info   ] 
[XR] [26600] [00:38:49.133][Info   ] ==== Std Exception Thrown ====
[XR] [26600] [00:38:49.133][Info   ] 
[XR] [26600] [00:38:49.133][Info   ] Function: Display_Initialize
[XR] [26600] [00:38:49.133][Info   ] Message: XrResult failure [XR_ERROR_FORM_FACTOR_UNAVAILABLE]
[XR] [26600] [00:38:49.133][Info   ]     Origin: result
[XR] [26600] [00:38:49.133][Info   ]     Source: C:\build\output\unity\xr.sdk.openxr\NativePlugin\Source\unity_session.cpp:318
[XR] [26600] [00:38:49.133][Info   ] 
[XR] [26600] [00:38:49.133][Info   ] ==== Last 20 non-XR_SUCCESS returns ====
[XR] [26600] [00:38:49.133][Info   ] [FAILURE] xrGetSystem: XR_ERROR_FORM_FACTOR_UNAVAILABLE (1x)
[XR] [26600] [00:38:49.133][Info   ] 
[XR] [26600] [00:38:49.133][Info   ] ==== Last 20 Events ====
[XR] [26600] [00:38:49.133][Info   ] 

==== End Unity OpenXR Diagnostic Report ====


[Subsystems] Failed to initialize subsystem OpenXR Display [error: 1]
[XR] [26600] [00:38:49.136][Info   ] 

==== Start Unity OpenXR Diagnostic Report ====


[XR] [26600] [00:38:49.137][Info   ] ==== Report Reason: System Shutdown ====


[XR] [26600] [00:38:49.137][Info   ] ==== OpenXR Settings ====
[XR] [26600] [00:38:49.137][Info   ] 
[XR] [26600] [00:38:49.137][Info   ] Symmetric Projection: False
[XR] [26600] [00:38:49.137][Info   ] Stereo Rendering Mode: SinglePassInstanced
[XR] [26600] [00:38:49.137][Info   ] Latency Optimization: PrioritizeRendering
[XR] [26600] [00:38:49.137][Info   ] Color Submission Modes: kRenderTextureFormatGroup8888
[XR] [26600] [00:38:49.137][Info   ] Depth Submission Mode: None
[XR] [26600] [00:38:49.137][Info   ] Space Warp Motion Vector Texture Format: RGBA16f
[XR] [26600] [00:38:49.137][Info   ] Optimize Buffer Discards: False
[XR] [26600] [00:38:49.137][Info   ] Multiview Render Regions Optimization Mode: None
[XR] [26600] [00:38:49.137][Info   ] Use OpenXR Predicted Time: False
[XR] [26600] [00:38:49.137][Info   ] Foveated Rendering API: Legacy
[XR] [26600] [00:38:49.137][Info   ] 
[XR] [26600] [00:38:49.137][Info   ] ==== OpenXR Provider Info ====
[XR] [26600] [00:38:49.137][Info   ] 
[XR] [26600] [00:38:49.137][Info   ] Provider Version: 1.16.0-18-gc7a9defb
[XR] [26600] [00:38:49.137][Info   ] App: OPUS #3118937138
[XR] [26600] [00:38:49.137][Info   ] Engine: 6000.4.6f1 #88105985
[XR] [26600] [00:38:49.137][Info   ] 
[XR] [26600] [00:38:49.137][Info   ] ==== OpenXR Runtime Info ====
[XR] [26600] [00:38:49.137][Info   ] 
[XR] [26600] [00:38:49.137][Info   ] Available Runtime Extensions: (91)
[XR] [26600] [00:38:49.137][Info   ]   XR_METAX1_agentic_external_tool: Version=1
[XR] [26600] [00:38:49.137][Info   ]   XR_KHR_D3D11_enable: Version=11
[XR] [26600] [00:38:49.137][Info   ]   XR_KHR_D3D12_enable: Version=11
[XR] [26600] [00:38:49.137][Info   ]   XR_KHR_opengl_enable: Version=12
[XR] [26600] [00:38:49.137][Info   ]   XR_KHR_vulkan_enable: Version=10
[XR] [26600] [00:38:49.137][Info   ]   XR_KHR_vulkan_enable2: Version=4
[XR] [26600] [00:38:49.137][Info   ]   XR_KHR_composition_layer_depth: Version=6
[XR] [26600] [00:38:49.137][Info   ]   XR_KHR_win32_convert_performance_counter_time: Version=1
[XR] [26600] [00:38:49.137][Info   ]   XR_KHR_convert_timespec_time: Version=1
[XR] [26600] [00:38:49.137][Info   ]   XR_KHR_composition_layer_cube: Version=8
[XR] [26600] [00:38:49.137][Info   ]   XR_KHR_composition_layer_cylinder: Version=4
[XR] [26600] [00:38:49.137][Info   ]   XR_KHR_composition_layer_equirect: Version=3
[XR] [26600] [00:38:49.137][Info   ]   XR_KHR_visibility_mask: Version=2
[XR] [26600] [00:38:49.137][Info   ]   XR_KHR_composition_layer_color_scale_bias: Version=5
[XR] [26600] [00:38:49.137][Info   ]   XR_KHR_maintenance1: Version=1
[XR] [26600] [00:38:49.137][Info   ]   XR_EXT_win32_appcontainer_compatible: Version=1
[XR] [26600] [00:38:49.137][Info   ]   XR_EXT_debug_utils: Version=5
[XR] [26600] [00:38:49.137][Info   ]   XR_OCULUS_recenter_event: Version=1
[XR] [26600] [00:38:49.137][Info   ]   XR_OCULUS_audio_device_guid: Version=1
[XR] [26600] [00:38:49.137][Info   ]   XR_FB_color_space: Version=3
[XR] [26600] [00:38:49.137][Info   ]   XR_FB_display_refresh_rate: Version=1
[XR] [26600] [00:38:49.137][Info   ]   XR_META_performance_metrics: Version=2
[XR] [26600] [00:38:49.137][Info   ]   XR_META_headset_id: Version=2
[XR] [26600] [00:38:49.137][Info   ]   XR_OCULUS_ovrsession_handle: Version=1
[XR] [26600] [00:38:49.137][Info   ]   XR_EXT_hand_interaction: Version=2
[XR] [26600] [00:38:49.137][Info   ]   XR_EXT_hand_tracking: Version=4
[XR] [26600] [00:38:49.137][Info   ]   XR_FB_hand_tracking_mesh: Version=3
[XR] [26600] [00:38:49.137][Info   ]   XR_META_simultaneous_hands_and_controllers: Version=1
[XR] [26600] [00:38:49.137][Info   ]   XR_FB_hand_tracking_aim: Version=2
[XR] [26600] [00:38:49.137][Info   ]   XR_FB_hand_tracking_capsules: Version=3
[XR] [26600] [00:38:49.137][Info   ]   XR_EXT_hand_tracking_data_source: Version=1
[XR] [26600] [00:38:49.137][Info   ]   XR_META_hand_tracking_microgestures: Version=1
[XR] [26600] [00:38:49.137][Info   ]   XR_EXTX2_stationary_reference_space: Version=1
[XR] [26600] [00:38:49.137][Info   ]   XR_FB_body_tracking: Version=1
[XR] [26600] [00:38:49.137][Info   ]   XR_META_body_tracking_full_body: Version=1
[XR] [26600] [00:38:49.137][Info   ]   XR_META_body_tracking_fidelity: Version=1
[XR] [26600] [00:38:49.137][Info   ]   XR_META_body_tracking_calibration: Version=1
[XR] [26600] [00:38:49.137][Info   ]   XR_FB_passthrough: Version=5
[XR] [26600] [00:38:49.137][Info   ]   XR_META_passthrough_layer_resumed_event: Version=1
[XR] [26600] [00:38:49.137][Info   ]   XR_FB_triangle_mesh: Version=2
[XR] [26600] [00:38:49.137][Info   ]   XR_META_passthrough_color_lut: Version=1
[XR] [26600] [00:38:49.137][Info   ]   XR_META_passthrough_preferences: Version=1
[XR] [26600] [00:38:49.137][Info   ]   XR_FB_render_model: Version=4
[XR] [26600] [00:38:49.137][Info   ]   XR_FB_spatial_entity_container: Version=2
[XR] [26600] [00:38:49.137][Info   ]   XR_FB_scene: Version=4
[XR] [26600] [00:38:49.137][Info   ]   XR_FB_spatial_entity: Version=3
[XR] [26600] [00:38:49.137][Info   ]   XR_FB_spatial_entity_storage: Version=1
[XR] [26600] [00:38:49.137][Info   ]   XR_FB_spatial_entity_query: Version=1
[XR] [26600] [00:38:49.137][Info   ]   XR_FB_spatial_entity_user: Version=1
[XR] [26600] [00:38:49.137][Info   ]   XR_FB_spatial_entity_storage_batch: Version=1
[XR] [26600] [00:38:49.137][Info   ]   XR_FB_spatial_entity_sharing: Version=1
[XR] [26600] [00:38:49.137][Info   ]   XR_META_spatial_entity_persistence: Version=1
[XR] [26600] [00:38:49.137][Info   ]   XR_META_spatial_entity_discovery: Version=1
[XR] [26600] [00:38:49.137][Info   ]   XR_META_spatial_entity_group_sharing: Version=1
[XR] [26600] [00:38:49.137][Info   ]   XR_META_spatial_entity_mesh: Version=1
[XR] [26600] [00:38:49.137][Info   ]   XR_META_spatial_entity_room_mesh: Version=1
[XR] [26600] [00:38:49.137][Info   ]   XR_META_spatial_entity_sharing: Version=1
[XR] [26600] [00:38:49.137][Info   ]   XR_METAX1_spatial_entity_marker: Version=1
[XR] [26600] [00:38:49.137][Info   ]   XR_EXT_spatial_entity: Version=1
[XR] [26600] [00:38:49.137][Info   ]   XR_EXT_spatial_anchor: Version=1
[XR] [26600] [00:38:49.137][Info   ]   XR_EXT_spatial_persistence: Version=1
[XR] [26600] [00:38:49.137][Info   ]   XR_EXT_spatial_persistence_operations: Version=1
[XR] [26600] [00:38:49.137][Info   ]   XR_EXT_spatial_plane_tracking: Version=1
[XR] [26600] [00:38:49.137][Info   ]   XR_EXT_spatial_marker_tracking: Version=1
[XR] [26600] [00:38:49.137][Info   ]   XR_META_boundary_visibility: Version=1
[XR] [26600] [00:38:49.137][Info   ]   XR_META_colocation_discovery: Version=1
[XR] [26600] [00:38:49.137][Info   ]   XR_METAX1_dynamic_object_tracker: Version=1
[XR] [26600] [00:38:49.137][Info   ]   XR_META_dynamic_object_tracker: Version=1
[XR] [26600] [00:38:49.137][Info   ]   XR_META_dynamic_object_keyboard: Version=1
[XR] [26600] [00:38:49.137][Info   ]   XR_META_environment_depth: Version=2
[XR] [26600] [00:38:49.137][Info   ]   XR_META_environment_raycast: Version=1
[XR] [26600] [00:38:49.137][Info   ]   XR_METAX1_passthrough_camera_data: Version=1
[XR] [26600] [00:38:49.137][Info   ]   XR_META_virtual_keyboard: Version=1
[XR] [26600] [00:38:49.137][Info   ]   XR_EXT_local_floor: Version=1
[XR] [26600] [00:38:49.137][Info   ]   XR_EXT_active_action_set_priority: Version=1
[XR] [26600] [00:38:49.137][Info   ]   XR_EXT_future: Version=2
[XR] [26600] [00:38:49.137][Info   ]   XR_EXT_palm_pose: Version=3
[XR] [26600] [00:38:49.137][Info   ]   XR_EXT_haptic_parametric: Version=1
[XR] [26600] [00:38:49.137][Info   ]   XR_FB_haptic_amplitude_envelope: Version=1
[XR] [26600] [00:38:49.137][Info   ]   XR_FB_haptic_pcm: Version=1
[XR] [26600] [00:38:49.137][Info   ]   XR_FB_touch_controller_pro: Version=1
[XR] [26600] [00:38:49.137][Info   ]   XR_META_touch_controller_plus: Version=1
[XR] [26600] [00:38:49.137][Info   ]   XR_FB_touch_controller_proximity: Version=1
[XR] [26600] [00:38:49.137][Info   ]   XR_OCULUS_external_camera: Version=1
[XR] [26600] [00:38:49.137][Info   ]   XR_META_detached_controllers: Version=1
[XR] [26600] [00:38:49.137][Info   ]   XR_LOGITECH_mx_ink_stylus_interaction: Version=1
[XR] [26600] [00:38:49.137][Info   ]   XR_FBX1_touch_controller_extras: Version=1
[XR] [26600] [00:38:49.137][Info   ]   XR_EXTX1_haptic_parametric: Version=1
[XR] [26600] [00:38:49.137][Info   ]   XR_METAX2_debug_utils_region_profiling: Version=1
[XR] [26600] [00:38:49.137][Info   ]   XR_METAX3_debug_utils_region_profiling: Version=1
[XR] [26600] [00:38:49.137][Info   ]   XR_METAX1_space_instant_acceleration: Version=2
[XR] [26600] [00:38:49.138][Info   ] 
[XR] [26600] [00:38:49.138][Info   ] Available Layers: (1)
[XR] [26600] [00:38:49.138][Info   ]   XR_APILAYER_METAX_operator: SpecVersion=1.1.0, LayerVersion=1, Description="API layer that providing agentic interface for OpenXR"
[XR] [26600] [00:38:49.138][Info   ] 
[XR] [26600] [00:38:49.138][Info   ] Available Runtime Layer Extensions: LayerName="XR_APILAYER_METAX_operator": (1)
[XR] [26600] [00:38:49.138][Info   ]   XR_METAX1_agentic_external_tool: Version=1
[XR] [26600] [00:38:49.138][Info   ] 
[XR] [26600] [00:38:49.138][Info   ] Runtime Name: Oculus
[XR] [26600] [00:38:49.138][Info   ] Runtime Version: 1.207.0
[XR] [26600] [00:38:49.138][Info   ] 
[XR] [26600] [00:38:49.138][Info   ] ==== OpenXR API Spec Version ====
[XR] [26600] [00:38:49.138][Info   ] 
[XR] [26600] [00:38:49.138][Info   ] XrInstance Created with OpenXR API Version: 1.1.53
[XR] [26600] [00:38:49.138][Info   ] 
[XR] [26600] [00:38:49.138][Info   ] ==== OpenXR Exception Thrown ====
[XR] [26600] [00:38:49.138][Info   ] 
[XR] [26600] [00:38:49.138][Info   ] Error: XrResult failure [XR_ERROR_FORM_FACTOR_UNAVAILABLE]
[XR] [26600] [00:38:49.138][Info   ]     Origin: result
[XR] [26600] [00:38:49.138][Info   ]     Source: C:\build\output\unity\xr.sdk.openxr\NativePlugin\Source\unity_session.cpp:318
[XR] [26600] [00:38:49.138][Info   ] 
[XR] [26600] [00:38:49.138][Info   ] 
[XR] [26600] [00:38:49.138][Info   ] ==== Std Exception Thrown ====
[XR] [26600] [00:38:49.138][Info   ] 
[XR] [26600] [00:38:49.138][Info   ] Function: Display_Initialize
[XR] [26600] [00:38:49.138][Info   ] Message: XrResult failure [XR_ERROR_FORM_FACTOR_UNAVAILABLE]
[XR] [26600] [00:38:49.138][Info   ]     Origin: result
[XR] [26600] [00:38:49.138][Info   ]     Source: C:\build\output\unity\xr.sdk.openxr\NativePlugin\Source\unity_session.cpp:318
[XR] [26600] [00:38:49.138][Info   ] 
[XR] [26600] [00:38:49.138][Info   ] ==== Last 20 non-XR_SUCCESS returns ====
[XR] [26600] [00:38:49.138][Info   ] [FAILURE] xrGetSystem: XR_ERROR_FORM_FACTOR_UNAVAILABLE (1x)
[XR] [26600] [00:38:49.138][Info   ] 
[XR] [26600] [00:38:49.138][Info   ] ==== Last 20 Events ====
[XR] [26600] [00:38:49.138][Info   ] 

==== End Unity OpenXR Diagnostic Report ====


[90m2026-09-19 00:38:44[0m [MetaXROperator] [32m[INFO][0m Queried available extensions, count: 90
[90m2026-09-19 00:38:44[0m [MetaXROperator] [33m[WARNING][0m Extension not available: XR_METAX1_simulator_compositor_output_capture
[90m2026-09-19 00:38:44[0m [MetaXROperator] [33m[WARNING][0m Extension not available: XR_EXT_conformance_automation
[90m2026-09-19 00:38:44[0m [MetaXROperator] [32m[INFO][0m Application enabled XR_METAX1_agentic_external_tool
[90m2026-09-19 00:38:44[0m [MetaXROperator] [32m[INFO][0m Filtered out API layer extension, passing 69 extensions downstream
[90m2026-09-19 00:38:44[0m [MetaXROperator] [32m[INFO][0m Cached application info, data: OPUS (v0), Engine: Unity (v88105985)
[90m2026-09-19 00:38:44[0m [MetaXROperator] [32m[INFO][0m Telemetry consent: opted-in
[90m2026-09-19 00:38:44[0m [MetaXROperator] [32m[INFO][0m Telemetry session started for: OPUS
[90m2026-09-19 00:38:44[0m [MetaXROperator] [32m[INFO][0m Telemetry initialized for: OPUS
[90m2026-09-19 00:38:44[0m [MetaXROperator] [32m[INFO][0m Initializing Agentic MCP Server...
[90m2026-09-19 00:38:44[0m [MetaXROperator] [32m[INFO][0m MCP Server started successfully on port 8720 (IPv4 and IPv6)
[90m2026-09-19 00:38:44[0m [MetaXROperator] [32m[INFO][0m Registered 'openxr_get_head_pose' tool
[90m2026-09-19 00:38:44[0m [MetaXROperator] [32m[INFO][0m Registered 'openxr_get_controller_pose' tool
[90m2026-09-19 00:38:44[0m [MetaXROperator] [32m[INFO][0m Registered 'openxr_get_active_interaction_profile' tool
[90m2026-09-19 00:38:44[0m [MetaXROperator] [32m[INFO][0m Registered 'math_calc' tool
[90m2026-09-19 00:38:44[0m [MetaXROperator] [32m[INFO][0m Registered 'math_dot' tool
[90m2026-09-19 00:38:44[0m [MetaXROperator] [32m[INFO][0m Registered 'math_cross' tool
[90m2026-09-19 00:38:44[0m [MetaXROperator] [32m[INFO][0m Registered 'math_add' tool
[90m2026-09-19 00:38:44[0m [MetaXROperator] [32m[INFO][0m Registered 'math_sub' tool
[90m2026-09-19 00:38:44[0m [MetaXROperator] [32m[INFO][0m Registered 'math_mul' tool
[90m2026-09-19 00:38:44[0m [MetaXROperator] [32m[INFO][0m Registered 'math_div' tool
[90m2026-09-19 00:38:44[0m [MetaXROperator] [32m[INFO][0m Registered 'math_build_quat' tool
[90m2026-09-19 00:38:44[0m [MetaXROperator] [32m[INFO][0m Registered 'math_decompose_quat' tool
[90m2026-09-19 00:38:44[0m [MetaXROperator] [32m[INFO][0m Registered 'math_multiply_quat' tool
[90m2026-09-19 00:38:44[0m [MetaXROperator] [32m[INFO][0m Registered 'openxr_get_instance_info' tool
[90m2026-09-19 00:38:44[0m [MetaXROperator] [32m[INFO][0m Registered 'openxr_get_session_info' tool
[90m2026-09-19 00:38:44[0m [MetaXROperator] [32m[INFO][0m Registered 'openxr_get_system_info' tool
[90m2026-09-19 00:38:44[0m [MetaXROperator] [32m[INFO][0m Registered 'openxr_get_frame_info' tool
[90m2026-09-19 00:38:44[0m [MetaXROperator] [32m[INFO][0m Skipping 'openxr_capture_composited_image' tool (predicate returned false)
[90m2026-09-19 00:38:44[0m [MetaXROperator] [32m[INFO][0m Registered 'openxr_list_spatial_entities' tool
[90m2026-09-19 00:38:44[0m [MetaXROperator] [32m[INFO][0m Registered 'openxr_exit_session' tool
[90m2026-09-19 00:38:44[0m [MetaXROperator] [32m[INFO][0m Skipping 'openxr_set_controller_input' tool (predicate returned false)
[90m2026-09-19 00:38:44[0m [MetaXROperator] [32m[INFO][0m Skipping 'openxr_set_head_pose' tool (predicate returned false)
[90m2026-09-19 00:38:44[0m [MetaXROperator] [32m[INFO][0m Skipping 'openxr_set_controller_pose' tool (predicate returned false)
[90m2026-09-19 00:38:44[0m [MetaXROperator] [32m[INFO][0m Registered 'convert_unity_pose_to_openxr' tool
[90m2026-09-19 00:38:44[0m [MetaXROperator] [32m[INFO][0m Registered 'convert_openxr_pose_to_unity' tool
[90m2026-09-19 00:38:44[0m [MetaXROperator] [32m[INFO][0m Registered 'openxr_convert_pose_between_spaces' tool
[90m2026-09-19 00:38:49[0m [MetaXROperator] [32m[INFO][0m AgenticLayerXrDestroyInstance called
[90m2026-09-19 00:38:52[0m [MetI0919 00:38:53.136171 26600 OVRTelemetry.cpp:57] Telemetry_Init: calling startSession with engineName=Unity, pluginVersion=1.204.0
I0919 00:38:53.136229 26600 OVRTelemetry.cpp:61] Telemetry_Init: startSession completed successfully
Loaded scene 'Temp/__Backupscenes/0.backup'
	Deserialize:            1.762 ms
	Integration:            25050.068 ms
	Integration of assets:  0.004 ms
	Thread Wait Time:       0.020 ms
	Total Operation Time:   25051.854 ms
[HRT] RulesProvider: loaded 4 remote rule(s) (schema v1).
UnityEngine.Debug:ExtractStackTraceNoAlloc (byte*,int,string)
UnityEngine.StackTraceUtility:ExtractStackTrace ()
UnityEngine.DebugLogHandler:Internal_Log (UnityEngine.LogType,UnityEngine.LogOption,string,UnityEngine.Object)
UnityEngine.DebugLogHandler:LogFormat (UnityEngine.LogType,UnityEngine.Object,string,object[])
UnityEngine.Logger:Log (UnityEngine.LogType,object)
UnityEngine.Debug:Log (object)
Meta.HandReadinessTool.Editor.HandReadinessRulesProvider:EmitSuccess (int,int) (at ./Library/PackageCache/com.meta.xr.sdk.core@4ea2676097b9/Editor/HandReadinessTool/HandReadinessRulesProvider.cs:175)
Meta.HandReadinessTool.Editor.HandReadinessRulesProvider/<FetchAndSwap>d__11:MoveNext () (at ./Library/PackageCache/com.meta.xr.sdk.core@4ea2676097b9/Editor/HandReadinessTool/HandReadinessRulesProvider.cs:125)
System.Runtime.CompilerServices.AsyncMethodBuilderCore/MoveNextRunner:InvokeMoveNext (object)
System.Threading.ExecutionContext:RunInternal (System.Threading.ExecutionContext,System.Threading.ContextCallback,object,bool)
System.Threading.ExecutionContext:Run (System.Threading.ExecutionContext,System.Threading.ContextCallback,object,bool)
System.Runtime.CompilerServices.AsyncMethodBuilderCore/MoveNextRunner:Run ()
System.Threading.Tasks.AwaitTaskContinuation:InvokeAction (object)
System.Threading.Tasks.AwaitTaskContinuation:RunCallback (System.Threading.ContextCallback,object,System.Threading.Tasks.Task&)
System.Threading.Tasks.SynchronizationContextAwaitTaskContinuation:Run (System.Threading.Tasks.Task,bool)
System.Threading.Tasks.Task:FinishContinuations ()
System.Threading.Tasks.Task:FinishStageThree ()
System.Threading.Tasks.Task`1<Meta.XR.Editor.RemoteContent.DownloadResult`1<Meta.HandReadinessTool.Editor.HandReadinessRulesProvider/RulesPayload>>:TrySetResult (Meta.XR.Editor.RemoteContent.DownloadResult`1<Meta.HandReadinessTool.Editor.HandReadinessRulesProvider/RulesPayload>)
System.Runtime.CompilerServices.AsyncTaskMethodBuilder`1<Meta.XR.Editor.RemoteContent.DownloadResult`1<Meta.HandReadinessTool.Editor.HandReadinessRulesProvider/RulesPayload>>:SetResult (Meta.XR.Editor.RemoteContent.DownloadResult`1<Meta.HandReadinessTool.Editor.HandReadinessRulesProvider/RulesPayload>)
Meta.XR.Editor.UserInterface.RemoteJsonContent`1/<Create>d__1<Meta.HandReadinessTool.Editor.HandReadinessRulesProvider/RulesPayload>:MoveNext () (at ./Library/PackageCache/com.meta.xr.sdk.core@4ea2676097b9/Editor/Utils/UserInterface/RemoteJsonContent.cs:56)
System.Runtime.CompilerServices.AsyncMethodBuilderCore/MoveNextRunner:InvokeMoveNext (object)
System.Threading.ExecutionContext:RunInternal (System.Threading.ExecutionContext,System.Threading.ContextCallback,object,bool)
System.Threading.ExecutionContext:Run (System.Threading.ExecutionContext,System.Threading.ContextCallback,object,bool)
System.Runtime.CompilerServices.AsyncMethodBuilderCore/MoveNextRunner:Run ()
System.Threading.Tasks.AwaitTaskContinuation:InvokeAction (object)
System.Threading.Tasks.AwaitTaskContinuation:RunCallback (System.Threading.ContextCallback,object,System.Threading.Tasks.Task&)
System.Threading.Tasks.SynchronizationContextAwaitTaskContinuation:Run (System.Threading.Tasks.Task,bool)
System.Threading.Tasks.Task:FinishContinuations ()
System.Threading.Tasks.Task:FinishStageThree ()
System.Threading.Tasks.Task`1<Meta.XR.Editor.RemoteContent.DownloadResult`1<string>>:TrySetResult (Meta.XR.Editor.RemoteContent.DownloadResult`1<string>)
System.Runtime.CompilerServices.AsyncTaskMethodBuilder`1<Meta.XR.Editor.RemoteContent.DownloadResult`1<string>>:SetResult (Meta.XR.Editor.RemoteContent.DownloadResult`1<string>)
Meta.XR.Editor.RemoteContent.RemoteJsonContentDownloader/<Fetch>d__3:MoveNext () (at ./Library/PackageCache/com.meta.xr.sdk.core@4ea2676097b9/Editor/Utils/RemoteContent/RemoteContentDownloader.cs:374)
System.Runtime.CompilerServices.AsyncMethodBuilderCore/MoveNextRunner:InvokeMoveNext (object)
System.Threading.ExecutionContext:RunInternal (System.Threading.ExecutionContext,System.Threading.ContextCallback,object,bool)
System.Threading.ExecutionContext:Run (System.Threading.ExecutionContext,System.Threading.ContextCallback,object,bool)
System.Runtime.CompilerServices.AsyncMethodBuilderCore/MoveNextRunner:Run ()
System.Threading.Tasks.AwaitTaskContinuation:InvokeAction (object)
System.Threading.Tasks.AwaitTaskContinuation:RunCallback (System.Threading.ContextCallback,object,System.Threading.Tasks.Task&)
System.Threading.Tasks.SynchronizationContextAwaitTaskContinuation:Run (System.Threading.Tasks.Task,bool)
System.Threading.Tasks.Task:FinishContinuations ()
System.Threading.Tasks.Task:FinishStageThree ()
System.Threading.Tasks.Task`1<Meta.XR.Editor.RemoteContent.DownloadResult`1<string>>:TrySetResult (Meta.XR.Editor.RemoteContent.DownloadResult`1<string>)
System.Runtime.CompilerServices.AsyncTaskMethodBuilder`1<Meta.XR.Editor.RemoteContent.DownloadResult`1<string>>:SetResult (Meta.XR.Editor.RemoteContent.DownloadResult`1<string>)
Meta.XR.Editor.RemoteContent.RemoteContentDownloader`1/<Fetch>d__31`1<Meta.XR.Editor.RemoteContent.RemoteJsonContentDownloader, string>:MoveNext () (at ./Library/PackageCache/com.meta.xr.sdk.core@4ea2676097b9/Editor/Utils/RemoteContent/RemoteContentDownloader.cs:309)
System.Runtime.CompilerServices.AsyncMethodBuilderCore/MoveNextRunner:InvokeMoveNext (object)
System.Threading.ExecutionContext:RunInternal (System.Threading.ExecutionContext,System.Threading.ContextCallback,object,bool)
System.Threading.ExecutionContext:Run (System.Threading.ExecutionContext,System.Threading.ContextCallback,object,bool)
System.Runtime.CompilerServices.AsyncMethodBuilderCore/MoveNextRunner:Run ()
System.Threading.Tasks.AwaitTaskContinuation:InvokeAction (object)
System.Threading.Tasks.AwaitTaskContinuation:RunCallback (System.Threading.ContextCallback,object,System.Threading.Tasks.Task&)
System.Threading.Tasks.SynchronizationContextAwaitTaskContinuation:Run (System.Threading.Tasks.Task,bool)
System.Threading.Tasks.Task:FinishContinuations ()
System.Threading.Tasks.Task:FinishStageThree ()
System.Threading.Tasks.Task`1<string>:TrySetResult (string)
System.Runtime.CompilerServices.AsyncTaskMethodBuilder`1<string>:SetResult (string)
Meta.XR.Editor.RemoteContent.RemoteJsonContentDownloader/<ReadFromCache>d__5`1<string>:MoveNext () (at ./Library/PackageCache/com.meta.xr.sdk.core@4ea2676097b9/Editor/Utils/RemoteContent/RemoteContentDownloader.cs:401)
System.Runtime.CompilerServices.AsyncMethodBuilderCore/MoveNextRunner:InvokeMoveNext (object)
System.Threading.ExecutionContext:RunInternal (System.Threading.ExecutionContext,System.Threading.ContextCallback,object,bool)
System.Threading.ExecutionContext:Run (System.Threading.ExecutionContext,System.Threading.ContextCallback,object,bool)
System.Runtime.CompilerServices.AsyncMethodBuilderCore/MoveNextRunner:Run ()
System.Threading.Tasks.SynchronizationContextAwaitTaskContinuation/<>c:<.cctor>b__7_0 (object)
UnityEngine.UnitySynchronizationContext/WorkRequest:Invoke ()
UnityEngine.UnitySynchronizationContext:Exec ()
UnityEngine.UnitySynchronizationContext:ExecuteTasks ()

(Filename: ./Library/PackageCache/com.meta.xr.sdk.core@4ea2676097b9/Editor/HandReadinessTool/HandReadinessRulesProvider.cs Line: 175)

[HRT] PromptProvider: loaded remote prompt (systemPrompt=4925c, references=2, schema v1).
UnityEngine.Debug:ExtractStackTraceNoAlloc (byte*,int,string)
UnityEngine.StackTraceUtility:ExtractStackTrace ()
UnityEngine.DebugLogHandler:Internal_Log (UnityEngine.LogType,UnityEngine.LogOption,string,UnityEngine.Object)
UnityEngine.DebugLogHandler:LogFormat (UnityEngine.LogType,UnityEngine.Object,string,object[])
UnityEngine.Logger:Log (UnityEngine.LogType,object)
UnityEngine.Debug:Log (object)
Meta.HandReadinessTool.Editor.HandReadinessPromptProvider:EmitSuccess (int,int,int) (at ./Library/PackageCache/com.meta.xr.sdk.core@4ea2676097b9/Editor/HandReadinessTool/HandReadinessPromptProvider.cs:159)
Meta.HandReadinessTool.Editor.HandReadinessPromptProvider/<FetchAndSwap>d__11:MoveNext () (at ./Library/PackageCache/com.meta.xr.sdk.core@4ea2676097b9/Editor/HandReadinessTool/HandReadinessPromptProvider.cs:122)
System.Runtime.CompilerServices.AsyncMethodBuilderCore/MoveNextRunner:InvokeMoveNext (object)
System.Threading.ExecutionContext:RunInternal (System.Threading.ExecutionContext,System.Threading.ContextCallback,object,bool)
System.Threading.ExecutionContext:Run (System.Threading.ExecutionContext,System.Threading.ContextCallback,object,bool)
System.Runtime.CompilerServices.AsyncMethodBuilderCore/MoveNextRunner:Run ()
System.Threading.Tasks.AwaitTaskContinuation:InvokeAction (object)
System.Threading.Tasks.AwaitTaskContinuation:RunCallback (System.Threading.ContextCallback,object,System.Threading.Tasks.Task&)
System.Threading.Tasks.SynchronizationContextAwaitTaskContinuation:Run (System.Threading.Tasks.Task,bool)
System.Threading.Tasks.Task:FinishContinuations ()
System.Threading.Tasks.Task:FinishStageThree ()
System.Threading.Tasks.Task`1<Meta.XR.Editor.RemoteContent.DownloadResult`1<Meta.HandReadinessTool.Editor.HandReadinessPromptProvider/PromptPayload>>:TrySetResult (Meta.XR.Editor.RemoteContent.DownloadResult`1<Meta.HandReadinessTool.Editor.HandReadinessPromptProvider/PromptPayload>)
System.Runtime.CompilerServices.AsyncTaskMethodBuilder`1<Meta.XR.Editor.RemoteContent.DownloadResult`1<Meta.HandReadinessTool.Editor.HandReadinessPromptProvider/PromptPayload>>:SetResult (Meta.XR.Editor.RemoteContent.DownloadResult`1<Meta.HandReadinessTool.Editor.HandReadinessPromptProvider/PromptPayload>)
Meta.XR.Editor.UserInterface.RemoteJsonContent`1/<Create>d__1<Meta.HandReadinessTool.Editor.HandReadinessPromptProvider/PromptPayload>:MoveNext () (at ./Library/PackageCache/com.meta.xr.sdk.core@4ea2676097b9/Editor/Utils/UserInterface/RemoteJsonContent.cs:56)
System.Runtime.CompilerServices.AsyncMethodBuilderCore/MoveNextRunner:InvokeMoveNext (object)
System.Threading.ExecutionContext:RunInternal (System.Threading.ExecutionContext,System.Threading.ContextCallback,object,bool)
System.Threading.ExecutionContext:Run (System.Threading.ExecutionContext,System.Threading.ContextCallback,object,bool)
System.Runtime.CompilerServices.AsyncMethodBuilderCore/MoveNextRunner:Run ()
System.Threading.Tasks.AwaitTaskContinuation:InvokeAction (object)
System.Threading.Tasks.AwaitTaskContinuation:RunCallback (System.Threading.ContextCallback,object,System.Threading.Tasks.Task&)
System.Threading.Tasks.SynchronizationContextAwaitTaskContinuation:Run (System.Threading.Tasks.Task,bool)
System.Threading.Tasks.Task:FinishContinuations ()
System.Threading.Tasks.Task:FinishStageThree ()
System.Threading.Tasks.Task`1<Meta.XR.Editor.RemoteContent.DownloadResult`1<string>>:TrySetResult (Meta.XR.Editor.RemoteContent.DownloadResult`1<string>)
System.Runtime.CompilerServices.AsyncTaskMethodBuilder`1<Meta.XR.Editor.RemoteContent.DownloadResult`1<string>>:SetResult (Meta.XR.Editor.RemoteContent.DownloadResult`1<string>)
Meta.XR.Editor.RemoteContent.RemoteJsonContentDownloader/<Fetch>d__3:MoveNext () (at ./Library/PackageCache/com.meta.xr.sdk.core@4ea2676097b9/Editor/Utils/RemoteContent/RemoteContentDownloader.cs:374)
System.Runtime.CompilerServices.AsyncMethodBuilderCore/MoveNextRunner:InvokeMoveNext (object)
System.Threading.ExecutionContext:RunInternal (System.Threading.ExecutionContext,System.Threading.ContextCallback,object,bool)
System.Threading.ExecutionContext:Run (System.Threading.ExecutionContext,System.Threading.ContextCallback,object,bool)
System.Runtime.CompilerServices.AsyncMethodBuilderCore/MoveNextRunner:Run ()
System.Threading.Tasks.AwaitTaskContinuation:InvokeAction (object)
System.Threading.Tasks.AwaitTaskContinuation:RunCallback (System.Threading.ContextCallback,object,System.Threading.Tasks.Task&)
System.Threading.Tasks.SynchronizationContextAwaitTaskContinuation:Run (System.Threading.Tasks.Task,bool)
System.Threading.Tasks.Task:FinishContinuations ()
System.Threading.Tasks.Task:FinishStageThree ()
System.Threading.Tasks.Task`1<Meta.XR.Editor.RemoteContent.DownloadResult`1<string>>:TrySetResult (Meta.XR.Editor.RemoteContent.DownloadResult`1<string>)
System.Runtime.CompilerServices.AsyncTaskMethodBuilder`1<Meta.XR.Editor.RemoteContent.DownloadResult`1<string>>:SetResult (Meta.XR.Editor.RemoteContent.DownloadResult`1<string>)
Meta.XR.Editor.RemoteContent.RemoteContentDownloader`1/<Fetch>d__31`1<Meta.XR.Editor.RemoteContent.RemoteJsonContentDownloader, string>:MoveNext () (at ./Library/PackageCache/com.meta.xr.sdk.core@4ea2676097b9/Editor/Utils/RemoteContent/RemoteContentDownloader.cs:309)
System.Runtime.CompilerServices.AsyncMethodBuilderCore/MoveNextRunner:InvokeMoveNext (object)
System.Threading.ExecutionContext:RunInternal (System.Threading.ExecutionContext,System.Threading.ContextCallback,object,bool)
System.Threading.ExecutionContext:Run (System.Threading.ExecutionContext,System.Threading.ContextCallback,object,bool)
System.Runtime.CompilerServices.AsyncMethodBuilderCore/MoveNextRunner:Run ()
System.Threading.Tasks.AwaitTaskContinuation:InvokeAction (object)
System.Threading.Tasks.AwaitTaskContinuation:RunCallback (System.Threading.ContextCallback,object,System.Threading.Tasks.Task&)
System.Threading.Tasks.SynchronizationContextAwaitTaskContinuation:Run (System.Threading.Tasks.Task,bool)
System.Threading.Tasks.Task:FinishContinuations ()
System.Threading.Tasks.Task:FinishStageThree ()
System.Threading.Tasks.Task`1<string>:TrySetResult (string)
System.Runtime.CompilerServices.AsyncTaskMethodBuilder`1<string>:SetResult (string)
Meta.XR.Editor.RemoteContent.RemoteJsonContentDownloader/<ReadFromCache>d__5`1<string>:MoveNext () (at ./Library/PackageCache/com.meta.xr.sdk.core@4ea2676097b9/Editor/Utils/RemoteContent/RemoteContentDownloader.cs:401)
System.Runtime.CompilerServices.AsyncMethodBuilderCore/MoveNextRunner:InvokeMoveNext (object)
System.Threading.ExecutionContext:RunInternal (System.Threading.ExecutionContext,System.Threading.ContextCallback,object,bool)
System.Threading.ExecutionContext:Run (System.Threading.ExecutionContext,System.Threading.ContextCallback,object,bool)
System.Runtime.CompilerServices.AsyncMethodBuilderCore/MoveNextRunner:Run ()
System.Threading.Tasks.SynchronizationContextAwaitTaskContinuation/<>c:<.cctor>b__7_0 (object)
UnityEngine.UnitySynchronizationContext/WorkRequest:Invoke ()
UnityEngine.UnitySynchronizationContext:Exec ()
UnityEngine.UnitySynchronizationContext:ExecuteTasks ()

(Filename: ./Library/PackageCache/com.meta.xr.sdk.core@4ea2676097b9/Editor/HandReadinessTool/HandReadinessPromptProvider.cs Line: 159)

[MODES] ModeService[none].Initialize
[MODES] ModeService[none].LoadModes
[Licensing::Client] Successfully resolved entitlement details
[Licensing::Client] Successfully resolved entitlement details
Start importing Assets/XR/Settings/OpenXR Package Settings.asset using Guid(0d647736f3e354044b23fb340838e9eb) (NativeFormatImporter) -> (Import Result ID: '83be3409bcbc20eef5cbae634207ea95') in 0.0035272 seconds [static dependencies only]. Details - ImportResultOutputID=c8338305546446aab4e7d26577b91671 DependenciesID=2c407465c3fa9fdae37604ba5dc1335a StaticDependenciesID=e7252c103fdb22a96e109f3b4bbed5a2 
Refreshing native plugins compatible for Editor in 11.20 ms, found 12 plugins.
Asset Pipeline Refresh (id=68b7cf936921496448912a5156d957b0): Total: 0.037 seconds - Initiated by StopAssetImportingV2(NoUpdateAssetOptions)
[TestRunnerTools] Callbacks registered after domain reload
UnityEngine.Debug:ExtractStackTraceNoAlloc (byte*,int,string)
UnityEngine.StackTraceUtility:ExtractStackTrace ()
UnityEngine.DebugLogHandler:Internal_Log (UnityEngine.LogType,UnityEngine.LogOption,string,UnityEngine.Object)
UnityEngine.DebugLogHandler:LogFormat (UnityEngine.LogType,UnityEngine.Object,string,object[])
UnityEngine.Logger:Log (UnityEngine.LogType,object)
UnityEngine.Debug:Log (object)
Meta.MCPBridge.Editor.TestRunnerTools:EnsureCallbacksRegistered () (at ./Library/PackageCache/com.meta.xr.sdk.core@4ea2676097b9/Editor/MCPBridge/TestRunnerTools.cs:108)
Meta.MCPBridge.Editor.TestRunnerTools:InitializeOnMainThread () (at ./Library/PackageCache/com.meta.xr.sdk.core@4ea2676097b9/Editor/MCPBridge/TestRunnerTools.cs:95)
UnityEditor.EditorApplication:Internal_CallDelayFunctions ()

(Filename: ./Library/PackageCache/com.meta.xr.sdk.core@4ea2676097b9/Editor/MCPBridge/TestRunnerTools.cs Line: 108)

[TestRunnerTools] Cache loaded from EditorPrefs: RunId=786fd3a9, IsRunning=False
UnityEngine.Debug:ExtractStackTraceNoAlloc (byte*,int,string)
UnityEngine.StackTraceUtility:ExtractStackTrace ()
UnityEngine.DebugLogHandler:Internal_Log (UnityEngine.LogType,UnityEngine.LogOption,string,UnityEngine.Object)
UnityEngine.DebugLogHandler:LogFormat (UnityEngine.LogType,UnityEngine.Object,string,object[])
UnityEngine.Logger:Log (UnityEngine.LogType,object)
UnityEngine.Debug:Log (object)
Meta.MCPBridge.Editor.TestRunnerTools:LoadCacheFromEditorPrefsUnsafe () (at ./Library/PackageCache/com.meta.xr.sdk.core@4ea2676097b9/Editor/MCPBridge/TestRunnerTools.cs:169)
Meta.MCPBridge.Editor.TestRunnerTools:EnsureCacheInitialized () (at ./Library/PackageCache/com.meta.xr.sdk.core@4ea2676097b9/Editor/MCPBridge/TestRunnerTools.cs:132)
Meta.MCPBridge.Editor.TestRunnerTools:get_IsRunning () (at ./Library/PackageCache/com.meta.xr.sdk.core@4ea2676097b9/Editor/MCPBridge/TestRunnerTools.cs:191)
Meta.MCPBridge.Editor.TestRunnerTools:EnsureCallbacksRegistered () (at ./Library/PackageCache/com.meta.xr.sdk.core@4ea2676097b9/Editor/MCPBridge/TestRunnerTools.cs:112)
Meta.MCPBridge.Editor.TestRunnerTools:InitializeOnMainThread () (at ./Library/PackageCache/com.meta.xr.sdk.core@4ea2676097b9/Editor/MCPBridge/TestRunnerTools.cs:95)
UnityEditor.EditorApplication:Internal_CallDelayFunctions ()

(Filename: ./Library/PackageCache/com.meta.xr.sdk.core@4ea2676097b9/Editor/MCPBridge/TestRunnerTools.cs Line: 169)

[Licensing::Client] Successfully resolved entitlement details
TrimDiskCacheJob: Current cache size 10mb
[TestRunnerTools] Run Started: OPUS, total tests: 1
UnityEngine.Debug:ExtractStackTraceNoAlloc (byte*,int,string)
UnityEngine.StackTraceUtility:ExtractStackTrace ()
UnityEngine.DebugLogHandler:Internal_Log (UnityEngine.LogType,UnityEngine.LogOption,string,UnityEngine.Object)
UnityEngine.DebugLogHandler:LogFormat (UnityEngine.LogType,UnityEngine.Object,string,object[])
UnityEngine.Logger:Log (UnityEngine.LogType,object)
UnityEngine.Debug:Log (object)
Meta.MCPBridge.Editor.TestRunnerTools:OnRunStarted (UnityEditor.TestTools.TestRunner.Api.ITestAdaptor) (at ./Library/PackageCache/com.meta.xr.sdk.core@4ea2676097b9/Editor/MCPBridge/TestRunnerTools.cs:800)
Meta.MCPBridge.Editor.TestRunnerTools/TestRunnerCallbacks:RunStarted (UnityEditor.TestTools.TestRunner.Api.ITestAdaptor) (at ./Library/PackageCache/com.meta.xr.sdk.core@4ea2676097b9/Editor/MCPBridge/TestRunnerTools.cs:889)
UnityEditor.TestTools.TestRunner.Api.CallbacksDelegator/<>c__DisplayClass7_0:<RunStarted>b__0 (UnityEditor.TestTools.TestRunner.Api.ICallbacks) (at ./Library/PackageCache/com.unity.test-framework@76560ee600cb/UnityEditor.TestRunner/Api/CallbacksDelegator.cs:42)
UnityEditor.TestTools.TestRunner.Api.CallbacksDelegator:TryInvokeAllCallbacks (System.Action`1<UnityEditor.TestTools.TestRunner.Api.ICallbacks>) (at ./Library/PackageCache/com.unity.test-framework@76560ee600cb/UnityEditor.TestRunner/Api/CallbacksDelegator.cs:135)
UnityEditor.TestTools.TestRunner.Api.CallbacksDelegator:RunStarted (NUnit.Framework.Interfaces.ITest) (at ./Library/PackageCache/com.unity.test-framework@76560ee600cb/UnityEditor.TestRunner/Api/CallbacksDelegator.cs:42)
UnityEngine.Events.InvokableCall`1<NUnit.Framework.Interfaces.ITest>:Invoke (NUnit.Framework.Interfaces.ITest)
UnityEngine.Events.UnityEvent`1<NUnit.Framework.Interfaces.ITest>:Invoke (NUnit.Framework.Interfaces.ITest)
UnityEngine.Events.InvokableCall`1<NUnit.Framework.Interfaces.ITest>:Invoke (NUnit.Framework.Interfaces.ITest)
UnityEngine.Events.UnityEvent`1<NUnit.Framework.Interfaces.ITest>:Invoke (NUnit.Framework.Interfaces.ITest)
UnityEngine.TestTools.TestRunner.PlaymodeTestsController/<Run>d__25:MoveNext () (at ./Library/PackageCache/com.unity.test-framework@76560ee600cb/UnityEngine.TestRunner/TestRunner/PlaymodeTestsController.cs:137)
UnityEngine.SetupCoroutine:InvokeMoveNext (System.Collections.IEnumerator,intptr)

(Filename: ./Library/PackageCache/com.meta.xr.sdk.core@4ea2676097b9/Editor/MCPBridge/TestRunnerTools.cs Line: 800)

[TestRunnerTools] Test Started: Opus.Shell.Tests.PlayMode.FullPipelineIntegrationTests.FullPipeline_AppHub_Headset_Sleeve_ProducesAnalysableSession
UnityEngine.Debug:ExtractStackTraceNoAlloc (byte*,int,string)
UnityEngine.StackTraceUtility:ExtractStackTrace ()
UnityEngine.DebugLogHandler:Internal_Log (UnityEngine.LogType,UnityEngine.LogOption,string,UnityEngine.Object)
UnityEngine.DebugLogHandler:LogFormat (UnityEngine.LogType,UnityEngine.Object,string,object[])
UnityEngine.Logger:Log (UnityEngine.LogType,object)
UnityEngine.Debug:Log (object)
Meta.MCPBridge.Editor.TestRunnerTools:OnTestStarted (UnityEditor.TestTools.TestRunner.Api.ITestAdaptor) (at ./Library/PackageCache/com.meta.xr.sdk.core@4ea2676097b9/Editor/MCPBridge/TestRunnerTools.cs:838)
Meta.MCPBridge.Editor.TestRunnerTools/TestRunnerCallbacks:TestStarted (UnityEditor.TestTools.TestRunner.Api.ITestAdaptor) (at ./Library/PackageCache/com.meta.xr.sdk.core@4ea2676097b9/Editor/MCPBridge/TestRunnerTools.cs:899)
UnityEditor.TestTools.TestRunner.Api.CallbacksDelegator/<>c__DisplayClass12_0:<TestStarted>b__0 (UnityEditor.TestTools.TestRunner.Api.ICallbacks) (at ./Library/PackageCache/com.unity.test-framework@76560ee600cb/UnityEditor.TestRunner/Api/CallbacksDelegator.cs:81)
UnityEditor.TestTools.TestRunner.Api.CallbacksDelegator:TryInvokeAllCallbacks (System.Action`1<UnityEditor.TestTools.TestRunner.Api.ICallbacks>) (at ./Library/PackageCache/com.unity.test-framework@76560ee600cb/UnityEditor.TestRunner/Api/CallbacksDelegator.cs:135)
UnityEditor.TestTools.TestRunner.Api.CallbacksDelegator:TestStarted (NUnit.Framework.Interfaces.ITest) (at ./Library/PackageCache/com.unity.test-framework@76560ee600cb/UnityEditor.TestRunner/Api/CallbacksDelegator.cs:81)
UnityEngine.Events.InvokableCall`1<NUnit.Framework.Interfaces.ITest>:Invoke (NUnit.Framework.Interfaces.ITest)
UnityEngine.Events.UnityEvent`1<NUnit.Framework.Interfaces.ITest>:Invoke (NUnit.Framework.Interfaces.ITest)
UnityEngine.Events.InvokableCall`1<NUnit.Framework.Interfaces.ITest>:Invoke (NUnit.Framework.Interfaces.ITest)
UnityEngine.Events.UnityEvent`1<NUnit.Framework.Interfaces.ITest>:Invoke (NUnit.Framework.Interfaces.ITest)
UnityEngine.TestTools.TestRunner.TestListenerWrapper:TestStarted (NUnit.Framework.Interfaces.ITest) (at ./Library/PackageCache/com.unity.test-framework@76560ee600cb/UnityEngine.TestRunner/TestRunner/TestListenerWrapper.cs:19)
UnityEngine.TestRunner.NUnitExtensions.Runner.UnityWorkItem:Execute () (at ./Library/PackageCache/com.unity.test-framework@76560ee600cb/UnityEngine.TestRunner/NUnitExtensions/Runner/UnityWorkItem.cs:83)
UnityEngine.TestRunner.NUnitExtensions.Runner.CompositeWorkItem/<RunChildren>d__17:MoveNext () (at ./Library/PackageCache/com.unity.test-framework@76560ee600cb/UnityEngine.TestRunner/NUnitExtensions/Runner/CompositeWorkItem.cs:203)
UnityEngine.TestRunner.NUnitExtensions.Runner.CompositeWorkItem/<PerformWork>d__13:MoveNext () (at ./Library/PackageCache/com.unity.test-framework@76560ee600cb/UnityEngine.TestRunner/NUnitExtensions/Runner/CompositeWorkItem.cs:82)
UnityEngine.TestRunner.NUnitExtensions.Runner.CompositeWorkItem/<RunChildren>d__17:MoveNext () (at ./Library/PackageCache/com.unity.test-framework@76560ee600cb/UnityEngine.TestRunner/NUnitExtensions/Runner/CompositeWorkItem.cs:207)
UnityEngine.TestRunner.NUnitExtensions.Runner.CompositeWorkItem/<PerformWork>d__13:MoveNext () (at ./Library/PackageCache/com.unity.test-framework@76560ee600cb/UnityEngine.TestRunner/NUnitExtensions/Runner/CompositeWorkItem.cs:82)
UnityEngine.TestRunner.NUnitExtensions.Runner.CompositeWorkItem/<RunChildren>d__17:MoveNext () (at ./Library/PackageCache/com.unity.test-framework@76560ee600cb/UnityEngine.TestRunner/NUnitExtensions/Runner/CompositeWorkItem.cs:207)
UnityEngine.TestRunner.NUnitExtensions.Runner.CompositeWorkItem/<PerformWork>d__13:MoveNext () (at ./Library/PackageCache/com.unity.test-framework@76560ee600cb/UnityEngine.TestRunner/NUnitExtensions/Runner/CompositeWorkItem.cs:82)
UnityEngine.TestRunner.NUnitExtensions.Runner.CompositeWorkItem/<RunChildren>d__17:MoveNext () (at ./Library/PackageCache/com.unity.test-framework@76560ee600cb/UnityEngine.TestRunner/NUnitExtensions/Runner/CompositeWorkItem.cs:207)
UnityEngine.TestRunner.NUnitExtensions.Runner.CompositeWorkItem/<PerformWork>d__13:MoveNext () (at ./Library/PackageCache/com.unity.test-framework@76560ee600cb/UnityEngine.TestRunner/NUnitExtensions/Runner/CompositeWorkItem.cs:82)
UnityEngine.TestRunner.NUnitExtensions.Runner.CompositeWorkItem/<RunChildren>d__17:MoveNext () (at ./Library/PackageCache/com.unity.test-framework@76560ee600cb/UnityEngine.TestRunner/NUnitExtensions/Runner/CompositeWorkItem.cs:207)
UnityEngine.TestRunner.NUnitExtensions.Runner.CompositeWorkItem/<PerformWork>d__13:MoveNext () (at ./Library/PackageCache/com.unity.test-framework@76560ee600cb/UnityEngine.TestRunner/NUnitExtensions/Runner/CompositeWorkItem.cs:82)
UnityEngine.TestRunner.NUnitExtensions.Runner.CompositeWorkItem/<RunChildren>d__17:MoveNext () (at ./Library/PackageCache/com.unity.test-framework@76560ee600cb/UnityEngine.TestRunner/NUnitExtensions/Runner/CompositeWorkItem.cs:207)
UnityEngine.TestRunner.NUnitExtensions.Runner.CompositeWorkItem/<PerformWork>d__13:MoveNext () (at ./Library/PackageCache/com.unity.test-framework@76560ee600cb/UnityEngine.TestRunner/NUnitExtensions/Runner/CompositeWorkItem.cs:82)
UnityEngine.TestRunner.NUnitExtensions.Runner.CompositeWorkItem/<RunChildren>d__17:MoveNext () (at ./Library/PackageCache/com.unity.test-framework@76560ee600cb/UnityEngine.TestRunner/NUnitExtensions/Runner/CompositeWorkItem.cs:207)
UnityEngine.TestRunner.NUnitExtensions.Runner.CompositeWorkItem/<PerformWork>d__13:MoveNext () (at ./Library/PackageCache/com.unity.test-framework@76560ee600cb/UnityEngine.TestRunner/NUnitExtensions/Runner/CompositeWorkItem.cs:82)
UnityEngine.TestTools.TestRunner.PlaymodeTestsController/<TestRunnerCoroutine>d__24:MoveNext () (at ./Library/PackageCache/com.unity.test-framework@76560ee600cb/UnityEngine.TestRunner/TestRunner/PlaymodeTestsController.cs:93)
UnityEngine.SetupCoroutine:InvokeMoveNext (System.Collections.IEnumerator,intptr)

(Filename: ./Library/PackageCache/com.meta.xr.sdk.core@4ea2676097b9/Editor/MCPBridge/TestRunnerTools.cs Line: 838)

[OPUS] FullPipeline: found a hub listening on 127.0.0.1:8787
UnityEngine.Debug:ExtractStackTraceNoAlloc (byte*,int,string)
UnityEngine.StackTraceUtility:ExtractStackTrace ()
UnityEngine.DebugLogHandler:Internal_Log (UnityEngine.LogType,UnityEngine.LogOption,string,UnityEngine.Object)
UnityEngine.DebugLogHandler:LogFormat (UnityEngine.LogType,UnityEngine.Object,string,object[])
UnityEngine.Logger:Log (UnityEngine.LogType,object)
UnityEngine.Debug:Log (object)
Opus.Shell.Tests.PlayMode.FullPipelineIntegrationTests/<FullPipeline_AppHub_Headset_Sleeve_ProducesAnalysableSession>d__5:MoveNext () (at Assets/Shell/Tests/PlayMode/FullPipelineIntegrationTests.cs:60)
UnityEngine.TestTools.TestEnumerator/<Execute>d__7:MoveNext () (at ./Library/PackageCache/com.unity.test-framework@76560ee600cb/UnityEngine.TestRunner/NUnitExtensions/Attributes/TestEnumerator.cs:44)
UnityEngine.TestTools.EnumerableTestMethodCommand/<ExecuteEnumerableAndRecordExceptions>d__4:MoveNext () (at ./Library/PackageCache/com.unity.test-framework@76560ee600cb/UnityEngine.TestRunner/NUnitExtensions/Commands/EnumerableTestMethodCommand.cs:79)
UnityEngine.TestTools.EnumerableTestMethodCommand:AdvanceEnumerator (System.Collections.IEnumerator) (at ./Library/PackageCache/com.unity.test-framework@76560ee600cb/UnityEngine.TestRunner/NUnitExtensions/Commands/EnumerableTestMethodCommand.cs:64)
UnityEngine.TestTools.EnumerableTestMethodCommand/<ExecuteEnumerable>d__2:MoveNext () (at ./Library/PackageCache/com.unity.test-framework@76560ee600cb/UnityEngine.TestRunner/NUnitExtensions/Commands/EnumerableTestMethodCommand.cs:47)
UnityEngine.TestRunner.NUnitExtensions.Runner.UnityLogCheckDelegatingCommand/<ExecuteEnumerable>d__3:MoveNext () (at ./Library/PackageCache/com.unity.test-framework@76560ee600cb/UnityEngine.TestRunner/NUnitExtensions/Runner/UnityLogCheckDelegatingCommand.cs:48)
UnityEngine.TestTools.BeforeAfterTestCommandBase`1/<ExecuteEnumerable>d__16<NUnit.Framework.ITestAction>:MoveNext () (at ./Library/PackageCache/com.unity.test-framework@76560ee600cb/UnityEngine.TestRunner/NUnitExtensions/Commands/BeforeAfterTestCommandBase.cs:212)
UnityEngine.TestTools.BeforeAfterTestCommandBase`1/<ExecuteEnumerable>d__16<System.Reflection.MethodInfo>:MoveNext () (at ./Library/PackageCache/com.unity.test-framework@76560ee600cb/UnityEngine.TestRunner/NUnitExtensions/Commands/BeforeAfterTestCommandBase.cs:212)
UnityEngine.TestTools.BeforeAfterTestCommandBase`1/<ExecuteEnumerable>d__16<System.Reflection.MethodInfo>:MoveNext () (at ./Library/PackageCache/com.unity.test-framework@76560ee600cb/UnityEngine.TestRunner/NUnitExtensions/Commands/BeforeAfterTestCommandBase.cs:212)
UnityEngine.TestTools.BeforeAfterTestCommandBase`1/<ExecuteEnumerable>d__16<UnityEngine.TestTools.IOuterUnityTestAction>:MoveNext () (at ./Library/PackageCache/com.unity.test-framework@76560ee600cb/UnityEngine.TestRunner/NUnitExtensions/Commands/BeforeAfterTestCommandBase.cs:212)
UnityEngine.TestTools.RetryCommand/<ExecuteEnumerable>d__2:MoveNext () (at ./Library/PackageCache/com.unity.test-framework@76560ee600cb/UnityEngine.TestRunner/NUnitExtensions/Commands/RetryCommand.cs:37)
UnityEngine.TestTools.RepeatCommand/<ExecuteEnumerable>d__2:MoveNext () (at ./Library/PackageCache/com.unity.test-framework@76560ee600cb/UnityEngine.TestRunner/NUnitExtensions/Commands/RepeatCommand.cs:36)
UnityEngine.TestTools.IgnoreTestCommand/<ExecuteEnumerable>d__3:MoveNext () (at ./Library/PackageCache/com.unity.test-framework@76560ee600cb/UnityEngine.TestRunner/NUnitExtensions/Commands/IgnoreTestCommand.cs:42)
UnityEngine.TestTools.StrictCheckCommand/<ExecuteEnumerable>d__2:MoveNext () (at ./Library/PackageCache/com.unity.test-framework@76560ee600cb/UnityEngine.TestRunner/NUnitExtensions/Commands/StrictCheckCommand.cs:29)
UnityEngine.TestTools.Utils.CoroutineRunner/<WrapEnumeratorForChecks>d__8:MoveNext () (at ./Library/PackageCache/com.unity.test-framework@76560ee600cb/UnityEngine.TestRunner/Utils/CoroutineRunner.cs:58)
UnityEngine.SetupCoroutine:InvokeMoveNext (System.Collections.IEnumerator,intptr)

(Filename: Assets/Shell/Tests/PlayMode/FullPipelineIntegrationTests.cs Line: 60)

Unloading 210 Unused Serialized files (Serialized files now loaded: 0)
UnloadTime: 0.494600 ms
Found IOVRSkeletonDataProvider reference in [BuildingBlock] Hand Tracking left due to unassigned field.
UnityEngine.Debug:ExtractStackTraceNoAlloc (byte*,int,string)
UnityEngine.StackTraceUtility:ExtractStackTrace ()
UnityEngine.DebugLogHandler:Internal_Log (UnityEngine.LogType,UnityEngine.LogOption,string,UnityEngine.Object)
UnityEngine.DebugLogHandler:LogFormat (UnityEngine.LogType,UnityEngine.Object,string,object[])
UnityEngine.Logger:Log (UnityEngine.LogType,object)
UnityEngine.Debug:Log (object)
OVRSkeleton:Awake () (at ./Library/PackageCache/com.meta.xr.sdk.core@4ea2676097b9/Scripts/Util/OVRSkeleton.cs:520)

(Filename: ./Library/PackageCache/com.meta.xr.sdk.core@4ea2676097b9/Scripts/Util/OVRSkeleton.cs Line: 520)

Found IOVRSkeletonDataProvider reference in [BuildingBlock] Hand Tracking right due to unassigned field.
UnityEngine.Debug:ExtractStackTraceNoAlloc (byte*,int,string)
UnityEngine.StackTraceUtility:ExtractStackTrace ()
UnityEngine.DebugLogHandler:Internal_Log (UnityEngine.LogType,UnityEngine.LogOption,string,UnityEngine.Object)
UnityEngine.DebugLogHandler:LogFormat (UnityEngine.LogType,UnityEngine.Object,string,object[])
UnityEngine.Logger:Log (UnityEngine.LogType,object)
UnityEngine.Debug:Log (object)
OVRSkeleton:Awake () (at ./Library/PackageCache/com.meta.xr.sdk.core@4ea2676097b9/Scripts/Util/OVRSkeleton.cs:520)

(Filename: ./Library/PackageCache/com.meta.xr.sdk.core@4ea2676097b9/Scripts/Util/OVRSkeleton.cs Line: 520)

Setting linear velocity of a kinematic body is not supported.
UnityEngine.Debug:ExtractStackTraceNoAlloc (byte*,int,string)
UnityEngine.StackTraceUtility:ExtractStackTrace ()
UnityEngine.Rigidbody:set_linearVelocity (UnityEngine.Vector3)
Opus.Shell.OrchardReachSceneController:HandleTrialEvent (Opus.Sdk.TrialEvent) (at Assets/Shell/Runtime/OrchardReachSceneController.cs:879)
Opus.Games.OrchardReach.OrchardReachModule:Emit (string,string,Opus.Sdk.TrialTarget,string) (at Assets/Games/OrchardReach/Runtime/OrchardReachModule.cs:204)
Opus.Games.OrchardReach.OrchardReachModule:EmitSignal (System.Nullable`1<Opus.Games.OrchardReach.TrialSignal>,string,Opus.Sdk.TrialTarget) (at Assets/Games/OrchardReach/Runtime/OrchardReachModule.cs:220)
Opus.Games.OrchardReach.OrchardReachModule:StartNextTrial (double) (at Assets/Games/OrchardReach/Runtime/OrchardReachModule.cs:117)
Opus.Games.OrchardReach.OrchardReachModule:Begin () (at Assets/Games/OrchardReach/Runtime/OrchardReachModule.cs:80)
Opus.Shell.OrchardReachSceneController:Awake () (at Assets/Shell/Runtime/OrchardReachSceneController.cs:278)

[Assets/Shell/Runtime/OrchardReachSceneController.cs line 879]

Loaded scene 'Assets/Scenes/OrchardReach.unity'
	Deserialize:            404.907 ms
	Integration:            561.796 ms
	Integration of assets:  575.732 ms
	Thread Wait Time:       -0.486 ms
	Total Operation Time:   1541.949 ms
Unloading 16487 unused Assets / (13.0 MB). Loaded Objects now: 14845.
Memory consumption went from 324.7 MB to 311.6 MB.
Total: 25.971200 ms (FindLiveObjects: 1.597000 ms CreateObjectMapping: 0.917600 ms MarkObjects: 14.338300 ms  DeleteObjects: 9.116800 ms)

At GameObject <color=#3366ff><b>PlayerController</b></color>, component <b>FirstPersonLocomotor</b>. The ground could not be found below the locomotor for 10 meters. Velocity will be disabled.A) Add a ground collider under the character controller and/or adjust the CharacterController.LayerMask.
B) Set _velocityDisabled to disable movement and prevent falling without showing this warning.
C) Set _maxStartGroundDistance to 0 to disable this behaviour.
UnityEngine.Debug:ExtractStackTraceNoAlloc (byte*,int,string)
UnityEngine.StackTraceUtility:ExtractStackTrace ()
UnityEngine.DebugLogHandler:Internal_Log (UnityEngine.LogType,UnityEngine.LogOption,string,UnityEngine.Object)
UnityEngine.DebugLogHandler:LogFormat (UnityEngine.LogType,UnityEngine.Object,string,object[])
UnityEngine.Logger:Log (UnityEngine.LogType,object,UnityEngine.Object)
UnityEngine.Debug:LogWarning (object,UnityEngine.Object)
Oculus.Interaction.AssertUtils:LogWarning (UnityEngine.Component,string,string,string) (at ./Library/PackageCache/com.meta.xr.sdk.interaction@875abb30439c/Runtime/Scripts/Utils/AssertUtils.cs:252)
Oculus.Interaction.Locomotion.FirstPersonLocomotor:Start () (at ./Library/PackageCache/com.meta.xr.sdk.interaction@875abb30439c/Runtime/Scripts/Interaction/Models/Locomotion/FirstPersonLocomotor.cs:444)

(Filename: ./Library/PackageCache/com.meta.xr.sdk.interaction@875abb30439c/Runtime/Scripts/Utils/AssertUtils.cs Line: 252)

Setting linear velocity of a kinematic body is not supported.
UnityEngine.Debug:ExtractStackTraceNoAlloc (byte*,int,string)
UnityEngine.StackTraceUtility:ExtractStackTrace ()
UnityEngine.Rigidbody:set_linearVelocity (UnityEngine.Vector3)
Opus.Shell.OrchardReachSceneController:DriveDemoHandAndFruit () (at Assets/Shell/Runtime/OrchardReachSceneController.cs:677)
Opus.Shell.OrchardReachSceneController:Update () (at Assets/Shell/Runtime/OrchardReachSceneController.cs:486)

[Assets/Shell/Runtime/OrchardReachSceneController.cs line 677]

Unable to process a controller whose SampleRateHz is 0 now.
UnityEngine.Debug:ExtractStackTraceNoAlloc (byte*,int,string)
UnityEngine.StackTraceUtility:ExtractStackTrace ()
UnityEngine.DebugLogHandler:Internal_Log (UnityEngine.LogType,UnityEngine.LogOption,string,UnityEngine.Object)
UnityEngine.DebugLogHandler:LogFormat (UnityEngine.LogType,UnityEngine.Object,string,object[])
UnityEngine.Logger:Log (UnityEngine.LogType,object)
UnityEngine.Debug:Log (object)
OVRHaptics/OVRHapticsOutput:Process () (at ./Library/PackageCache/com.meta.xr.sdk.core@4ea2676097b9/Scripts/OVRHaptics.cs:182)
OVRHaptics:Process () (at ./Library/PackageCache/com.meta.xr.sdk.core@4ea2676097b9/Scripts/OVRHaptics.cs:399)
OVRManager:LateUpdate () (at ./Library/PackageCache/com.meta.xr.sdk.core@4ea2676097b9/Scripts/OVRManager.cs:3405)

(Filename: ./Library/PackageCache/com.meta.xr.sdk.core@4ea2676097b9/Scripts/OVRHaptics.cs Line: 182)

Unable to process a controller whose SampleRateHz is 0 now.
UnityEngine.Debug:ExtractStackTraceNoAlloc (byte*,int,string)
UnityEngine.StackTraceUtility:ExtractStackTrace ()
UnityEngine.DebugLogHandler:Internal_Log (UnityEngine.LogType,UnityEngine.LogOption,string,UnityEngine.Object)
UnityEngine.DebugLogHandler:LogFormat (UnityEngine.LogType,UnityEngine.Object,string,object[])
UnityEngine.Logger:Log (UnityEngine.LogType,object)
UnityEngine.Debug:Log (object)
OVRHaptics/OVRHapticsOutput:Process () (at ./Library/PackageCache/com.meta.xr.sdk.core@4ea2676097b9/Scripts/OVRHaptics.cs:182)
OVRHaptics:Process () (at ./Library/PackageCache/com.meta.xr.sdk.core@4ea2676097b9/Scripts/OVRHaptics.cs:399)
OVRManager:LateUpdate () (at ./Library/PackageCache/com.meta.xr.sdk.core@4ea2676097b9/Scripts/OVRManager.cs:3405)

(Filename: ./Library/PackageCache/com.meta.xr.sdk.core@4ea2676097b9/Scripts/OVRHaptics.cs Line: 182)

[HapticClient] cue dropped for motor 0: no haptic device known yet (HasDevice=false).
UnityEngine.Debug:ExtractStackTraceNoAlloc (byte*,int,string)
UnityEngine.StackTraceUtility:ExtractStackTrace ()
UnityEngine.DebugLogHandler:Internal_Log (UnityEngine.LogType,UnityEngine.LogOption,string,UnityEngine.Object)
UnityEngine.DebugLogHandler:LogFormat (UnityEngine.LogType,UnityEngine.Object,string,object[])
UnityEngine.Logger:Log (UnityEngine.LogType,object)
UnityEngine.Debug:Log (object)
Opus.Sdk.HapticClient:GateCue (int,double,bool) (at ./Packages/com.opus.sdk/Runtime/Transport/HapticClient.cs:198)
Opus.Sdk.HapticClient:SendTrunkLean (double,double) (at ./Packages/com.opus.sdk/Runtime/Transport/HapticClient.cs:118)
Opus.Shell.OrchardReachSceneController:HandleFormSignal (Opus.Sdk.FormWarningSignal) (at Assets/Shell/Runtime/OrchardReachSceneController.cs:567)
Opus.Sdk.FormFeedback:TickLean (double,double) (at ./Packages/com.opus.sdk/Runtime/Feedback/FormFeedback.cs:74)
Opus.Sdk.FormFeedback:Tick (double,double,bool,bool) (at ./Packages/com.opus.sdk/Runtime/Feedback/FormFeedback.cs:60)
Opus.Shell.OrchardReachSceneController:TickFormFeedbackAndHaptics (Opus.Sdk.IHandSource) (at Assets/Shell/Runtime/OrchardReachSceneController.cs:555)
Opus.Shell.OrchardReachSceneController:Update () (at Assets/Shell/Runtime/OrchardReachSceneController.cs:488)

(Filename: ./Packages/com.opus.sdk/Runtime/Transport/HapticClient.cs Line: 198)

[OPUS] FullPipeline: haptic sleeve connected=True after 0.5s 
UnityEngine.Debug:ExtractStackTraceNoAlloc (byte*,int,string)
UnityEngine.StackTraceUtility:ExtractStackTrace ()
UnityEngine.DebugLogHandler:Internal_Log (UnityEngine.LogType,UnityEngine.LogOption,string,UnityEngine.Object)
UnityEngine.DebugLogHandler:LogFormat (UnityEngine.LogType,UnityEngine.Object,string,object[])
UnityEngine.Logger:Log (UnityEngine.LogType,object)
UnityEngine.Debug:Log (object)
Opus.Shell.Tests.PlayMode.FullPipelineIntegrationTests/<FullPipeline_AppHub_Headset_Sleeve_ProducesAnalysableSession>d__5:MoveNext () (at Assets/Shell/Tests/PlayMode/FullPipelineIntegrationTests.cs:75)
UnityEngine.TestTools.TestEnumerator/<Execute>d__7:MoveNext () (at ./Library/PackageCache/com.unity.test-framework@76560ee600cb/UnityEngine.TestRunner/NUnitExtensions/Attributes/TestEnumerator.cs:44)
UnityEngine.TestTools.EnumerableTestMethodCommand/<ExecuteEnumerableAndRecordExceptions>d__4:MoveNext () (at ./Library/PackageCache/com.unity.test-framework@76560ee600cb/UnityEngine.TestRunner/NUnitExtensions/Commands/EnumerableTestMethodCommand.cs:79)
UnityEngine.TestTools.EnumerableTestMethodCommand:AdvanceEnumerator (System.Collections.IEnumerator) (at ./Library/PackageCache/com.unity.test-framework@76560ee600cb/UnityEngine.TestRunner/NUnitExtensions/Commands/EnumerableTestMethodCommand.cs:64)
UnityEngine.TestTools.EnumerableTestMethodCommand/<ExecuteEnumerable>d__2:MoveNext () (at ./Library/PackageCache/com.unity.test-framework@76560ee600cb/UnityEngine.TestRunner/NUnitExtensions/Commands/EnumerableTestMethodCommand.cs:47)
UnityEngine.TestRunner.NUnitExtensions.Runner.UnityLogCheckDelegatingCommand/<ExecuteEnumerable>d__3:MoveNext () (at ./Library/PackageCache/com.unity.test-framework@76560ee600cb/UnityEngine.TestRunner/NUnitExtensions/Runner/UnityLogCheckDelegatingCommand.cs:48)
UnityEngine.TestTools.BeforeAfterTestCommandBase`1/<ExecuteEnumerable>d__16<NUnit.Framework.ITestAction>:MoveNext () (at ./Library/PackageCache/com.unity.test-framework@76560ee600cb/UnityEngine.TestRunner/NUnitExtensions/Commands/BeforeAfterTestCommandBase.cs:212)
UnityEngine.TestTools.BeforeAfterTestCommandBase`1/<ExecuteEnumerable>d__16<System.Reflection.MethodInfo>:MoveNext () (at ./Library/PackageCache/com.unity.test-framework@76560ee600cb/UnityEngine.TestRunner/NUnitExtensions/Commands/BeforeAfterTestCommandBase.cs:212)
UnityEngine.TestTools.BeforeAfterTestCommandBase`1/<ExecuteEnumerable>d__16<System.Reflection.MethodInfo>:MoveNext () (at ./Library/PackageCache/com.unity.test-framework@76560ee600cb/UnityEngine.TestRunner/NUnitExtensions/Commands/BeforeAfterTestCommandBase.cs:212)
UnityEngine.TestTools.BeforeAfterTestCommandBase`1/<ExecuteEnumerable>d__16<UnityEngine.TestTools.IOuterUnityTestAction>:MoveNext () (at ./Library/PackageCache/com.unity.test-framework@76560ee600cb/UnityEngine.TestRunner/NUnitExtensions/Commands/BeforeAfterTestCommandBase.cs:212)
UnityEngine.TestTools.RetryCommand/<ExecuteEnumerable>d__2:MoveNext () (at ./Library/PackageCache/com.unity.test-framework@76560ee600cb/UnityEngine.TestRunner/NUnitExtensions/Commands/RetryCommand.cs:37)
UnityEngine.TestTools.RepeatCommand/<ExecuteEnumerable>d__2:MoveNext () (at ./Library/PackageCache/com.unity.test-framework@76560ee600cb/UnityEngine.TestRunner/NUnitExtensions/Commands/RepeatCommand.cs:36)
UnityEngine.TestTools.IgnoreTestCommand/<ExecuteEnumerable>d__3:MoveNext () (at ./Library/PackageCache/com.unity.test-framework@76560ee600cb/UnityEngine.TestRunner/NUnitExtensions/Commands/IgnoreTestCommand.cs:42)
UnityEngine.TestTools.StrictCheckCommand/<ExecuteEnumerable>d__2:MoveNext () (at ./Library/PackageCache/com.unity.test-framework@76560ee600cb/UnityEngine.TestRunner/NUnitExtensions/Commands/StrictCheckCommand.cs:29)
UnityEngine.TestTools.Utils.CoroutineRunner/<WrapEnumeratorForChecks>d__8:MoveNext () (at ./Library/PackageCache/com.unity.test-framework@76560ee600cb/UnityEngine.TestRunner/Utils/CoroutineRunner.cs:58)
UnityEngine.SetupCoroutine:InvokeMoveNext (System.Collections.IEnumerator,intptr)

(Filename: Assets/Shell/Tests/PlayMode/FullPipelineIntegrationTests.cs Line: 75)

[UdpHapticTransport] sleeve discovered at 169.254.188.98:8790 (device_id=sleeve-sim-01)
UnityEngine.Debug:ExtractStackTraceNoAlloc (byte*,int,string)
UnityEngine.StackTraceUtility:ExtractStackTrace ()
UnityEngine.DebugLogHandler:Internal_Log (UnityEngine.LogType,UnityEngine.LogOption,string,UnityEngine.Object)
UnityEngine.DebugLogHandler:LogFormat (UnityEngine.LogType,UnityEngine.Object,string,object[])
UnityEngine.Logger:Log (UnityEngine.LogType,object)
UnityEngine.Debug:Log (object)
Opus.Sdk.UdpHapticTransport/<DiscoveryLoopAsync>d__24:MoveNext () (at ./Packages/com.opus.sdk/Runtime/Transport/UdpHapticTransport.cs:191)
System.Runtime.CompilerServices.AsyncMethodBuilderCore/MoveNextRunner:InvokeMoveNext (object)
System.Threading.ExecutionContext:RunInternal (System.Threading.ExecutionContext,System.Threading.ContextCallback,object,bool)
System.Threading.ExecutionContext:Run (System.Threading.ExecutionContext,System.Threading.ContextCallback,object,bool)
System.Runtime.CompilerServices.AsyncMethodBuilderCore/MoveNextRunner:Run ()
System.Threading.Tasks.AwaitTaskContinuation:RunOrScheduleAction (System.Action,bool,System.Threading.Tasks.Task&)
System.Threading.Tasks.Task:FinishContinuations ()
System.Threading.Tasks.Task:FinishStageThree ()
System.Threading.Tasks.Task`1<System.Net.Sockets.UdpReceiveResult>:TrySetResult (System.Net.Sockets.UdpReceiveResult)
System.Threading.Tasks.TaskFactory`1<System.Net.Sockets.UdpReceiveResult>:FromAsyncCoreLogic (System.IAsyncResult,System.Func`2<System.IAsyncResult, System.Net.Sockets.UdpReceiveResult>,System.Action`1<System.IAsyncResult>,System.Threading.Tasks.Task`1<System.Net.Sockets.UdpReceiveResult>,bool)
System.Threading.Tasks.TaskFactory`1/<>c__DisplayClass35_0<System.Net.Sockets.UdpReceiveResult>:<FromAsyncImpl>b__0 (System.IAsyncResult)
System.Net.Sockets.SocketAsyncResult/<>c:<Complete>b__27_0 (object)
System.Threading.QueueUserWorkItemCallback:System.Threading.IThreadPoolWorkItem.ExecuteWorkItem ()
System.Threading.ThreadPoolWorkQueue:Dispatch ()
System.Threading._ThreadPoolWaitCallback:PerformWaitCallback ()

(Filename: ./Packages/com.opus.sdk/Runtime/Transport/UdpHapticTransport.cs Line: 191)

[LiveClient] hub error: {
  "code": "expected_hello",
  "message": "first message must be hello"
}
UnityEngine.Debug:ExtractStackTraceNoAlloc (byte*,int,string)
UnityEngine.StackTraceUtility:ExtractStackTrace ()
UnityEngine.DebugLogHandler:Internal_Log (UnityEngine.LogType,UnityEngine.LogOption,string,UnityEngine.Object)
UnityEngine.DebugLogHandler:LogFormat (UnityEngine.LogType,UnityEngine.Object,string,object[])
UnityEngine.Logger:Log (UnityEngine.LogType,object)
UnityEngine.Debug:LogWarning (object)
Opus.Sdk.LiveClient:HandleIncoming (string) (at ./Packages/com.opus.sdk/Runtime/Transport/LiveClient.cs:411)
Opus.Sdk.LiveClient/<ConnectAndRunAsync>d__58:MoveNext () (at ./Packages/com.opus.sdk/Runtime/Transport/LiveClient.cs:348)
System.Runtime.CompilerServices.AsyncMethodBuilderCore/MoveNextRunner:InvokeMoveNext (object)
System.Threading.ExecutionContext:RunInternal (System.Threading.ExecutionContext,System.Threading.ContextCallback,object,bool)
System.Threading.ExecutionContext:Run (System.Threading.ExecutionContext,System.Threading.ContextCallback,object,bool)
System.Runtime.CompilerServices.AsyncMethodBuilderCore/MoveNextRunner:Run ()
System.Threading.Tasks.AwaitTaskContinuation:RunOrScheduleAction (System.Action,bool,System.Threading.Tasks.Task&)
System.Threading.Tasks.Task:FinishContinuations ()
System.Threading.Tasks.Task:FinishStageThree ()
System.Threading.Tasks.Task`1<System.Net.WebSockets.WebSocketReceiveResult>:TrySetResult (System.Net.WebSockets.WebSocketReceiveResult)
System.Runtime.CompilerServices.AsyncTaskMethodBuilder`1<System.Net.WebSockets.WebSocketReceiveResult>:SetResult (System.Net.WebSockets.WebSocketReceiveResult)
System.Runtime.CompilerServices.AsyncValueTaskMethodBuilder`1<System.Net.WebSockets.WebSocketReceiveResult>:SetResult (System.Net.WebSockets.WebSocketReceiveResult)
System.Net.WebSockets.ManagedWebSocket/<ReceiveAsyncPrivate>d__61`2<System.Net.WebSockets.ManagedWebSocket/WebSocketReceiveResultGetter, System.Net.WebSockets.WebSocketReceiveResult>:MoveNext ()
System.Runtime.CompilerServices.AsyncMethodBuilderCore/MoveNextRunner:InvokeMoveNext (object)
System.Threading.ExecutionContext:RunInternal (System.Threading.ExecutionContext,System.Threading.ContextCallback,object,bool)
System.Threading.ExecutionContext:Run (System.Threading.ExecutionContext,System.Threading.ContextCallback,object,bool)
System.Runtime.CompilerServices.AsyncMethodBuilderCore/MoveNextRunner:Run ()
System.Runtime.CompilerServices.ValueTaskAwaiter/<>c:<.cctor>b__9_0 (object)
System.Threading.ThreadPool/<>c__DisplayClass17_0`1<object>:<QueueUserWorkItem>b__0 (object)
System.Threading.QueueUserWorkItemCallback:WaitCallback_Context (object)
System.Threading.ExecutionContext:RunInternal (System.Threading.ExecutionContext,System.Threading.ContextCallback,object,bool)
System.Threading.ExecutionContext:Run (System.Threading.ExecutionContext,System.Threading.ContextCallback,object,bool)
System.Threading.QueueUserWorkItemCallback:System.Threading.IThreadPoolWorkItem.ExecuteWorkItem ()
System.Threading.ThreadPoolWorkQueue:Dispatch ()
System.Threading._ThreadPoolWaitCallback:PerformWaitCallback ()

(Filename: ./Packages/com.opus.sdk/Runtime/Transport/LiveClient.cs Line: 411)

[HapticClient] sending cue=trunk_lean motor=0 cueId=32eeb65f-02c9-4927-a69b-137996960093 nowMs=1407
UnityEngine.Debug:ExtractStackTraceNoAlloc (byte*,int,string)
UnityEngine.StackTraceUtility:ExtractStackTrace ()
UnityEngine.DebugLogHandler:Internal_Log (UnityEngine.LogType,UnityEngine.LogOption,string,UnityEngine.Object)
UnityEngine.DebugLogHandler:LogFormat (UnityEngine.LogType,UnityEngine.Object,string,object[])
UnityEngine.Logger:Log (UnityEngine.LogType,object)
UnityEngine.Debug:Log (object)
Opus.Sdk.HapticClient:SendDeviceCommand (Opus.Sdk.HapticDeviceCommand,string,double,bool) (at ./Packages/com.opus.sdk/Runtime/Transport/HapticClient.cs:221)
Opus.Sdk.HapticClient:SendTrunkLean (double,double) (at ./Packages/com.opus.sdk/Runtime/Transport/HapticClient.cs:121)
Opus.Shell.OrchardReachSceneController:HandleFormSignal (Opus.Sdk.FormWarningSignal) (at Assets/Shell/Runtime/OrchardReachSceneController.cs:567)
Opus.Sdk.FormFeedback:TickLean (double,double) (at ./Packages/com.opus.sdk/Runtime/Feedback/FormFeedback.cs:74)
Opus.Sdk.FormFeedback:Tick (double,double,bool,bool) (at ./Packages/com.opus.sdk/Runtime/Feedback/FormFeedback.cs:60)
Opus.Shell.OrchardReachSceneController:TickFormFeedbackAndHaptics (Opus.Sdk.IHandSource) (at Assets/Shell/Runtime/OrchardReachSceneController.cs:555)
Opus.Shell.OrchardReachSceneController:Update () (at Assets/Shell/Runtime/OrchardReachSceneController.cs:488)

(Filename: ./Packages/com.opus.sdk/Runtime/Transport/HapticClient.cs Line: 221)

[HapticClient] sending cue=success motor=0 cueId=8acb3252-1527-49bc-a2f7-2a5e841a5828 nowMs=1535
UnityEngine.Debug:ExtractStackTraceNoAlloc (byte*,int,string)
UnityEngine.StackTraceUtility:ExtractStackTrace ()
UnityEngine.DebugLogHandler:Internal_Log (UnityEngine.LogType,UnityEngine.LogOption,string,UnityEngine.Object)
UnityEngine.DebugLogHandler:LogFormat (UnityEngine.LogType,UnityEngine.Object,string,object[])
UnityEngine.Logger:Log (UnityEngine.LogType,object)
UnityEngine.Debug:Log (object)
Opus.Sdk.HapticClient:SendDeviceCommand (Opus.Sdk.HapticDeviceCommand,string,double,bool) (at ./Packages/com.opus.sdk/Runtime/Transport/HapticClient.cs:221)
Opus.Sdk.HapticClient:SendSuccess (double) (at ./Packages/com.opus.sdk/Runtime/Transport/HapticClient.cs:149)
Opus.Shell.OrchardReachSceneController:HandleTrialEvent (Opus.Sdk.TrialEvent) (at Assets/Shell/Runtime/OrchardReachSceneController.cs:856)
Opus.Games.OrchardReach.OrchardReachModule:Emit (string,string,Opus.Sdk.TrialTarget,string) (at Assets/Games/OrchardReach/Runtime/OrchardReachModule.cs:204)
Opus.Games.OrchardReach.OrchardReachModule:ConfirmPlacedInBasket (double) (at Assets/Games/OrchardReach/Runtime/OrchardReachModule.cs:178)
Opus.Shell.OrchardReachSceneController:OnFruitEnteredBasket () (at Assets/Shell/Runtime/OrchardReachSceneController.cs:827)
Opus.Shell.OrchardReachSceneController:<Awake>b__75_1 (UnityEngine.GameObject) (at Assets/Shell/Runtime/OrchardReachSceneController.cs:258)
Opus.Shell.BasketTrigger:OnTriggerEnter (UnityEngine.Collider) (at Assets/Shell/Runtime/BasketTrigger.cs:23)

(Filename: ./Packages/com.opus.sdk/Runtime/Transport/HapticClient.cs Line: 221)

Setting linear velocity of a kinematic body is not supported.
UnityEngine.Debug:ExtractStackTraceNoAlloc (byte*,int,string)
UnityEngine.StackTraceUtility:ExtractStackTrace ()
UnityEngine.Rigidbody:set_linearVelocity (UnityEngine.Vector3)
Opus.Shell.OrchardReachSceneController:HandleTrialEvent (Opus.Sdk.TrialEvent) (at Assets/Shell/Runtime/OrchardReachSceneController.cs:879)
Opus.Games.OrchardReach.OrchardReachModule:Emit (string,string,Opus.Sdk.TrialTarget,string) (at Assets/Games/OrchardReach/Runtime/OrchardReachModule.cs:204)
Opus.Games.OrchardReach.OrchardReachModule:EmitSignal (System.Nullable`1<Opus.Games.OrchardReach.TrialSignal>,string,Opus.Sdk.TrialTarget) (at Assets/Games/OrchardReach/Runtime/OrchardReachModule.cs:220)
Opus.Games.OrchardReach.OrchardReachModule:StartNextTrial (double) (at Assets/Games/OrchardReach/Runtime/OrchardReachModule.cs:117)
Opus.Games.OrchardReach.OrchardReachModule:OnTrialFinished (Opus.Games.OrchardReach.TrialOutcome,double) (at Assets/Games/OrchardReach/Runtime/OrchardReachModule.cs:190)
Opus.Games.OrchardReach.OrchardReachModule:ConfirmPlacedInBasket (double) (at Assets/Games/OrchardReach/Runtime/OrchardReachModule.cs:181)
Opus.Shell.OrchardReachSceneController:OnFruitEnteredBasket () (at Assets/Shell/Runtime/OrchardReachSceneController.cs:827)
Opus.Shell.OrchardReachSceneController:<Awake>b__75_1 (UnityEngine.GameObject) (at Assets/Shell/Runtime/OrchardReachSceneController.cs:258)
Opus.Shell.BasketTrigger:OnTriggerEnter (UnityEngine.Collider) (at Assets/Shell/Runtime/BasketTrigger.cs:23)

[Assets/Shell/Runtime/OrchardReachSceneController.cs line 879]

Setting linear velocity of a kinematic body is not supported.
UnityEngine.Debug:ExtractStackTraceNoAlloc (byte*,int,string)
UnityEngine.StackTraceUtility:ExtractStackTrace ()
UnityEngine.Rigidbody:set_linearVelocity (UnityEngine.Vector3)
Opus.Shell.OrchardReachSceneController:DriveDemoHandAndFruit () (at Assets/Shell/Runtime/OrchardReachSceneController.cs:677)
Opus.Shell.OrchardReachSceneController:Update () (at Assets/Shell/Runtime/OrchardReachSceneController.cs:486)

[Assets/Shell/Runtime/OrchardReachSceneController.cs line 677]

[OPUS] FullPipeline: wrote C:\Users\GARV BANSAL\Documents\VR_games\OPUS\logs\sessions\screens\unity\run12\02_grasp.png
UnityEngine.Debug:ExtractStackTraceNoAlloc (byte*,int,string)
UnityEngine.StackTraceUtility:ExtractStackTrace ()
UnityEngine.DebugLogHandler:Internal_Log (UnityEngine.LogType,UnityEngine.LogOption,string,UnityEngine.Object)
UnityEngine.DebugLogHandler:LogFormat (UnityEngine.LogType,UnityEngine.Object,string,object[])
UnityEngine.Logger:Log (UnityEngine.LogType,object)
UnityEngine.Debug:Log (object)
Opus.Shell.Tests.PlayMode.FullPipelineIntegrationTests:CaptureShot (string,string) (at Assets/Shell/Tests/PlayMode/FullPipelineIntegrationTests.cs:266)
Opus.Shell.Tests.PlayMode.FullPipelineIntegrationTests/<FullPipeline_AppHub_Headset_Sleeve_ProducesAnalysableSession>d__5:MoveNext () (at Assets/Shell/Tests/PlayMode/FullPipelineIntegrationTests.cs:161)
UnityEngine.TestTools.TestEnumerator/<Execute>d__7:MoveNext () (at ./Library/PackageCache/com.unity.test-framework@76560ee600cb/UnityEngine.TestRunner/NUnitExtensions/Attributes/TestEnumerator.cs:44)
UnityEngine.TestTools.EnumerableTestMethodCommand/<ExecuteEnumerableAndRecordExceptions>d__4:MoveNext () (at ./Library/PackageCache/com.unity.test-framework@76560ee600cb/UnityEngine.TestRunner/NUnitExtensions/Commands/EnumerableTestMethodCommand.cs:79)
UnityEngine.TestTools.EnumerableTestMethodCommand:AdvanceEnumerator (System.Collections.IEnumerator) (at ./Library/PackageCache/com.unity.test-framework@76560ee600cb/UnityEngine.TestRunner/NUnitExtensions/Commands/EnumerableTestMethodCommand.cs:64)
UnityEngine.TestTools.EnumerableTestMethodCommand/<ExecuteEnumerable>d__2:MoveNext () (at ./Library/PackageCache/com.unity.test-framework@76560ee600cb/UnityEngine.TestRunner/NUnitExtensions/Commands/EnumerableTestMethodCommand.cs:47)
UnityEngine.TestRunner.NUnitExtensions.Runner.UnityLogCheckDelegatingCommand/<ExecuteEnumerable>d__3:MoveNext () (at ./Library/PackageCache/com.unity.test-framework@76560ee600cb/UnityEngine.TestRunner/NUnitExtensions/Runner/UnityLogCheckDelegatingCommand.cs:48)
UnityEngine.TestTools.BeforeAfterTestCommandBase`1/<ExecuteEnumerable>d__16<NUnit.Framework.ITestAction>:MoveNext () (at ./Library/PackageCache/com.unity.test-framework@76560ee600cb/UnityEngine.TestRunner/NUnitExtensions/Commands/BeforeAfterTestCommandBase.cs:212)
UnityEngine.TestTools.BeforeAfterTestCommandBase`1/<ExecuteEnumerable>d__16<System.Reflection.MethodInfo>:MoveNext () (at ./Library/PackageCache/com.unity.test-framework@76560ee600cb/UnityEngine.TestRunner/NUnitExtensions/Commands/BeforeAfterTestCommandBase.cs:212)
UnityEngine.TestTools.BeforeAfterTestCommandBase`1/<ExecuteEnumerable>d__16<System.Reflection.MethodInfo>:MoveNext () (at ./Library/PackageCache/com.unity.test-framework@76560ee600cb/UnityEngine.TestRunner/NUnitExtensions/Commands/BeforeAfterTestCommandBase.cs:212)
UnityEngine.TestTools.BeforeAfterTestCommandBase`1/<ExecuteEnumerable>d__16<UnityEngine.TestTools.IOuterUnityTestAction>:MoveNext () (at ./Library/PackageCache/com.unity.test-framework@76560ee600cb/UnityEngine.TestRunner/NUnitExtensions/Commands/BeforeAfterTestCommandBase.cs:212)
UnityEngine.TestTools.RetryCommand/<ExecuteEnumerable>d__2:MoveNext () (at ./Library/PackageCache/com.unity.test-framework@76560ee600cb/UnityEngine.TestRunner/NUnitExtensions/Commands/RetryCommand.cs:37)
UnityEngine.TestTools.RepeatCommand/<ExecuteEnumerable>d__2:MoveNext () (at ./Library/PackageCache/com.unity.test-framework@76560ee600cb/UnityEngine.TestRunner/NUnitExtensions/Commands/RepeatCommand.cs:36)
UnityEngine.TestTools.IgnoreTestCommand/<ExecuteEnumerable>d__3:MoveNext () (at ./Library/PackageCache/com.unity.test-framework@76560ee600cb/UnityEngine.TestRunner/NUnitExtensions/Commands/IgnoreTestCommand.cs:42)
UnityEngine.TestTools.StrictCheckCommand/<ExecuteEnumerable>d__2:MoveNext () (at ./Library/PackageCache/com.unity.test-framework@76560ee600cb/UnityEngine.TestRunner/NUnitExtensions/Commands/StrictCheckCommand.cs:29)
UnityEngine.TestTools.Utils.CoroutineRunner/<WrapEnumeratorForChecks>d__8:MoveNext () (at ./Library/PackageCache/com.unity.test-framework@76560ee600cb/UnityEngine.TestRunner/Utils/CoroutineRunner.cs:58)
UnityEngine.SetupCoroutine:InvokeMoveNext (System.Collections.IEnumerator,intptr)

(Filename: Assets/Shell/Tests/PlayMode/FullPipelineIntegrationTests.cs Line: 266)

[OPUS] FullPipeline: wrote C:\Users\GARV BANSAL\Documents\VR_games\OPUS\logs\sessions\screens\unity\run12\03_placed.png
UnityEngine.Debug:ExtractStackTraceNoAlloc (byte*,int,string)
UnityEngine.StackTraceUtility:ExtractStackTrace ()
UnityEngine.DebugLogHandler:Internal_Log (UnityEngine.LogType,UnityEngine.LogOption,string,UnityEngine.Object)
UnityEngine.DebugLogHandler:LogFormat (UnityEngine.LogType,UnityEngine.Object,string,object[])
UnityEngine.Logger:Log (UnityEngine.LogType,object)
UnityEngine.Debug:Log (object)
Opus.Shell.Tests.PlayMode.FullPipelineIntegrationTests:CaptureShot (string,string) (at Assets/Shell/Tests/PlayMode/FullPipelineIntegrationTests.cs:266)
Opus.Shell.Tests.PlayMode.FullPipelineIntegrationTests/<FullPipeline_AppHub_Headset_Sleeve_ProducesAnalysableSession>d__5:MoveNext () (at Assets/Shell/Tests/PlayMode/FullPipelineIntegrationTests.cs:162)
UnityEngine.TestTools.TestEnumerator/<Execute>d__7:MoveNext () (at ./Library/PackageCache/com.unity.test-framework@76560ee600cb/UnityEngine.TestRunner/NUnitExtensions/Attributes/TestEnumerator.cs:44)
UnityEngine.TestTools.EnumerableTestMethodCommand/<ExecuteEnumerableAndRecordExceptions>d__4:MoveNext () (at ./Library/PackageCache/com.unity.test-framework@76560ee600cb/UnityEngine.TestRunner/NUnitExtensions/Commands/EnumerableTestMethodCommand.cs:79)
UnityEngine.TestTools.EnumerableTestMethodCommand:AdvanceEnumerator (System.Collections.IEnumerator) (at ./Library/PackageCache/com.unity.test-framework@76560ee600cb/UnityEngine.TestRunner/NUnitExtensions/Commands/EnumerableTestMethodCommand.cs:64)
UnityEngine.TestTools.EnumerableTestMethodCommand/<ExecuteEnumerable>d__2:MoveNext () (at ./Library/PackageCache/com.unity.test-framework@76560ee600cb/UnityEngine.TestRunner/NUnitExtensions/Commands/EnumerableTestMethodCommand.cs:47)
UnityEngine.TestRunner.NUnitExtensions.Runner.UnityLogCheckDelegatingCommand/<ExecuteEnumerable>d__3:MoveNext () (at ./Library/PackageCache/com.unity.test-framework@76560ee600cb/UnityEngine.TestRunner/NUnitExtensions/Runner/UnityLogCheckDelegatingCommand.cs:48)
UnityEngine.TestTools.BeforeAfterTestCommandBase`1/<ExecuteEnumerable>d__16<NUnit.Framework.ITestAction>:MoveNext () (at ./Library/PackageCache/com.unity.test-framework@76560ee600cb/UnityEngine.TestRunner/NUnitExtensions/Commands/BeforeAfterTestCommandBase.cs:212)
UnityEngine.TestTools.BeforeAfterTestCommandBase`1/<ExecuteEnumerable>d__16<System.Reflection.MethodInfo>:MoveNext () (at ./Library/PackageCache/com.unity.test-framework@76560ee600cb/UnityEngine.TestRunner/NUnitExtensions/Commands/BeforeAfterTestCommandBase.cs:212)
UnityEngine.TestTools.BeforeAfterTestCommandBase`1/<ExecuteEnumerable>d__16<System.Reflection.MethodInfo>:MoveNext () (at ./Library/PackageCache/com.unity.test-framework@76560ee600cb/UnityEngine.TestRunner/NUnitExtensions/Commands/BeforeAfterTestCommandBase.cs:212)
UnityEngine.TestTools.BeforeAfterTestCommandBase`1/<ExecuteEnumerable>d__16<UnityEngine.TestTools.IOuterUnityTestAction>:MoveNext () (at ./Library/PackageCache/com.unity.test-framework@76560ee600cb/UnityEngine.TestRunner/NUnitExtensions/Commands/BeforeAfterTestCommandBase.cs:212)
UnityEngine.TestTools.RetryCommand/<ExecuteEnumerable>d__2:MoveNext () (at ./Library/PackageCache/com.unity.test-framework@76560ee600cb/UnityEngine.TestRunner/NUnitExtensions/Commands/RetryCommand.cs:37)
UnityEngine.TestTools.RepeatCommand/<ExecuteEnumerable>d__2:MoveNext () (at ./Library/PackageCache/com.unity.test-framework@76560ee600cb/UnityEngine.TestRunner/NUnitExtensions/Commands/RepeatCommand.cs:36)
UnityEngine.TestTools.IgnoreTestCommand/<ExecuteEnumerable>d__3:MoveNext () (at ./Library/PackageCache/com.unity.test-framework@76560ee600cb/UnityEngine.TestRunner/NUnitExtensions/Commands/IgnoreTestCommand.cs:42)
UnityEngine.TestTools.StrictCheckCommand/<ExecuteEnumerable>d__2:MoveNext () (at ./Library/PackageCache/com.unity.test-framework@76560ee600cb/UnityEngine.TestRunner/NUnitExtensions/Commands/StrictCheckCommand.cs:29)
UnityEngine.TestTools.Utils.CoroutineRunner/<WrapEnumeratorForChecks>d__8:MoveNext () (at ./Library/PackageCache/com.unity.test-framework@76560ee600cb/UnityEngine.TestRunner/Utils/CoroutineRunner.cs:58)
UnityEngine.SetupCoroutine:InvokeMoveNext (System.Collections.IEnumerator,intptr)

(Filename: Assets/Shell/Tests/PlayMode/FullPipelineIntegrationTests.cs Line: 266)

[HapticClient] sending cue=success motor=0 cueId=5adefcdc-cfd2-4026-81f3-d98a778b0d2b nowMs=2509
UnityEngine.Debug:ExtractStackTraceNoAlloc (byte*,int,string)
UnityEngine.StackTraceUtility:ExtractStackTrace ()
UnityEngine.DebugLogHandler:Internal_Log (UnityEngine.LogType,UnityEngine.LogOption,string,UnityEngine.Object)
UnityEngine.DebugLogHandler:LogFormat (UnityEngine.LogType,UnityEngine.Object,string,object[])
UnityEngine.Logger:Log (UnityEngine.LogType,object)
UnityEngine.Debug:Log (object)
Opus.Sdk.HapticClient:SendDeviceCommand (Opus.Sdk.HapticDeviceCommand,string,double,bool) (at ./Packages/com.opus.sdk/Runtime/Transport/HapticClient.cs:221)
Opus.Sdk.HapticClient:SendSuccess (double) (at ./Packages/com.opus.sdk/Runtime/Transport/HapticClient.cs:149)
Opus.Shell.OrchardReachSceneController:HandleTrialEvent (Opus.Sdk.TrialEvent) (at Assets/Shell/Runtime/OrchardReachSceneController.cs:856)
Opus.Games.OrchardReach.OrchardReachModule:Emit (string,string,Opus.Sdk.TrialTarget,string) (at Assets/Games/OrchardReach/Runtime/OrchardReachModule.cs:204)
Opus.Games.OrchardReach.OrchardReachModule:ConfirmPlacedInBasket (double) (at Assets/Games/OrchardReach/Runtime/OrchardReachModule.cs:178)
Opus.Shell.OrchardReachSceneController:OnFruitEnteredBasket () (at Assets/Shell/Runtime/OrchardReachSceneController.cs:827)
Opus.Shell.OrchardReachSceneController:<Awake>b__75_1 (UnityEngine.GameObject) (at Assets/Shell/Runtime/OrchardReachSceneController.cs:258)
Opus.Shell.BasketTrigger:OnTriggerEnter (UnityEngine.Collider) (at Assets/Shell/Runtime/BasketTrigger.cs:23)

(Filename: ./Packages/com.opus.sdk/Runtime/Transport/HapticClient.cs Line: 221)

Setting linear velocity of a kinematic body is not supported.
UnityEngine.Debug:ExtractStackTraceNoAlloc (byte*,int,string)
UnityEngine.StackTraceUtility:ExtractStackTrace ()
UnityEngine.Rigidbody:set_linearVelocity (UnityEngine.Vector3)
Opus.Shell.OrchardReachSceneController:HandleTrialEvent (Opus.Sdk.TrialEvent) (at Assets/Shell/Runtime/OrchardReachSceneController.cs:879)
Opus.Games.OrchardReach.OrchardReachModule:Emit (string,string,Opus.Sdk.TrialTarget,string) (at Assets/Games/OrchardReach/Runtime/OrchardReachModule.cs:204)
Opus.Games.OrchardReach.OrchardReachModule:EmitSignal (System.Nullable`1<Opus.Games.OrchardReach.TrialSignal>,string,Opus.Sdk.TrialTarget) (at Assets/Games/OrchardReach/Runtime/OrchardReachModule.cs:220)
Opus.Games.OrchardReach.OrchardReachModule:StartNextTrial (double) (at Assets/Games/OrchardReach/Runtime/OrchardReachModule.cs:117)
Opus.Games.OrchardReach.OrchardReachModule:OnTrialFinished (Opus.Games.OrchardReach.TrialOutcome,double) (at Assets/Games/OrchardReach/Runtime/OrchardReachModule.cs:190)
Opus.Games.OrchardReach.OrchardReachModule:ConfirmPlacedInBasket (double) (at Assets/Games/OrchardReach/Runtime/OrchardReachModule.cs:181)
Opus.Shell.OrchardReachSceneController:OnFruitEnteredBasket () (at Assets/Shell/Runtime/OrchardReachSceneController.cs:827)
Opus.Shell.OrchardReachSceneController:<Awake>b__75_1 (UnityEngine.GameObject) (at Assets/Shell/Runtime/OrchardReachSceneController.cs:258)
Opus.Shell.BasketTrigger:OnTriggerEnter (UnityEngine.Collider) (at Assets/Shell/Runtime/BasketTrigger.cs:23)

[Assets/Shell/Runtime/OrchardReachSceneController.cs line 879]

Setting linear velocity of a kinematic body is not supported.
UnityEngine.Debug:ExtractStackTraceNoAlloc (byte*,int,string)
UnityEngine.StackTraceUtility:ExtractStackTrace ()
UnityEngine.Rigidbody:set_linearVelocity (UnityEngine.Vector3)
Opus.Shell.OrchardReachSceneController:DriveDemoHandAndFruit () (at Assets/Shell/Runtime/OrchardReachSceneController.cs:677)
Opus.Shell.OrchardReachSceneController:Update () (at Assets/Shell/Runtime/OrchardReachSceneController.cs:486)

[Assets/Shell/Runtime/OrchardReachSceneController.cs line 677]

[HapticClient] cue dropped for motor 1: per-zone min gap (800ms) not elapsed (last=2509 now=2872).
UnityEngine.Debug:ExtractStackTraceNoAlloc (byte*,int,string)
UnityEngine.StackTraceUtility:ExtractStackTrace ()
UnityEngine.DebugLogHandler:Internal_Log (UnityEngine.LogType,UnityEngine.LogOption,string,UnityEngine.Object)
UnityEngine.DebugLogHandler:LogFormat (UnityEngine.LogType,UnityEngine.Object,string,object[])
UnityEngine.Logger:Log (UnityEngine.LogType,object)
UnityEngine.Debug:Log (object)
Opus.Sdk.HapticClient:GateCue (int,double,bool) (at ./Packages/com.opus.sdk/Runtime/Transport/HapticClient.cs:212)
Opus.Sdk.HapticClient:SendLowConfidence (double) (at ./Packages/com.opus.sdk/Runtime/Transport/HapticClient.cs:131)
Opus.Shell.OrchardReachSceneController:HandleFormSignal (Opus.Sdk.FormWarningSignal) (at Assets/Shell/Runtime/OrchardReachSceneController.cs:571)
Opus.Sdk.FormFeedback:TickTracking (double,bool) (at ./Packages/com.opus.sdk/Runtime/Feedback/FormFeedback.cs:96)
Opus.Sdk.FormFeedback:Tick (double,double,bool,bool) (at ./Packages/com.opus.sdk/Runtime/Feedback/FormFeedback.cs:61)
Opus.Shell.OrchardReachSceneController:TickFormFeedbackAndHaptics (Opus.Sdk.IHandSource) (at Assets/Shell/Runtime/OrchardReachSceneController.cs:555)
Opus.Shell.OrchardReachSceneController:Update () (at Assets/Shell/Runtime/OrchardReachSceneController.cs:488)

(Filename: ./Packages/com.opus.sdk/Runtime/Transport/HapticClient.cs Line: 212)

Setting linear velocity of a kinematic body is not supported.
UnityEngine.Debug:ExtractStackTraceNoAlloc (byte*,int,string)
UnityEngine.StackTraceUtility:ExtractStackTrace ()
UnityEngine.Rigidbody:set_linearVelocity (UnityEngine.Vector3)
Opus.Shell.OrchardReachSceneController:HandleTrialEvent (Opus.Sdk.TrialEvent) (at Assets/Shell/Runtime/OrchardReachSceneController.cs:879)
Opus.Games.OrchardReach.OrchardReachModule:Emit (string,string,Opus.Sdk.TrialTarget,string) (at Assets/Games/OrchardReach/Runtime/OrchardReachModule.cs:204)
Opus.Games.OrchardReach.OrchardReachModule:EmitSignal (System.Nullable`1<Opus.Games.OrchardReach.TrialSignal>,string,Opus.Sdk.TrialTarget) (at Assets/Games/OrchardReach/Runtime/OrchardReachModule.cs:220)
Opus.Games.OrchardReach.OrchardReachModule:StartNextTrial (double) (at Assets/Games/OrchardReach/Runtime/OrchardReachModule.cs:117)
Opus.Games.OrchardReach.OrchardReachModule:OnTrialFinished (Opus.Games.OrchardReach.TrialOutcome,double) (at Assets/Games/OrchardReach/Runtime/OrchardReachModule.cs:190)
Opus.Games.OrchardReach.OrchardReachModule:Tick (double,Opus.Sdk.IHandSource) (at Assets/Games/OrchardReach/Runtime/OrchardReachModule.cs:154)
Opus.Shell.OrchardReachSceneController:Update () (at Assets/Shell/Runtime/OrchardReachSceneController.cs:484)

[Assets/Shell/Runtime/OrchardReachSceneController.cs line 879]

[OPUS] FullPipeline: wrote C:\Users\GARV BANSAL\Documents\VR_games\OPUS\logs\sessions\screens\unity\run12\01_mid_reach.png
UnityEngine.Debug:ExtractStackTraceNoAlloc (byte*,int,string)
UnityEngine.StackTraceUtility:ExtractStackTrace ()
UnityEngine.DebugLogHandler:Internal_Log (UnityEngine.LogType,UnityEngine.LogOption,string,UnityEngine.Object)
UnityEngine.DebugLogHandler:LogFormat (UnityEngine.LogType,UnityEngine.Object,string,object[])
UnityEngine.Logger:Log (UnityEngine.LogType,object)
UnityEngine.Debug:Log (object)
Opus.Shell.Tests.PlayMode.FullPipelineIntegrationTests:CaptureShot (string,string) (at Assets/Shell/Tests/PlayMode/FullPipelineIntegrationTests.cs:266)
Opus.Shell.Tests.PlayMode.FullPipelineIntegrationTests/<FullPipeline_AppHub_Headset_Sleeve_ProducesAnalysableSession>d__5:MoveNext () (at Assets/Shell/Tests/PlayMode/FullPipelineIntegrationTests.cs:160)
UnityEngine.TestTools.TestEnumerator/<Execute>d__7:MoveNext () (at ./Library/PackageCache/com.unity.test-framework@76560ee600cb/UnityEngine.TestRunner/NUnitExtensions/Attributes/TestEnumerator.cs:44)
UnityEngine.TestTools.EnumerableTestMethodCommand/<ExecuteEnumerableAndRecordExceptions>d__4:MoveNext () (at ./Library/PackageCache/com.unity.test-framework@76560ee600cb/UnityEngine.TestRunner/NUnitExtensions/Commands/EnumerableTestMethodCommand.cs:79)
UnityEngine.TestTools.EnumerableTestMethodCommand:AdvanceEnumerator (System.Collections.IEnumerator) (at ./Library/PackageCache/com.unity.test-framework@76560ee600cb/UnityEngine.TestRunner/NUnitExtensions/Commands/EnumerableTestMethodCommand.cs:64)
UnityEngine.TestTools.EnumerableTestMethodCommand/<ExecuteEnumerable>d__2:MoveNext () (at ./Library/PackageCache/com.unity.test-framework@76560ee600cb/UnityEngine.TestRunner/NUnitExtensions/Commands/EnumerableTestMethodCommand.cs:47)
UnityEngine.TestRunner.NUnitExtensions.Runner.UnityLogCheckDelegatingCommand/<ExecuteEnumerable>d__3:MoveNext () (at ./Library/PackageCache/com.unity.test-framework@76560ee600cb/UnityEngine.TestRunner/NUnitExtensions/Runner/UnityLogCheckDelegatingCommand.cs:48)
UnityEngine.TestTools.BeforeAfterTestCommandBase`1/<ExecuteEnumerable>d__16<NUnit.Framework.ITestAction>:MoveNext () (at ./Library/PackageCache/com.unity.test-framework@76560ee600cb/UnityEngine.TestRunner/NUnitExtensions/Commands/BeforeAfterTestCommandBase.cs:212)
UnityEngine.TestTools.BeforeAfterTestCommandBase`1/<ExecuteEnumerable>d__16<System.Reflection.MethodInfo>:MoveNext () (at ./Library/PackageCache/com.unity.test-framework@76560ee600cb/UnityEngine.TestRunner/NUnitExtensions/Commands/BeforeAfterTestCommandBase.cs:212)
UnityEngine.TestTools.BeforeAfterTestCommandBase`1/<ExecuteEnumerable>d__16<System.Reflection.MethodInfo>:MoveNext () (at ./Library/PackageCache/com.unity.test-framework@76560ee600cb/UnityEngine.TestRunner/NUnitExtensions/Commands/BeforeAfterTestCommandBase.cs:212)
UnityEngine.TestTools.BeforeAfterTestCommandBase`1/<ExecuteEnumerable>d__16<UnityEngine.TestTools.IOuterUnityTestAction>:MoveNext () (at ./Library/PackageCache/com.unity.test-framework@76560ee600cb/UnityEngine.TestRunner/NUnitExtensions/Commands/BeforeAfterTestCommandBase.cs:212)
UnityEngine.TestTools.RetryCommand/<ExecuteEnumerable>d__2:MoveNext () (at ./Library/PackageCache/com.unity.test-framework@76560ee600cb/UnityEngine.TestRunner/NUnitExtensions/Commands/RetryCommand.cs:37)
UnityEngine.TestTools.RepeatCommand/<ExecuteEnumerable>d__2:MoveNext () (at ./Library/PackageCache/com.unity.test-framework@76560ee600cb/UnityEngine.TestRunner/NUnitExtensions/Commands/RepeatCommand.cs:36)
UnityEngine.TestTools.IgnoreTestCommand/<ExecuteEnumerable>d__3:MoveNext () (at ./Library/PackageCache/com.unity.test-framework@76560ee600cb/UnityEngine.TestRunner/NUnitExtensions/Commands/IgnoreTestCommand.cs:42)
UnityEngine.TestTools.StrictCheckCommand/<ExecuteEnumerable>d__2:MoveNext () (at ./Library/PackageCache/com.unity.test-framework@76560ee600cb/UnityEngine.TestRunner/NUnitExtensions/Commands/StrictCheckCommand.cs:29)
UnityEngine.TestTools.Utils.CoroutineRunner/<WrapEnumeratorForChecks>d__8:MoveNext () (at ./Library/PackageCache/com.unity.test-framework@76560ee600cb/UnityEngine.TestRunner/Utils/CoroutineRunner.cs:58)
UnityEngine.SetupCoroutine:InvokeMoveNext (System.Collections.IEnumerator,intptr)

(Filename: Assets/Shell/Tests/PlayMode/FullPipelineIntegrationTests.cs Line: 266)

Setting linear velocity of a kinematic body is not supported.
UnityEngine.Debug:ExtractStackTraceNoAlloc (byte*,int,string)
UnityEngine.StackTraceUtility:ExtractStackTrace ()
UnityEngine.Rigidbody:set_linearVelocity (UnityEngine.Vector3)
Opus.Shell.OrchardReachSceneController:DriveDemoHandAndFruit () (at Assets/Shell/Runtime/OrchardReachSceneController.cs:677)
Opus.Shell.OrchardReachSceneController:Update () (at Assets/Shell/Runtime/OrchardReachSceneController.cs:486)

[Assets/Shell/Runtime/OrchardReachSceneController.cs line 677]

Setting linear velocity of a kinematic body is not supported.
UnityEngine.Debug:ExtractStackTraceNoAlloc (byte*,int,string)
UnityEngine.StackTraceUtility:ExtractStackTrace ()
UnityEngine.Rigidbody:set_linearVelocity (UnityEngine.Vector3)
Opus.Shell.OrchardReachSceneController:HandleTrialEvent (Opus.Sdk.TrialEvent) (at Assets/Shell/Runtime/OrchardReachSceneController.cs:879)
Opus.Games.OrchardReach.OrchardReachModule:Emit (string,string,Opus.Sdk.TrialTarget,string) (at Assets/Games/OrchardReach/Runtime/OrchardReachModule.cs:204)
Opus.Games.OrchardReach.OrchardReachModule:EmitSignal (System.Nullable`1<Opus.Games.OrchardReach.TrialSignal>,string,Opus.Sdk.TrialTarget) (at Assets/Games/OrchardReach/Runtime/OrchardReachModule.cs:220)
Opus.Games.OrchardReach.OrchardReachModule:StartNextTrial (double) (at Assets/Games/OrchardReach/Runtime/OrchardReachModule.cs:117)
Opus.Games.OrchardReach.OrchardReachModule:OnTrialFinished (Opus.Games.OrchardReach.TrialOutcome,double) (at Assets/Games/OrchardReach/Runtime/OrchardReachModule.cs:190)
Opus.Games.OrchardReach.OrchardReachModule:Tick (double,Opus.Sdk.IHandSource) (at Assets/Games/OrchardReach/Runtime/OrchardReachModule.cs:154)
Opus.Shell.OrchardReachSceneController:Update () (at Assets/Shell/Runtime/OrchardReachSceneController.cs:484)

[Assets/Shell/Runtime/OrchardReachSceneController.cs line 879]

Setting linear velocity of a kinematic body is not supported.
UnityEngine.Debug:ExtractStackTraceNoAlloc (byte*,int,string)
UnityEngine.StackTraceUtility:ExtractStackTrace ()
UnityEngine.Rigidbody:set_linearVelocity (UnityEngine.Vector3)
Opus.Shell.OrchardReachSceneController:DriveDemoHandAndFruit () (at Assets/Shell/Runtime/OrchardReachSceneController.cs:677)
Opus.Shell.OrchardReachSceneController:Update () (at Assets/Shell/Runtime/OrchardReachSceneController.cs:486)

[Assets/Shell/Runtime/OrchardReachSceneController.cs line 677]

Setting linear velocity of a kinematic body is not supported.
UnityEngine.Debug:ExtractStackTraceNoAlloc (byte*,int,string)
UnityEngine.StackTraceUtility:ExtractStackTrace ()
UnityEngine.Rigidbody:set_linearVelocity (UnityEngine.Vector3)
Opus.Shell.OrchardReachSceneController:HandleTrialEvent (Opus.Sdk.TrialEvent) (at Assets/Shell/Runtime/OrchardReachSceneController.cs:879)
Opus.Games.OrchardReach.OrchardReachModule:Emit (string,string,Opus.Sdk.TrialTarget,string) (at Assets/Games/OrchardReach/Runtime/OrchardReachModule.cs:204)
Opus.Games.OrchardReach.OrchardReachModule:EmitSignal (System.Nullable`1<Opus.Games.OrchardReach.TrialSignal>,string,Opus.Sdk.TrialTarget) (at Assets/Games/OrchardReach/Runtime/OrchardReachModule.cs:220)
Opus.Games.OrchardReach.OrchardReachModule:StartNextTrial (double) (at Assets/Games/OrchardReach/Runtime/OrchardReachModule.cs:117)
Opus.Games.OrchardReach.OrchardReachModule:OnTrialFinished (Opus.Games.OrchardReach.TrialOutcome,double) (at Assets/Games/OrchardReach/Runtime/OrchardReachModule.cs:190)
Opus.Games.OrchardReach.OrchardReachModule:Tick (double,Opus.Sdk.IHandSource) (at Assets/Games/OrchardReach/Runtime/OrchardReachModule.cs:154)
Opus.Shell.OrchardReachSceneController:Update () (at Assets/Shell/Runtime/OrchardReachSceneController.cs:484)

[Assets/Shell/Runtime/OrchardReachSceneController.cs line 879]

Setting linear velocity of a kinematic body is not supported.
UnityEngine.Debug:ExtractStackTraceNoAlloc (byte*,int,string)
UnityEngine.StackTraceUtility:ExtractStackTrace ()
UnityEngine.Rigidbody:set_linearVelocity (UnityEngine.Vector3)
Opus.Shell.OrchardReachSceneController:DriveDemoHandAndFruit () (at Assets/Shell/Runtime/OrchardReachSceneController.cs:677)
Opus.Shell.OrchardReachSceneController:Update () (at Assets/Shell/Runtime/OrchardReachSceneController.cs:486)

[Assets/Shell/Runtime/OrchardReachSceneController.cs line 677]

[OPUS] FullPipeline: session 81f5a097-c280-4556-92a1-e35350263a9e finished after 9.0s — trialsCompleted=6 trialEvents=29 formWarnings=4 hapticCues=6 cueOrder=[trunk_lean,success] kinChunks=2 hubSaidStart=False
UnityEngine.Debug:ExtractStackTraceNoAlloc (byte*,int,string)
UnityEngine.StackTraceUtility:ExtractStackTrace ()
UnityEngine.DebugLogHandler:Internal_Log (UnityEngine.LogType,UnityEngine.LogOption,string,UnityEngine.Object)
UnityEngine.DebugLogHandler:LogFormat (UnityEngine.LogType,UnityEngine.Object,string,object[])
UnityEngine.Logger:Log (UnityEngine.LogType,object)
UnityEngine.Debug:Log (object)
Opus.Shell.Tests.PlayMode.FullPipelineIntegrationTests/<FullPipeline_AppHub_Headset_Sleeve_ProducesAnalysableSession>d__5:MoveNext () (at Assets/Shell/Tests/PlayMode/FullPipelineIntegrationTests.cs:172)
UnityEngine.TestTools.TestEnumerator/<Execute>d__7:MoveNext () (at ./Library/PackageCache/com.unity.test-framework@76560ee600cb/UnityEngine.TestRunner/NUnitExtensions/Attributes/TestEnumerator.cs:44)
UnityEngine.TestTools.EnumerableTestMethodCommand/<ExecuteEnumerableAndRecordExceptions>d__4:MoveNext () (at ./Library/PackageCache/com.unity.test-framework@76560ee600cb/UnityEngine.TestRunner/NUnitExtensions/Commands/EnumerableTestMethodCommand.cs:79)
UnityEngine.TestTools.EnumerableTestMethodCommand:AdvanceEnumerator (System.Collections.IEnumerator) (at ./Library/PackageCache/com.unity.test-framework@76560ee600cb/UnityEngine.TestRunner/NUnitExtensions/Commands/EnumerableTestMethodCommand.cs:64)
UnityEngine.TestTools.EnumerableTestMethodCommand/<ExecuteEnumerable>d__2:MoveNext () (at ./Library/PackageCache/com.unity.test-framework@76560ee600cb/UnityEngine.TestRunner/NUnitExtensions/Commands/EnumerableTestMethodCommand.cs:47)
UnityEngine.TestRunner.NUnitExtensions.Runner.UnityLogCheckDelegatingCommand/<ExecuteEnumerable>d__3:MoveNext () (at ./Library/PackageCache/com.unity.test-framework@76560ee600cb/UnityEngine.TestRunner/NUnitExtensions/Runner/UnityLogCheckDelegatingCommand.cs:48)
UnityEngine.TestTools.BeforeAfterTestCommandBase`1/<ExecuteEnumerable>d__16<NUnit.Framework.ITestAction>:MoveNext () (at ./Library/PackageCache/com.unity.test-framework@76560ee600cb/UnityEngine.TestRunner/NUnitExtensions/Commands/BeforeAfterTestCommandBase.cs:212)
UnityEngine.TestTools.BeforeAfterTestCommandBase`1/<ExecuteEnumerable>d__16<System.Reflection.MethodInfo>:MoveNext () (at ./Library/PackageCache/com.unity.test-framework@76560ee600cb/UnityEngine.TestRunner/NUnitExtensions/Commands/BeforeAfterTestCommandBase.cs:212)
UnityEngine.TestTools.BeforeAfterTestCommandBase`1/<ExecuteEnumerable>d__16<System.Reflection.MethodInfo>:MoveNext () (at ./Library/PackageCache/com.unity.test-framework@76560ee600cb/UnityEngine.TestRunner/NUnitExtensions/Commands/BeforeAfterTestCommandBase.cs:212)
UnityEngine.TestTools.BeforeAfterTestCommandBase`1/<ExecuteEnumerable>d__16<UnityEngine.TestTools.IOuterUnityTestAction>:MoveNext () (at ./Library/PackageCache/com.unity.test-framework@76560ee600cb/UnityEngine.TestRunner/NUnitExtensions/Commands/BeforeAfterTestCommandBase.cs:212)
UnityEngine.TestTools.RetryCommand/<ExecuteEnumerable>d__2:MoveNext () (at ./Library/PackageCache/com.unity.test-framework@76560ee600cb/UnityEngine.TestRunner/NUnitExtensions/Commands/RetryCommand.cs:37)
UnityEngine.TestTools.RepeatCommand/<ExecuteEnumerable>d__2:MoveNext () (at ./Library/PackageCache/com.unity.test-framework@76560ee600cb/UnityEngine.TestRunner/NUnitExtensions/Commands/RepeatCommand.cs:36)
UnityEngine.TestTools.IgnoreTestCommand/<ExecuteEnumerable>d__3:MoveNext () (at ./Library/PackageCache/com.unity.test-framework@76560ee600cb/UnityEngine.TestRunner/NUnitExtensions/Commands/IgnoreTestCommand.cs:42)
UnityEngine.TestTools.StrictCheckCommand/<ExecuteEnumerable>d__2:MoveNext () (at ./Library/PackageCache/com.unity.test-framework@76560ee600cb/UnityEngine.TestRunner/NUnitExtensions/Commands/StrictCheckCommand.cs:29)
UnityEngine.TestTools.Utils.CoroutineRunner/<WrapEnumeratorForChecks>d__8:MoveNext () (at ./Library/PackageCache/com.unity.test-framework@76560ee600cb/UnityEngine.TestRunner/Utils/CoroutineRunner.cs:58)
UnityEngine.SetupCoroutine:InvokeMoveNext (System.Collections.IEnumerator,intptr)

(Filename: Assets/Shell/Tests/PlayMode/FullPipelineIntegrationTests.cs Line: 172)

[OPUS] FullPipeline: uploaded 4 files to the hub (session.json, events.ndjson, kin_000.json, kin_001.json)
UnityEngine.Debug:ExtractStackTraceNoAlloc (byte*,int,string)
UnityEngine.StackTraceUtility:ExtractStackTrace ()
UnityEngine.DebugLogHandler:Internal_Log (UnityEngine.LogType,UnityEngine.LogOption,string,UnityEngine.Object)
UnityEngine.DebugLogHandler:LogFormat (UnityEngine.LogType,UnityEngine.Object,string,object[])
UnityEngine.Logger:Log (UnityEngine.LogType,object)
UnityEngine.Debug:Log (object)
Opus.Shell.Tests.PlayMode.FullPipelineIntegrationTests/<FullPipeline_AppHub_Headset_Sleeve_ProducesAnalysableSession>d__5:MoveNext () (at Assets/Shell/Tests/PlayMode/FullPipelineIntegrationTests.cs:190)
UnityEngine.TestTools.TestEnumerator/<Execute>d__7:MoveNext () (at ./Library/PackageCache/com.unity.test-framework@76560ee600cb/UnityEngine.TestRunner/NUnitExtensions/Attributes/TestEnumerator.cs:44)
UnityEngine.TestTools.EnumerableTestMethodCommand/<ExecuteEnumerableAndRecordExceptions>d__4:MoveNext () (at ./Library/PackageCache/com.unity.test-framework@76560ee600cb/UnityEngine.TestRunner/NUnitExtensions/Commands/EnumerableTestMethodCommand.cs:79)
UnityEngine.TestTools.EnumerableTestMethodCommand:AdvanceEnumerator (System.Collections.IEnumerator) (at ./Library/PackageCache/com.unity.test-framework@76560ee600cb/UnityEngine.TestRunner/NUnitExtensions/Commands/EnumerableTestMethodCommand.cs:64)
UnityEngine.TestTools.EnumerableTestMethodCommand/<ExecuteEnumerable>d__2:MoveNext () (at ./Library/PackageCache/com.unity.test-framework@76560ee600cb/UnityEngine.TestRunner/NUnitExtensions/Commands/EnumerableTestMethodCommand.cs:47)
UnityEngine.TestRunner.NUnitExtensions.Runner.UnityLogCheckDelegatingCommand/<ExecuteEnumerable>d__3:MoveNext () (at ./Library/PackageCache/com.unity.test-framework@76560ee600cb/UnityEngine.TestRunner/NUnitExtensions/Runner/UnityLogCheckDelegatingCommand.cs:48)
UnityEngine.TestTools.BeforeAfterTestCommandBase`1/<ExecuteEnumerable>d__16<NUnit.Framework.ITestAction>:MoveNext () (at ./Library/PackageCache/com.unity.test-framework@76560ee600cb/UnityEngine.TestRunner/NUnitExtensions/Commands/BeforeAfterTestCommandBase.cs:212)
UnityEngine.TestTools.BeforeAfterTestCommandBase`1/<ExecuteEnumerable>d__16<System.Reflection.MethodInfo>:MoveNext () (at ./Library/PackageCache/com.unity.test-framework@76560ee600cb/UnityEngine.TestRunner/NUnitExtensions/Commands/BeforeAfterTestCommandBase.cs:212)
UnityEngine.TestTools.BeforeAfterTestCommandBase`1/<ExecuteEnumerable>d__16<System.Reflection.MethodInfo>:MoveNext () (at ./Library/PackageCache/com.unity.test-framework@76560ee600cb/UnityEngine.TestRunner/NUnitExtensions/Commands/BeforeAfterTestCommandBase.cs:212)
UnityEngine.TestTools.BeforeAfterTestCommandBase`1/<ExecuteEnumerable>d__16<UnityEngine.TestTools.IOuterUnityTestAction>:MoveNext () (at ./Library/PackageCache/com.unity.test-framework@76560ee600cb/UnityEngine.TestRunner/NUnitExtensions/Commands/BeforeAfterTestCommandBase.cs:212)
UnityEngine.TestTools.RetryCommand/<ExecuteEnumerable>d__2:MoveNext () (at ./Library/PackageCache/com.unity.test-framework@76560ee600cb/UnityEngine.TestRunner/NUnitExtensions/Commands/RetryCommand.cs:37)
UnityEngine.TestTools.RepeatCommand/<ExecuteEnumerable>d__2:MoveNext () (at ./Library/PackageCache/com.unity.test-framework@76560ee600cb/UnityEngine.TestRunner/NUnitExtensions/Commands/RepeatCommand.cs:36)
UnityEngine.TestTools.IgnoreTestCommand/<ExecuteEnumerable>d__3:MoveNext () (at ./Library/PackageCache/com.unity.test-framework@76560ee600cb/UnityEngine.TestRunner/NUnitExtensions/Commands/IgnoreTestCommand.cs:42)
UnityEngine.TestTools.StrictCheckCommand/<ExecuteEnumerable>d__2:MoveNext () (at ./Library/PackageCache/com.unity.test-framework@76560ee600cb/UnityEngine.TestRunner/NUnitExtensions/Commands/StrictCheckCommand.cs:29)
UnityEngine.TestTools.Utils.CoroutineRunner/<WrapEnumeratorForChecks>d__8:MoveNext () (at ./Library/PackageCache/com.unity.test-framework@76560ee600cb/UnityEngine.TestRunner/Utils/CoroutineRunner.cs:58)
UnityEngine.SetupCoroutine:InvokeMoveNext (System.Collections.IEnumerator,intptr)

(Filename: Assets/Shell/Tests/PlayMode/FullPipelineIntegrationTests.cs Line: 190)

[OPUS] FullPipeline: live-link RTT to the app hub — samples=7 p50=269.1ms p95=269.3ms max=269.3ms (G2 target < 250 ms on LAN)
UnityEngine.Debug:ExtractStackTraceNoAlloc (byte*,int,string)
UnityEngine.StackTraceUtility:ExtractStackTrace ()
UnityEngine.DebugLogHandler:Internal_Log (UnityEngine.LogType,UnityEngine.LogOption,string,UnityEngine.Object)
UnityEngine.DebugLogHandler:LogFormat (UnityEngine.LogType,UnityEngine.Object,string,object[])
UnityEngine.Logger:Log (UnityEngine.LogType,object)
UnityEngine.Debug:Log (object)
Opus.Shell.Tests.PlayMode.FullPipelineIntegrationTests/<FullPipeline_AppHub_Headset_Sleeve_ProducesAnalysableSession>d__5:MoveNext () (at Assets/Shell/Tests/PlayMode/FullPipelineIntegrationTests.cs:200)
UnityEngine.TestTools.TestEnumerator/<Execute>d__7:MoveNext () (at ./Library/PackageCache/com.unity.test-framework@76560ee600cb/UnityEngine.TestRunner/NUnitExtensions/Attributes/TestEnumerator.cs:44)
UnityEngine.TestTools.EnumerableTestMethodCommand/<ExecuteEnumerableAndRecordExceptions>d__4:MoveNext () (at ./Library/PackageCache/com.unity.test-framework@76560ee600cb/UnityEngine.TestRunner/NUnitExtensions/Commands/EnumerableTestMethodCommand.cs:79)
UnityEngine.TestTools.EnumerableTestMethodCommand:AdvanceEnumerator (System.Collections.IEnumerator) (at ./Library/PackageCache/com.unity.test-framework@76560ee600cb/UnityEngine.TestRunner/NUnitExtensions/Commands/EnumerableTestMethodCommand.cs:64)
UnityEngine.TestTools.EnumerableTestMethodCommand/<ExecuteEnumerable>d__2:MoveNext () (at ./Library/PackageCache/com.unity.test-framework@76560ee600cb/UnityEngine.TestRunner/NUnitExtensions/Commands/EnumerableTestMethodCommand.cs:47)
UnityEngine.TestRunner.NUnitExtensions.Runner.UnityLogCheckDelegatingCommand/<ExecuteEnumerable>d__3:MoveNext () (at ./Library/PackageCache/com.unity.test-framework@76560ee600cb/UnityEngine.TestRunner/NUnitExtensions/Runner/UnityLogCheckDelegatingCommand.cs:48)
UnityEngine.TestTools.BeforeAfterTestCommandBase`1/<ExecuteEnumerable>d__16<NUnit.Framework.ITestAction>:MoveNext () (at ./Library/PackageCache/com.unity.test-framework@76560ee600cb/UnityEngine.TestRunner/NUnitExtensions/Commands/BeforeAfterTestCommandBase.cs:212)
UnityEngine.TestTools.BeforeAfterTestCommandBase`1/<ExecuteEnumerable>d__16<System.Reflection.MethodInfo>:MoveNext () (at ./Library/PackageCache/com.unity.test-framework@76560ee600cb/UnityEngine.TestRunner/NUnitExtensions/Commands/BeforeAfterTestCommandBase.cs:212)
UnityEngine.TestTools.BeforeAfterTestCommandBase`1/<ExecuteEnumerable>d__16<System.Reflection.MethodInfo>:MoveNext () (at ./Library/PackageCache/com.unity.test-framework@76560ee600cb/UnityEngine.TestRunner/NUnitExtensions/Commands/BeforeAfterTestCommandBase.cs:212)
UnityEngine.TestTools.BeforeAfterTestCommandBase`1/<ExecuteEnumerable>d__16<UnityEngine.TestTools.IOuterUnityTestAction>:MoveNext () (at ./Library/PackageCache/com.unity.test-framework@76560ee600cb/UnityEngine.TestRunner/NUnitExtensions/Commands/BeforeAfterTestCommandBase.cs:212)
UnityEngine.TestTools.RetryCommand/<ExecuteEnumerable>d__2:MoveNext () (at ./Library/PackageCache/com.unity.test-framework@76560ee600cb/UnityEngine.TestRunner/NUnitExtensions/Commands/RetryCommand.cs:37)
UnityEngine.TestTools.RepeatCommand/<ExecuteEnumerable>d__2:MoveNext () (at ./Library/PackageCache/com.unity.test-framework@76560ee600cb/UnityEngine.TestRunner/NUnitExtensions/Commands/RepeatCommand.cs:36)
UnityEngine.TestTools.IgnoreTestCommand/<ExecuteEnumerable>d__3:MoveNext () (at ./Library/PackageCache/com.unity.test-framework@76560ee600cb/UnityEngine.TestRunner/NUnitExtensions/Commands/IgnoreTestCommand.cs:42)
UnityEngine.TestTools.StrictCheckCommand/<ExecuteEnumerable>d__2:MoveNext () (at ./Library/PackageCache/com.unity.test-framework@76560ee600cb/UnityEngine.TestRunner/NUnitExtensions/Commands/StrictCheckCommand.cs:29)
UnityEngine.TestTools.Utils.CoroutineRunner/<WrapEnumeratorForChecks>d__8:MoveNext () (at ./Library/PackageCache/com.unity.test-framework@76560ee600cb/UnityEngine.TestRunner/Utils/CoroutineRunner.cs:58)
UnityEngine.SetupCoroutine:InvokeMoveNext (System.Collections.IEnumerator,intptr)

(Filename: Assets/Shell/Tests/PlayMode/FullPipelineIntegrationTests.cs Line: 200)

[OPUS] FullPipeline: contracts/validate.py --session exit=0
[PASS] 81f5a097-c280-4556-92a1-e35350263a9e/session.json
[PASS] 81f5a097-c280-4556-92a1-e35350263a9e/events.ndjson: 39 events validated
[PASS] 81f5a097-c280-4556-92a1-e35350263a9e/kin_000.json
[PASS] 81f5a097-c280-4556-92a1-e35350263a9e/kin_001.json
[WARN] 81f5a097-c280-4556-92a1-e35350263a9e/metrics.json not found

[PASS] All validations passed

UnityEngine.Debug:ExtractStackTraceNoAlloc (byte*,int,string)
UnityEngine.StackTraceUtility:ExtractStackTrace ()
UnityEngine.DebugLogHandler:Internal_Log (UnityEngine.LogType,UnityEngine.LogOption,string,UnityEngine.Object)
UnityEngine.DebugLogHandler:LogFormat (UnityEngine.LogType,UnityEngine.Object,string,object[])
UnityEngine.Logger:Log (UnityEngine.LogType,object)
UnityEngine.Debug:Log (object)
Opus.Shell.Tests.PlayMode.FullPipelineIntegrationTests/<FullPipeline_AppHub_Headset_Sleeve_ProducesAnalysableSession>d__5:MoveNext () (at Assets/Shell/Tests/PlayMode/FullPipelineIntegrationTests.cs:205)
UnityEngine.TestTools.TestEnumerator/<Execute>d__7:MoveNext () (at ./Library/PackageCache/com.unity.test-framework@76560ee600cb/UnityEngine.TestRunner/NUnitExtensions/Attributes/TestEnumerator.cs:44)
UnityEngine.TestTools.EnumerableTestMethodCommand/<ExecuteEnumerableAndRecordExceptions>d__4:MoveNext () (at ./Library/PackageCache/com.unity.test-framework@76560ee600cb/UnityEngine.TestRunner/NUnitExtensions/Commands/EnumerableTestMethodCommand.cs:79)
UnityEngine.TestTools.EnumerableTestMethodCommand:AdvanceEnumerator (System.Collections.IEnumerator) (at ./Library/PackageCache/com.unity.test-framework@76560ee600cb/UnityEngine.TestRunner/NUnitExtensions/Commands/EnumerableTestMethodCommand.cs:64)
UnityEngine.TestTools.EnumerableTestMethodCommand/<ExecuteEnumerable>d__2:MoveNext () (at ./Library/PackageCache/com.unity.test-framework@76560ee600cb/UnityEngine.TestRunner/NUnitExtensions/Commands/EnumerableTestMethodCommand.cs:47)
UnityEngine.TestRunner.NUnitExtensions.Runner.UnityLogCheckDelegatingCommand/<ExecuteEnumerable>d__3:MoveNext () (at ./Library/PackageCache/com.unity.test-framework@76560ee600cb/UnityEngine.TestRunner/NUnitExtensions/Runner/UnityLogCheckDelegatingCommand.cs:48)
UnityEngine.TestTools.BeforeAfterTestCommandBase`1/<ExecuteEnumerable>d__16<NUnit.Framework.ITestAction>:MoveNext () (at ./Library/PackageCache/com.unity.test-framework@76560ee600cb/UnityEngine.TestRunner/NUnitExtensions/Commands/BeforeAfterTestCommandBase.cs:212)
UnityEngine.TestTools.BeforeAfterTestCommandBase`1/<ExecuteEnumerable>d__16<System.Reflection.MethodInfo>:MoveNext () (at ./Library/PackageCache/com.unity.test-framework@76560ee600cb/UnityEngine.TestRunner/NUnitExtensions/Commands/BeforeAfterTestCommandBase.cs:212)
UnityEngine.TestTools.BeforeAfterTestCommandBase`1/<ExecuteEnumerable>d__16<System.Reflection.MethodInfo>:MoveNext () (at ./Library/PackageCache/com.unity.test-framework@76560ee600cb/UnityEngine.TestRunner/NUnitExtensions/Commands/BeforeAfterTestCommandBase.cs:212)
UnityEngine.TestTools.BeforeAfterTestCommandBase`1/<ExecuteEnumerable>d__16<UnityEngine.TestTools.IOuterUnityTestAction>:MoveNext () (at ./Library/PackageCache/com.unity.test-framework@76560ee600cb/UnityEngine.TestRunner/NUnitExtensions/Commands/BeforeAfterTestCommandBase.cs:212)
UnityEngine.TestTools.RetryCommand/<ExecuteEnumerable>d__2:MoveNext () (at ./Library/PackageCache/com.unity.test-framework@76560ee600cb/UnityEngine.TestRunner/NUnitExtensions/Commands/RetryCommand.cs:37)
UnityEngine.TestTools.RepeatCommand/<ExecuteEnumerable>d__2:MoveNext () (at ./Library/PackageCache/com.unity.test-framework@76560ee600cb/UnityEngine.TestRunner/NUnitExtensions/Commands/RepeatCommand.cs:36)
UnityEngine.TestTools.IgnoreTestCommand/<ExecuteEnumerable>d__3:MoveNext () (at ./Library/PackageCache/com.unity.test-framework@76560ee600cb/UnityEngine.TestRunner/NUnitExtensions/Commands/IgnoreTestCommand.cs:42)
UnityEngine.TestTools.StrictCheckCommand/<ExecuteEnumerable>d__2:MoveNext () (at ./Library/PackageCache/com.unity.test-framework@76560ee600cb/UnityEngine.TestRunner/NUnitExtensions/Commands/StrictCheckCommand.cs:29)
UnityEngine.TestTools.Utils.CoroutineRunner/<WrapEnumeratorForChecks>d__8:MoveNext () (at ./Library/PackageCache/com.unity.test-framework@76560ee600cb/UnityEngine.TestRunner/Utils/CoroutineRunner.cs:58)
UnityEngine.SetupCoroutine:InvokeMoveNext (System.Collections.IEnumerator,intptr)

(Filename: Assets/Shell/Tests/PlayMode/FullPipelineIntegrationTests.cs Line: 205)

[OPUS] FullPipeline: session dir for analytics -> C:\Users\GARV BANSAL\Documents\VR_games\OPUS\logs\sessions\unity_logs\run12_full_pipeline\81f5a097-c280-4556-92a1-e35350263a9e
UnityEngine.Debug:ExtractStackTraceNoAlloc (byte*,int,string)
UnityEngine.StackTraceUtility:ExtractStackTrace ()
UnityEngine.DebugLogHandler:Internal_Log (UnityEngine.LogType,UnityEngine.LogOption,string,UnityEngine.Object)
UnityEngine.DebugLogHandler:LogFormat (UnityEngine.LogType,UnityEngine.Object,string,object[])
UnityEngine.Logger:Log (UnityEngine.LogType,object)
UnityEngine.Debug:Log (object)
Opus.Shell.Tests.PlayMode.FullPipelineIntegrationTests/<FullPipeline_AppHub_Headset_Sleeve_ProducesAnalysableSession>d__5:MoveNext () (at Assets/Shell/Tests/PlayMode/FullPipelineIntegrationTests.cs:208)
UnityEngine.TestTools.TestEnumerator/<Execute>d__7:MoveNext () (at ./Library/PackageCache/com.unity.test-framework@76560ee600cb/UnityEngine.TestRunner/NUnitExtensions/Attributes/TestEnumerator.cs:44)
UnityEngine.TestTools.EnumerableTestMethodCommand/<ExecuteEnumerableAndRecordExceptions>d__4:MoveNext () (at ./Library/PackageCache/com.unity.test-framework@76560ee600cb/UnityEngine.TestRunner/NUnitExtensions/Commands/EnumerableTestMethodCommand.cs:79)
UnityEngine.TestTools.EnumerableTestMethodCommand:AdvanceEnumerator (System.Collections.IEnumerator) (at ./Library/PackageCache/com.unity.test-framework@76560ee600cb/UnityEngine.TestRunner/NUnitExtensions/Commands/EnumerableTestMethodCommand.cs:64)
UnityEngine.TestTools.EnumerableTestMethodCommand/<ExecuteEnumerable>d__2:MoveNext () (at ./Library/PackageCache/com.unity.test-framework@76560ee600cb/UnityEngine.TestRunner/NUnitExtensions/Commands/EnumerableTestMethodCommand.cs:47)
UnityEngine.TestRunner.NUnitExtensions.Runner.UnityLogCheckDelegatingCommand/<ExecuteEnumerable>d__3:MoveNext () (at ./Library/PackageCache/com.unity.test-framework@76560ee600cb/UnityEngine.TestRunner/NUnitExtensions/Runner/UnityLogCheckDelegatingCommand.cs:48)
UnityEngine.TestTools.BeforeAfterTestCommandBase`1/<ExecuteEnumerable>d__16<NUnit.Framework.ITestAction>:MoveNext () (at ./Library/PackageCache/com.unity.test-framework@76560ee600cb/UnityEngine.TestRunner/NUnitExtensions/Commands/BeforeAfterTestCommandBase.cs:212)
UnityEngine.TestTools.BeforeAfterTestCommandBase`1/<ExecuteEnumerable>d__16<System.Reflection.MethodInfo>:MoveNext () (at ./Library/PackageCache/com.unity.test-framework@76560ee600cb/UnityEngine.TestRunner/NUnitExtensions/Commands/BeforeAfterTestCommandBase.cs:212)
UnityEngine.TestTools.BeforeAfterTestCommandBase`1/<ExecuteEnumerable>d__16<System.Reflection.MethodInfo>:MoveNext () (at ./Library/PackageCache/com.unity.test-framework@76560ee600cb/UnityEngine.TestRunner/NUnitExtensions/Commands/BeforeAfterTestCommandBase.cs:212)
UnityEngine.TestTools.BeforeAfterTestCommandBase`1/<ExecuteEnumerable>d__16<UnityEngine.TestTools.IOuterUnityTestAction>:MoveNext () (at ./Library/PackageCache/com.unity.test-framework@76560ee600cb/UnityEngine.TestRunner/NUnitExtensions/Commands/BeforeAfterTestCommandBase.cs:212)
UnityEngine.TestTools.RetryCommand/<ExecuteEnumerable>d__2:MoveNext () (at ./Library/PackageCache/com.unity.test-framework@76560ee600cb/UnityEngine.TestRunner/NUnitExtensions/Commands/RetryCommand.cs:37)
UnityEngine.TestTools.RepeatCommand/<ExecuteEnumerable>d__2:MoveNext () (at ./Library/PackageCache/com.unity.test-framework@76560ee600cb/UnityEngine.TestRunner/NUnitExtensions/Commands/RepeatCommand.cs:36)
UnityEngine.TestTools.IgnoreTestCommand/<ExecuteEnumerable>d__3:MoveNext () (at ./Library/PackageCache/com.unity.test-framework@76560ee600cb/UnityEngine.TestRunner/NUnitExtensions/Commands/IgnoreTestCommand.cs:42)
UnityEngine.TestTools.StrictCheckCommand/<ExecuteEnumerable>d__2:MoveNext () (at ./Library/PackageCache/com.unity.test-framework@76560ee600cb/UnityEngine.TestRunner/NUnitExtensions/Commands/StrictCheckCommand.cs:29)
UnityEngine.TestTools.Utils.CoroutineRunner/<WrapEnumeratorForChecks>d__8:MoveNext () (at ./Library/PackageCache/com.unity.test-framework@76560ee600cb/UnityEngine.TestRunner/Utils/CoroutineRunner.cs:58)
UnityEngine.SetupCoroutine:InvokeMoveNext (System.Collections.IEnumerator,intptr)

(Filename: Assets/Shell/Tests/PlayMode/FullPipelineIntegrationTests.cs Line: 208)

[TestRunnerTools] Test Finished: Opus.Shell.Tests.PlayMode.FullPipelineIntegrationTests.FullPipeline_AppHub_Headset_Sleeve_ProducesAnalysableSession, ResultState: Passed, Duration: 13.682s
UnityEngine.Debug:ExtractStackTraceNoAlloc (byte*,int,string)
UnityEngine.StackTraceUtility:ExtractStackTrace ()
UnityEngine.DebugLogHandler:Internal_Log (UnityEngine.LogType,UnityEngine.LogOption,string,UnityEngine.Object)
UnityEngine.DebugLogHandler:LogFormat (UnityEngine.LogType,UnityEngine.Object,string,object[])
UnityEngine.Logger:Log (UnityEngine.LogType,object)
UnityEngine.Debug:Log (object)
Meta.MCPBridge.Editor.TestRunnerTools:OnTestFinished (UnityEditor.TestTools.TestRunner.Api.ITestResultAdaptor) (at ./Library/PackageCache/com.meta.xr.sdk.core@4ea2676097b9/Editor/MCPBridge/TestRunnerTools.cs:847)
Meta.MCPBridge.Editor.TestRunnerTools/TestRunnerCallbacks:TestFinished (UnityEditor.TestTools.TestRunner.Api.ITestResultAdaptor) (at ./Library/PackageCache/com.meta.xr.sdk.core@4ea2676097b9/Editor/MCPBridge/TestRunnerTools.cs:904)
UnityEditor.TestTools.TestRunner.Api.CallbacksDelegator/<>c__DisplayClass14_0:<TestFinished>b__0 (UnityEditor.TestTools.TestRunner.Api.ICallbacks) (at ./Library/PackageCache/com.unity.test-framework@76560ee600cb/UnityEditor.TestRunner/Api/CallbacksDelegator.cs:95)
UnityEditor.TestTools.TestRunner.Api.CallbacksDelegator:TryInvokeAllCallbacks (System.Action`1<UnityEditor.TestTools.TestRunner.Api.ICallbacks>) (at ./Library/PackageCache/com.unity.test-framework@76560ee600cb/UnityEditor.TestRunner/Api/CallbacksDelegator.cs:135)
UnityEditor.TestTools.TestRunner.Api.CallbacksDelegator:TestFinished (NUnit.Framework.Interfaces.ITestResult) (at ./Library/PackageCache/com.unity.test-framework@76560ee600cb/UnityEditor.TestRunner/Api/CallbacksDelegator.cs:95)
UnityEngine.Events.InvokableCall`1<NUnit.Framework.Interfaces.ITestResult>:Invoke (NUnit.Framework.Interfaces.ITestResult)
UnityEngine.Events.UnityEvent`1<NUnit.Framework.Interfaces.ITestResult>:Invoke (NUnit.Framework.Interfaces.ITestResult)
UnityEngine.Events.InvokableCall`1<NUnit.Framework.Interfaces.ITestResult>:Invoke (NUnit.Framework.Interfaces.ITestResult)
UnityEngine.Events.UnityEvent`1<NUnit.Framework.Interfaces.ITestResult>:Invoke (NUnit.Framework.Interfaces.ITestResult)
UnityEngine.TestTools.TestRunner.TestListenerWrapper:TestFinished (NUnit.Framework.Interfaces.ITestResult) (at ./Library/PackageCache/com.unity.test-framework@76560ee600cb/UnityEngine.TestRunner/TestRunner/TestListenerWrapper.cs:24)
UnityEngine.TestRunner.NUnitExtensions.Runner.UnityWorkItem:WorkItemComplete () (at ./Library/PackageCache/com.unity.test-framework@76560ee600cb/UnityEngine.TestRunner/NUnitExtensions/Runner/UnityWorkItem.cs:107)
UnityEngine.TestRunner.NUnitExtensions.Runner.CoroutineTestWorkItem/<PerformWork>d__6:<>m__Finally1 () (at ./Library/PackageCache/com.unity.test-framework@76560ee600cb/UnityEngine.TestRunner/NUnitExtensions/Runner/CoroutineTestWorkItem.cs:59)
UnityEngine.TestRunner.NUnitExtensions.Runner.CoroutineTestWorkItem/<PerformWork>d__6:MoveNext () (at ./Library/PackageCache/com.unity.test-framework@76560ee600cb/UnityEngine.TestRunner/NUnitExtensions/Runner/CoroutineTestWorkItem.cs:56)
UnityEngine.TestRunner.NUnitExtensions.Runner.CompositeWorkItem/<RunChildren>d__17:MoveNext () (at ./Library/PackageCache/com.unity.test-framework@76560ee600cb/UnityEngine.TestRunner/NUnitExtensions/Runner/CompositeWorkItem.cs:207)
UnityEngine.TestRunner.NUnitExtensions.Runner.CompositeWorkItem/<PerformWork>d__13:MoveNext () (at ./Library/PackageCache/com.unity.test-framework@76560ee600cb/UnityEngine.TestRunner/NUnitExtensions/Runner/CompositeWorkItem.cs:82)
UnityEngine.TestRunner.NUnitExtensions.Runner.CompositeWorkItem/<RunChildren>d__17:MoveNext () (at ./Library/PackageCache/com.unity.test-framework@76560ee600cb/UnityEngine.TestRunner/NUnitExtensions/Runner/CompositeWorkItem.cs:207)
UnityEngine.TestRunner.NUnitExtensions.Runner.CompositeWorkItem/<PerformWork>d__13:MoveNext () (at ./Library/PackageCache/com.unity.test-framework@76560ee600cb/UnityEngine.TestRunner/NUnitExtensions/Runner/CompositeWorkItem.cs:82)
UnityEngine.TestRunner.NUnitExtensions.Runner.CompositeWorkItem/<RunChildren>d__17:MoveNext () (at ./Library/PackageCache/com.unity.test-framework@76560ee600cb/UnityEngine.TestRunner/NUnitExtensions/Runner/CompositeWorkItem.cs:207)
UnityEngine.TestRunner.NUnitExtensions.Runner.CompositeWorkItem/<PerformWork>d__13:MoveNext () (at ./Library/PackageCache/com.unity.test-framework@76560ee600cb/UnityEngine.TestRunner/NUnitExtensions/Runner/CompositeWorkItem.cs:82)
UnityEngine.TestRunner.NUnitExtensions.Runner.CompositeWorkItem/<RunChildren>d__17:MoveNext () (at ./Library/PackageCache/com.unity.test-framework@76560ee600cb/UnityEngine.TestRunner/NUnitExtensions/Runner/CompositeWorkItem.cs:207)
UnityEngine.TestRunner.NUnitExtensions.Runner.CompositeWorkItem/<PerformWork>d__13:MoveNext () (at ./Library/PackageCache/com.unity.test-framework@76560ee600cb/UnityEngine.TestRunner/NUnitExtensions/Runner/CompositeWorkItem.cs:82)
UnityEngine.TestRunner.NUnitExtensions.Runner.CompositeWorkItem/<RunChildren>d__17:MoveNext () (at ./Library/PackageCache/com.unity.test-framework@76560ee600cb/UnityEngine.TestRunner/NUnitExtensions/Runner/CompositeWorkItem.cs:207)
UnityEngine.TestRunner.NUnitExtensions.Runner.CompositeWorkItem/<PerformWork>d__13:MoveNext () (at ./Library/PackageCache/com.unity.test-framework@76560ee600cb/UnityEngine.TestRunner/NUnitExtensions/Runner/CompositeWorkItem.cs:82)
UnityEngine.TestRunner.NUnitExtensions.Runner.CompositeWorkItem/<RunChildren>d__17:MoveNext () (at ./Library/PackageCache/com.unity.test-framework@76560ee600cb/UnityEngine.TestRunner/NUnitExtensions/Runner/CompositeWorkItem.cs:207)
UnityEngine.TestRunner.NUnitExtensions.Runner.CompositeWorkItem/<PerformWork>d__13:MoveNext () (at ./Library/PackageCache/com.unity.test-framework@76560ee600cb/UnityEngine.TestRunner/NUnitExtensions/Runner/CompositeWorkItem.cs:82)
UnityEngine.TestRunner.NUnitExtensions.Runner.CompositeWorkItem/<RunChildren>d__17:MoveNext () (at ./Library/PackageCache/com.unity.test-framework@76560ee600cb/UnityEngine.TestRunner/NUnitExtensions/Runner/CompositeWorkItem.cs:207)
UnityEngine.TestRunner.NUnitExtensions.Runner.CompositeWorkItem/<PerformWork>d__13:MoveNext () (at ./Library/PackageCache/com.unity.test-framework@76560ee600cb/UnityEngine.TestRunner/NUnitExtensions/Runner/CompositeWorkItem.cs:82)
UnityEngine.TestTools.TestRunner.PlaymodeTestsController/<TestRunnerCoroutine>d__24:MoveNext () (at ./Library/PackageCache/com.unity.test-framework@76560ee600cb/UnityEngine.TestRunner/TestRunner/PlaymodeTestsController.cs:93)
UnityEngine.SetupCoroutine:InvokeMoveNext (System.Collections.IEnumerator,intptr)

(Filename: ./Library/PackageCache/com.meta.xr.sdk.core@4ea2676097b9/Editor/MCPBridge/TestRunnerTools.cs Line: 847)

Saving results to: C:/Users/GARV BANSAL/AppData/LocalLow/DefaultCompany/OPUS\TestResults.xml
Saving results to: C:/Users/GARV BANSAL/Documents/VR_games/OPUS/logs/sessions/run12_fullpipeline5_results.xml
[TestRunnerTools] Run Finished: OPUS, ResultState: Passed, PassCount: 1, FailCount: 0, SkipCount: 0, Duration: 13.71s
UnityEngine.Debug:ExtractStackTraceNoAlloc (byte*,int,string)
UnityEngine.StackTraceUtility:ExtractStackTrace ()
UnityEngine.DebugLogHandler:Internal_Log (UnityEngine.LogType,UnityEngine.LogOption,string,UnityEngine.Object)
UnityEngine.DebugLogHandler:LogFormat (UnityEngine.LogType,UnityEngine.Object,string,object[])
UnityEngine.Logger:Log (UnityEngine.LogType,object)
UnityEngine.Debug:Log (object)
Meta.MCPBridge.Editor.TestRunnerTools:OnRunFinished (UnityEditor.TestTools.TestRunner.Api.ITestResultAdaptor) (at ./Library/PackageCache/com.meta.xr.sdk.core@4ea2676097b9/Editor/MCPBridge/TestRunnerTools.cs:806)
Meta.MCPBridge.Editor.TestRunnerTools/TestRunnerCallbacks:RunFinished (UnityEditor.TestTools.TestRunner.Api.ITestResultAdaptor) (at ./Library/PackageCache/com.meta.xr.sdk.core@4ea2676097b9/Editor/MCPBridge/TestRunnerTools.cs:894)
UnityEditor.TestTools.TestRunner.Api.CallbacksDelegator/<>c__DisplayClass9_0:<RunFinished>b__0 (UnityEditor.TestTools.TestRunner.Api.ICallbacks) (at ./Library/PackageCache/com.unity.test-framework@76560ee600cb/UnityEditor.TestRunner/Api/CallbacksDelegator.cs:55)
UnityEditor.TestTools.TestRunner.Api.CallbacksDelegator:TryInvokeAllCallbacks (System.Action`1<UnityEditor.TestTools.TestRunner.Api.ICallbacks>) (at ./Library/PackageCache/com.unity.test-framework@76560ee600cb/UnityEditor.TestRunner/Api/CallbacksDelegator.cs:135)
UnityEditor.TestTools.TestRunner.Api.CallbacksDelegator:RunFinished (NUnit.Framework.Interfaces.ITestResult) (at ./Library/PackageCache/com.unity.test-framework@76560ee600cb/UnityEditor.TestRunner/Api/CallbacksDelegator.cs:55)
UnityEngine.Events.InvokableCall`1<NUnit.Framework.Interfaces.ITestResult>:Invoke (NUnit.Framework.Interfaces.ITestResult)
UnityEngine.Events.UnityEvent`1<NUnit.Framework.Interfaces.ITestResult>:Invoke (NUnit.Framework.Interfaces.ITestResult)
UnityEngine.Events.InvokableCall`1<NUnit.Framework.Interfaces.ITestResult>:Invoke (NUnit.Framework.Interfaces.ITestResult)
UnityEngine.Events.UnityEvent`1<NUnit.Framework.Interfaces.ITestResult>:Invoke (NUnit.Framework.Interfaces.ITestResult)
UnityEngine.TestTools.TestRunner.PlaymodeTestsController/<TestRunnerCoroutine>d__24:MoveNext () (at ./Library/PackageCache/com.unity.test-framework@76560ee600cb/UnityEngine.TestRunner/TestRunner/PlaymodeTestsController.cs:109)
UnityEngine.SetupCoroutine:InvokeMoveNext (System.Collections.IEnumerator,intptr)

(Filename: ./Library/PackageCache/com.meta.xr.sdk.core@4ea2676097b9/Editor/MCPBridge/TestRunnerTools.cs Line: 806)

[OVRManager] OnApplicationQuit
UnityEngine.Debug:ExtractStackTraceNoAlloc (byte*,int,string)
UnityEngine.StackTraceUtility:ExtractStackTrace ()
UnityEngine.DebugLogHandler:Internal_Log (UnityEngine.LogType,UnityEngine.LogOption,string,UnityEngine.Object)
UnityEngine.DebugLogHandler:LogFormat (UnityEngine.LogType,UnityEngine.Object,string,object[])
UnityEngine.Logger:Log (UnityEngine.LogType,object)
UnityEngine.Debug:Log (object)
OVRManager:OnApplicationQuit () (at ./Library/PackageCache/com.meta.xr.sdk.core@4ea2676097b9/Scripts/OVRManager.cs:3485)

(Filename: ./Library/PackageCache/com.meta.xr.sdk.core@4ea2676097b9/Scripts/OVRManager.cs Line: 3485)

[OVRManager] OnDestroy
UnityEngine.Debug:ExtractStackTraceNoAlloc (byte*,int,string)
UnityEngine.StackTraceUtility:ExtractStackTrace ()
UnityEngine.DebugLogHandler:Internal_Log (UnityEngine.LogType,UnityEngine.LogOption,string,UnityEngine.Object)
UnityEngine.DebugLogHandler:LogFormat (UnityEngine.LogType,UnityEngine.Object,string,object[])
UnityEngine.Logger:Log (UnityEngine.LogType,object)
UnityEngine.Debug:Log (object)
OVRManager:OnDestroy () (at ./Library/PackageCache/com.meta.xr.sdk.core@4ea2676097b9/Scripts/OVRManager.cs:3452)

(Filename: ./Library/PackageCache/com.meta.xr.sdk.core@4ea2676097b9/Scripts/OVRManager.cs Line: 3452)

Unloading 3 Unused Serialized files (Serialized files now loaded: 0)
Loaded scene 'Temp/__Backupscenes/0.backup'
	Deserialize:            0.491 ms
	Integration:            261.022 ms
	Integration of assets:  0.002 ms
	Thread Wait Time:       0.124 ms
	Total Operation Time:   261.639 ms
Unloading 70 unused Assets / (271.7 KB). Loaded Objects now: 10045.
Memory consumption went from 306.6 MB to 306.3 MB.
Total: 16.343700 ms (FindLiveObjects: 0.862200 ms CreateObjectMapping: 0.327100 ms MarkObjects: 14.644500 ms  DeleteObjects: 0.508400 ms)

[Licensing::Client] Successfully resolved entitlement details
[Licensing::Client] Successfully resolved entitlement details
[MetaXROperator] XR_APILAYER_METAX_operator disabled after Play Mode.
UnityEngine.Debug:ExtractStackTraceNoAlloc (byte*,int,string)
UnityEngine.StackTraceUtility:ExtractStackTrace ()
UnityEngine.DebugLogHandler:Internal_Log (UnityEngine.LogType,UnityEngine.LogOption,string,UnityEngine.Object)
UnityEngine.DebugLogHandler:LogFormat (UnityEngine.LogType,UnityEngine.Object,string,object[])
UnityEngine.Logger:Log (UnityEngine.LogType,object)
UnityEngine.Debug:Log (object)
Meta.XR.Editor.MetaXROperatorEnabler:OnPlayModeChanged (UnityEditor.PlayModeStateChange) (at ./Library/PackageCache/com.meta.xr.sdk.core@4ea2676097b9/Editor/MetaXROperator/MetaXROperatorEnabler.cs:98)
UnityEditor.EditorApplication:Internal_PlayModeStateChanged (UnityEditor.PlayModeStateChange)

(Filename: ./Library/PackageCache/com.meta.xr.sdk.core@4ea2676097b9/Editor/MetaXROperator/MetaXROperatorEnabler.cs Line: 98)

Executing IPostBuildCleanup for: Unity.PerformanceTesting.Editor.TestRunBuilder.
UnityEngine.Debug:ExtractStackTraceNoAlloc (byte*,int,string)
UnityEngine.StackTraceUtility:ExtractStackTrace ()
UnityEngine.DebugLogHandler:Internal_Log (UnityEngine.LogType,UnityEngine.LogOption,string,UnityEngine.Object)
UnityEngine.DebugLogHandler:LogFormat (UnityEngine.LogType,UnityEngine.Object,string,object[])
UnityEngine.Logger:Log (UnityEngine.LogType,object)
UnityEngine.Debug:Log (object)
UnityEditor.TestTools.TestRunner.TestRun.Tasks.BuildActionTaskBase`1/<ExecuteMethods>d__8<UnityEngine.TestTools.IPostBuildCleanup>:MoveNext () (at ./Library/PackageCache/com.unity.test-framework@76560ee600cb/UnityEditor.TestRunner/TestRun/Tasks/BuildActionTaskBase.cs:48)
UnityEditor.TestTools.TestRunner.TestRun.Tasks.BuildActionTaskBase`1/<Execute>d__7<UnityEngine.TestTools.IPostBuildCleanup>:MoveNext () (at ./Library/PackageCache/com.unity.test-framework@76560ee600cb/UnityEditor.TestRunner/TestRun/Tasks/BuildActionTaskBase.cs:34)
UnityEditor.TestTools.TestRunner.TestRun.TestJobRunner:ExecuteStep () (at ./Library/PackageCache/com.unity.test-framework@76560ee600cb/UnityEditor.TestRunner/TestRun/TestJobRunner.cs:173)
UnityEditor.TestTools.TestRunner.TestRun.TestJobRunner:ExecuteCallback () (at ./Library/PackageCache/com.unity.test-framework@76560ee600cb/UnityEditor.TestRunner/TestRun/TestJobRunner.cs:108)
UnityEditor.EditorApplication:Internal_CallUpdateFunctions ()

(Filename: ./Library/PackageCache/com.unity.test-framework@76560ee600cb/UnityEditor.TestRunner/TestRun/Tasks/BuildActionTaskBase.cs Line: 48)

Unloading 0 Unused Serialized files (Serialized files now loaded: 0)
Unloading 0 unused Assets / (0 B). Loaded Objects now: 10050.
Memory consumption went from 302.0 MB to 302.0 MB.
Total: 15.895300 ms (FindLiveObjects: 0.504900 ms CreateObjectMapping: 0.236600 ms MarkObjects: 15.134800 ms  DeleteObjects: 0.017800 ms)

Refreshing native plugins compatible for Editor in 11.82 ms, found 12 plugins.
Asset Pipeline Refresh (id=56ebddca9af122445b1a7a3adef7104a): Total: 0.083 seconds - Initiated by StopAssetImportingV2(NoUpdateAssetOptions)
DisplayProgressbar: Undo
Test run completed. Exiting with code 0 (Ok). Run completed.
UnityEngine.Debug:ExtractStackTraceNoAlloc (byte*,int,string)
UnityEngine.StackTraceUtility:ExtractStackTrace ()
UnityEngine.DebugLogHandler:Internal_Log (UnityEngine.LogType,UnityEngine.LogOption,string,UnityEngine.Object)
UnityEngine.DebugLogHandler:LogFormat (UnityEngine.LogType,UnityEngine.Object,string,object[])
UnityEngine.Logger:Log (UnityEngine.LogType,object)
UnityEngine.Debug:Log (object)
UnityEditor.TestTools.TestRunner.CommandLineTest.Executer:ExitApplication (UnityEditor.TestTools.TestRunner.CommandLineTest.Executer/ReturnCodes,string) (at ./Library/PackageCache/com.unity.test-framework@76560ee600cb/UnityEditor.TestRunner/CommandLineTest/Executer.cs:81)
UnityEditor.TestTools.TestRunner.CommandLineTest.Executer:ExitIfRunIsCompleted () (at ./Library/PackageCache/com.unity.test-framework@76560ee600cb/UnityEditor.TestRunner/CommandLineTest/Executer.cs:74)
UnityEditor.EditorApplication:Internal_CallUpdateFunctions ()

(Filename: ./Library/PackageCache/com.unity.test-framework@76560ee600cb/UnityEditor.TestRunner/CommandLineTest/Executer.cs Line: 81)

[HttpMcpServer] Stopped
UnityEngine.Debug:ExtractStackTraceNoAlloc (byte*,int,string)
UnityEngine.StackTraceUtility:ExtractStackTrace ()
UnityEngine.DebugLogHandler:Internal_Log (UnityEngine.LogType,UnityEngine.LogOption,string,UnityEngine.Object)
UnityEngine.DebugLogHandler:LogFormat (UnityEngine.LogType,UnityEngine.Object,string,object[])
UnityEngine.Logger:Log (UnityEngine.LogType,object)
UnityEngine.Debug:Log (object)
Meta.MCPBridge.Editor.HttpMcpServer:Stop () (at ./Library/PackageCache/com.meta.xr.sdk.core@4ea2676097b9/Editor/MCPBridge/HttpMcpServer.cs:253)
Meta.MCPBridge.Editor.HttpMcpServer/<>c:<InitializeOnLoad>b__18_1 () (at ./Library/PackageCache/com.meta.xr.sdk.core@4ea2676097b9/Editor/MCPBridge/HttpMcpServer.cs:77)
UnityEditor.EditorApplication:Internal_EditorApplicationQuit ()
UnityEditor.TestTools.TestRunner.CommandLineTest.Executer:ExitApplication (UnityEditor.TestTools.TestRunner.CommandLineTest.Executer/ReturnCodes,string) (at ./Library/PackageCache/com.unity.test-framework@76560ee600cb/UnityEditor.TestRunner/CommandLineTest/Executer.cs:83)
UnityEditor.TestTools.TestRunner.CommandLineTest.Executer:ExitIfRunIsCompleted () (at ./Library/PackageCache/com.unity.test-framework@76560ee600cb/UnityEditor.TestRunner/CommandLineTest/Executer.cs:74)
UnityEditor.EditorApplication:Internal_CallUpdateFunctions ()

(Filename: ./Library/PackageCache/com.meta.xr.sdk.core@4ea2676097b9/Editor/MCPBridge/HttpMcpServer.cs Line: 253)

Killing ADB server in 2.1574894 seconds.
Start importing Assets/XR/Settings/OpenXR Package Settings.asset using Guid(0d647736f3e354044b23fb340838e9eb) (NativeFormatImporter) -> (Import Result ID: '83be3409bcbc20eef5cbae634207ea95') in 0.0036028 seconds [static dependencies only]. Details - ImportResultOutputID=c8338305546446aab4e7d26577b91671 DependenciesID=2c407465c3fa9fdae37604ba5dc1335a StaticDependenciesID=e7252c103fdb22a96e109f3b4bbed5a2 
Refreshing native plugins compatible for Editor in 14.64 ms, found 12 plugins.
Asset Pipeline Refresh (id=7e02ca0c92d8b44468a5f589858e9dec): Total: 0.050 seconds - Initiated by StopAssetImportingV2(NoUpdateAssetOptions)
[Physics::Module] Cleanup current backend.
[Physics::Module] Id: 0xf2b8ea05
Input System module state changed to: ShutdownInProgress.
Input Polling Thread exited.
Input System module state changed to: Shutdown.
[Licensing::IpcConnector] LicenseClient-GARV BANSAL-notifications channel disconnected successfully.
[Licensing::IpcConnector] LicenseClient-GARV BANSAL channel disconnected successfully.
AcceleratorClientConnectionCallback - disconnected - :0
Cleanup mono
CodeReloadManager destroyed
abort_threads: Failed aborting id: 00000000000066D0, mono_thread_manage will ignore it

abort_threads: Failed aborting id: 0000000000007764, mono_thread_manage will ignore it

abort_threads: Failed aborting id: 0000000000006098, mono_thread_manage will ignore it

abort_threads: Failed aborting id: 00000000000066D0, mono_thread_manage will ignore it

abort_threads: Failed aborting id: 0000000000007764, mono_thread_manage will ignore it

abort_threads: Failed aborting id: 0000000000006098, mono_thread_manage will ignore it

debugger-agent: Unable to listen on 3948
Checking for leaked weakptr:
  Found no leaked weakptrs.
[Package Manager] Server process was shutdown
##utp:{"type":"MemoryLeaks","version":2,"phase":"Immediate","time":1789758553755,"processId":17848,"allocatedMemory":20436845,"memoryLabels":[{"Default":263495},{"Permanent":15276},{"NewDelete":65923},{"Thread":4230344},{"Manager":821133},{"VertexData":344},{"Geometry":816},{"Texture":24},{"Shader":850745},{"Material":24},{"GfxDevice":55537},{"Animation":392},{"Audio":2632},{"FreeType":8},{"FontEngine":736},{"Physics":2090},{"Physics2D":16},{"Serialization":952},{"Input":9880},{"JobScheduler":33024},{"TextLib":216},{"Mono":32},{"MonoCode":64},{"ScriptingNativeRuntime":155052},{"BaseObject":1620368},{"Resource":1184},{"Renderer":3008},{"Transform":4685},{"File":12776},{"WebCam":616},{"Culling":32},{"Terrain":11394},{"Wind":24},{"STL":40},{"String":14113},{"StaticString":6718},{"Utility":2673318},{"Curl":2478},{"PoolAlloc":2264},{"AI":80},{"TypeTree":13861},{"ScriptManager":448},{"RuntimeInitializeOnLoadManager":64},{"SpriteAtlas":120},{"GI":7792},{"Director":8320},{"CloudService":720},{"WebRequest":808},{"VR":53314},{"SceneManager":504},{"Video":208},{"LazyScriptCache":32},{"Camera":17},{"Secure":2113},{"SerializationCache":1576},{"APIUpdating":10320},{"VirtualTexturing":57888},{"StaticSafetyDebugInfo":278528},{"Analytics":336},{"Hierarchy":608},{"CoreStats":13032},{"Identifiers":12960},{"Gui":128},{"EditorUtility":180416},{"VersionControl":4},{"Undo":931},{"AssetDatabase":8880972},{"EditorGi":328},{"UnityConnect":37777},{"Upm":1912},{"UpmDiagnostics":8},{"AssetCompliance":64},{"DrivenProperties":72},{"LocalIPC":272},{"ProfilerEditor":9746},{"CoreBusinessMetrics":2641},{"Windowing":456},{"Licensing":664},{"AssetReference":32},{"IPCStream":32}]}
aXROperator] [32m[INFO][0m Telemetry session closed
[90m2026-09-19 00:38:52[0m [MetaXROperator] [32m[INFO][0m Telemetry shut down
[90m2026-09-19 00:38:52[0m [MetaXROperator] [32m[INFO][0m Destroying Agentic MCP Server...
[90m2026-09-19 00:38:53[0m [MetaXROperator] [32m[INFO][0m MCP Server stopped successfully
[90m2026-09-19 00:38:53[0m [MetaXROperator] [32m[INFO][0m AgenticLayerXrDestroyInstance succeeded
visemes
[OVRPlugin][INFO] Unavailable OpenXR extension: XR_FB_eye_tracking_social
[OVRPlugin][INFO] Unavailable OpenXR extension: XR_MSFT_hand_interaction
[OVRPlugin][INFO] Unavailable OpenXR extension: XR_META_hand_tracking_frequency_hint
[OVRPlugin][INFO] Unavailable OpenXR extension: XR_META_environment_depth
[OVRPlugin][INFO] Func_xrGetInstanceProcAddr: override xrPollEvent
[OVRPlugin][INFO] Func_xrGetInstanceProcAddr: override xrDestroySession
[OVRPlugin][INFO] Func_xrGetInstanceProcAddr: override xrBeginSession
[OVRPlugin][INFO] Func_xrGetInstanceProcAddr: override xrWaitFrame
[OVRPlugin][INFO] Func_xrGetInstanceProcAddr: override xrBeginFrame
[OVRPlugin][INFO] Func_xrGetInstanceProcAddr: override xrEndFrame
[OVRPlugin][INFO] Func_xrGetInstanceProcAddr: override xrSuggestInteractionProfileBindings
[OVRPlugin][INFO] Func_xrGetInstanceProcAddr: override xrAttachSessionActionSets
[OVRPlugin][INFO] Func_xrGetInstanceProcAddr: override xrGetCurrentInteractionProfile
[OVRPlugin][INFO] Func_xrGetInstanceProcAddr: override xrSyncActions
[OVRPlugin][INFO] Func_xrGetInstanceProcAddr: override xrGetVisibilityMaskKHR
[OVRPlugin][INFO] ovrp_UnityOpenXR_OnInstanceCreate(1)
[OVRPlugin][INFO] Use D3D11 Renderer
[OVRPlugin][INFO] OpenXR SDK version 1.1.59
[OVRPlugin][INFO] Warning: unable to bind OpenXR entry xrGetD3D12GraphicsRequirementsKHR
[OVRPlugin][INFO] OpenXR runtime name: Oculus, version 1.207.0
[OVRPlugin][INFO] xrGetSystem() retry 1 failed
[OVRPlugin][INFO] xrGetSystem() retry 2 failed
[OVRPlugin][INFO] xrGetSystem() retry 3 failed
[OVRPlugin][INFO] xrGetSystem() retry 4 failed
[OVRPlugin][INFO] xrGetSystem() retry 5 failed
[OVRPlugin][INFO] xrGetSystem() failed, which might be caused by a temporarly HMD connectivity issue. Skip the deletion of external xrInstance
