[Licensing::Module] Trying to connect to existing licensing client channel...
Built from '6000.4/staging' branch; Version is '6000.4.6f1 (0b051c2e5d54) revision 722204'; Using compiler version '194234433'; Build Type 'Release'
[Licensing::IpcConnector] Successfully connected to: "LicenseClient-GARV BANSAL" at "2026-09-18T19:14:23.2462028Z"
OS: 'Windows 11  (10.0.26200) CoreSingleLanguage' Language: 'en' Physical Memory: 16010 MB
BatchMode: 1, IsHumanControllingUs: 0, StartBugReporterOnCrash: 0, Is64bit: 1
System  architecture: x64
Process architecture: x64
Date: 2026-09-18T19:14:23Z
[Licensing::Client] Code 10 while verifying Licensing Client signature (process Id: 32380, path: "C:/Program Files/Unity Hub/UnityLicensingClient_V1/Unity.Licensing.Client.exe")
[Licensing::Module] LicensingClient has failed validation; ignoring
[Licensing::Client] Handshaking with LicensingClient:
  Version:                 1.18.3+d7ffd15
  Session Id:              952a4755a938418aaf01a72b57da2dd3
  Correlation Id:          00b2628eb82a48d79635ca32a85e1ff2
  External correlation Id: 7553974499303159973
  Machine Id:              kImHo2x28Ujte4rhYvWcdMgf4I8=
[Licensing::Module] Successfully connected to LicensingClient on channel: "LicenseClient-GARV BANSAL" (connect: 0.00s, validation: 0.00s, handshake: 0.10s)
[Licensing::IpcConnector] Successfully connected to: "LicenseClient-GARV BANSAL-notifications" at "2026-09-18T19:14:23.348794Z"
[Licensing::Module] Error: Access token is unavailable; failed to update
[Licensing::Client] Successfully resolved entitlement details
[Licensing::Module] License group:
  Id: 13469799320789-UnityPersXXXX
  Product: Unity Personal
  Type: Assigned
  Expiration: Unlimited
[Licensing::Client] Successfully updated license, isAsync: True, time: 0.00
[Licensing::Module] Licensing Background thread has ended after 0.11s

COMMAND LINE ARGUMENTS:
C:\Program Files\Unity\Hub\Editor\6000.4.6f1\Editor\Unity.exe
-batchmode
-projectPath
C:/Users/GARV BANSAL/Documents/VR_games/OPUS/game
-logFile
C:/Users/GARV BANSAL/Documents/VR_games/OPUS/logs/sessions/run12_playmode.log
-runTests
-testPlatform
PlayMode
-testResults
C:/Users/GARV BANSAL/Documents/VR_games/OPUS/logs/sessions/run12_playmode_results.xml
Successfully changed project path to: C:/Users/GARV BANSAL/Documents/VR_games/OPUS/game
C:/Users/GARV BANSAL/Documents/VR_games/OPUS/game
[UnityMemory] Configuration Parameters - Can be set up in boot.config
    "memorysetup-temp-allocator-size-gi-baking-worker=262144"
    "memorysetup-temp-allocator-size-gi-baking-worker=262144"
    "memorysetup-temp-allocator-size-gi-baking-worker=262144"
    "memorysetup-temp-allocator-size-gi-baking-worker=262144"
    "memorysetup-temp-allocator-size-gi-baking-worker=262144"
    "memorysetup-temp-allocator-size-nav-mesh-worker=65536"
    "memorysetup-temp-allocator-size-audio-worker=65536"
    "memorysetup-temp-allocator-size-cloud-worker=32768"
    "memorysetup-temp-allocator-size-gfx=262144"
    "memorysetup-temp-allocator-size-preload-manager=33554432"
    "memorysetup-temp-allocator-size-job-worker=262144"
    "memorysetup-temp-allocator-size-background-worker=32768"
    "memorysetup-allocator-temp-initial-block-size-main=262144"
    "memorysetup-allocator-temp-initial-block-size-worker=262144"
    "memorysetup-bucket-allocator-granularity=16"
    "memorysetup-bucket-allocator-bucket-count=8"
    "memorysetup-bucket-allocator-block-size=33554432"
    "memorysetup-bucket-allocator-block-count=8"
    "memorysetup-main-allocator-block-size=16777216"
    "memorysetup-thread-allocator-block-size=16777216"
    "memorysetup-gfx-main-allocator-block-size=16777216"
    "memorysetup-gfx-thread-allocator-block-size=16777216"
    "memorysetup-cache-allocator-block-size=4194304"
    "memorysetup-typetree-allocator-block-size=2097152"
    "memorysetup-profiler-bucket-allocator-granularity=16"
    "memorysetup-profiler-bucket-allocator-bucket-count=8"
    "memorysetup-profiler-bucket-allocator-block-size=33554432"
    "memorysetup-profiler-bucket-allocator-block-count=8"
    "memorysetup-profiler-allocator-block-size=16777216"
    "memorysetup-profiler-editor-allocator-block-size=1048576"
    "memorysetup-temp-allocator-size-main=16777216"
    "memorysetup-job-temp-allocator-block-size=2097152"
    "memorysetup-job-temp-allocator-block-size-background=1048576"
    "memorysetup-job-temp-allocator-reduction-small-platforms=262144"
Player connection [24964]  Target information:

Player connection [24964]  * "[IP] 169.254.188.98 [Port] 55504 [Flags] 2 [Guid] 3550744144 [EditorId] 3550744144 [Version] 1048832 [Id] WindowsEditor(7,LAPTOP-EF95960B) [Debug] 1 [PackageName] WindowsEditor [ProjectName] Editor" 

Player connection [24964]  * "[IP] 169.254.83.107 [Port] 55504 [Flags] 2 [Guid] 3550744144 [EditorId] 3550744144 [Version] 1048832 [Id] WindowsEditor(7,LAPTOP-EF95960B) [Debug] 1 [PackageName] WindowsEditor [ProjectName] Editor" 

Player connection [24964]  * "[IP] 172.18.228.97 [Port] 55504 [Flags] 2 [Guid] 3550744144 [EditorId] 3550744144 [Version] 1048832 [Id] WindowsEditor(7,LAPTOP-EF95960B) [Debug] 1 [PackageName] WindowsEditor [ProjectName] Editor" 

Player connection [24964] Host joined multi-casting on [225.0.0.222:54997]...
Player connection [24964] Host joined alternative multi-casting on [225.0.0.222:34997]...
Input System module state changed to: Initialized.
[Physics::Module] Initialized fallback backend.
[Physics::Module] Id: 0xdecafbad
[Package Manager] Connected to IPC stream "Upm-35940" after 0.3 seconds.
[Licensing::Client] Successfully resolved entitlement details
Library Redirect Path: Library/
[Physics::Module] Selected backend.
[Physics::Module] Name: PhysX
[Physics::Module] Id: 0xf2b8ea05
[Physics::Module] SDK Version: 4.1.2
[Physics::Module] Integration Version: 1.0.0
[Physics::Module] Threading Mode: Multi-Threaded
[Licensing::Client] Successfully resolved entitlement details
Refreshing native plugins compatible for Editor in 3.88 ms, found 0 plugins.
Initialize engine version: 6000.4.6f1 (0b051c2e5d54)
[Subsystems] Discovering subsystems at path C:/Program Files/Unity/Hub/Editor/6000.4.6f1/Editor/Data/Resources/UnitySubsystems
[Subsystems] Discovering subsystems at path C:/Users/GARV BANSAL/Documents/VR_games/OPUS/game/Assets
GfxDevice: creating device client; kGfxThreadingModeNonThreaded
Direct3D:
    Version:  Direct3D 11.0 [level 11.1]
    Renderer: NVIDIA GeForce RTX 4050 Laptop GPU (ID=0x28a1)
    Vendor:   NVIDIA
    VRAM:     5921 MB
    Driver:   32.0.15.5597
Shader 'Oculus/OVRMRCameraFrameLit': fallback shader 'Alpha-Diffuse' not found
Initialize mono
Mono path[0] = 'C:/Program Files/Unity/Hub/Editor/6000.4.6f1/Editor/Data/Managed'
Mono path[1] = 'C:/Program Files/Unity/Hub/Editor/6000.4.6f1/Editor/Data/MonoBleedingEdge/lib/mono/unityjit-win32'
Mono config path = 'C:/Program Files/Unity/Hub/Editor/6000.4.6f1/Editor/Data/MonoBleedingEdge/etc'
Using monoOptions --debugger-agent=transport=dt_socket,embedding=1,server=y,suspend=n,address=127.0.0.1:56940
CodeReloadManager initialized
Using cacheserver namespaces - metadata:defaultmetadata, artifacts:defaultartifacts
Using cacheserver namespaces - metadata:defaultmetadata, artifacts:defaultartifacts
ImportWorker Server TCP listen port: 0
AcceleratorClientConnectionCallback - disconnected - :0
Begin MonoManager ReloadAssembly
Registering precompiled unity dll's ...
Register platform support module: C:/Program Files/Unity/Hub/Editor/6000.4.6f1/Editor/Data/PlaybackEngines/WindowsStandaloneSupport/UnityEditor.WindowsStandalone.Extensions.dll
Register platform support module: C:/Program Files/Unity/Hub/Editor/6000.4.6f1/Editor/Data/PlaybackEngines/AndroidPlayer/UnityEditor.Android.Extensions.dll
Registered in 0.003951 seconds.
Native extension for Android target not found
Native extension for WindowsStandalone target not found
Package Manager log level set to [2]
ScheduleIndexationOnStartup MainProcess:False IndexOnStartup:True
Mono: successfully reloaded assembly
- Finished resetting the current domain, in  0.564 seconds
Domain Reload Profiling: 1170ms
	BeginReloadAssembly (174ms)
		CreateAndSetChildDomain (13ms)
	RebuildCommonClasses (53ms)
	RebuildNativeTypeToScriptingClass (20ms)
	initialDomainReloadingComplete (90ms)
	LoadAllAssembliesAndSetupDomain (267ms)
		LoadAssemblies (158ms)
		AnalyzeDomain (253ms)
			TypeCache.Refresh (251ms)
				TypeCache.ScanAssembly (230ms)
	FinalizeReload (566ms)
		SetupLoadedEditorAssemblies (0ms)
			InitializePlatformSupportModulesInManaged (75ms)
			BeforeProcessingInitializeOnLoad (111ms)
			ProcessInitializeOnLoadAttributes (153ms)
			ProcessInitializeOnLoadMethodAttributes (147ms)
[Licensing::Client] Successfully resolved entitlement details
[Licensing::Client] Successfully resolved entitlement details
Application.AssetDatabase Initial Refresh Start
[Package Manager] Restoring resolved packages state from cache
[Licensing::Client] Successfully resolved entitlement details
[Package Manager] Registered 65 packages:
  Packages from [https://npm.developer.oculus.com]:
    com.meta.xr.sdk.core@205.0.0 (location: C:\Users\GARV BANSAL\Documents\VR_games\OPUS\game\Library\PackageCache\com.meta.xr.sdk.core@4ea2676097b9)
    com.meta.xr.sdk.interaction.ovr@205.0.0 (location: C:\Users\GARV BANSAL\Documents\VR_games\OPUS\game\Library\PackageCache\com.meta.xr.sdk.interaction.ovr@08728e3e2bb2)
    com.meta.xr.sdk.interaction@205.0.0 (location: C:\Users\GARV BANSAL\Documents\VR_games\OPUS\game\Library\PackageCache\com.meta.xr.sdk.interaction@875abb30439c)
  Packages from [https://packages.unity.com]:
    com.unity.xr.openxr@1.16.1 (location: C:\Users\GARV BANSAL\Documents\VR_games\OPUS\game\Library\PackageCache\com.unity.xr.openxr@ef0033a586bf)
    com.unity.xr.management@4.5.1 (location: C:\Users\GARV BANSAL\Documents\VR_games\OPUS\game\Library\PackageCache\com.unity.xr.management@20be87dea580)
    com.unity.inputsystem@1.11.2 (location: C:\Users\GARV BANSAL\Documents\VR_games\OPUS\game\Library\PackageCache\com.unity.inputsystem@3c4a97c3950f)
    com.unity.addressables@2.3.1 (location: C:\Users\GARV BANSAL\Documents\VR_games\OPUS\game\Library\PackageCache\com.unity.addressables@5d870284b3d9)
    com.unity.profiling.core@1.0.3 (location: C:\Users\GARV BANSAL\Documents\VR_games\OPUS\game\Library\PackageCache\com.unity.profiling.core@8a49f7027d06)
    com.unity.scriptablebuildpipeline@2.6.1 (location: C:\Users\GARV BANSAL\Documents\VR_games\OPUS\game\Library\PackageCache\com.unity.scriptablebuildpipeline@36e3b5898ee2)
    com.unity.xr.hands@1.7.3 (location: C:\Users\GARV BANSAL\Documents\VR_games\OPUS\game\Library\PackageCache\com.unity.xr.hands@3e241be20642)
    com.unity.xr.core-utils@2.6.0 (location: C:\Users\GARV BANSAL\Documents\VR_games\OPUS\game\Library\PackageCache\com.unity.xr.core-utils@a8b900321199)
    com.unity.xr.legacyinputhelpers@3.0.1 (location: C:\Users\GARV BANSAL\Documents\VR_games\OPUS\game\Library\PackageCache\com.unity.xr.legacyinputhelpers@3f62d634f63b)
    com.unity.nuget.newtonsoft-json@3.2.2 (location: C:\Users\GARV BANSAL\Documents\VR_games\OPUS\game\Library\PackageCache\com.unity.nuget.newtonsoft-json@4dfd81071c64)
    com.unity.mathematics@1.3.3 (location: C:\Users\GARV BANSAL\Documents\VR_games\OPUS\game\Library\PackageCache\com.unity.mathematics@19a9377c4ffa)
    com.unity.searcher@4.9.4 (location: C:\Users\GARV BANSAL\Documents\VR_games\OPUS\game\Library\PackageCache\com.unity.searcher@d45a78918735)
    com.unity.burst@1.8.29 (location: C:\Users\GARV BANSAL\Documents\VR_games\OPUS\game\Library\PackageCache\com.unity.burst@6bb9aca3ef38)
    com.unity.nuget.mono-cecil@1.11.6 (location: C:\Users\GARV BANSAL\Documents\VR_games\OPUS\game\Library\PackageCache\com.unity.nuget.mono-cecil@ecb9724e46ff)
    com.unity.test-framework.performance@3.4.0 (location: C:\Users\GARV BANSAL\Documents\VR_games\OPUS\game\Library\PackageCache\com.unity.test-framework.performance@aa81a99c4a75)
  Built-in packages:
    com.unity.multiplayer.center@1.0.1 (location: C:\Users\GARV BANSAL\Documents\VR_games\OPUS\game\Library\PackageCache\com.unity.multiplayer.center@f01f4ba8d00a)
    com.unity.render-pipelines.universal@17.4.0 (location: C:\Users\GARV BANSAL\Documents\VR_games\OPUS\game\Library\PackageCache\com.unity.render-pipelines.universal@0d0659f1368d)
    com.unity.test-framework@1.6.0 (location: C:\Users\GARV BANSAL\Documents\VR_games\OPUS\game\Library\PackageCache\com.unity.test-framework@76560ee600cb)
    com.unity.modules.accessibility@1.0.0 (location: C:\Users\GARV BANSAL\Documents\VR_games\OPUS\game\Library\PackageCache\com.unity.modules.accessibility)
    com.unity.modules.adaptiveperformance@1.0.0 (location: C:\Users\GARV BANSAL\Documents\VR_games\OPUS\game\Library\PackageCache\com.unity.modules.adaptiveperformance)
    com.unity.modules.ai@1.0.0 (location: C:\Users\GARV BANSAL\Documents\VR_games\OPUS\game\Library\PackageCache\com.unity.modules.ai)
    com.unity.modules.androidjni@1.0.0 (location: C:\Users\GARV BANSAL\Documents\VR_games\OPUS\game\Library\PackageCache\com.unity.modules.androidjni)
    com.unity.modules.animation@1.0.0 (location: C:\Users\GARV BANSAL\Documents\VR_games\OPUS\game\Library\PackageCache\com.unity.modules.animation)
    com.unity.modules.assetbundle@1.0.0 (location: C:\Users\GARV BANSAL\Documents\VR_games\OPUS\game\Library\PackageCache\com.unity.modules.assetbundle)
    com.unity.modules.audio@1.0.0 (location: C:\Users\GARV BANSAL\Documents\VR_games\OPUS\game\Library\PackageCache\com.unity.modules.audio)
    com.unity.modules.cloth@1.0.0 (location: C:\Users\GARV BANSAL\Documents\VR_games\OPUS\game\Library\PackageCache\com.unity.modules.cloth)
    com.unity.modules.director@1.0.0 (location: C:\Users\GARV BANSAL\Documents\VR_games\OPUS\game\Library\PackageCache\com.unity.modules.director)
    com.unity.modules.imageconversion@1.0.0 (location: C:\Users\GARV BANSAL\Documents\VR_games\OPUS\game\Library\PackageCache\com.unity.modules.imageconversion)
    com.unity.modules.imgui@1.0.0 (location: C:\Users\GARV BANSAL\Documents\VR_games\OPUS\game\Library\PackageCache\com.unity.modules.imgui)
    com.unity.modules.jsonserialize@1.0.0 (location: C:\Users\GARV BANSAL\Documents\VR_games\OPUS\game\Library\PackageCache\com.unity.modules.jsonserialize)
    com.unity.modules.particlesystem@1.0.0 (location: C:\Users\GARV BANSAL\Documents\VR_games\OPUS\game\Library\PackageCache\com.unity.modules.particlesystem)
    com.unity.modules.physics@1.0.0 (location: C:\Users\GARV BANSAL\Documents\VR_games\OPUS\game\Library\PackageCache\com.unity.modules.physics)
    com.unity.modules.physics2d@1.0.0 (location: C:\Users\GARV BANSAL\Documents\VR_games\OPUS\game\Library\PackageCache\com.unity.modules.physics2d)
    com.unity.modules.screencapture@1.0.0 (location: C:\Users\GARV BANSAL\Documents\VR_games\OPUS\game\Library\PackageCache\com.unity.modules.screencapture)
    com.unity.modules.terrain@1.0.0 (location: C:\Users\GARV BANSAL\Documents\VR_games\OPUS\game\Library\PackageCache\com.unity.modules.terrain)
    com.unity.modules.terrainphysics@1.0.0 (location: C:\Users\GARV BANSAL\Documents\VR_games\OPUS\game\Library\PackageCache\com.unity.modules.terrainphysics)
    com.unity.modules.tilemap@1.0.0 (location: C:\Users\GARV BANSAL\Documents\VR_games\OPUS\game\Library\PackageCache\com.unity.modules.tilemap)
    com.unity.modules.ui@1.0.0 (location: C:\Users\GARV BANSAL\Documents\VR_games\OPUS\game\Library\PackageCache\com.unity.modules.ui)
    com.unity.modules.uielements@1.0.0 (location: C:\Users\GARV BANSAL\Documents\VR_games\OPUS\game\Library\PackageCache\com.unity.modules.uielements)
    com.unity.modules.umbra@1.0.0 (location: C:\Users\GARV BANSAL\Documents\VR_games\OPUS\game\Library\PackageCache\com.unity.modules.umbra)
    com.unity.modules.unityanalytics@1.0.0 (location: C:\Users\GARV BANSAL\Documents\VR_games\OPUS\game\Library\PackageCache\com.unity.modules.unityanalytics)
    com.unity.modules.unitywebrequest@1.0.0 (location: C:\Users\GARV BANSAL\Documents\VR_games\OPUS\game\Library\PackageCache\com.unity.modules.unitywebrequest)
    com.unity.modules.unitywebrequestassetbundle@1.0.0 (location: C:\Users\GARV BANSAL\Documents\VR_games\OPUS\game\Library\PackageCache\com.unity.modules.unitywebrequestassetbundle)
    com.unity.modules.unitywebrequestaudio@1.0.0 (location: C:\Users\GARV BANSAL\Documents\VR_games\OPUS\game\Library\PackageCache\com.unity.modules.unitywebrequestaudio)
    com.unity.modules.unitywebrequesttexture@1.0.0 (location: C:\Users\GARV BANSAL\Documents\VR_games\OPUS\game\Library\PackageCache\com.unity.modules.unitywebrequesttexture)
    com.unity.modules.unitywebrequestwww@1.0.0 (location: C:\Users\GARV BANSAL\Documents\VR_games\OPUS\game\Library\PackageCache\com.unity.modules.unitywebrequestwww)
    com.unity.modules.vectorgraphics@1.0.0 (location: C:\Users\GARV BANSAL\Documents\VR_games\OPUS\game\Library\PackageCache\com.unity.modules.vectorgraphics)
    com.unity.modules.vehicles@1.0.0 (location: C:\Users\GARV BANSAL\Documents\VR_games\OPUS\game\Library\PackageCache\com.unity.modules.vehicles)
    com.unity.modules.video@1.0.0 (location: C:\Users\GARV BANSAL\Documents\VR_games\OPUS\game\Library\PackageCache\com.unity.modules.video)
    com.unity.modules.vr@1.0.0 (location: C:\Users\GARV BANSAL\Documents\VR_games\OPUS\game\Library\PackageCache\com.unity.modules.vr)
    com.unity.modules.wind@1.0.0 (location: C:\Users\GARV BANSAL\Documents\VR_games\OPUS\game\Library\PackageCache\com.unity.modules.wind)
    com.unity.modules.xr@1.0.0 (location: C:\Users\GARV BANSAL\Documents\VR_games\OPUS\game\Library\PackageCache\com.unity.modules.xr)
    com.unity.modules.subsystems@1.0.0 (location: C:\Users\GARV BANSAL\Documents\VR_games\OPUS\game\Library\PackageCache\com.unity.modules.subsystems)
    com.unity.modules.hierarchycore@1.0.0 (location: C:\Users\GARV BANSAL\Documents\VR_games\OPUS\game\Library\PackageCache\com.unity.modules.hierarchycore)
    com.unity.ext.nunit@2.0.5 (location: C:\Users\GARV BANSAL\Documents\VR_games\OPUS\game\Library\PackageCache\com.unity.ext.nunit@d8c07649098d)
    com.unity.render-pipelines.core@17.4.0 (location: C:\Users\GARV BANSAL\Documents\VR_games\OPUS\game\Library\PackageCache\com.unity.render-pipelines.core@630143bbfe2b)
    com.unity.shadergraph@17.4.0 (location: C:\Users\GARV BANSAL\Documents\VR_games\OPUS\game\Library\PackageCache\com.unity.shadergraph@04a6ef07359e)
    com.unity.render-pipelines.universal-config@17.4.0 (location: C:\Users\GARV BANSAL\Documents\VR_games\OPUS\game\Library\PackageCache\com.unity.render-pipelines.universal-config@0db4263b9e6b)
    com.unity.textmeshpro@5.0.0 (location: C:\Users\GARV BANSAL\Documents\VR_games\OPUS\game\Library\PackageCache\com.unity.textmeshpro@53f43edfd2e0)
    com.unity.ugui@2.0.0 (location: C:\Users\GARV BANSAL\Documents\VR_games\OPUS\game\Library\PackageCache\com.unity.ugui@473409526770)
    com.unity.collections@6.4.0 (location: C:\Users\GARV BANSAL\Documents\VR_games\OPUS\game\Library\PackageCache\com.unity.collections@65f499a3cc26)
  Embedded packages:
    com.opus.sdk@file:C:\Users\GARV BANSAL\Documents\VR_games\OPUS\game\Packages\com.opus.sdk (location: C:\Users\GARV BANSAL\Documents\VR_games\OPUS\game\Packages\com.opus.sdk)
[Subsystems] Looking for new subsystems at path C:\Users\GARV BANSAL\Documents\VR_games\OPUS\game\Library\PackageCache\com.unity.xr.openxr@ef0033a586bf
[Subsystems] Novel subsystem found at Library/PackageCache/com.unity.xr.openxr@ef0033a586bf/Runtime/UnitySubsystemsManifest.json
[Subsystems] Discovering subsystems at path C:/Program Files/Unity/Hub/Editor/6000.4.6f1/Editor/Data/Resources/UnitySubsystems
[Subsystems] Discovering subsystems at path C:/Users/GARV BANSAL/Documents/VR_games/OPUS/game/Assets
[Subsystems] Discovering subsystems at path C:\Users\GARV BANSAL\Documents\VR_games\OPUS\game\Library\PackageCache\com.unity.xr.openxr@ef0033a586bf
[Subsystems] No descriptors matched for  examples in Library/PackageCache/com.unity.xr.openxr@ef0033a586bf/Runtime/UnitySubsystemsManifest.json.
[Subsystems] 1 'inputs' descriptors matched in Library/PackageCache/com.unity.xr.openxr@ef0033a586bf/Runtime/UnitySubsystemsManifest.json
[Subsystems] 1 'displays' descriptors matched in Library/PackageCache/com.unity.xr.openxr@ef0033a586bf/Runtime/UnitySubsystemsManifest.json
[Subsystems] No descriptors matched for  meshings in Library/PackageCache/com.unity.xr.openxr@ef0033a586bf/Runtime/UnitySubsystemsManifest.json.
[Package Manager] Done registering packages in 0.06 seconds
Assembly for Assembly Definition File 'Packages/com.opus.sdk/Editor/Opus.Sdk.Editor.asmdef' will not be compiled, because it has no scripts associated with it.
UnityEngine.Debug:ExtractStackTraceNoAlloc (byte*,int,string)
UnityEngine.StackTraceUtility:ExtractStackTrace ()
UnityEngine.DebugLogHandler:Internal_Log (UnityEngine.LogType,UnityEngine.LogOption,string,UnityEngine.Object)
UnityEngine.DebugLogHandler:LogFormat (UnityEngine.LogType,UnityEngine.Object,string,object[])
UnityEngine.Logger:LogFormat (UnityEngine.LogType,string,object[])
UnityEngine.Debug:LogWarningFormat (string,object[])
UnityEditor.Scripting.ScriptCompilation.EditorCompilation:WarnIfThereAreAssembliesWithoutAnyScripts (UnityEditor.Scripting.ScriptCompilation.ScriptAssemblySettings,UnityEditor.Scripting.ScriptCompilation.ScriptAssembly[])
UnityEditor.Scripting.ScriptCompilation.EditorCompilation:CompileScriptsWithSettings (UnityEditor.Scripting.ScriptCompilation.ScriptAssemblySettings)
UnityEditor.Scripting.ScriptCompilation.EditorCompilation:CompileScripts (UnityEditor.Scripting.ScriptCompilation.EditorScriptCompilationOptions,UnityEditor.BuildTarget,int,string[])
UnityEditor.Scripting.ScriptCompilation.EditorCompilationInterface/<>c__DisplayClass21_0:<CompileScripts>b__0 ()
UnityEditor.Scripting.ScriptCompilation.EditorCompilationInterface:EmitExceptionAsError<UnityEditor.Scripting.ScriptCompilation.EditorCompilation/CompileStatus> (System.Func`1<UnityEditor.Scripting.ScriptCompilation.EditorCompilation/CompileStatus>,UnityEditor.Scripting.ScriptCompilation.EditorCompilation/CompileStatus)
UnityEditor.Scripting.ScriptCompilation.EditorCompilationInterface:CompileScripts (UnityEditor.Scripting.ScriptCompilation.EditorScriptCompilationOptions,UnityEditor.BuildTarget,int,string[])

info: Microsoft.Hosting.Lifetime[14]
      Now listening on: http://localhost:80
info: Microsoft.Hosting.Lifetime[0]
      Application started. Press Ctrl+C to shut down.
info: Microsoft.Hosting.Lifetime[0]
      Hosting environment: Production
info: Microsoft.Hosting.Lifetime[0]
      Content root path: C:\Users\GARV BANSAL\Documents\VR_games\OPUS\game
info: Microsoft.AspNetCore.Hosting.Diagnostics[1]
      Request starting HTTP/2 POST http://ilpp/UnityILPP.PostProcessing/Ping - application/grpc -
info: Microsoft.AspNetCore.Routing.EndpointMiddleware[0]
      Executing endpoint 'gRPC - /UnityILPP.PostProcessing/Ping'
info: Microsoft.AspNetCore.Routing.EndpointMiddleware[1]
      Executed endpoint 'gRPC - /UnityILPP.PostProcessing/Ping'
info: Microsoft.AspNetCore.Hosting.Diagnostics[2]
      Request finished HTTP/2 POST http://ilpp/UnityILPP.PostProcessing/Ping - 200 - application/grpc 32.5215ms
Starting: C:\Program Files\Unity\Hub\Editor\6000.4.6f1\Editor\Data\Tools\BuildPipeline\bee_backend.exe --ipc --defer-dag-verification --dagfile="Library/Bee/1300b0aE.dag" --continue-on-failure --profile="Library/Bee/backend1.traceevents" ScriptAssemblies
WorkingDir: C:/Users/GARV BANSAL/Documents/VR_games/OPUS/game
info: Microsoft.AspNetCore.Hosting.Diagnostics[1]
      Request starting HTTP/2 POST http://ilpp/UnityILPP.PostProcessing/ConfigurePostProcessors - application/grpc -
info: Microsoft.AspNetCore.Routing.EndpointMiddleware[0]
      Executing endpoint 'gRPC - /UnityILPP.PostProcessing/ConfigurePostProcessors'
DisplayProgressbar: Compiling Scripts
warn: Unity.ILPP.Runner.PostProcessingAssemblyLoadContext[0]
      Assembly system.runtime.interopservices.windowsruntime has duplicate hint path. Ignoring "C:\Program Files\Unity\Hub\Editor\6000.4.6f1\Editor\Data\UnityReferenceAssemblies\unity-4.8-api\Facades\System.Runtime.InteropServices.WindowsRuntime.dll" in favor of "C:\Program Files\Unity\Hub\Editor\6000.4.6f1\Editor\Data\NetStandard\Extensions\2.0.0\System.Runtime.InteropServices.WindowsRuntime.dll"
warn: Unity.ILPP.Runner.PostProcessingAssemblyLoadContext[0]
      Assembly system.componentmodel.composition has duplicate hint path. Ignoring "C:\Program Files\Unity\Hub\Editor\6000.4.6f1\Editor\Data\UnityReferenceAssemblies\unity-4.8-api\System.ComponentModel.Composition.dll" in favor of "C:\Program Files\Unity\Hub\Editor\6000.4.6f1\Editor\Data\NetStandard\compat\2.1.0\shims\netfx\System.ComponentModel.Composition.dll"
info: Unity.ILPP.Runner.PostProcessingAssemblyLoadContext[0]
      Resolved Unity.Burst.Cecil, Version=0.11.6.0, Culture=neutral, PublicKeyToken=50cebf1cceb9d05e with Library\PackageCache\com.unity.burst@6bb9aca3ef38\Unity.Burst.CodeGen\Unity.Burst.Cecil.dll
info: Unity.ILPP.Runner.PostProcessingAssemblyLoadContext[0]
      Resolved Mono.Cecil, Version=0.11.5.0, Culture=neutral, PublicKeyToken=50cebf1cceb9d05e with Library\PackageCache\com.unity.nuget.mono-cecil@ecb9724e46ff\Mono.Cecil.dll
info: Microsoft.AspNetCore.Routing.EndpointMiddleware[1]
      Executed endpoint 'gRPC - /UnityILPP.PostProcessing/ConfigurePostProcessors'
info: Microsoft.AspNetCore.Hosting.Diagnostics[2]
      Request finished HTTP/2 POST http://ilpp/UnityILPP.PostProcessing/ConfigurePostProcessors - 200 - application/grpc 78.2704ms
ExitCode: 0 Duration: 0s625ms
[1282/1730  0s] ILPP-Configuration Library/ilpp-configuration.nevergeneratedoutput
*** Tundra build success (0.58 seconds), 1 items updated, 1730 evaluated
AssetDatabase: script compilation time: 1.149544s
Begin MonoManager ReloadAssembly
Assembly Assembly-CSharp-Editor-firstpass.dll at Library/ScriptAssemblies/Assembly-CSharp-Editor-firstpass.dll not valid. Loading of assembly skipped.
Assembly Assembly-CSharp-Editor.dll at Library/ScriptAssemblies/Assembly-CSharp-Editor.dll not valid. Loading of assembly skipped.
Assembly Assembly-CSharp-firstpass.dll at Library/ScriptAssemblies/Assembly-CSharp-firstpass.dll not valid. Loading of assembly skipped.
Assembly Assembly-CSharp.dll at Library/ScriptAssemblies/Assembly-CSharp.dll not valid. Loading of assembly skipped.
Assembly Meta.XR.Editor.Reflection.Tests.dll at Library/ScriptAssemblies/Meta.XR.Editor.Reflection.Tests.dll not valid. Loading of assembly skipped.
Assembly meta.xr.hand.readiness.tests.editmode.dll at Library/ScriptAssemblies/meta.xr.hand.readiness.tests.editmode.dll not valid. Loading of assembly skipped.
Assembly Meta.XR.Input.Editor.Tests.dll at Library/ScriptAssemblies/Meta.XR.Input.Editor.Tests.dll not valid. Loading of assembly skipped.
Assembly Meta.XR.MultiplayerBlocks.Fusion.dll at Library/ScriptAssemblies/Meta.XR.MultiplayerBlocks.Fusion.dll not valid. Loading of assembly skipped.
Assembly Meta.XR.MultiplayerBlocks.NGO.dll at Library/ScriptAssemblies/Meta.XR.MultiplayerBlocks.NGO.dll not valid. Loading of assembly skipped.
Assembly Opus.Sdk.Editor.dll at Library/ScriptAssemblies/Opus.Sdk.Editor.dll not valid. Loading of assembly skipped.
Assembly TestNewCustomAssembly.dll at Library/ScriptAssemblies/TestNewCustomAssembly.dll not valid. Loading of assembly skipped.
Assembly Unity.Addressables.Editor.Tests.dll at Library/ScriptAssemblies/Unity.Addressables.Editor.Tests.dll not valid. Loading of assembly skipped.
Assembly Unity.Addressables.Tests.dll at Library/ScriptAssemblies/Unity.Addressables.Tests.dll not valid. Loading of assembly skipped.
Assembly Unity.Collections.BurstCompatibilityGen.dll at Library/ScriptAssemblies/Unity.Collections.BurstCompatibilityGen.dll not valid. Loading of assembly skipped.
Assembly Unity.Collections.DocCodeSamples.dll at Library/ScriptAssemblies/Unity.Collections.DocCodeSamples.dll not valid. Loading of assembly skipped.
Assembly Unity.Collections.PerformanceTests.dll at Library/ScriptAssemblies/Unity.Collections.PerformanceTests.dll not valid. Loading of assembly skipped.
Assembly Unity.Collections.Tests.dll at Library/ScriptAssemblies/Unity.Collections.Tests.dll not valid. Loading of assembly skipped.
Assembly Unity.Collections.Tests.Playmode.dll at Library/ScriptAssemblies/Unity.Collections.Tests.Playmode.dll not valid. Loading of assembly skipped.
Assembly Unity.InputSystem.IntegrationTests.dll at Library/ScriptAssemblies/Unity.InputSystem.IntegrationTests.dll not valid. Loading of assembly skipped.
Assembly Unity.Mathematics.Tests.dll at Library/ScriptAssemblies/Unity.Mathematics.Tests.dll not valid. Loading of assembly skipped.
Assembly Unity.Multiplayer.Center.Editor.Tests.dll at Library/ScriptAssemblies/Unity.Multiplayer.Center.Editor.Tests.dll not valid. Loading of assembly skipped.
Assembly Unity.Multiplayer.Center.Tests.dll at Library/ScriptAssemblies/Unity.Multiplayer.Center.Tests.dll not valid. Loading of assembly skipped.
Assembly Unity.Nuget.Mono-Cecil.dll at Library/ScriptAssemblies/Unity.Nuget.Mono-Cecil.dll not valid. Loading of assembly skipped.
Assembly Unity.PathTracing.Editor.Tests.dll at Library/ScriptAssemblies/Unity.PathTracing.Editor.Tests.dll not valid. Loading of assembly skipped.
Assembly Unity.PathTracing.Runtime.Tests.dll at Library/ScriptAssemblies/Unity.PathTracing.Runtime.Tests.dll not valid. Loading of assembly skipped.
Assembly Unity.RenderPipelines.Core.Editor.Tests.dll at Library/ScriptAssemblies/Unity.RenderPipelines.Core.Editor.Tests.dll not valid. Loading of assembly skipped.
Assembly Unity.RenderPipelines.Core.Runtime.Tests.dll at Library/ScriptAssemblies/Unity.RenderPipelines.Core.Runtime.Tests.dll not valid. Loading of assembly skipped.
Assembly Unity.RenderPipelines.Universal.Config.Editor.Tests.dll at Library/ScriptAssemblies/Unity.RenderPipelines.Universal.Config.Editor.Tests.dll not valid. Loading of assembly skipped.
Assembly Unity.RenderPipelines.Universal.Editor.Tests.dll at Library/ScriptAssemblies/Unity.RenderPipelines.Universal.Editor.Tests.dll not valid. Loading of assembly skipped.
Assembly Unity.RenderPipelines.Universal.Runtime.Tests.dll at Library/ScriptAssemblies/Unity.RenderPipelines.Universal.Runtime.Tests.dll not valid. Loading of assembly skipped.
Assembly Unity.ResourceManager.Tests.dll at Library/ScriptAssemblies/Unity.ResourceManager.Tests.dll not valid. Loading of assembly skipped.
Assembly Unity.ScriptableBuildPipeline.Editor.Tests.dll at Library/ScriptAssemblies/Unity.ScriptableBuildPipeline.Editor.Tests.dll not valid. Loading of assembly skipped.
Assembly Unity.ScriptableBuildPipeline.Tests.dll at Library/ScriptAssemblies/Unity.ScriptableBuildPipeline.Tests.dll not valid. Loading of assembly skipped.
Assembly Unity.ScriptableBuildPipelineTests.Runtime.Tests.dll at Library/ScriptAssemblies/Unity.ScriptableBuildPipelineTests.Runtime.Tests.dll not valid. Loading of assembly skipped.
Assembly Unity.Searcher.EditorTests.dll at Library/ScriptAssemblies/Unity.Searcher.EditorTests.dll not valid. Loading of assembly skipped.
Assembly Unity.ShaderGraph.Editor.Tests.dll at Library/ScriptAssemblies/Unity.ShaderGraph.Editor.Tests.dll not valid. Loading of assembly skipped.
Assembly Unity.TextMeshPro.Editor.Tests.dll at Library/ScriptAssemblies/Unity.TextMeshPro.Editor.Tests.dll not valid. Loading of assembly skipped.
Assembly Unity.TextMeshPro.Tests.dll at Library/ScriptAssemblies/Unity.TextMeshPro.Tests.dll not valid. Loading of assembly skipped.
Assembly Unity.UnifiedRayTracing.Editor.Tests.dll at Library/ScriptAssemblies/Unity.UnifiedRayTracing.Editor.Tests.dll not valid. Loading of assembly skipped.
Assembly Unity.XR.CoreUtils.CodeSamples.Tests.dll at Library/ScriptAssemblies/Unity.XR.CoreUtils.CodeSamples.Tests.dll not valid. Loading of assembly skipped.
Assembly Unity.XR.CoreUtils.Editor.Tests.dll at Library/ScriptAssemblies/Unity.XR.CoreUtils.Editor.Tests.dll not valid. Loading of assembly skipped.
Assembly Unity.XR.CoreUtils.Tests.dll at Library/ScriptAssemblies/Unity.XR.CoreUtils.Tests.dll not valid. Loading of assembly skipped.
Assembly Unity.XR.Hands.Editor.Tests.dll at Library/ScriptAssemblies/Unity.XR.Hands.Editor.Tests.dll not valid. Loading of assembly skipped.
Assembly Unity.XR.Hands.Tests.dll at Library/ScriptAssemblies/Unity.XR.Hands.Tests.dll not valid. Loading of assembly skipped.
Assembly Unity.XR.Management.EditorTests.dll at Library/ScriptAssemblies/Unity.XR.Management.EditorTests.dll not valid. Loading of assembly skipped.
Assembly Unity.XR.Management.TestPackage.dll at Library/ScriptAssemblies/Unity.XR.Management.TestPackage.dll not valid. Loading of assembly skipped.
Assembly Unity.XR.Management.TestPackage.Editor.dll at Library/ScriptAssemblies/Unity.XR.Management.TestPackage.Editor.dll not valid. Loading of assembly skipped.
Assembly Unity.XR.Management.Tests.dll at Library/ScriptAssemblies/Unity.XR.Management.Tests.dll not valid. Loading of assembly skipped.
Assembly Unity.XR.Management.Tests.Standalone.dll at Library/ScriptAssemblies/Unity.XR.Management.Tests.Standalone.dll not valid. Loading of assembly skipped.
Assembly Unity.XR.OpenXR.Editor.Tests.dll at Library/ScriptAssemblies/Unity.XR.OpenXR.Editor.Tests.dll not valid. Loading of assembly skipped.
Assembly Unity.XR.OpenXR.Tests.dll at Library/ScriptAssemblies/Unity.XR.OpenXR.Tests.dll not valid. Loading of assembly skipped.
Assembly Unity.XR.OpenXR.Ubuntu.Tests.dll at Library/ScriptAssemblies/Unity.XR.OpenXR.Ubuntu.Tests.dll not valid. Loading of assembly skipped.
Assembly Unity.XR.TestSupport.dll at Library/ScriptAssemblies/Unity.XR.TestSupport.dll not valid. Loading of assembly skipped.
Assembly UnityEditor.UI.Common.Tests.dll at Library/ScriptAssemblies/UnityEditor.UI.Common.Tests.dll not valid. Loading of assembly skipped.
Assembly UnityEditor.UI.EditorTests.dll at Library/ScriptAssemblies/UnityEditor.UI.EditorTests.dll not valid. Loading of assembly skipped.
Assembly UnityEditor.XR.LegacyInputHelpers.Tests.dll at Library/ScriptAssemblies/UnityEditor.XR.LegacyInputHelpers.Tests.dll not valid. Loading of assembly skipped.
Assembly UnityEngine.SpatialTracking.Tests.dll at Library/ScriptAssemblies/UnityEngine.SpatialTracking.Tests.dll not valid. Loading of assembly skipped.
Assembly UnityEngine.UI.Tests.dll at Library/ScriptAssemblies/UnityEngine.UI.Tests.dll not valid. Loading of assembly skipped.
Assembly UnityEngine.XR.OpenXR.CodeSamples.Editor.Tests.dll at Library/ScriptAssemblies/UnityEngine.XR.OpenXR.CodeSamples.Editor.Tests.dll not valid. Loading of assembly skipped.
Symbol file LoadedFromMemory is not a mono symbol file
Script 'CharacterController' has the same name as built-in Unity component.
AddComponent and GetComponent will not work with this script.
'Packages/com.meta.xr.sdk.core/Editor/BuildingBlocks/BlocksWindowDetailsExtension.cs' contains partial class of Unity.Object, exactly 1 of the partial classes needs to be in a file with the same filename. This is to know the one that can be referenced from ie. GameObjects
'Packages/com.meta.xr.sdk.core/Editor/RuntimeOptimizer/RuntimeOptimizer.cs' contains partial class of Unity.Object, exactly 1 of the partial classes needs to be in a file with the same filename. This is to know the one that can be referenced from ie. GameObjects
'Packages/com.meta.xr.sdk.core/Editor/BuildingBlocks/BlocksWindow.cs' contains partial class of Unity.Object, exactly 1 of the partial classes needs to be in a file with the same filename. This is to know the one that can be referenced from ie. GameObjects
'Packages/com.meta.xr.sdk.core/Editor/BuildingBlocks/BlocksWindowCollectionsPageExtension.cs' contains partial class of Unity.Object, exactly 1 of the partial classes needs to be in a file with the same filename. This is to know the one that can be referenced from ie. GameObjects
'Packages/com.meta.xr.sdk.core/Editor/RuntimeOptimizer/RuntimeOptimizerNetworking.cs' contains partial class of Unity.Object, exactly 1 of the partial classes needs to be in a file with the same filename. This is to know the one that can be referenced from ie. GameObjects
'Packages/com.meta.xr.sdk.core/Editor/RuntimeOptimizer/RuntimeOptimizerStyles.cs' contains partial class of Unity.Object, exactly 1 of the partial classes needs to be in a file with the same filename. This is to know the one that can be referenced from ie. GameObjects
Refreshing native plugins compatible for Editor in 11.84 ms, found 12 plugins.
Native extension for Android target not found
Native extension for WindowsStandalone target not found
Refreshing native plugins compatible for Editor in 14.03 ms, found 12 plugins.
I0919 00:44:34.206843 24964 OVRTelemetry.cpp:57] Telemetry_Init: calling startSession with engineName=Unity, pluginVersion=1.205.0
* daemon not running; starting now at tcp:5037
* daemon started successfully
I0919 00:44:36.553378 24964 OVRTelemetry.cpp:61] Telemetry_Init: startSession completed successfully
I0919 00:44:36.869423 24964 OVRTelemetry.cpp:57] Telemetry_Init: calling startSession with engineName=Unity, pluginVersion=1.204.0
* daemon not running; starting now at tcp:5037
* daemon started successfully
I0919 00:44:39.154256 24964 OVRTelemetry.cpp:61] Telemetry_Init: startSession completed successfully
ScheduleIndexationOnStartup MainProcess:True IndexOnStartup:True
Mono: successfully reloaded assembly
- Finished resetting the current domain, in 10.160 seconds
Domain Reload Profiling: 11266ms
	BeginReloadAssembly (353ms)
		DisableScriptedObjects (29ms)
		CreateAndSetChildDomain (149ms)
	RebuildCommonClasses (42ms)
	RebuildNativeTypeToScriptingClass (14ms)
	initialDomainReloadingComplete (74ms)
	LoadAllAssembliesAndSetupDomain (622ms)
		LoadAssemblies (424ms)
		AnalyzeDomain (309ms)
			TypeCache.Refresh (200ms)
				TypeCache.ScanAssembly (181ms)
			BuildScriptInfoCaches (85ms)
			ResolveRequiredComponents (21ms)
	FinalizeReload (10160ms)
		SetupLoadedEditorAssemblies (0ms)
			InitializePlatformSupportModulesInManaged (42ms)
			BeforeProcessingInitializeOnLoad (285ms)
			ProcessInitializeOnLoadAttributes (9377ms)
			ProcessInitializeOnLoadMethodAttributes (112ms)
			AfterProcessingInitializeOnLoad (9ms)
		AwakeInstancesAfterBackupRestoration (26ms)
[HttpMcpServer] Started on port 48736
UnityEngine.Debug:ExtractStackTraceNoAlloc (byte*,int,string)
UnityEngine.StackTraceUtility:ExtractStackTrace ()
UnityEngine.DebugLogHandler:Internal_Log (UnityEngine.LogType,UnityEngine.LogOption,string,UnityEngine.Object)
UnityEngine.DebugLogHandler:LogFormat (UnityEngine.LogType,UnityEngine.Object,string,object[])
UnityEngine.Logger:Log (UnityEngine.LogType,object)
UnityEngine.Debug:Log (object)
Meta.MCPBridge.Editor.HttpMcpServer:Start (int,System.Action) (at ./Library/PackageCache/com.meta.xr.sdk.core@4ea2676097b9/Editor/MCPBridge/HttpMcpServer.cs:189)
Meta.MCPBridge.Editor.HttpMcpServer:StartMcpBridgeServer () (at ./Library/PackageCache/com.meta.xr.sdk.core@4ea2676097b9/Editor/MCPBridge/HttpMcpServer.cs:127)
Meta.MCPBridge.Editor.HttpMcpServer:StartIfEnabled () (at ./Library/PackageCache/com.meta.xr.sdk.core@4ea2676097b9/Editor/MCPBridge/HttpMcpServer.cs:109)
Meta.MCPBridge.Editor.HttpMcpServer/<>c:<InitializeOnLoad>b__18_3 () (at ./Library/PackageCache/com.meta.xr.sdk.core@4ea2676097b9/Editor/MCPBridge/HttpMcpServer.cs:89)
Meta.XR.Editor.Callbacks.InitializeOnLoad:OnAllAssetsPostProcessed () (at ./Library/PackageCache/com.meta.xr.sdk.core@4ea2676097b9/Editor/Utils/EditorCallbacks/InitializeOnLoad.cs:46)
Meta.XR.Editor.Callbacks.AssetPostProcessor:OnPostprocessAllAssets (string[],string[],string[],string[],bool) (at ./Library/PackageCache/com.meta.xr.sdk.core@4ea2676097b9/Editor/Utils/EditorCallbacks/AssetPostProcessor.cs:32)
System.Reflection.RuntimeMethodInfo:Invoke (object,System.Reflection.BindingFlags,System.Reflection.Binder,object[],System.Globalization.CultureInfo)
System.Reflection.MethodBase:Invoke (object,object[])
UnityEditor.AssetPostprocessingInternal:InvokeMethod (System.Reflection.MethodInfo,object[])
UnityEditor.AssetPostprocessingInternal:PostprocessAllAssets (string[],string[],string[],string[],string[],bool)

(Filename: ./Library/PackageCache/com.meta.xr.sdk.core@4ea2676097b9/Editor/MCPBridge/HttpMcpServer.cs Line: 189)

[LocalExecutor] Discovered 16 tools: DebugLog, DiagnosticTools, IGetResourcesService, IReflectionService, SceneObjectsTools, ToolHelp, CodeAnalysisTools, CompilationTools, DesignTokenResource, InteractionTestingTools, TestRunnerTools, UIVerificationTools, BuildingBlocksTools, UPSTTools, DrawingTools, ImmersiveDebuggerTools
UnityEngine.Debug:ExtractStackTraceNoAlloc (byte*,int,string)
UnityEngine.StackTraceUtility:ExtractStackTrace ()
UnityEngine.DebugLogHandler:Internal_Log (UnityEngine.LogType,UnityEngine.LogOption,string,UnityEngine.Object)
UnityEngine.DebugLogHandler:LogFormat (UnityEngine.LogType,UnityEngine.Object,string,object[])
UnityEngine.Logger:Log (UnityEngine.LogType,object)
UnityEngine.Debug:Log (object)
Meta.MCPBridge.LocalExecutor:EnsureInitialized () (at ./Library/PackageCache/com.meta.xr.sdk.core@4ea2676097b9/Scripts/MCPBridge/LocalExecutor.cs:123)
Meta.MCPBridge.Editor.LocalToolProvider:Register () (at ./Library/PackageCache/com.meta.xr.sdk.core@4ea2676097b9/Editor/MCPBridge/LocalToolProvider.cs:66)
Meta.MCPBridge.Editor.HttpMcpServer/<>c:<StartMcpBridgeServer>b__21_0 () (at ./Library/PackageCache/com.meta.xr.sdk.core@4ea2676097b9/Editor/MCPBridge/HttpMcpServer.cs:129)
Meta.MCPBridge.Editor.HttpMcpServer:Start (int,System.Action) (at ./Library/PackageCache/com.meta.xr.sdk.core@4ea2676097b9/Editor/MCPBridge/HttpMcpServer.cs:203)
Meta.MCPBridge.Editor.HttpMcpServer:StartMcpBridgeServer () (at ./Library/PackageCache/com.meta.xr.sdk.core@4ea2676097b9/Editor/MCPBridge/HttpMcpServer.cs:127)
Meta.MCPBridge.Editor.HttpMcpServer:StartIfEnabled () (at ./Library/PackageCache/com.meta.xr.sdk.core@4ea2676097b9/Editor/MCPBridge/HttpMcpServer.cs:109)
Meta.MCPBridge.Editor.HttpMcpServer/<>c:<InitializeOnLoad>b__18_3 () (at ./Library/PackageCache/com.meta.xr.sdk.core@4ea2676097b9/Editor/MCPBridge/HttpMcpServer.cs:89)
Meta.XR.Editor.Callbacks.InitializeOnLoad:OnAllAssetsPostProcessed () (at ./Library/PackageCache/com.meta.xr.sdk.core@4ea2676097b9/Editor/Utils/EditorCallbacks/InitializeOnLoad.cs:46)
Meta.XR.Editor.Callbacks.AssetPostProcessor:OnPostprocessAllAssets (string[],string[],string[],string[],bool) (at ./Library/PackageCache/com.meta.xr.sdk.core@4ea2676097b9/Editor/Utils/EditorCallbacks/AssetPostProcessor.cs:32)
System.Reflection.RuntimeMethodInfo:Invoke (object,System.Reflection.BindingFlags,System.Reflection.Binder,object[],System.Globalization.CultureInfo)
System.Reflection.MethodBase:Invoke (object,object[])
UnityEditor.AssetPostprocessingInternal:InvokeMethod (System.Reflection.MethodInfo,object[])
UnityEditor.AssetPostprocessingInternal:PostprocessAllAssets (string[],string[],string[],string[],string[],bool)

(Filename: ./Library/PackageCache/com.meta.xr.sdk.core@4ea2676097b9/Scripts/MCPBridge/LocalExecutor.cs Line: 123)

[ToolProviderManager] Provider registered: local-unity-editor
UnityEngine.Debug:ExtractStackTraceNoAlloc (byte*,int,string)
UnityEngine.StackTraceUtility:ExtractStackTrace ()
UnityEngine.DebugLogHandler:Internal_Log (UnityEngine.LogType,UnityEngine.LogOption,string,UnityEngine.Object)
UnityEngine.DebugLogHandler:LogFormat (UnityEngine.LogType,UnityEngine.Object,string,object[])
UnityEngine.Logger:Log (UnityEngine.LogType,object)
UnityEngine.Debug:Log (object)
Meta.MCPBridge.Editor.ToolProviderManager:RegisterProvider (string,System.IO.StreamWriter) (at ./Library/PackageCache/com.meta.xr.sdk.core@4ea2676097b9/Editor/MCPBridge/ToolProviderManager.cs:92)
Meta.MCPBridge.Editor.LocalToolProvider:Register () (at ./Library/PackageCache/com.meta.xr.sdk.core@4ea2676097b9/Editor/MCPBridge/LocalToolProvider.cs:73)
Meta.MCPBridge.Editor.HttpMcpServer/<>c:<StartMcpBridgeServer>b__21_0 () (at ./Library/PackageCache/com.meta.xr.sdk.core@4ea2676097b9/Editor/MCPBridge/HttpMcpServer.cs:129)
Meta.MCPBridge.Editor.HttpMcpServer:Start (int,System.Action) (at ./Library/PackageCache/com.meta.xr.sdk.core@4ea2676097b9/Editor/MCPBridge/HttpMcpServer.cs:203)
Meta.MCPBridge.Editor.HttpMcpServer:StartMcpBridgeServer () (at ./Library/PackageCache/com.meta.xr.sdk.core@4ea2676097b9/Editor/MCPBridge/HttpMcpServer.cs:127)
Meta.MCPBridge.Editor.HttpMcpServer:StartIfEnabled () (at ./Library/PackageCache/com.meta.xr.sdk.core@4ea2676097b9/Editor/MCPBridge/HttpMcpServer.cs:109)
Meta.MCPBridge.Editor.HttpMcpServer/<>c:<InitializeOnLoad>b__18_3 () (at ./Library/PackageCache/com.meta.xr.sdk.core@4ea2676097b9/Editor/MCPBridge/HttpMcpServer.cs:89)
Meta.XR.Editor.Callbacks.InitializeOnLoad:OnAllAssetsPostProcessed () (at ./Library/PackageCache/com.meta.xr.sdk.core@4ea2676097b9/Editor/Utils/EditorCallbacks/InitializeOnLoad.cs:46)
Meta.XR.Editor.Callbacks.AssetPostProcessor:OnPostprocessAllAssets (string[],string[],string[],string[],bool) (at ./Library/PackageCache/com.meta.xr.sdk.core@4ea2676097b9/Editor/Utils/EditorCallbacks/AssetPostProcessor.cs:32)
System.Reflection.RuntimeMethodInfo:Invoke (object,System.Reflection.BindingFlags,System.Reflection.Binder,object[],System.Globalization.CultureInfo)
System.Reflection.MethodBase:Invoke (object,object[])
UnityEditor.AssetPostprocessingInternal:InvokeMethod (System.Reflection.MethodInfo,object[])
UnityEditor.AssetPostprocessingInternal:PostprocessAllAssets (string[],string[],string[],string[],string[],bool)

(Filename: ./Library/PackageCache/com.meta.xr.sdk.core@4ea2676097b9/Editor/MCPBridge/ToolProviderManager.cs Line: 92)

[ConnectedToolProvider] Capabilities registered for local-unity-editor: 16 tools, 1 resources, 0 prompts
UnityEngine.Debug:ExtractStackTraceNoAlloc (byte*,int,string)
UnityEngine.StackTraceUtility:ExtractStackTrace ()
UnityEngine.DebugLogHandler:Internal_Log (UnityEngine.LogType,UnityEngine.LogOption,string,UnityEngine.Object)
UnityEngine.DebugLogHandler:LogFormat (UnityEngine.LogType,UnityEngine.Object,string,object[])
UnityEngine.Logger:Log (UnityEngine.LogType,object)
UnityEngine.Debug:Log (object)
Meta.MCPBridge.Editor.ConnectedToolProvider:SetCapabilities (Meta.MCPBridge.ProviderCapabilities) (at ./Library/PackageCache/com.meta.xr.sdk.core@4ea2676097b9/Editor/MCPBridge/ToolProviderManager.cs:533)
Meta.MCPBridge.Editor.LocalToolProvider:Register () (at ./Library/PackageCache/com.meta.xr.sdk.core@4ea2676097b9/Editor/MCPBridge/LocalToolProvider.cs:74)
Meta.MCPBridge.Editor.HttpMcpServer/<>c:<StartMcpBridgeServer>b__21_0 () (at ./Library/PackageCache/com.meta.xr.sdk.core@4ea2676097b9/Editor/MCPBridge/HttpMcpServer.cs:129)
Meta.MCPBridge.Editor.HttpMcpServer:Start (int,System.Action) (at ./Library/PackageCache/com.meta.xr.sdk.core@4ea2676097b9/Editor/MCPBridge/HttpMcpServer.cs:203)
Meta.MCPBridge.Editor.HttpMcpServer:StartMcpBridgeServer () (at ./Library/PackageCache/com.meta.xr.sdk.core@4ea2676097b9/Editor/MCPBridge/HttpMcpServer.cs:127)
Meta.MCPBridge.Editor.HttpMcpServer:StartIfEnabled () (at ./Library/PackageCache/com.meta.xr.sdk.core@4ea2676097b9/Editor/MCPBridge/HttpMcpServer.cs:109)
Meta.MCPBridge.Editor.HttpMcpServer/<>c:<InitializeOnLoad>b__18_3 () (at ./Library/PackageCache/com.meta.xr.sdk.core@4ea2676097b9/Editor/MCPBridge/HttpMcpServer.cs:89)
Meta.XR.Editor.Callbacks.InitializeOnLoad:OnAllAssetsPostProcessed () (at ./Library/PackageCache/com.meta.xr.sdk.core@4ea2676097b9/Editor/Utils/EditorCallbacks/InitializeOnLoad.cs:46)
Meta.XR.Editor.Callbacks.AssetPostProcessor:OnPostprocessAllAssets (string[],string[],string[],string[],bool) (at ./Library/PackageCache/com.meta.xr.sdk.core@4ea2676097b9/Editor/Utils/EditorCallbacks/AssetPostProcessor.cs:32)
System.Reflection.RuntimeMethodInfo:Invoke (object,System.Reflection.BindingFlags,System.Reflection.Binder,object[],System.Globalization.CultureInfo)
System.Reflection.MethodBase:Invoke (object,object[])
UnityEditor.AssetPostprocessingInternal:InvokeMethod (System.Reflection.MethodInfo,object[])
UnityEditor.AssetPostprocessingInternal:PostprocessAllAssets (string[],string[],string[],string[],string[],bool)

(Filename: ./Library/PackageCache/com.meta.xr.sdk.core@4ea2676097b9/Editor/MCPBridge/ToolProviderManager.cs Line: 533)

[LocalToolProvider] Registered with 16 tools, 1 resources, 0 prompts
UnityEngine.Debug:ExtractStackTraceNoAlloc (byte*,int,string)
UnityEngine.StackTraceUtility:ExtractStackTrace ()
UnityEngine.DebugLogHandler:Internal_Log (UnityEngine.LogType,UnityEngine.LogOption,string,UnityEngine.Object)
UnityEngine.DebugLogHandler:LogFormat (UnityEngine.LogType,UnityEngine.Object,string,object[])
UnityEngine.Logger:Log (UnityEngine.LogType,object)
UnityEngine.Debug:Log (object)
Meta.MCPBridge.Editor.LocalToolProvider:Register () (at ./Library/PackageCache/com.meta.xr.sdk.core@4ea2676097b9/Editor/MCPBridge/LocalToolProvider.cs:78)
Meta.MCPBridge.Editor.HttpMcpServer/<>c:<StartMcpBridgeServer>b__21_0 () (at ./Library/PackageCache/com.meta.xr.sdk.core@4ea2676097b9/Editor/MCPBridge/HttpMcpServer.cs:129)
Meta.MCPBridge.Editor.HttpMcpServer:Start (int,System.Action) (at ./Library/PackageCache/com.meta.xr.sdk.core@4ea2676097b9/Editor/MCPBridge/HttpMcpServer.cs:203)
Meta.MCPBridge.Editor.HttpMcpServer:StartMcpBridgeServer () (at ./Library/PackageCache/com.meta.xr.sdk.core@4ea2676097b9/Editor/MCPBridge/HttpMcpServer.cs:127)
Meta.MCPBridge.Editor.HttpMcpServer:StartIfEnabled () (at ./Library/PackageCache/com.meta.xr.sdk.core@4ea2676097b9/Editor/MCPBridge/HttpMcpServer.cs:109)
Meta.MCPBridge.Editor.HttpMcpServer/<>c:<InitializeOnLoad>b__18_3 () (at ./Library/PackageCache/com.meta.xr.sdk.core@4ea2676097b9/Editor/MCPBridge/HttpMcpServer.cs:89)
Meta.XR.Editor.Callbacks.InitializeOnLoad:OnAllAssetsPostProcessed () (at ./Library/PackageCache/com.meta.xr.sdk.core@4ea2676097b9/Editor/Utils/EditorCallbacks/InitializeOnLoad.cs:46)
Meta.XR.Editor.Callbacks.AssetPostProcessor:OnPostprocessAllAssets (string[],string[],string[],string[],bool) (at ./Library/PackageCache/com.meta.xr.sdk.core@4ea2676097b9/Editor/Utils/EditorCallbacks/AssetPostProcessor.cs:32)
System.Reflection.RuntimeMethodInfo:Invoke (object,System.Reflection.BindingFlags,System.Reflection.Binder,object[],System.Globalization.CultureInfo)
System.Reflection.MethodBase:Invoke (object,object[])
UnityEditor.AssetPostprocessingInternal:InvokeMethod (System.Reflection.MethodInfo,object[])
UnityEditor.AssetPostprocessingInternal:PostprocessAllAssets (string[],string[],string[],string[],string[],bool)

(Filename: ./Library/PackageCache/com.meta.xr.sdk.core@4ea2676097b9/Editor/MCPBridge/LocalToolProvider.cs Line: 78)

[MCPBridge] Discovery file written to C:\Users\GARVBA~1\AppData\Local\Temp\mcpbridge_1d15ecad.info
UnityEngine.Debug:ExtractStackTraceNoAlloc (byte*,int,string)
UnityEngine.StackTraceUtility:ExtractStackTrace ()
UnityEngine.DebugLogHandler:Internal_Log (UnityEngine.LogType,UnityEngine.LogOption,string,UnityEngine.Object)
UnityEngine.DebugLogHandler:LogFormat (UnityEngine.LogType,UnityEngine.Object,string,object[])
UnityEngine.Logger:Log (UnityEngine.LogType,object)
UnityEngine.Debug:Log (object)
Meta.MCPBridge.Editor.ExternalDiscovery:WriteDiscoveryFiles () (at ./Library/PackageCache/com.meta.xr.sdk.core@4ea2676097b9/Editor/MCPBridge/ExternalDiscovery.cs:65)
Meta.MCPBridge.Editor.HttpMcpServer/<>c:<StartMcpBridgeServer>b__21_0 () (at ./Library/PackageCache/com.meta.xr.sdk.core@4ea2676097b9/Editor/MCPBridge/HttpMcpServer.cs:130)
Meta.MCPBridge.Editor.HttpMcpServer:Start (int,System.Action) (at ./Library/PackageCache/com.meta.xr.sdk.core@4ea2676097b9/Editor/MCPBridge/HttpMcpServer.cs:203)
Meta.MCPBridge.Editor.HttpMcpServer:StartMcpBridgeServer () (at ./Library/PackageCache/com.meta.xr.sdk.core@4ea2676097b9/Editor/MCPBridge/HttpMcpServer.cs:127)
Meta.MCPBridge.Editor.HttpMcpServer:StartIfEnabled () (at ./Library/PackageCache/com.meta.xr.sdk.core@4ea2676097b9/Editor/MCPBridge/HttpMcpServer.cs:109)
Meta.MCPBridge.Editor.HttpMcpServer/<>c:<InitializeOnLoad>b__18_3 () (at ./Library/PackageCache/com.meta.xr.sdk.core@4ea2676097b9/Editor/MCPBridge/HttpMcpServer.cs:89)
Meta.XR.Editor.Callbacks.InitializeOnLoad:OnAllAssetsPostProcessed () (at ./Library/PackageCache/com.meta.xr.sdk.core@4ea2676097b9/Editor/Utils/EditorCallbacks/InitializeOnLoad.cs:46)
Meta.XR.Editor.Callbacks.AssetPostProcessor:OnPostprocessAllAssets (string[],string[],string[],string[],bool) (at ./Library/PackageCache/com.meta.xr.sdk.core@4ea2676097b9/Editor/Utils/EditorCallbacks/AssetPostProcessor.cs:32)
System.Reflection.RuntimeMethodInfo:Invoke (object,System.Reflection.BindingFlags,System.Reflection.Binder,object[],System.Globalization.CultureInfo)
System.Reflection.MethodBase:Invoke (object,object[])
UnityEditor.AssetPostprocessingInternal:InvokeMethod (System.Reflection.MethodInfo,object[])
UnityEditor.AssetPostprocessingInternal:PostprocessAllAssets (string[],string[],string[],string[],string[],bool)

(Filename: ./Library/PackageCache/com.meta.xr.sdk.core@4ea2676097b9/Editor/MCPBridge/ExternalDiscovery.cs Line: 65)

(Values over 0.050ms)
Asset Pipeline Refresh (id=ca4b5a6f5fa4c0045888d2f2c806c8ae): Total: 16.021 seconds - Initiated by InitialRefreshV2(ForceSynchronousImport)
	Summary:
		Imports: total=0 (actual=0, local cache=0, cache server=0)
		Asset DB Process Time: managed=0 ms, native=11031 ms
		Asset DB Callback time: managed=2566 ms, native=62 ms
		Scripting: domain reloads=1, domain reload time=1115 ms, compile time=1152 ms, other=92 ms
		Project Asset Count: scripts=2187, non-scripts=3853
		Asset File Changes: new=0, changed=0, moved=0, deleted=0
		Scan Filter Count: 0
	InvokePackagesCallback: 65.729ms
	ApplyChangesToAssetFolders: 1.466ms
	Scan: 232.725ms
	CategorizeScriptCompilationAssets: 104.355ms
	ProcessAssetsWithTransientArtifactChanges: 103.349ms
	CategorizeAssets: 104.399ms
	CompileScripts: 1151.808ms
	ImportOutOfDateAssets: 10200.435ms (10195.401ms without children)
		UnloadImportedAssets: 2.307ms
		EnsureUptoDateAssetsAreRegisteredWithGuidPM: 1.447ms
		OnDemandSchedulerStart: 1.228ms
	PostProcessAllAssets: 2566.255ms
		MonoPostProcessAllAssets: 2566.183ms
			UniversalRenderPipelineGlobalSettingsPostprocessor.OnPostprocessAllAssets 13.956ms
			WindowAssetPostprocessingWatcher.OnPostprocessAllAssets 3.186ms
			SyncVS.PostprocessSyncProject 3.046ms
			SpeedTree9Postprocessor.OnPostprocessAllAssets 2.672ms
			RenderPipelineGlobalSettingsPostprocessor.OnPostprocessAllAssets 1.267ms
			AssetPostProcessor.OnPostprocessAllAssets 0.972ms
			ReferencedClipsPostProcessor.OnPostprocessAllAssets 0.685ms
			InputActionAssetPostprocessor.OnPostprocessAllAssets 0.473ms
			AssetDatabaseCallbacks.OnPostprocessAllAssets 0.307ms
			TerrainToolbarOverlayPostProcessor.OnPostprocessAllAssets 0.265ms
			ProjectSettingsPostprocessor.OnPostprocessAllAssets 0.182ms
			InputActionJsonNameModifierAssetProcessor.OnPostprocessAllAssets 0.090ms
	UnloadStreamsBegin: 5.990ms
	PersistCurrentRevisions: 0.342ms
	GenerateScriptTypeHashes: 12.687ms
	GenerateScriptTypeSerializationHashes: 18.459ms
	Untracked: 1476.715ms

Application.AssetDatabase Initial Refresh End
Launched and connected shader compiler UnityShaderCompiler.exe after 0.02 seconds
Shader 'Oculus/OVRMRCameraFrameLit': fallback shader 'Alpha-Diffuse' not found
Scanning for USB devices : 2.209ms
Initializing Unity extensions:
[MODES] ModeService[none].Initialize
[MODES] ModeService[none].LoadModes
[MODES] Loading mode Default (0) for mode-current-id-OPUS
[HRT] RulesProvider: loaded 4 remote rule(s) (schema v1).
UnityEngine.Debug:ExtractStackTraceNoAlloc (byte*,int,string)
UnityEngine.StackTraceUtility:ExtractStackTrace ()
UnityEngine.DebugLogHandler:Internal_Log (UnityEngine.LogType,UnityEngine.LogOption,string,UnityEngine.Object)
UnityEngine.DebugLogHandler:LogFormat (UnityEngine.LogType,UnityEngine.Object,string,object[])
UnityEngine.Logger:Log (UnityEngine.LogType,object)
UnityEngine.Debug:Log (object)
Meta.HandReadinessTool.Editor.HandReadinessRulesProvider:EmitSuccess (int,int) (at ./Library/PackageCache/com.meta.xr.sdk.core@4ea2676097b9/Editor/HandReadinessTool/HandReadinessRulesProvider.cs:175)
Meta.HandReadinessTool.Editor.HandReadinessRulesProvider/<FetchAndSwap>d__11:MoveNext () (at ./Library/PackageCache/com.meta.xr.sdk.core@4ea2676097b9/Editor/HandReadinessTool/HandReadinessRulesProvider.cs:125)
System.Runtime.CompilerServices.AsyncMethodBuilderCore/MoveNextRunner:InvokeMoveNext (object)
System.Threading.ExecutionContext:RunInternal (System.Threading.ExecutionContext,System.Threading.ContextCallback,object,bool)
System.Threading.ExecutionContext:Run (System.Threading.ExecutionContext,System.Threading.ContextCallback,object,bool)
System.Runtime.CompilerServices.AsyncMethodBuilderCore/MoveNextRunner:Run ()
System.Threading.Tasks.AwaitTaskContinuation:InvokeAction (object)
System.Threading.Tasks.AwaitTaskContinuation:RunCallback (System.Threading.ContextCallback,object,System.Threading.Tasks.Task&)
System.Threading.Tasks.SynchronizationContextAwaitTaskContinuation:Run (System.Threading.Tasks.Task,bool)
System.Threading.Tasks.Task:FinishContinuations ()
System.Threading.Tasks.Task:FinishStageThree ()
System.Threading.Tasks.Task`1<Meta.XR.Editor.RemoteContent.DownloadResult`1<Meta.HandReadinessTool.Editor.HandReadinessRulesProvider/RulesPayload>>:TrySetResult (Meta.XR.Editor.RemoteContent.DownloadResult`1<Meta.HandReadinessTool.Editor.HandReadinessRulesProvider/RulesPayload>)
System.Runtime.CompilerServices.AsyncTaskMethodBuilder`1<Meta.XR.Editor.RemoteContent.DownloadResult`1<Meta.HandReadinessTool.Editor.HandReadinessRulesProvider/RulesPayload>>:SetResult (Meta.XR.Editor.RemoteContent.DownloadResult`1<Meta.HandReadinessTool.Editor.HandReadinessRulesProvider/RulesPayload>)
Meta.XR.Editor.UserInterface.RemoteJsonContent`1/<Create>d__1<Meta.HandReadinessTool.Editor.HandReadinessRulesProvider/RulesPayload>:MoveNext () (at ./Library/PackageCache/com.meta.xr.sdk.core@4ea2676097b9/Editor/Utils/UserInterface/RemoteJsonContent.cs:56)
System.Runtime.CompilerServices.AsyncMethodBuilderCore/MoveNextRunner:InvokeMoveNext (object)
System.Threading.ExecutionContext:RunInternal (System.Threading.ExecutionContext,System.Threading.ContextCallback,object,bool)
System.Threading.ExecutionContext:Run (System.Threading.ExecutionContext,System.Threading.ContextCallback,object,bool)
System.Runtime.CompilerServices.AsyncMethodBuilderCore/MoveNextRunner:Run ()
System.Threading.Tasks.AwaitTaskContinuation:InvokeAction (object)
System.Threading.Tasks.AwaitTaskContinuation:RunCallback (System.Threading.ContextCallback,object,System.Threading.Tasks.Task&)
System.Threading.Tasks.SynchronizationContextAwaitTaskContinuation:Run (System.Threading.Tasks.Task,bool)
System.Threading.Tasks.Task:FinishContinuations ()
System.Threading.Tasks.Task:FinishStageThree ()
System.Threading.Tasks.Task`1<Meta.XR.Editor.RemoteContent.DownloadResult`1<string>>:TrySetResult (Meta.XR.Editor.RemoteContent.DownloadResult`1<string>)
System.Runtime.CompilerServices.AsyncTaskMethodBuilder`1<Meta.XR.Editor.RemoteContent.DownloadResult`1<string>>:SetResult (Meta.XR.Editor.RemoteContent.DownloadResult`1<string>)
Meta.XR.Editor.RemoteContent.RemoteJsonContentDownloader/<Fetch>d__3:MoveNext () (at ./Library/PackageCache/com.meta.xr.sdk.core@4ea2676097b9/Editor/Utils/RemoteContent/RemoteContentDownloader.cs:374)
System.Runtime.CompilerServices.AsyncMethodBuilderCore/MoveNextRunner:InvokeMoveNext (object)
System.Threading.ExecutionContext:RunInternal (System.Threading.ExecutionContext,System.Threading.ContextCallback,object,bool)
System.Threading.ExecutionContext:Run (System.Threading.ExecutionContext,System.Threading.ContextCallback,object,bool)
System.Runtime.CompilerServices.AsyncMethodBuilderCore/MoveNextRunner:Run ()
System.Threading.Tasks.AwaitTaskContinuation:InvokeAction (object)
System.Threading.Tasks.AwaitTaskContinuation:RunCallback (System.Threading.ContextCallback,object,System.Threading.Tasks.Task&)
System.Threading.Tasks.SynchronizationContextAwaitTaskContinuation:Run (System.Threading.Tasks.Task,bool)
System.Threading.Tasks.Task:FinishContinuations ()
System.Threading.Tasks.Task:FinishStageThree ()
System.Threading.Tasks.Task`1<Meta.XR.Editor.RemoteContent.DownloadResult`1<string>>:TrySetResult (Meta.XR.Editor.RemoteContent.DownloadResult`1<string>)
System.Runtime.CompilerServices.AsyncTaskMethodBuilder`1<Meta.XR.Editor.RemoteContent.DownloadResult`1<string>>:SetResult (Meta.XR.Editor.RemoteContent.DownloadResult`1<string>)
Meta.XR.Editor.RemoteContent.RemoteContentDownloader`1/<Fetch>d__31`1<Meta.XR.Editor.RemoteContent.RemoteJsonContentDownloader, string>:MoveNext () (at ./Library/PackageCache/com.meta.xr.sdk.core@4ea2676097b9/Editor/Utils/RemoteContent/RemoteContentDownloader.cs:309)
System.Runtime.CompilerServices.AsyncMethodBuilderCore/MoveNextRunner:InvokeMoveNext (object)
System.Threading.ExecutionContext:RunInternal (System.Threading.ExecutionContext,System.Threading.ContextCallback,object,bool)
System.Threading.ExecutionContext:Run (System.Threading.ExecutionContext,System.Threading.ContextCallback,object,bool)
System.Runtime.CompilerServices.AsyncMethodBuilderCore/MoveNextRunner:Run ()
System.Threading.Tasks.AwaitTaskContinuation:InvokeAction (object)
System.Threading.Tasks.AwaitTaskContinuation:RunCallback (System.Threading.ContextCallback,object,System.Threading.Tasks.Task&)
System.Threading.Tasks.SynchronizationContextAwaitTaskContinuation:Run (System.Threading.Tasks.Task,bool)
System.Threading.Tasks.Task:FinishContinuations ()
System.Threading.Tasks.Task:FinishStageThree ()
System.Threading.Tasks.Task`1<string>:TrySetResult (string)
System.Runtime.CompilerServices.AsyncTaskMethodBuilder`1<string>:SetResult (string)
Meta.XR.Editor.RemoteContent.RemoteJsonContentDownloader/<ReadFromCache>d__5`1<string>:MoveNext () (at ./Library/PackageCache/com.meta.xr.sdk.core@4ea2676097b9/Editor/Utils/RemoteContent/RemoteContentDownloader.cs:401)
System.Runtime.CompilerServices.AsyncMethodBuilderCore/MoveNextRunner:InvokeMoveNext (object)
System.Threading.ExecutionContext:RunInternal (System.Threading.ExecutionContext,System.Threading.ContextCallback,object,bool)
System.Threading.ExecutionContext:Run (System.Threading.ExecutionContext,System.Threading.ContextCallback,object,bool)
System.Runtime.CompilerServices.AsyncMethodBuilderCore/MoveNextRunner:Run ()
System.Threading.Tasks.SynchronizationContextAwaitTaskContinuation/<>c:<.cctor>b__7_0 (object)
UnityEngine.UnitySynchronizationContext/WorkRequest:Invoke ()
UnityEngine.UnitySynchronizationContext:Exec ()
UnityEngine.UnitySynchronizationContext:ExecuteTasks ()

(Filename: ./Library/PackageCache/com.meta.xr.sdk.core@4ea2676097b9/Editor/HandReadinessTool/HandReadinessRulesProvider.cs Line: 175)

[HRT] PromptProvider: loaded remote prompt (systemPrompt=4925c, references=2, schema v1).
UnityEngine.Debug:ExtractStackTraceNoAlloc (byte*,int,string)
UnityEngine.StackTraceUtility:ExtractStackTrace ()
UnityEngine.DebugLogHandler:Internal_Log (UnityEngine.LogType,UnityEngine.LogOption,string,UnityEngine.Object)
UnityEngine.DebugLogHandler:LogFormat (UnityEngine.LogType,UnityEngine.Object,string,object[])
UnityEngine.Logger:Log (UnityEngine.LogType,object)
UnityEngine.Debug:Log (object)
Meta.HandReadinessTool.Editor.HandReadinessPromptProvider:EmitSuccess (int,int,int) (at ./Library/PackageCache/com.meta.xr.sdk.core@4ea2676097b9/Editor/HandReadinessTool/HandReadinessPromptProvider.cs:159)
Meta.HandReadinessTool.Editor.HandReadinessPromptProvider/<FetchAndSwap>d__11:MoveNext () (at ./Library/PackageCache/com.meta.xr.sdk.core@4ea2676097b9/Editor/HandReadinessTool/HandReadinessPromptProvider.cs:122)
System.Runtime.CompilerServices.AsyncMethodBuilderCore/MoveNextRunner:InvokeMoveNext (object)
System.Threading.ExecutionContext:RunInternal (System.Threading.ExecutionContext,System.Threading.ContextCallback,object,bool)
System.Threading.ExecutionContext:Run (System.Threading.ExecutionContext,System.Threading.ContextCallback,object,bool)
System.Runtime.CompilerServices.AsyncMethodBuilderCore/MoveNextRunner:Run ()
System.Threading.Tasks.AwaitTaskContinuation:InvokeAction (object)
System.Threading.Tasks.AwaitTaskContinuation:RunCallback (System.Threading.ContextCallback,object,System.Threading.Tasks.Task&)
System.Threading.Tasks.SynchronizationContextAwaitTaskContinuation:Run (System.Threading.Tasks.Task,bool)
System.Threading.Tasks.Task:FinishContinuations ()
System.Threading.Tasks.Task:FinishStageThree ()
System.Threading.Tasks.Task`1<Meta.XR.Editor.RemoteContent.DownloadResult`1<Meta.HandReadinessTool.Editor.HandReadinessPromptProvider/PromptPayload>>:TrySetResult (Meta.XR.Editor.RemoteContent.DownloadResult`1<Meta.HandReadinessTool.Editor.HandReadinessPromptProvider/PromptPayload>)
System.Runtime.CompilerServices.AsyncTaskMethodBuilder`1<Meta.XR.Editor.RemoteContent.DownloadResult`1<Meta.HandReadinessTool.Editor.HandReadinessPromptProvider/PromptPayload>>:SetResult (Meta.XR.Editor.RemoteContent.DownloadResult`1<Meta.HandReadinessTool.Editor.HandReadinessPromptProvider/PromptPayload>)
Meta.XR.Editor.UserInterface.RemoteJsonContent`1/<Create>d__1<Meta.HandReadinessTool.Editor.HandReadinessPromptProvider/PromptPayload>:MoveNext () (at ./Library/PackageCache/com.meta.xr.sdk.core@4ea2676097b9/Editor/Utils/UserInterface/RemoteJsonContent.cs:56)
System.Runtime.CompilerServices.AsyncMethodBuilderCore/MoveNextRunner:InvokeMoveNext (object)
System.Threading.ExecutionContext:RunInternal (System.Threading.ExecutionContext,System.Threading.ContextCallback,object,bool)
System.Threading.ExecutionContext:Run (System.Threading.ExecutionContext,System.Threading.ContextCallback,object,bool)
System.Runtime.CompilerServices.AsyncMethodBuilderCore/MoveNextRunner:Run ()
System.Threading.Tasks.AwaitTaskContinuation:InvokeAction (object)
System.Threading.Tasks.AwaitTaskContinuation:RunCallback (System.Threading.ContextCallback,object,System.Threading.Tasks.Task&)
System.Threading.Tasks.SynchronizationContextAwaitTaskContinuation:Run (System.Threading.Tasks.Task,bool)
System.Threading.Tasks.Task:FinishContinuations ()
System.Threading.Tasks.Task:FinishStageThree ()
System.Threading.Tasks.Task`1<Meta.XR.Editor.RemoteContent.DownloadResult`1<string>>:TrySetResult (Meta.XR.Editor.RemoteContent.DownloadResult`1<string>)
System.Runtime.CompilerServices.AsyncTaskMethodBuilder`1<Meta.XR.Editor.RemoteContent.DownloadResult`1<string>>:SetResult (Meta.XR.Editor.RemoteContent.DownloadResult`1<string>)
Meta.XR.Editor.RemoteContent.RemoteJsonContentDownloader/<Fetch>d__3:MoveNext () (at ./Library/PackageCache/com.meta.xr.sdk.core@4ea2676097b9/Editor/Utils/RemoteContent/RemoteContentDownloader.cs:374)
System.Runtime.CompilerServices.AsyncMethodBuilderCore/MoveNextRunner:InvokeMoveNext (object)
System.Threading.ExecutionContext:RunInternal (System.Threading.ExecutionContext,System.Threading.ContextCallback,object,bool)
System.Threading.ExecutionContext:Run (System.Threading.ExecutionContext,System.Threading.ContextCallback,object,bool)
System.Runtime.CompilerServices.AsyncMethodBuilderCore/MoveNextRunner:Run ()
System.Threading.Tasks.AwaitTaskContinuation:InvokeAction (object)
System.Threading.Tasks.AwaitTaskContinuation:RunCallback (System.Threading.ContextCallback,object,System.Threading.Tasks.Task&)
System.Threading.Tasks.SynchronizationContextAwaitTaskContinuation:Run (System.Threading.Tasks.Task,bool)
System.Threading.Tasks.Task:FinishContinuations ()
System.Threading.Tasks.Task:FinishStageThree ()
System.Threading.Tasks.Task`1<Meta.XR.Editor.RemoteContent.DownloadResult`1<string>>:TrySetResult (Meta.XR.Editor.RemoteContent.DownloadResult`1<string>)
System.Runtime.CompilerServices.AsyncTaskMethodBuilder`1<Meta.XR.Editor.RemoteContent.DownloadResult`1<string>>:SetResult (Meta.XR.Editor.RemoteContent.DownloadResult`1<string>)
Meta.XR.Editor.RemoteContent.RemoteContentDownloader`1/<Fetch>d__31`1<Meta.XR.Editor.RemoteContent.RemoteJsonContentDownloader, string>:MoveNext () (at ./Library/PackageCache/com.meta.xr.sdk.core@4ea2676097b9/Editor/Utils/RemoteContent/RemoteContentDownloader.cs:309)
System.Runtime.CompilerServices.AsyncMethodBuilderCore/MoveNextRunner:InvokeMoveNext (object)
System.Threading.ExecutionContext:RunInternal (System.Threading.ExecutionContext,System.Threading.ContextCallback,object,bool)
System.Threading.ExecutionContext:Run (System.Threading.ExecutionContext,System.Threading.ContextCallback,object,bool)
System.Runtime.CompilerServices.AsyncMethodBuilderCore/MoveNextRunner:Run ()
System.Threading.Tasks.AwaitTaskContinuation:InvokeAction (object)
System.Threading.Tasks.AwaitTaskContinuation:RunCallback (System.Threading.ContextCallback,object,System.Threading.Tasks.Task&)
System.Threading.Tasks.SynchronizationContextAwaitTaskContinuation:Run (System.Threading.Tasks.Task,bool)
System.Threading.Tasks.Task:FinishContinuations ()
System.Threading.Tasks.Task:FinishStageThree ()
System.Threading.Tasks.Task`1<string>:TrySetResult (string)
System.Runtime.CompilerServices.AsyncTaskMethodBuilder`1<string>:SetResult (string)
Meta.XR.Editor.RemoteContent.RemoteJsonContentDownloader/<ReadFromCache>d__5`1<string>:MoveNext () (at ./Library/PackageCache/com.meta.xr.sdk.core@4ea2676097b9/Editor/Utils/RemoteContent/RemoteContentDownloader.cs:401)
System.Runtime.CompilerServices.AsyncMethodBuilderCore/MoveNextRunner:InvokeMoveNext (object)
System.Threading.ExecutionContext:RunInternal (System.Threading.ExecutionContext,System.Threading.ContextCallback,object,bool)
System.Threading.ExecutionContext:Run (System.Threading.ExecutionContext,System.Threading.ContextCallback,object,bool)
System.Runtime.CompilerServices.AsyncMethodBuilderCore/MoveNextRunner:Run ()
System.Threading.Tasks.SynchronizationContextAwaitTaskContinuation/<>c:<.cctor>b__7_0 (object)
UnityEngine.UnitySynchronizationContext/WorkRequest:Invoke ()
UnityEngine.UnitySynchronizationContext:Exec ()
UnityEngine.UnitySynchronizationContext:ExecuteTasks ()

(Filename: ./Library/PackageCache/com.meta.xr.sdk.core@4ea2676097b9/Editor/HandReadinessTool/HandReadinessPromptProvider.cs Line: 159)

Unloading 146 Unused Serialized files (Serialized files now loaded: 0)
Unloading 6896 unused Assets / (7.7 MB). Loaded Objects now: 9009.
Memory consumption went from 266.2 MB to 258.5 MB.
Total: 19.307500 ms (FindLiveObjects: 0.940900 ms CreateObjectMapping: 0.792000 ms MarkObjects: 13.636400 ms  DeleteObjects: 3.929800 ms)

[Project] Loading completed in 22.225 seconds
	Project init time: 				19.616 seconds
		Template init time: 		0.000 seconds
		Package Manager init time: 		0.303 seconds
		Asset Database init time: 		0.966 seconds
		Global illumination init time: 	0.004 seconds
		Assemblies load time: 			1.233 seconds
		Unity extensions init time: 	0.040 seconds
		Asset Database refresh time: 	16.022 seconds
	Scene opening time: 			2.309 seconds
##utp:{"type":"ProjectInfo","version":2,"phase":"Immediate","time":1789758885456,"processId":35940,"projectLoad":22.2246482,"projectInit":19.6158852,"templateInit":0.0,"packageManagerInit":0.3025431,"assetDatabaseInit":0.9663434,"globalIlluminationInit":0.0044819,"assembliesLoad":1.2329836,"unityExtensionsInit":0.040302,"assetDatabaseRefresh":16.0220086,"sceneOpening":2.3094141}
##utp:{"type":"EditorInfo","version":2,"phase":"Immediate","time":1789758885456,"processId":35940,"editorVersion":"6000.4.6f1 (0b051c2e5d54)","branch":"6000.4/staging","buildType":"Release","platform":"Windows"}
[Licensing::Client] Successfully resolved entitlement details
[Licensing::Client] Successfully resolved entitlement details
Start importing Assets/XR/Settings/OpenXR Package Settings.asset using Guid(0d647736f3e354044b23fb340838e9eb) (NativeFormatImporter) -> (Import Result ID: '83be3409bcbc20eef5cbae634207ea95') in 0.0107241 seconds [static dependencies only]. Details - ImportResultOutputID=c8338305546446aab4e7d26577b91671 DependenciesID=2c407465c3fa9fdae37604ba5dc1335a StaticDependenciesID=e7252c103fdb22a96e109f3b4bbed5a2 
Refreshing native plugins compatible for Editor in 14.38 ms, found 12 plugins.
Asset Pipeline Refresh (id=d0fbc4818fb47d540875aaa939d08ca1): Total: 0.278 seconds - Initiated by StopAssetImportingV2(NoUpdateAssetOptions)
Start importing Assets/XR/Settings/OpenXR Package Settings.asset using Guid(0d647736f3e354044b23fb340838e9eb) (NativeFormatImporter) -> (Import Result ID: '83be3409bcbc20eef5cbae634207ea95') in 0.0034934 seconds [static dependencies only]. Details - ImportResultOutputID=c8338305546446aab4e7d26577b91671 DependenciesID=2c407465c3fa9fdae37604ba5dc1335a StaticDependenciesID=e7252c103fdb22a96e109f3b4bbed5a2 
Refreshing native plugins compatible for Editor in 15.62 ms, found 12 plugins.
Asset Pipeline Refresh (id=755cfaa08d382534499214ac9f1e0971): Total: 0.057 seconds - Initiated by StopAssetImportingV2(NoUpdateAssetOptions)
Running tests for ExecutionSettings with details:
targetPlatform = 
playerHeartbeatTimeout = 600
filters[0] = 
   Filter with settings:
   testMode = PlayMode
   targetPlatform = 
   testNames = null
   groupNames = null
   categoryNames = null
   assemblyNames = null
ignoreTests = {}
featureFlags = null

UnityEngine.Debug:ExtractStackTraceNoAlloc (byte*,int,string)
UnityEngine.StackTraceUtility:ExtractStackTrace ()
UnityEngine.DebugLogHandler:Internal_Log (UnityEngine.LogType,UnityEngine.LogOption,string,UnityEngine.Object)
UnityEngine.DebugLogHandler:LogFormat (UnityEngine.LogType,UnityEngine.Object,string,object[])
UnityEngine.Logger:Log (UnityEngine.LogType,object)
UnityEngine.Debug:Log (object)
UnityEditor.TestTools.TestRunner.CommandLineTest.Executer:InitializeAndExecuteRun (string[]) (at ./Library/PackageCache/com.unity.test-framework@76560ee600cb/UnityEditor.TestRunner/CommandLineTest/Executer.cs:53)
UnityEditor.TestTools.TestRunner.CommandLineTest.TestStarter:InitializeAndExecuteRun () (at ./Library/PackageCache/com.unity.test-framework@76560ee600cb/UnityEditor.TestRunner/CommandLineTest/TestStarter.cs:64)
UnityEditor.EditorApplication:Internal_CallUpdateFunctions ()

(Filename: ./Library/PackageCache/com.unity.test-framework@76560ee600cb/UnityEditor.TestRunner/CommandLineTest/Executer.cs Line: 53)

[Licensing::Client] Successfully resolved entitlement details
[Licensing::Client] Successfully resolved entitlement details
[TestRunnerTools] Callbacks registered after domain reload
UnityEngine.Debug:ExtractStackTraceNoAlloc (byte*,int,string)
UnityEngine.StackTraceUtility:ExtractStackTrace ()
UnityEngine.DebugLogHandler:Internal_Log (UnityEngine.LogType,UnityEngine.LogOption,string,UnityEngine.Object)
UnityEngine.DebugLogHandler:LogFormat (UnityEngine.LogType,UnityEngine.Object,string,object[])
UnityEngine.Logger:Log (UnityEngine.LogType,object)
UnityEngine.Debug:Log (object)
Meta.MCPBridge.Editor.TestRunnerTools:EnsureCallbacksRegistered () (at ./Library/PackageCache/com.meta.xr.sdk.core@4ea2676097b9/Editor/MCPBridge/TestRunnerTools.cs:108)
Meta.MCPBridge.Editor.TestRunnerTools:InitializeOnMainThread () (at ./Library/PackageCache/com.meta.xr.sdk.core@4ea2676097b9/Editor/MCPBridge/TestRunnerTools.cs:95)
UnityEditor.EditorApplication:Internal_CallDelayFunctions ()

(Filename: ./Library/PackageCache/com.meta.xr.sdk.core@4ea2676097b9/Editor/MCPBridge/TestRunnerTools.cs Line: 108)

[TestRunnerTools] Cache loaded from EditorPrefs: RunId=786fd3a9, IsRunning=False
UnityEngine.Debug:ExtractStackTraceNoAlloc (byte*,int,string)
UnityEngine.StackTraceUtility:ExtractStackTrace ()
UnityEngine.DebugLogHandler:Internal_Log (UnityEngine.LogType,UnityEngine.LogOption,string,UnityEngine.Object)
UnityEngine.DebugLogHandler:LogFormat (UnityEngine.LogType,UnityEngine.Object,string,object[])
UnityEngine.Logger:Log (UnityEngine.LogType,object)
UnityEngine.Debug:Log (object)
Meta.MCPBridge.Editor.TestRunnerTools:LoadCacheFromEditorPrefsUnsafe () (at ./Library/PackageCache/com.meta.xr.sdk.core@4ea2676097b9/Editor/MCPBridge/TestRunnerTools.cs:169)
Meta.MCPBridge.Editor.TestRunnerTools:EnsureCacheInitialized () (at ./Library/PackageCache/com.meta.xr.sdk.core@4ea2676097b9/Editor/MCPBridge/TestRunnerTools.cs:132)
Meta.MCPBridge.Editor.TestRunnerTools:get_IsRunning () (at ./Library/PackageCache/com.meta.xr.sdk.core@4ea2676097b9/Editor/MCPBridge/TestRunnerTools.cs:191)
Meta.MCPBridge.Editor.TestRunnerTools:EnsureCallbacksRegistered () (at ./Library/PackageCache/com.meta.xr.sdk.core@4ea2676097b9/Editor/MCPBridge/TestRunnerTools.cs:112)
Meta.MCPBridge.Editor.TestRunnerTools:InitializeOnMainThread () (at ./Library/PackageCache/com.meta.xr.sdk.core@4ea2676097b9/Editor/MCPBridge/TestRunnerTools.cs:95)
UnityEditor.EditorApplication:Internal_CallDelayFunctions ()

(Filename: ./Library/PackageCache/com.meta.xr.sdk.core@4ea2676097b9/Editor/MCPBridge/TestRunnerTools.cs Line: 169)

Start Indexing on Editor startup
[Indexing] Starting Initial Indexing for Assets
[UnityConnectServicesConfig] config is NOT valid, switching to default
Created GICache directory at C:/Users/GARV BANSAL/AppData/LocalLow/Unity/Caches/GiCache. Took: 0.037s, timestamps: [22.228 - 22.266]
[Project Setup Tool] There are 6 outstanding Recommended fixes.
For more information, go to <a href="OpenProjectSetupTool">Edit > Project Settings > Meta XR</a>
UnityEngine.Debug:ExtractStackTraceNoAlloc (byte*,int,string)
UnityEngine.StackTraceUtility:ExtractStackTrace ()
UnityEngine.DebugLogHandler:Internal_Log (UnityEngine.LogType,UnityEngine.LogOption,string,UnityEngine.Object)
UnityEngine.DebugLogHandler:LogFormat (UnityEngine.LogType,UnityEngine.Object,string,object[])
UnityEngine.Logger:Log (UnityEngine.LogType,object)
UnityEngine.Debug:LogWarning (object)
OVRConfigurationTaskUpdaterSummary:Log () (at ./Library/PackageCache/com.meta.xr.sdk.core@4ea2676097b9/Editor/OVRProjectSetup/Tasks/Processors/OVRConfigurationTaskUpdaterSummary.cs:222)
OVRConfigurationTaskUpdater:Complete () (at ./Library/PackageCache/com.meta.xr.sdk.core@4ea2676097b9/Editor/OVRProjectSetup/Tasks/Processors/OVRConfigurationTaskUpdater.cs:129)
OVRConfigurationTaskProcessorQueue:Dequeue (OVRConfigurationTaskProcessor) (at ./Library/PackageCache/com.meta.xr.sdk.core@4ea2676097b9/Editor/OVRProjectSetup/Tasks/Processors/OVRConfigurationTaskProcessorQueue.cs:115)
OVRConfigurationTaskProcessorQueue:Update () (at ./Library/PackageCache/com.meta.xr.sdk.core@4ea2676097b9/Editor/OVRProjectSetup/Tasks/Processors/OVRConfigurationTaskProcessorQueue.cs:136)
UnityEditor.EditorApplication:Internal_CallUpdateFunctions ()

(Filename: ./Library/PackageCache/com.meta.xr.sdk.core@4ea2676097b9/Editor/OVRProjectSetup/Tasks/Processors/OVRConfigurationTaskUpdaterSummary.cs Line: 222)

[Project Setup Tool] There is 1 outstanding Required fix.
For more information, go to <a href="OpenProjectSetupTool">Edit > Project Settings > Meta XR</a>
UnityEngine.Debug:ExtractStackTraceNoAlloc (byte*,int,string)
UnityEngine.StackTraceUtility:ExtractStackTrace ()
UnityEngine.DebugLogHandler:Internal_Log (UnityEngine.LogType,UnityEngine.LogOption,string,UnityEngine.Object)
UnityEngine.DebugLogHandler:LogFormat (UnityEngine.LogType,UnityEngine.Object,string,object[])
UnityEngine.Logger:Log (UnityEngine.LogType,object)
UnityEngine.Debug:LogWarning (object)
OVRConfigurationTaskUpdaterSummary:Log () (at ./Library/PackageCache/com.meta.xr.sdk.core@4ea2676097b9/Editor/OVRProjectSetup/Tasks/Processors/OVRConfigurationTaskUpdaterSummary.cs:234)
OVRConfigurationTaskUpdater:Complete () (at ./Library/PackageCache/com.meta.xr.sdk.core@4ea2676097b9/Editor/OVRProjectSetup/Tasks/Processors/OVRConfigurationTaskUpdater.cs:129)
OVRConfigurationTaskProcessorQueue:Dequeue (OVRConfigurationTaskProcessor) (at ./Library/PackageCache/com.meta.xr.sdk.core@4ea2676097b9/Editor/OVRProjectSetup/Tasks/Processors/OVRConfigurationTaskProcessorQueue.cs:115)
OVRConfigurationTaskProcessorQueue:Update () (at ./Library/PackageCache/com.meta.xr.sdk.core@4ea2676097b9/Editor/OVRProjectSetup/Tasks/Processors/OVRConfigurationTaskProcessorQueue.cs:136)
UnityEditor.EditorApplication:Internal_CallUpdateFunctions ()

(Filename: ./Library/PackageCache/com.meta.xr.sdk.core@4ea2676097b9/Editor/OVRProjectSetup/Tasks/Processors/OVRConfigurationTaskUpdaterSummary.cs Line: 234)

Unloading 3 Unused Serialized files (Serialized files now loaded: 0)
Unloading 55 unused Assets / (56.6 KB). Loaded Objects now: 9040.
Memory consumption went from 282.0 MB to 282.0 MB.
Total: 15.064800 ms (FindLiveObjects: 0.372300 ms CreateObjectMapping: 0.248500 ms MarkObjects: 14.382100 ms  DeleteObjects: 0.060300 ms)

Start importing Assets/XR/Settings/OpenXR Package Settings.asset using Guid(0d647736f3e354044b23fb340838e9eb) (NativeFormatImporter) -> (Import Result ID: '83be3409bcbc20eef5cbae634207ea95') in 0.002836 seconds [static dependencies only]. Details - ImportResultOutputID=c8338305546446aab4e7d26577b91671 DependenciesID=2c407465c3fa9fdae37604ba5dc1335a StaticDependenciesID=e7252c103fdb22a96e109f3b4bbed5a2 
Refreshing native plugins compatible for Editor in 11.51 ms, found 12 plugins.
Asset Pipeline Refresh (id=29787a7b10f215546a01697605dc5dbc): Total: 0.050 seconds - Initiated by StopAssetImportingV2(NoUpdateAssetOptions)
Start importing Assets/InitTestScene5129b54f-ca8b-4a6a-a485-0e71a64532b7.unity using Guid(687a4e25c38c01648b3ada445aeb39a8) (DefaultImporter) -> (Import Result ID: '4f379f33e4bca0b95f7983b9d3fdd7a4') in 0.0018539 seconds [static dependencies only]. Details - ImportResultOutputID=df791011299857f87907f0a0de320309 DependenciesID=bbe1596403fae9db4763f6a1c9f0f6fd StaticDependenciesID=9acc9af18797a1001fb8eb7c8fb764e5 
Refreshing native plugins compatible for Editor in 10.69 ms, found 12 plugins.
Asset Pipeline Refresh (id=2c00b65b624e9754794af80d8dca6dc4): Total: 0.069 seconds - Initiated by StopAssetImportingV2(NoUpdateAssetOptions)
Executing IPrebuildSetup for: Unity.PerformanceTesting.Editor.TestRunBuilder.
UnityEngine.Debug:ExtractStackTraceNoAlloc (byte*,int,string)
UnityEngine.StackTraceUtility:ExtractStackTrace ()
UnityEngine.DebugLogHandler:Internal_Log (UnityEngine.LogType,UnityEngine.LogOption,string,UnityEngine.Object)
UnityEngine.DebugLogHandler:LogFormat (UnityEngine.LogType,UnityEngine.Object,string,object[])
UnityEngine.Logger:Log (UnityEngine.LogType,object)
UnityEngine.Debug:Log (object)
UnityEditor.TestTools.TestRunner.TestRun.Tasks.BuildActionTaskBase`1/<ExecuteMethods>d__8<UnityEngine.TestTools.IPrebuildSetup>:MoveNext () (at ./Library/PackageCache/com.unity.test-framework@76560ee600cb/UnityEditor.TestRunner/TestRun/Tasks/BuildActionTaskBase.cs:48)
UnityEditor.TestTools.TestRunner.TestRun.Tasks.BuildActionTaskBase`1/<Execute>d__7<UnityEngine.TestTools.IPrebuildSetup>:MoveNext () (at ./Library/PackageCache/com.unity.test-framework@76560ee600cb/UnityEditor.TestRunner/TestRun/Tasks/BuildActionTaskBase.cs:34)
UnityEditor.TestTools.TestRunner.TestRun.TestJobRunner:ExecuteStep () (at ./Library/PackageCache/com.unity.test-framework@76560ee600cb/UnityEditor.TestRunner/TestRun/TestJobRunner.cs:173)
UnityEditor.TestTools.TestRunner.TestRun.TestJobRunner:ExecuteCallback () (at ./Library/PackageCache/com.unity.test-framework@76560ee600cb/UnityEditor.TestRunner/TestRun/TestJobRunner.cs:108)
UnityEditor.EditorApplication:Internal_CallUpdateFunctions ()

(Filename: ./Library/PackageCache/com.unity.test-framework@76560ee600cb/UnityEditor.TestRunner/TestRun/Tasks/BuildActionTaskBase.cs Line: 48)

[MetaXROperator] XR_APILAYER_METAX_operator enabled for Play Mode.
UnityEngine.Debug:ExtractStackTraceNoAlloc (byte*,int,string)
UnityEngine.StackTraceUtility:ExtractStackTrace ()
UnityEngine.DebugLogHandler:Internal_Log (UnityEngine.LogType,UnityEngine.LogOption,string,UnityEngine.Object)
UnityEngine.DebugLogHandler:LogFormat (UnityEngine.LogType,UnityEngine.Object,string,object[])
UnityEngine.Logger:Log (UnityEngine.LogType,object)
UnityEngine.Debug:Log (object)
Meta.XR.Editor.MetaXROperatorEnabler:OnPlayModeChanged (UnityEditor.PlayModeStateChange) (at ./Library/PackageCache/com.meta.xr.sdk.core@4ea2676097b9/Editor/MetaXROperator/MetaXROperatorEnabler.cs:67)
UnityEditor.EditorApplication:Internal_PlayModeStateChanged (UnityEditor.PlayModeStateChange)
UnityEditor.TestTools.TestRunner.TestRun.Tasks.EnterPlayModeTask/<>c:<.ctor>b__3_1 () (at ./Library/PackageCache/com.unity.test-framework@76560ee600cb/UnityEditor.TestRunner/TestRun/Tasks/EnterPlayModeTask.cs:10)
UnityEditor.TestTools.TestRunner.TestRun.Tasks.EnterPlayModeTask/<Execute>d__2:MoveNext () (at ./Library/PackageCache/com.unity.test-framework@76560ee600cb/UnityEditor.TestRunner/TestRun/Tasks/EnterPlayModeTask.cs:22)
UnityEditor.TestTools.TestRunner.TestRun.TestJobRunner:ExecuteStep () (at ./Library/PackageCache/com.unity.test-framework@76560ee600cb/UnityEditor.TestRunner/TestRun/TestJobRunner.cs:173)
UnityEditor.TestTools.TestRunner.TestRun.TestJobRunner:ExecuteCallback () (at ./Library/PackageCache/com.unity.test-framework@76560ee600cb/UnityEditor.TestRunner/TestRun/TestJobRunner.cs:108)
UnityEditor.EditorApplication:Internal_CallUpdateFunctions ()

(Filename: ./Library/PackageCache/com.meta.xr.sdk.core@4ea2676097b9/Editor/MetaXROperator/MetaXROperatorEnabler.cs Line: 67)

Reloading assemblies for play mode.
Reloading assemblies after forced synchronous recompile.
Assembly Assembly-CSharp-Editor-firstpass.dll at Library/ScriptAssemblies/Assembly-CSharp-Editor-firstpass.dll not valid. Loading of assembly skipped.
Assembly Assembly-CSharp-Editor.dll at Library/ScriptAssemblies/Assembly-CSharp-Editor.dll not valid. Loading of assembly skipped.
Assembly Assembly-CSharp-firstpass.dll at Library/ScriptAssemblies/Assembly-CSharp-firstpass.dll not valid. Loading of assembly skipped.
Assembly Assembly-CSharp.dll at Library/ScriptAssemblies/Assembly-CSharp.dll not valid. Loading of assembly skipped.
Assembly Meta.XR.Editor.Reflection.Tests.dll at Library/ScriptAssemblies/Meta.XR.Editor.Reflection.Tests.dll not valid. Loading of assembly skipped.
Assembly meta.xr.hand.readiness.tests.editmode.dll at Library/ScriptAssemblies/meta.xr.hand.readiness.tests.editmode.dll not valid. Loading of assembly skipped.
Assembly Meta.XR.Input.Editor.Tests.dll at Library/ScriptAssemblies/Meta.XR.Input.Editor.Tests.dll not valid. Loading of assembly skipped.
Assembly Meta.XR.MultiplayerBlocks.Fusion.dll at Library/ScriptAssemblies/Meta.XR.MultiplayerBlocks.Fusion.dll not valid. Loading of assembly skipped.
Assembly Meta.XR.MultiplayerBlocks.NGO.dll at Library/ScriptAssemblies/Meta.XR.MultiplayerBlocks.NGO.dll not valid. Loading of assembly skipped.
Assembly Opus.Sdk.Editor.dll at Library/ScriptAssemblies/Opus.Sdk.Editor.dll not valid. Loading of assembly skipped.
Assembly TestNewCustomAssembly.dll at Library/ScriptAssemblies/TestNewCustomAssembly.dll not valid. Loading of assembly skipped.
Assembly Unity.Addressables.Editor.Tests.dll at Library/ScriptAssemblies/Unity.Addressables.Editor.Tests.dll not valid. Loading of assembly skipped.
Assembly Unity.Addressables.Tests.dll at Library/ScriptAssemblies/Unity.Addressables.Tests.dll not valid. Loading of assembly skipped.
Assembly Unity.Collections.BurstCompatibilityGen.dll at Library/ScriptAssemblies/Unity.Collections.BurstCompatibilityGen.dll not valid. Loading of assembly skipped.
Assembly Unity.Collections.DocCodeSamples.dll at Library/ScriptAssemblies/Unity.Collections.DocCodeSamples.dll not valid. Loading of assembly skipped.
Assembly Unity.Collections.PerformanceTests.dll at Library/ScriptAssemblies/Unity.Collections.PerformanceTests.dll not valid. Loading of assembly skipped.
Assembly Unity.Collections.Tests.dll at Library/ScriptAssemblies/Unity.Collections.Tests.dll not valid. Loading of assembly skipped.
Assembly Unity.Collections.Tests.Playmode.dll at Library/ScriptAssemblies/Unity.Collections.Tests.Playmode.dll not valid. Loading of assembly skipped.
Assembly Unity.InputSystem.IntegrationTests.dll at Library/ScriptAssemblies/Unity.InputSystem.IntegrationTests.dll not valid. Loading of assembly skipped.
Assembly Unity.Mathematics.Tests.dll at Library/ScriptAssemblies/Unity.Mathematics.Tests.dll not valid. Loading of assembly skipped.
Assembly Unity.Multiplayer.Center.Editor.Tests.dll at Library/ScriptAssemblies/Unity.Multiplayer.Center.Editor.Tests.dll not valid. Loading of assembly skipped.
Assembly Unity.Multiplayer.Center.Tests.dll at Library/ScriptAssemblies/Unity.Multiplayer.Center.Tests.dll not valid. Loading of assembly skipped.
Assembly Unity.Nuget.Mono-Cecil.dll at Library/ScriptAssemblies/Unity.Nuget.Mono-Cecil.dll not valid. Loading of assembly skipped.
Assembly Unity.PathTracing.Editor.Tests.dll at Library/ScriptAssemblies/Unity.PathTracing.Editor.Tests.dll not valid. Loading of assembly skipped.
Assembly Unity.PathTracing.Runtime.Tests.dll at Library/ScriptAssemblies/Unity.PathTracing.Runtime.Tests.dll not valid. Loading of assembly skipped.
Assembly Unity.RenderPipelines.Core.Editor.Tests.dll at Library/ScriptAssemblies/Unity.RenderPipelines.Core.Editor.Tests.dll not valid. Loading of assembly skipped.
Assembly Unity.RenderPipelines.Core.Runtime.Tests.dll at Library/ScriptAssemblies/Unity.RenderPipelines.Core.Runtime.Tests.dll not valid. Loading of assembly skipped.
Assembly Unity.RenderPipelines.Universal.Config.Editor.Tests.dll at Library/ScriptAssemblies/Unity.RenderPipelines.Universal.Config.Editor.Tests.dll not valid. Loading of assembly skipped.
Assembly Unity.RenderPipelines.Universal.Editor.Tests.dll at Library/ScriptAssemblies/Unity.RenderPipelines.Universal.Editor.Tests.dll not valid. Loading of assembly skipped.
Assembly Unity.RenderPipelines.Universal.Runtime.Tests.dll at Library/ScriptAssemblies/Unity.RenderPipelines.Universal.Runtime.Tests.dll not valid. Loading of assembly skipped.
Assembly Unity.ResourceManager.Tests.dll at Library/ScriptAssemblies/Unity.ResourceManager.Tests.dll not valid. Loading of assembly skipped.
Assembly Unity.ScriptableBuildPipeline.Editor.Tests.dll at Library/ScriptAssemblies/Unity.ScriptableBuildPipeline.Editor.Tests.dll not valid. Loading of assembly skipped.
Assembly Unity.ScriptableBuildPipeline.Tests.dll at Library/ScriptAssemblies/Unity.ScriptableBuildPipeline.Tests.dll not valid. Loading of assembly skipped.
Assembly Unity.ScriptableBuildPipelineTests.Runtime.Tests.dll at Library/ScriptAssemblies/Unity.ScriptableBuildPipelineTests.Runtime.Tests.dll not valid. Loading of assembly skipped.
Assembly Unity.Searcher.EditorTests.dll at Library/ScriptAssemblies/Unity.Searcher.EditorTests.dll not valid. Loading of assembly skipped.
Assembly Unity.ShaderGraph.Editor.Tests.dll at Library/ScriptAssemblies/Unity.ShaderGraph.Editor.Tests.dll not valid. Loading of assembly skipped.
Assembly Unity.TextMeshPro.Editor.Tests.dll at Library/ScriptAssemblies/Unity.TextMeshPro.Editor.Tests.dll not valid. Loading of assembly skipped.
Assembly Unity.TextMeshPro.Tests.dll at Library/ScriptAssemblies/Unity.TextMeshPro.Tests.dll not valid. Loading of assembly skipped.
Assembly Unity.UnifiedRayTracing.Editor.Tests.dll at Library/ScriptAssemblies/Unity.UnifiedRayTracing.Editor.Tests.dll not valid. Loading of assembly skipped.
Assembly Unity.XR.CoreUtils.CodeSamples.Tests.dll at Library/ScriptAssemblies/Unity.XR.CoreUtils.CodeSamples.Tests.dll not valid. Loading of assembly skipped.
Assembly Unity.XR.CoreUtils.Editor.Tests.dll at Library/ScriptAssemblies/Unity.XR.CoreUtils.Editor.Tests.dll not valid. Loading of assembly skipped.
Assembly Unity.XR.CoreUtils.Tests.dll at Library/ScriptAssemblies/Unity.XR.CoreUtils.Tests.dll not valid. Loading of assembly skipped.
Assembly Unity.XR.Hands.Editor.Tests.dll at Library/ScriptAssemblies/Unity.XR.Hands.Editor.Tests.dll not valid. Loading of assembly skipped.
Assembly Unity.XR.Hands.Tests.dll at Library/ScriptAssemblies/Unity.XR.Hands.Tests.dll not valid. Loading of assembly skipped.
Assembly Unity.XR.Management.EditorTests.dll at Library/ScriptAssemblies/Unity.XR.Management.EditorTests.dll not valid. Loading of assembly skipped.
Assembly Unity.XR.Management.TestPackage.dll at Library/ScriptAssemblies/Unity.XR.Management.TestPackage.dll not valid. Loading of assembly skipped.
Assembly Unity.XR.Management.TestPackage.Editor.dll at Library/ScriptAssemblies/Unity.XR.Management.TestPackage.Editor.dll not valid. Loading of assembly skipped.
Assembly Unity.XR.Management.Tests.dll at Library/ScriptAssemblies/Unity.XR.Management.Tests.dll not valid. Loading of assembly skipped.
Assembly Unity.XR.Management.Tests.Standalone.dll at Library/ScriptAssemblies/Unity.XR.Management.Tests.Standalone.dll not valid. Loading of assembly skipped.
Assembly Unity.XR.OpenXR.Editor.Tests.dll at Library/ScriptAssemblies/Unity.XR.OpenXR.Editor.Tests.dll not valid. Loading of assembly skipped.
Assembly Unity.XR.OpenXR.Tests.dll at Library/ScriptAssemblies/Unity.XR.OpenXR.Tests.dll not valid. Loading of assembly skipped.
Assembly Unity.XR.OpenXR.Ubuntu.Tests.dll at Library/ScriptAssemblies/Unity.XR.OpenXR.Ubuntu.Tests.dll not valid. Loading of assembly skipped.
Assembly Unity.XR.TestSupport.dll at Library/ScriptAssemblies/Unity.XR.TestSupport.dll not valid. Loading of assembly skipped.
Assembly UnityEditor.UI.Common.Tests.dll at Library/ScriptAssemblies/UnityEditor.UI.Common.Tests.dll not valid. Loading of assembly skipped.
Assembly UnityEditor.UI.EditorTests.dll at Library/ScriptAssemblies/UnityEditor.UI.EditorTests.dll not valid. Loading of assembly skipped.
Assembly UnityEditor.XR.LegacyInputHelpers.Tests.dll at Library/ScriptAssemblies/UnityEditor.XR.LegacyInputHelpers.Tests.dll not valid. Loading of assembly skipped.
Assembly UnityEngine.SpatialTracking.Tests.dll at Library/ScriptAssemblies/UnityEngine.SpatialTracking.Tests.dll not valid. Loading of assembly skipped.
Assembly UnityEngine.UI.Tests.dll at Library/ScriptAssemblies/UnityEngine.UI.Tests.dll not valid. Loading of assembly skipped.
Assembly UnityEngine.XR.OpenXR.CodeSamples.Editor.Tests.dll at Library/ScriptAssemblies/UnityEngine.XR.OpenXR.CodeSamples.Editor.Tests.dll not valid. Loading of assembly skipped.
Begin MonoManager ReloadAssembly
[HttpMcpServer] Stopped
UnityEngine.Debug:ExtractStackTraceNoAlloc (byte*,int,string)
UnityEngine.StackTraceUtility:ExtractStackTrace ()
UnityEngine.DebugLogHandler:Internal_Log (UnityEngine.LogType,UnityEngine.LogOption,string,UnityEngine.Object)
UnityEngine.DebugLogHandler:LogFormat (UnityEngine.LogType,UnityEngine.Object,string,object[])
UnityEngine.Logger:Log (UnityEngine.LogType,object)
UnityEngine.Debug:Log (object)
Meta.MCPBridge.Editor.HttpMcpServer:Stop () (at ./Library/PackageCache/com.meta.xr.sdk.core@4ea2676097b9/Editor/MCPBridge/HttpMcpServer.cs:253)
Meta.MCPBridge.Editor.HttpMcpServer/<>c:<InitializeOnLoad>b__18_2 () (at ./Library/PackageCache/com.meta.xr.sdk.core@4ea2676097b9/Editor/MCPBridge/HttpMcpServer.cs:78)
UnityEditor.AssemblyReloadEvents:OnBeforeAssemblyReload ()

(Filename: ./Library/PackageCache/com.meta.xr.sdk.core@4ea2676097b9/Editor/MCPBridge/HttpMcpServer.cs Line: 253)

Assembly Assembly-CSharp-Editor-firstpass.dll at Library/ScriptAssemblies/Assembly-CSharp-Editor-firstpass.dll not valid. Loading of assembly skipped.
Assembly Assembly-CSharp-Editor.dll at Library/ScriptAssemblies/Assembly-CSharp-Editor.dll not valid. Loading of assembly skipped.
Assembly Assembly-CSharp-firstpass.dll at Library/ScriptAssemblies/Assembly-CSharp-firstpass.dll not valid. Loading of assembly skipped.
Assembly Assembly-CSharp.dll at Library/ScriptAssemblies/Assembly-CSharp.dll not valid. Loading of assembly skipped.
Assembly Meta.XR.Editor.Reflection.Tests.dll at Library/ScriptAssemblies/Meta.XR.Editor.Reflection.Tests.dll not valid. Loading of assembly skipped.
Assembly meta.xr.hand.readiness.tests.editmode.dll at Library/ScriptAssemblies/meta.xr.hand.readiness.tests.editmode.dll not valid. Loading of assembly skipped.
Assembly Meta.XR.Input.Editor.Tests.dll at Library/ScriptAssemblies/Meta.XR.Input.Editor.Tests.dll not valid. Loading of assembly skipped.
Assembly Meta.XR.MultiplayerBlocks.Fusion.dll at Library/ScriptAssemblies/Meta.XR.MultiplayerBlocks.Fusion.dll not valid. Loading of assembly skipped.
Assembly Meta.XR.MultiplayerBlocks.NGO.dll at Library/ScriptAssemblies/Meta.XR.MultiplayerBlocks.NGO.dll not valid. Loading of assembly skipped.
Assembly Opus.Sdk.Editor.dll at Library/ScriptAssemblies/Opus.Sdk.Editor.dll not valid. Loading of assembly skipped.
Assembly TestNewCustomAssembly.dll at Library/ScriptAssemblies/TestNewCustomAssembly.dll not valid. Loading of assembly skipped.
Assembly Unity.Addressables.Editor.Tests.dll at Library/ScriptAssemblies/Unity.Addressables.Editor.Tests.dll not valid. Loading of assembly skipped.
Assembly Unity.Addressables.Tests.dll at Library/ScriptAssemblies/Unity.Addressables.Tests.dll not valid. Loading of assembly skipped.
Assembly Unity.Collections.BurstCompatibilityGen.dll at Library/ScriptAssemblies/Unity.Collections.BurstCompatibilityGen.dll not valid. Loading of assembly skipped.
Assembly Unity.Collections.DocCodeSamples.dll at Library/ScriptAssemblies/Unity.Collections.DocCodeSamples.dll not valid. Loading of assembly skipped.
Assembly Unity.Collections.PerformanceTests.dll at Library/ScriptAssemblies/Unity.Collections.PerformanceTests.dll not valid. Loading of assembly skipped.
Assembly Unity.Collections.Tests.dll at Library/ScriptAssemblies/Unity.Collections.Tests.dll not valid. Loading of assembly skipped.
Assembly Unity.Collections.Tests.Playmode.dll at Library/ScriptAssemblies/Unity.Collections.Tests.Playmode.dll not valid. Loading of assembly skipped.
Assembly Unity.InputSystem.IntegrationTests.dll at Library/ScriptAssemblies/Unity.InputSystem.IntegrationTests.dll not valid. Loading of assembly skipped.
Assembly Unity.Mathematics.Tests.dll at Library/ScriptAssemblies/Unity.Mathematics.Tests.dll not valid. Loading of assembly skipped.
Assembly Unity.Multiplayer.Center.Editor.Tests.dll at Library/ScriptAssemblies/Unity.Multiplayer.Center.Editor.Tests.dll not valid. Loading of assembly skipped.
Assembly Unity.Multiplayer.Center.Tests.dll at Library/ScriptAssemblies/Unity.Multiplayer.Center.Tests.dll not valid. Loading of assembly skipped.
Assembly Unity.Nuget.Mono-Cecil.dll at Library/ScriptAssemblies/Unity.Nuget.Mono-Cecil.dll not valid. Loading of assembly skipped.
Assembly Unity.PathTracing.Editor.Tests.dll at Library/ScriptAssemblies/Unity.PathTracing.Editor.Tests.dll not valid. Loading of assembly skipped.
Assembly Unity.PathTracing.Runtime.Tests.dll at Library/ScriptAssemblies/Unity.PathTracing.Runtime.Tests.dll not valid. Loading of assembly skipped.
Assembly Unity.RenderPipelines.Core.Editor.Tests.dll at Library/ScriptAssemblies/Unity.RenderPipelines.Core.Editor.Tests.dll not valid. Loading of assembly skipped.
Assembly Unity.RenderPipelines.Core.Runtime.Tests.dll at Library/ScriptAssemblies/Unity.RenderPipelines.Core.Runtime.Tests.dll not valid. Loading of assembly skipped.
Assembly Unity.RenderPipelines.Universal.Config.Editor.Tests.dll at Library/ScriptAssemblies/Unity.RenderPipelines.Universal.Config.Editor.Tests.dll not valid. Loading of assembly skipped.
Assembly Unity.RenderPipelines.Universal.Editor.Tests.dll at Library/ScriptAssemblies/Unity.RenderPipelines.Universal.Editor.Tests.dll not valid. Loading of assembly skipped.
Assembly Unity.RenderPipelines.Universal.Runtime.Tests.dll at Library/ScriptAssemblies/Unity.RenderPipelines.Universal.Runtime.Tests.dll not valid. Loading of assembly skipped.
Assembly Unity.ResourceManager.Tests.dll at Library/ScriptAssemblies/Unity.ResourceManager.Tests.dll not valid. Loading of assembly skipped.
Assembly Unity.ScriptableBuildPipeline.Editor.Tests.dll at Library/ScriptAssemblies/Unity.ScriptableBuildPipeline.Editor.Tests.dll not valid. Loading of assembly skipped.
Assembly Unity.ScriptableBuildPipeline.Tests.dll at Library/ScriptAssemblies/Unity.ScriptableBuildPipeline.Tests.dll not valid. Loading of assembly skipped.
Assembly Unity.ScriptableBuildPipelineTests.Runtime.Tests.dll at Library/ScriptAssemblies/Unity.ScriptableBuildPipelineTests.Runtime.Tests.dll not valid. Loading of assembly skipped.
Assembly Unity.Searcher.EditorTests.dll at Library/ScriptAssemblies/Unity.Searcher.EditorTests.dll not valid. Loading of assembly skipped.
Assembly Unity.ShaderGraph.Editor.Tests.dll at Library/ScriptAssemblies/Unity.ShaderGraph.Editor.Tests.dll not valid. Loading of assembly skipped.
Assembly Unity.TextMeshPro.Editor.Tests.dll at Library/ScriptAssemblies/Unity.TextMeshPro.Editor.Tests.dll not valid. Loading of assembly skipped.
Assembly Unity.TextMeshPro.Tests.dll at Library/ScriptAssemblies/Unity.TextMeshPro.Tests.dll not valid. Loading of assembly skipped.
Assembly Unity.UnifiedRayTracing.Editor.Tests.dll at Library/ScriptAssemblies/Unity.UnifiedRayTracing.Editor.Tests.dll not valid. Loading of assembly skipped.
Assembly Unity.XR.CoreUtils.CodeSamples.Tests.dll at Library/ScriptAssemblies/Unity.XR.CoreUtils.CodeSamples.Tests.dll not valid. Loading of assembly skipped.
Assembly Unity.XR.CoreUtils.Editor.Tests.dll at Library/ScriptAssemblies/Unity.XR.CoreUtils.Editor.Tests.dll not valid. Loading of assembly skipped.
Assembly Unity.XR.CoreUtils.Tests.dll at Library/ScriptAssemblies/Unity.XR.CoreUtils.Tests.dll not valid. Loading of assembly skipped.
Assembly Unity.XR.Hands.Editor.Tests.dll at Library/ScriptAssemblies/Unity.XR.Hands.Editor.Tests.dll not valid. Loading of assembly skipped.
Assembly Unity.XR.Hands.Tests.dll at Library/ScriptAssemblies/Unity.XR.Hands.Tests.dll not valid. Loading of assembly skipped.
Assembly Unity.XR.Management.EditorTests.dll at Library/ScriptAssemblies/Unity.XR.Management.EditorTests.dll not valid. Loading of assembly skipped.
Assembly Unity.XR.Management.TestPackage.dll at Library/ScriptAssemblies/Unity.XR.Management.TestPackage.dll not valid. Loading of assembly skipped.
Assembly Unity.XR.Management.TestPackage.Editor.dll at Library/ScriptAssemblies/Unity.XR.Management.TestPackage.Editor.dll not valid. Loading of assembly skipped.
Assembly Unity.XR.Management.Tests.dll at Library/ScriptAssemblies/Unity.XR.Management.Tests.dll not valid. Loading of assembly skipped.
Assembly Unity.XR.Management.Tests.Standalone.dll at Library/ScriptAssemblies/Unity.XR.Management.Tests.Standalone.dll not valid. Loading of assembly skipped.
Assembly Unity.XR.OpenXR.Editor.Tests.dll at Library/ScriptAssemblies/Unity.XR.OpenXR.Editor.Tests.dll not valid. Loading of assembly skipped.
Assembly Unity.XR.OpenXR.Tests.dll at Library/ScriptAssemblies/Unity.XR.OpenXR.Tests.dll not valid. Loading of assembly skipped.
Assembly Unity.XR.OpenXR.Ubuntu.Tests.dll at Library/ScriptAssemblies/Unity.XR.OpenXR.Ubuntu.Tests.dll not valid. Loading of assembly skipped.
Assembly Unity.XR.TestSupport.dll at Library/ScriptAssemblies/Unity.XR.TestSupport.dll not valid. Loading of assembly skipped.
Assembly UnityEditor.UI.Common.Tests.dll at Library/ScriptAssemblies/UnityEditor.UI.Common.Tests.dll not valid. Loading of assembly skipped.
Assembly UnityEditor.UI.EditorTests.dll at Library/ScriptAssemblies/UnityEditor.UI.EditorTests.dll not valid. Loading of assembly skipped.
Assembly UnityEditor.XR.LegacyInputHelpers.Tests.dll at Library/ScriptAssemblies/UnityEditor.XR.LegacyInputHelpers.Tests.dll not valid. Loading of assembly skipped.
Assembly UnityEngine.SpatialTracking.Tests.dll at Library/ScriptAssemblies/UnityEngine.SpatialTracking.Tests.dll not valid. Loading of assembly skipped.
Assembly UnityEngine.UI.Tests.dll at Library/ScriptAssemblies/UnityEngine.UI.Tests.dll not valid. Loading of assembly skipped.
Assembly UnityEngine.XR.OpenXR.CodeSamples.Editor.Tests.dll at Library/ScriptAssemblies/UnityEngine.XR.OpenXR.CodeSamples.Editor.Tests.dll not valid. Loading of assembly skipped.
Symbol file LoadedFromMemory is not a mono symbol file
Refreshing native plugins compatible for Editor in 13.19 ms, found 12 plugins.
Native extension for Android target not found
Native extension for WindowsStandalone target not found
ScheduleIndexationOnStartup MainProcess:True IndexOnStartup:True
Mono: successfully reloaded assembly
- Finished resetting the current domain, in  1.755 seconds
Domain Reload Profiling: 2792ms
	BeginReloadAssembly (616ms)
		DisableScriptedObjects (22ms)
		CreateAndSetChildDomain (381ms)
	RebuildCommonClasses (51ms)
	RebuildNativeTypeToScriptingClass (15ms)
	initialDomainReloadingComplete (65ms)
	LoadAllAssembliesAndSetupDomain (291ms)
		LoadAssemblies (188ms)
		AnalyzeDomain (225ms)
			TypeCache.Refresh (8ms)
			BuildScriptInfoCaches (192ms)
			ResolveRequiredComponents (22ms)
	FinalizeReload (1755ms)
		SetupLoadedEditorAssemblies (0ms)
			InitializePlatformSupportModulesInManaged (42ms)
			BeforeProcessingInitializeOnLoad (242ms)
			ProcessInitializeOnLoadAttributes (594ms)
			ProcessInitializeOnLoadMethodAttributes (326ms)
			AfterProcessingInitializeOnLoad (11ms)
		AwakeInstancesAfterBackupRestoration (69ms)
[HttpMcpServer] Started on port 48736
UnityEngine.Debug:ExtractStackTraceNoAlloc (byte*,int,string)
UnityEngine.StackTraceUtility:ExtractStackTrace ()
UnityEngine.DebugLogHandler:Internal_Log (UnityEngine.LogType,UnityEngine.LogOption,string,UnityEngine.Object)
UnityEngine.DebugLogHandler:LogFormat (UnityEngine.LogType,UnityEngine.Object,string,object[])
UnityEngine.Logger:Log (UnityEngine.LogType,object)
UnityEngine.Debug:Log (object)
Meta.MCPBridge.Editor.HttpMcpServer:Start (int,System.Action) (at ./Library/PackageCache/com.meta.xr.sdk.core@4ea2676097b9/Editor/MCPBridge/HttpMcpServer.cs:189)
Meta.MCPBridge.Editor.HttpMcpServer:StartMcpBridgeServer () (at ./Library/PackageCache/com.meta.xr.sdk.core@4ea2676097b9/Editor/MCPBridge/HttpMcpServer.cs:127)
Meta.MCPBridge.Editor.HttpMcpServer:StartIfEnabled () (at ./Library/PackageCache/com.meta.xr.sdk.core@4ea2676097b9/Editor/MCPBridge/HttpMcpServer.cs:109)
Meta.MCPBridge.Editor.HttpMcpServer/<>c:<InitializeOnLoad>b__18_3 () (at ./Library/PackageCache/com.meta.xr.sdk.core@4ea2676097b9/Editor/MCPBridge/HttpMcpServer.cs:89)
Meta.XR.Editor.Callbacks.InitializeOnLoad:OnAllAssetsPostProcessed () (at ./Library/PackageCache/com.meta.xr.sdk.core@4ea2676097b9/Editor/Utils/EditorCallbacks/InitializeOnLoad.cs:46)
Meta.XR.Editor.Callbacks.AssetPostProcessor:OnPostprocessAllAssets (string[],string[],string[],string[],bool) (at ./Library/PackageCache/com.meta.xr.sdk.core@4ea2676097b9/Editor/Utils/EditorCallbacks/AssetPostProcessor.cs:32)
System.Reflection.RuntimeMethodInfo:Invoke (object,System.Reflection.BindingFlags,System.Reflection.Binder,object[],System.Globalization.CultureInfo)
System.Reflection.MethodBase:Invoke (object,object[])
UnityEditor.AssetPostprocessingInternal:InvokeMethod (System.Reflection.MethodInfo,object[])
UnityEditor.AssetPostprocessingInternal:PostprocessAllAssets (string[],string[],string[],string[],string[],bool)

(Filename: ./Library/PackageCache/com.meta.xr.sdk.core@4ea2676097b9/Editor/MCPBridge/HttpMcpServer.cs Line: 189)

[LocalExecutor] Discovered 16 tools: DebugLog, DiagnosticTools, IGetResourcesService, IReflectionService, SceneObjectsTools, ToolHelp, CodeAnalysisTools, CompilationTools, DesignTokenResource, InteractionTestingTools, TestRunnerTools, UIVerificationTools, BuildingBlocksTools, UPSTTools, DrawingTools, ImmersiveDebuggerTools
UnityEngine.Debug:ExtractStackTraceNoAlloc (byte*,int,string)
UnityEngine.StackTraceUtility:ExtractStackTrace ()
UnityEngine.DebugLogHandler:Internal_Log (UnityEngine.LogType,UnityEngine.LogOption,string,UnityEngine.Object)
UnityEngine.DebugLogHandler:LogFormat (UnityEngine.LogType,UnityEngine.Object,string,object[])
UnityEngine.Logger:Log (UnityEngine.LogType,object)
UnityEngine.Debug:Log (object)
Meta.MCPBridge.LocalExecutor:EnsureInitialized () (at ./Library/PackageCache/com.meta.xr.sdk.core@4ea2676097b9/Scripts/MCPBridge/LocalExecutor.cs:123)
Meta.MCPBridge.Editor.LocalToolProvider:Register () (at ./Library/PackageCache/com.meta.xr.sdk.core@4ea2676097b9/Editor/MCPBridge/LocalToolProvider.cs:66)
Meta.MCPBridge.Editor.HttpMcpServer/<>c:<StartMcpBridgeServer>b__21_0 () (at ./Library/PackageCache/com.meta.xr.sdk.core@4ea2676097b9/Editor/MCPBridge/HttpMcpServer.cs:129)
Meta.MCPBridge.Editor.HttpMcpServer:Start (int,System.Action) (at ./Library/PackageCache/com.meta.xr.sdk.core@4ea2676097b9/Editor/MCPBridge/HttpMcpServer.cs:203)
Meta.MCPBridge.Editor.HttpMcpServer:StartMcpBridgeServer () (at ./Library/PackageCache/com.meta.xr.sdk.core@4ea2676097b9/Editor/MCPBridge/HttpMcpServer.cs:127)
Meta.MCPBridge.Editor.HttpMcpServer:StartIfEnabled () (at ./Library/PackageCache/com.meta.xr.sdk.core@4ea2676097b9/Editor/MCPBridge/HttpMcpServer.cs:109)
Meta.MCPBridge.Editor.HttpMcpServer/<>c:<InitializeOnLoad>b__18_3 () (at ./Library/PackageCache/com.meta.xr.sdk.core@4ea2676097b9/Editor/MCPBridge/HttpMcpServer.cs:89)
Meta.XR.Editor.Callbacks.InitializeOnLoad:OnAllAssetsPostProcessed () (at ./Library/PackageCache/com.meta.xr.sdk.core@4ea2676097b9/Editor/Utils/EditorCallbacks/InitializeOnLoad.cs:46)
Meta.XR.Editor.Callbacks.AssetPostProcessor:OnPostprocessAllAssets (string[],string[],string[],string[],bool) (at ./Library/PackageCache/com.meta.xr.sdk.core@4ea2676097b9/Editor/Utils/EditorCallbacks/AssetPostProcessor.cs:32)
System.Reflection.RuntimeMethodInfo:Invoke (object,System.Reflection.BindingFlags,System.Reflection.Binder,object[],System.Globalization.CultureInfo)
System.Reflection.MethodBase:Invoke (object,object[])
UnityEditor.AssetPostprocessingInternal:InvokeMethod (System.Reflection.MethodInfo,object[])
UnityEditor.AssetPostprocessingInternal:PostprocessAllAssets (string[],string[],string[],string[],string[],bool)

(Filename: ./Library/PackageCache/com.meta.xr.sdk.core@4ea2676097b9/Scripts/MCPBridge/LocalExecutor.cs Line: 123)

[ToolProviderManager] Provider registered: local-unity-editor
UnityEngine.Debug:ExtractStackTraceNoAlloc (byte*,int,string)
UnityEngine.StackTraceUtility:ExtractStackTrace ()
UnityEngine.DebugLogHandler:Internal_Log (UnityEngine.LogType,UnityEngine.LogOption,string,UnityEngine.Object)
UnityEngine.DebugLogHandler:LogFormat (UnityEngine.LogType,UnityEngine.Object,string,object[])
UnityEngine.Logger:Log (UnityEngine.LogType,object)
UnityEngine.Debug:Log (object)
Meta.MCPBridge.Editor.ToolProviderManager:RegisterProvider (string,System.IO.StreamWriter) (at ./Library/PackageCache/com.meta.xr.sdk.core@4ea2676097b9/Editor/MCPBridge/ToolProviderManager.cs:92)
Meta.MCPBridge.Editor.LocalToolProvider:Register () (at ./Library/PackageCache/com.meta.xr.sdk.core@4ea2676097b9/Editor/MCPBridge/LocalToolProvider.cs:73)
Meta.MCPBridge.Editor.HttpMcpServer/<>c:<StartMcpBridgeServer>b__21_0 () (at ./Library/PackageCache/com.meta.xr.sdk.core@4ea2676097b9/Editor/MCPBridge/HttpMcpServer.cs:129)
Meta.MCPBridge.Editor.HttpMcpServer:Start (int,System.Action) (at ./Library/PackageCache/com.meta.xr.sdk.core@4ea2676097b9/Editor/MCPBridge/HttpMcpServer.cs:203)
Meta.MCPBridge.Editor.HttpMcpServer:StartMcpBridgeServer () (at ./Library/PackageCache/com.meta.xr.sdk.core@4ea2676097b9/Editor/MCPBridge/HttpMcpServer.cs:127)
Meta.MCPBridge.Editor.HttpMcpServer:StartIfEnabled () (at ./Library/PackageCache/com.meta.xr.sdk.core@4ea2676097b9/Editor/MCPBridge/HttpMcpServer.cs:109)
Meta.MCPBridge.Editor.HttpMcpServer/<>c:<InitializeOnLoad>b__18_3 () (at ./Library/PackageCache/com.meta.xr.sdk.core@4ea2676097b9/Editor/MCPBridge/HttpMcpServer.cs:89)
Meta.XR.Editor.Callbacks.InitializeOnLoad:OnAllAssetsPostProcessed () (at ./Library/PackageCache/com.meta.xr.sdk.core@4ea2676097b9/Editor/Utils/EditorCallbacks/InitializeOnLoad.cs:46)
Meta.XR.Editor.Callbacks.AssetPostProcessor:OnPostprocessAllAssets (string[],string[],string[],string[],bool) (at ./Library/PackageCache/com.meta.xr.sdk.core@4ea2676097b9/Editor/Utils/EditorCallbacks/AssetPostProcessor.cs:32)
System.Reflection.RuntimeMethodInfo:Invoke (object,System.Reflection.BindingFlags,System.Reflection.Binder,object[],System.Globalization.CultureInfo)
System.Reflection.MethodBase:Invoke (object,object[])
UnityEditor.AssetPostprocessingInternal:InvokeMethod (System.Reflection.MethodInfo,object[])
UnityEditor.AssetPostprocessingInternal:PostprocessAllAssets (string[],string[],string[],string[],string[],bool)

(Filename: ./Library/PackageCache/com.meta.xr.sdk.core@4ea2676097b9/Editor/MCPBridge/ToolProviderManager.cs Line: 92)

[ConnectedToolProvider] Capabilities registered for local-unity-editor: 16 tools, 1 resources, 0 prompts
UnityEngine.Debug:ExtractStackTraceNoAlloc (byte*,int,string)
UnityEngine.StackTraceUtility:ExtractStackTrace ()
UnityEngine.DebugLogHandler:Internal_Log (UnityEngine.LogType,UnityEngine.LogOption,string,UnityEngine.Object)
UnityEngine.DebugLogHandler:LogFormat (UnityEngine.LogType,UnityEngine.Object,string,object[])
UnityEngine.Logger:Log (UnityEngine.LogType,object)
UnityEngine.Debug:Log (object)
Meta.MCPBridge.Editor.ConnectedToolProvider:SetCapabilities (Meta.MCPBridge.ProviderCapabilities) (at ./Library/PackageCache/com.meta.xr.sdk.core@4ea2676097b9/Editor/MCPBridge/ToolProviderManager.cs:533)
Meta.MCPBridge.Editor.LocalToolProvider:Register () (at ./Library/PackageCache/com.meta.xr.sdk.core@4ea2676097b9/Editor/MCPBridge/LocalToolProvider.cs:74)
Meta.MCPBridge.Editor.HttpMcpServer/<>c:<StartMcpBridgeServer>b__21_0 () (at ./Library/PackageCache/com.meta.xr.sdk.core@4ea2676097b9/Editor/MCPBridge/HttpMcpServer.cs:129)
Meta.MCPBridge.Editor.HttpMcpServer:Start (int,System.Action) (at ./Library/PackageCache/com.meta.xr.sdk.core@4ea2676097b9/Editor/MCPBridge/HttpMcpServer.cs:203)
Meta.MCPBridge.Editor.HttpMcpServer:StartMcpBridgeServer () (at ./Library/PackageCache/com.meta.xr.sdk.core@4ea2676097b9/Editor/MCPBridge/HttpMcpServer.cs:127)
Meta.MCPBridge.Editor.HttpMcpServer:StartIfEnabled () (at ./Library/PackageCache/com.meta.xr.sdk.core@4ea2676097b9/Editor/MCPBridge/HttpMcpServer.cs:109)
Meta.MCPBridge.Editor.HttpMcpServer/<>c:<InitializeOnLoad>b__18_3 () (at ./Library/PackageCache/com.meta.xr.sdk.core@4ea2676097b9/Editor/MCPBridge/HttpMcpServer.cs:89)
Meta.XR.Editor.Callbacks.InitializeOnLoad:OnAllAssetsPostProcessed () (at ./Library/PackageCache/com.meta.xr.sdk.core@4ea2676097b9/Editor/Utils/EditorCallbacks/InitializeOnLoad.cs:46)
Meta.XR.Editor.Callbacks.AssetPostProcessor:OnPostprocessAllAssets (string[],string[],string[],string[],bool) (at ./Library/PackageCache/com.meta.xr.sdk.core@4ea2676097b9/Editor/Utils/EditorCallbacks/AssetPostProcessor.cs:32)
System.Reflection.RuntimeMethodInfo:Invoke (object,System.Reflection.BindingFlags,System.Reflection.Binder,object[],System.Globalization.CultureInfo)
System.Reflection.MethodBase:Invoke (object,object[])
UnityEditor.AssetPostprocessingInternal:InvokeMethod (System.Reflection.MethodInfo,object[])
UnityEditor.AssetPostprocessingInternal:PostprocessAllAssets (string[],string[],string[],string[],string[],bool)

(Filename: ./Library/PackageCache/com.meta.xr.sdk.core@4ea2676097b9/Editor/MCPBridge/ToolProviderManager.cs Line: 533)

[LocalToolProvider] Registered with 16 tools, 1 resources, 0 prompts
UnityEngine.Debug:ExtractStackTraceNoAlloc (byte*,int,string)
UnityEngine.StackTraceUtility:ExtractStackTrace ()
UnityEngine.DebugLogHandler:Internal_Log (UnityEngine.LogType,UnityEngine.LogOption,string,UnityEngine.Object)
UnityEngine.DebugLogHandler:LogFormat (UnityEngine.LogType,UnityEngine.Object,string,object[])
UnityEngine.Logger:Log (UnityEngine.LogType,object)
UnityEngine.Debug:Log (object)
Meta.MCPBridge.Editor.LocalToolProvider:Register () (at ./Library/PackageCache/com.meta.xr.sdk.core@4ea2676097b9/Editor/MCPBridge/LocalToolProvider.cs:78)
Meta.MCPBridge.Editor.HttpMcpServer/<>c:<StartMcpBridgeServer>b__21_0 () (at ./Library/PackageCache/com.meta.xr.sdk.core@4ea2676097b9/Editor/MCPBridge/HttpMcpServer.cs:129)
Meta.MCPBridge.Editor.HttpMcpServer:Start (int,System.Action) (at ./Library/PackageCache/com.meta.xr.sdk.core@4ea2676097b9/Editor/MCPBridge/HttpMcpServer.cs:203)
Meta.MCPBridge.Editor.HttpMcpServer:StartMcpBridgeServer () (at ./Library/PackageCache/com.meta.xr.sdk.core@4ea2676097b9/Editor/MCPBridge/HttpMcpServer.cs:127)
Meta.MCPBridge.Editor.HttpMcpServer:StartIfEnabled () (at ./Library/PackageCache/com.meta.xr.sdk.core@4ea2676097b9/Editor/MCPBridge/HttpMcpServer.cs:109)
Meta.MCPBridge.Editor.HttpMcpServer/<>c:<InitializeOnLoad>b__18_3 () (at ./Library/PackageCache/com.meta.xr.sdk.core@4ea2676097b9/Editor/MCPBridge/HttpMcpServer.cs:89)
Meta.XR.Editor.Callbacks.InitializeOnLoad:OnAllAssetsPostProcessed () (at ./Library/PackageCache/com.meta.xr.sdk.core@4ea2676097b9/Editor/Utils/EditorCallbacks/InitializeOnLoad.cs:46)
Meta.XR.Editor.Callbacks.AssetPostProcessor:OnPostprocessAllAssets (string[],string[],string[],string[],bool) (at ./Library/PackageCache/com.meta.xr.sdk.core@4ea2676097b9/Editor/Utils/EditorCallbacks/AssetPostProcessor.cs:32)
System.Reflection.RuntimeMethodInfo:Invoke (object,System.Reflection.BindingFlags,System.Reflection.Binder,object[],System.Globalization.CultureInfo)
System.Reflection.MethodBase:Invoke (object,object[])
UnityEditor.AssetPostprocessingInternal:InvokeMethod (System.Reflection.MethodInfo,object[])
UnityEditor.AssetPostprocessingInternal:PostprocessAllAssets (string[],string[],string[],string[],string[],bool)

(Filename: ./Library/PackageCache/com.meta.xr.sdk.core@4ea2676097b9/Editor/MCPBridge/LocalToolProvider.cs Line: 78)

[MCPBridge] Discovery file written to C:\Users\GARVBA~1\AppData\Local\Temp\mcpbridge_1d15ecad.info
UnityEngine.Debug:ExtractStackTraceNoAlloc (byte*,int,string)
UnityEngine.StackTraceUtility:ExtractStackTrace ()
UnityEngine.DebugLogHandler:Internal_Log (UnityEngine.LogType,UnityEngine.LogOption,string,UnityEngine.Object)
UnityEngine.DebugLogHandler:LogFormat (UnityEngine.LogType,UnityEngine.Object,string,object[])
UnityEngine.Logger:Log (UnityEngine.LogType,object)
UnityEngine.Debug:Log (object)
Meta.MCPBridge.Editor.ExternalDiscovery:WriteDiscoveryFiles () (at ./Library/PackageCache/com.meta.xr.sdk.core@4ea2676097b9/Editor/MCPBridge/ExternalDiscovery.cs:65)
Meta.MCPBridge.Editor.HttpMcpServer/<>c:<StartMcpBridgeServer>b__21_0 () (at ./Library/PackageCache/com.meta.xr.sdk.core@4ea2676097b9/Editor/MCPBridge/HttpMcpServer.cs:130)
Meta.MCPBridge.Editor.HttpMcpServer:Start (int,System.Action) (at ./Library/PackageCache/com.meta.xr.sdk.core@4ea2676097b9/Editor/MCPBridge/HttpMcpServer.cs:203)
Meta.MCPBridge.Editor.HttpMcpServer:StartMcpBridgeServer () (at ./Library/PackageCache/com.meta.xr.sdk.core@4ea2676097b9/Editor/MCPBridge/HttpMcpServer.cs:127)
Meta.MCPBridge.Editor.HttpMcpServer:StartIfEnabled () (at ./Library/PackageCache/com.meta.xr.sdk.core@4ea2676097b9/Editor/MCPBridge/HttpMcpServer.cs:109)
Meta.MCPBridge.Editor.HttpMcpServer/<>c:<InitializeOnLoad>b__18_3 () (at ./Library/PackageCache/com.meta.xr.sdk.core@4ea2676097b9/Editor/MCPBridge/HttpMcpServer.cs:89)
Meta.XR.Editor.Callbacks.InitializeOnLoad:OnAllAssetsPostProcessed () (at ./Library/PackageCache/com.meta.xr.sdk.core@4ea2676097b9/Editor/Utils/EditorCallbacks/InitializeOnLoad.cs:46)
Meta.XR.Editor.Callbacks.AssetPostProcessor:OnPostprocessAllAssets (string[],string[],string[],string[],bool) (at ./Library/PackageCache/com.meta.xr.sdk.core@4ea2676097b9/Editor/Utils/EditorCallbacks/AssetPostProcessor.cs:32)
System.Reflection.RuntimeMethodInfo:Invoke (object,System.Reflection.BindingFlags,System.Reflection.Binder,object[],System.Globalization.CultureInfo)
System.Reflection.MethodBase:Invoke (object,object[])
UnityEditor.AssetPostprocessingInternal:InvokeMethod (System.Reflection.MethodInfo,object[])
UnityEditor.AssetPostprocessingInternal:PostprocessAllAssets (string[],string[],string[],string[],string[],bool)

(Filename: ./Library/PackageCache/com.meta.xr.sdk.core@4ea2676097b9/Editor/MCPBridge/ExternalDiscovery.cs Line: 65)

(Values over 0.050ms)
Asset Pipeline Refresh (id=8110c0bf5b6e693428e11dc612a418a3): Total: 4.621 seconds - Initiated by StopAssetImportingV2(ForceSynchronousImport | ForceDomainReload)
	Summary:
		Imports: total=0 (actual=0, local cache=0, cache server=0)
		Asset DB Process Time: managed=0 ms, native=1932 ms
		Asset DB Callback time: managed=1581 ms, native=0 ms
		Scripting: domain reloads=1, domain reload time=1104 ms, compile time=1 ms, other=0 ms
		Project Asset Count: scripts=2187, non-scripts=3854
		Asset File Changes: new=0, changed=0, moved=0, deleted=0
		Scan Filter Count: 0
	InvokePackagesCallback: 3.032ms
	ApplyChangesToAssetFolders: 0.368ms
	ProcessAssetsWithTransientArtifactChanges: 4.781ms
	CategorizeAssets: 103.306ms
	CompileScripts: 1.463ms
	ImportOutOfDateAssets: 1781.395ms (1778.036ms without children)
		CollectScriptTypesHashes: 2.184ms
		ReloadNativeAssets: 1.646ms
		EnsureUptoDateAssetsAreRegisteredWithGuidPM: 1.260ms
		OnDemandSchedulerStart: 0.383ms
	PostProcessAllAssets: 1581.157ms
		MonoPostProcessAllAssets: 1581.146ms
			UniversalRenderPipelineGlobalSettingsPostprocessor.OnPostprocessAllAssets 12.777ms
			SyncVS.PostprocessSyncProject 2.637ms
			SpeedTree9Postprocessor.OnPostprocessAllAssets 2.486ms
			WindowAssetPostprocessingWatcher.OnPostprocessAllAssets 2.141ms
			RenderPipelineGlobalSettingsPostprocessor.OnPostprocessAllAssets 0.855ms
			AssetPostProcessor.OnPostprocessAllAssets 0.613ms
			ReferencedClipsPostProcessor.OnPostprocessAllAssets 0.341ms
			InputActionAssetPostprocessor.OnPostprocessAllAssets 0.330ms
			TerrainToolbarOverlayPostProcessor.OnPostprocessAllAssets 0.243ms
			AssetDatabaseCallbacks.OnPostprocessAllAssets 0.173ms
			AssetChangedListener.OnPostprocessAllAssets 0.118ms
			ProjectSettingsPostprocessor.OnPostprocessAllAssets 0.108ms
			ShaderGraphAssetPostProcessor.OnPostprocessAllAssets 0.071ms
			InputActionJsonNameModifierAssetProcessor.OnPostprocessAllAssets 0.057ms
	GatherAllCurrentPrimaryImportResultRevisions: 0.445ms
	UnloadStreamsBegin: 0.148ms
	PersistCurrentRevisions: 0.289ms
	GenerateScriptTypeHashes: 14.014ms
	GenerateScriptTypeSerializationHashes: 20.484ms
	Untracked: 1136.529ms

[XR] Time interace not found - delta time prediction disabled.
[Subsystems] OpenXR XR Plugin successfully registered Provider for OpenXR Display
[Subsystems] OpenXR XR Plugin successfully registered Provider for OpenXR Input
[Subsystems] OpenXR XR Plugin successfully registered Provider for OpenXR Display
Start importing Assets/XR/Settings/OpenXR Package Settings.asset using Guid(0d647736f3e354044b23fb340838e9eb) (NativeFormatImporter) -> (Import Result ID: '83be3409bcbc20eef5cbae634207ea95') in 0.008039 seconds [static dependencies only]. Details - ImportResultOutputID=c8338305546446aab4e7d26577b91671 DependenciesID=2c407465c3fa9fdae37604ba5dc1335a StaticDependenciesID=e7252c103fdb22a96e109f3b4bbed5a2 
Refreshing native plugins compatible for Editor in 12.90 ms, found 12 plugins.
Asset Pipeline Refresh (id=3bf6693f46b3909458a9ec9932c0a556): Total: 0.109 seconds - Initiated by StopAssetImportingV2(NoUpdateAssetOptions)
Loading OpenXR loader library at path: C:\Users\GARV BANSAL\Documents\VR_games\OPUS\game\Library\PackageCache\com.unity.xr.openxr@ef0033a586bf\RuntimeLoaders\windows\x64\openxr_loader.dll
UnityEngine.Debug:ExtractStackTraceNoAlloc (byte*,int,string)
UnityEngine.StackTraceUtility:ExtractStackTrace ()
UnityEngine.DebugLogHandler:Internal_Log (UnityEngine.LogType,UnityEngine.LogOption,string,UnityEngine.Object)
UnityEngine.DebugLogHandler:LogFormat (UnityEngine.LogType,UnityEngine.Object,string,object[])
UnityEngine.Logger:Log (UnityEngine.LogType,object)
UnityEngine.Debug:Log (object)
UnityEngine.XR.OpenXR.OpenXRLoaderBase:LoadOpenXRSymbols () (at ./Library/PackageCache/com.unity.xr.openxr@ef0033a586bf/Runtime/OpenXRLoader.cs:558)
UnityEngine.XR.OpenXR.OpenXRLoaderBase:InitializeInternal () (at ./Library/PackageCache/com.unity.xr.openxr@ef0033a586bf/Runtime/OpenXRLoader.cs:235)
UnityEngine.XR.OpenXR.OpenXRLoaderBase:Initialize () (at ./Library/PackageCache/com.unity.xr.openxr@ef0033a586bf/Runtime/OpenXRLoader.cs:205)
UnityEngine.XR.Management.XRManagerSettings:InitializeLoaderSync () (at ./Library/PackageCache/com.unity.xr.management@20be87dea580/Runtime/XRManagerSettings.cs:190)
UnityEngine.XR.Management.XRGeneralSettings:InitXRSDK () (at ./Library/PackageCache/com.unity.xr.management@20be87dea580/Runtime/XRGeneralSettings.cs:175)
UnityEngine.XR.Management.XRGeneralSettings:AttemptInitializeXRSDKOnLoad () (at ./Library/PackageCache/com.unity.xr.management@20be87dea580/Runtime/XRGeneralSettings.cs:148)

(Filename: ./Library/PackageCache/com.unity.xr.openxr@ef0033a586bf/Runtime/OpenXRLoader.cs Line: 558)

[MetaXRFeature] HookGetInstanceProcAddr: 140730220053338
UnityEngine.Debug:ExtractStackTraceNoAlloc (byte*,int,string)
UnityEngine.StackTraceUtility:ExtractStackTrace ()
UnityEngine.DebugLogHandler:Internal_Log (UnityEngine.LogType,UnityEngine.LogOption,string,UnityEngine.Object)
UnityEngine.DebugLogHandler:LogFormat (UnityEngine.LogType,UnityEngine.Object,string,object[])
UnityEngine.Logger:Log (UnityEngine.LogType,object)
UnityEngine.Debug:Log (object)
Meta.XR.MetaXRFeature:HookGetInstanceProcAddr (intptr) (at ./Library/PackageCache/com.meta.xr.sdk.core@4ea2676097b9/Scripts/OpenXRFeatures/MetaXRFeature.cs:270)
UnityEngine.XR.OpenXR.Features.OpenXRFeature:HookGetInstanceProcAddr () (at ./Library/PackageCache/com.unity.xr.openxr@ef0033a586bf/Runtime/Features/OpenXRFeature.cs:764)
UnityEngine.XR.OpenXR.OpenXRLoaderBase:InitializeInternal () (at ./Library/PackageCache/com.unity.xr.openxr@ef0033a586bf/Runtime/OpenXRLoader.cs:248)
UnityEngine.XR.OpenXR.OpenXRLoaderBase:Initialize () (at ./Library/PackageCache/com.unity.xr.openxr@ef0033a586bf/Runtime/OpenXRLoader.cs:205)
UnityEngine.XR.Management.XRManagerSettings:InitializeLoaderSync () (at ./Library/PackageCache/com.unity.xr.management@20be87dea580/Runtime/XRManagerSettings.cs:190)
UnityEngine.XR.Management.XRGeneralSettings:InitXRSDK () (at ./Library/PackageCache/com.unity.xr.management@20be87dea580/Runtime/XRGeneralSettings.cs:175)
UnityEngine.XR.Management.XRGeneralSettings:AttemptInitializeXRSDKOnLoad () (at ./Library/PackageCache/com.unity.xr.management@20be87dea580/Runtime/XRGeneralSettings.cs:148)

(Filename: ./Library/PackageCache/com.meta.xr.sdk.core@4ea2676097b9/Scripts/OpenXRFeatures/MetaXRFeature.cs Line: 270)

[MetaXRFeature] SetClientVersion
UnityEngine.Debug:ExtractStackTraceNoAlloc (byte*,int,string)
UnityEngine.StackTraceUtility:ExtractStackTrace ()
UnityEngine.DebugLogHandler:Internal_Log (UnityEngine.LogType,UnityEngine.LogOption,string,UnityEngine.Object)
UnityEngine.DebugLogHandler:LogFormat (UnityEngine.LogType,UnityEngine.Object,string,object[])
UnityEngine.Logger:Log (UnityEngine.LogType,object)
UnityEngine.Debug:Log (object)
Meta.XR.MetaXRFeature:HookGetInstanceProcAddr (intptr) (at ./Library/PackageCache/com.meta.xr.sdk.core@4ea2676097b9/Scripts/OpenXRFeatures/MetaXRFeature.cs:272)
UnityEngine.XR.OpenXR.Features.OpenXRFeature:HookGetInstanceProcAddr () (at ./Library/PackageCache/com.unity.xr.openxr@ef0033a586bf/Runtime/Features/OpenXRFeature.cs:764)
UnityEngine.XR.OpenXR.OpenXRLoaderBase:InitializeInternal () (at ./Library/PackageCache/com.unity.xr.openxr@ef0033a586bf/Runtime/OpenXRLoader.cs:248)
UnityEngine.XR.OpenXR.OpenXRLoaderBase:Initialize () (at ./Library/PackageCache/com.unity.xr.openxr@ef0033a586bf/Runtime/OpenXRLoader.cs:205)
UnityEngine.XR.Management.XRManagerSettings:InitializeLoaderSync () (at ./Library/PackageCache/com.unity.xr.management@20be87dea580/Runtime/XRManagerSettings.cs:190)
UnityEngine.XR.Management.XRGeneralSettings:InitXRSDK () (at ./Library/PackageCache/com.unity.xr.management@20be87dea580/Runtime/XRGeneralSettings.cs:175)
UnityEngine.XR.Management.XRGeneralSettings:AttemptInitializeXRSDKOnLoad () (at ./Library/PackageCache/com.unity.xr.management@20be87dea580/Runtime/XRGeneralSettings.cs:148)

(Filename: ./Library/PackageCache/com.meta.xr.sdk.core@4ea2676097b9/Scripts/OpenXRFeatures/MetaXRFeature.cs Line: 272)

[OVRPlugin][ERROR] xrGetInstanceProcAddr is nullptr
 (arvr\projects\integrations\OVRPlugin\Src\Util\CompositorOpenXR_Entries.cpp:132)[90m2026-09-19 00:44:53[0m [MetaXROperator] [32m[INFO][0m Agentic XR API layer negotiation started
[90m2026-09-19 00:44:53[0m [MetaXROperator] [32m[INFO][0m Agentic XR API layer initialized
[MetaXROperator] file logging enabled: C:\Users\GARV BANSAL\AppData\Local\meta-xr-operator\Logs\api_layer_2026-09-19_00-44-53-228_35940\api_layer.log
[90m2026-09-19 00:44:53[0m [MetaXROperator] [32m[INFO][0m Queried available extensions, count: 90
[90m2026-09-19 00:44:53[0m [MetaXROperator] [32m[INFO][0m Adding extension to instance create info: XR_EXT_local_floor
[90m2026-09-19 00:44:53[0m [MetaXROperator] [33m[WARNING][0m Extension not available: XR_METAX1_simulator_compositor_output_capture
[90m2026-09-19 00:44:53[0m [MetaXROperator] [33m[WARNING][0m Extension not available: XR_EXT_conformance_automation
[90m2026-09-19 00:44:53[0m [MetaXROperator] [32m[INFO][0m Adding extension to instance create info: XR_META_touch_controller_plus
[90m2026-09-19 00:44:53[0m [MetaXROperator] [32m[INFO][0m Cached application info, data: Oculus VR Plugin (Unity 6000.4.6f1_0b051c2e5d54 [Editor]) (v1), Engine: Unity (v0)
[90m2026-09-19 00:44:53[0m [MetaXROperator] [32m[INFO][0m Telemetry consent: opted-in
[90m2026-09-19 00:44:53[0m [MetaXROperator] [32m[INFO][0m Telemetry session started for: Oculus VR Plugin (Unity 6000.4.6f1_0b051c2e5d54 [Editor])
[90m2026-09-19 00:44:53[0m [MetaXROperator] [32m[INFO][0m Telemetry initialized for: Oculus VR Plugin (Unity 6000.4.6f1_0b051c2e5d54 [Editor])
[90m2026-09-19 00:44:53[0m [MetaXROperator] [32m[INFO][0m Initializing Agentic MCP Server...
[90m2026-09-19 00:44:53[0m [MetaXROperator] [32m[INFO][0m MCP Server started successfully on port 8720 (IPv4 and IPv6)
[90m2026-09-19 00:44:53[0m [MetaXROperator] [32m[INFO][0m Registered 'openxr_get_head_pose' tool
[90m2026-09-19 00:44:53[0m [MetaXROperator] [32m[INFO][0m Registered 'openxr_get_controller_pose' tool
[90m2026-09-19 00:44:53[0m [MetaXROperator] [32m[INFO][0m Registered 'openxr_get_active_interaction_profile' tool
[90m2026-09-19 00:44:53[0m [MetaXROperator] [32m[INFO][0m Registered 'math_calc' tool
[90m2026-09-19 00:44:53[0m [MetaXROperator] [32m[INFO][0m Registered 'math_dot' tool
[90m2026-09-19 00:44:53[0m [MetaXROperator] [32m[INFO][0m Registered 'math_cross' tool
[90m2026-09-19 00:44:53[0m [MetaXROperator] [32m[INFO][0m Registered 'math_add' tool
[90m2026-09-19 00:44:53[0m [MetaXROperator] [32m[INFO][0m Registered 'math_sub' tool
[90m2026-09-19 00:44:53[0m [MetaXROperator] [32m[INFO][0m Registered 'math_mul' tool
[90m2026-09-19 00:44:53[0m [MetaXROperator] [32m[INFO][0m Registered 'math_div' tool
[90m2026-09-19 00:44:53[0m [MetaXROperator] [32m[INFO][0m Registered 'math_build_quat' tool
[90m2026-09-19 00:44:53[0m [MetaXROperator] [32m[INFO][0m Registered 'math_decompose_quat' tool
[90m2026-09-19 00:44:53[0m [MetaXROperator] [32m[INFO][0m Registered 'math_multiply_quat' tool
[90m2026-09-19 00:44:53[0m [MetaXROperator] [32m[INFO][0m Registered 'openxr_get_instance_info' tool
[90m2026-09-19 00:44:53[0m [MetaXROperator] [32m[INFO][0m Registered 'openxr_get_session_info' tool
[90m2026-09-19 00:44:53[0m [MetaXROperator] [32m[INFO][0m Registered 'openxr_get_system_info' tool
[90m2026-09-19 00:44:53[0m [MetaXROperator] [32m[INFO][0m Registered 'openxr_get_frame_info' tool
[90m2026-09-19 00:44:53[0m [MetaXROperator] [32m[INFO][0m Skipping 'openxr_capture_composited_image' tool (predicate returned false)
[90m2026-09-19 00:44:53[0m [MetaXROperator] [32m[INFO][0m Registered 'openxr_list_spatial_entities' tool
[90m2026-09-19 00:44:53[0m [MetaXROperator] [32m[INFO][0m Registered 'openxr_exit_session' tool
[90m2026-09-19 00:44:53[0m [MetaXROperator] [32m[INFO][0m Skipping 'openxr_set_controller_input' tool (predicate returned false)
[90m2026-09-19 00:44:53[0m [MetaXROperator] [32m[INFO][0m Skipping 'openxr_set_head_pose' tool (predicate returned false)
[90m2026-09-19 00:44:53[0m [MetaXROperator] [32m[INFO][0m Skipping 'openxr_set_controller_pose' tool (predicate returned false)
[90m2026-09-19 00:44:53[0m [MetaXROperator] [32m[INFO][0m Registered 'convert_unity_pose_to_openxr' tool
[90m2026-09-19 00:44:53[0m [MetaXROperator] [32m[INFO][0m Registered 'convert_openxr_pose_to_unity' tool
[90m2026-09-19 00:44:53[0m [MetaXROperator] [32m[INFO][0m Registered 'openxr_[OVRPlugin][ERROR] [XRCMD][failure] [XR_ERROR_FORM_FACTOR_UNAVAILABLE]: xrGetSystem(instance, &systemGetInfo, &systemId), arvr\projects\integrations\OVRPlugin\Src\Util\CompositorOpenXR.cpp:1475
 (arvr\projects\integrations\OVRPlugin\Src\Util/CompositorOpenXR.h:311)[OVRPlugin][ERROR] [XRCMD][failure] [XR_ERROR_FORM_FACTOR_UNAVAILABLE]: xrGetSystem(instance, &systemGetInfo, &systemId), arvr\projects\integrations\OVRPlugin\Src\Util\CompositorOpenXR.cpp:1485
 (arvr\projects\integrations\OVRPlugin\Src\Util/CompositorOpenXR.h:311)[OVRPlugin][ERROR] [XRCMD][failure] [XR_ERROR_FORM_FACTOR_UNAVAILABLE]: xrGetSystem(instance, &systemGetInfo, &systemId), arvr\projects\integrations\OVRPlugin\Src\Util\CompositorOpenXR.cpp:1485
 (arvr\projects\integrations\OVRPlugin\Src\Util/CompositorOpenXR.h:311)[OVRPlugin][ERROR] [XRCMD][failure] [XR_ERROR_FORM_FACTOR_UNAVAILABLE]: xrGetSystem(instance, &systemGetInfo, &systemId), arvr\projects\integrations\OVRPlugin\Src\Util\CompositorOpenXR.cpp:1485
 (arvr\projects\integrations\OVRPlugin\Src\Util/CompositorOpenXR.h:311)[OVRPlugin][ERROR] [XRCMD][failure] [XR_ERROR_FORM_FACTOR_UNAVAILABLE]: xrGetSystem(instance, &systemGetInfo, &systemId), arvr\projects\integrations\OVRPlugin\Src\Util\CompositorOpenXR.cpp:1485
 (arvr\projects\integrations\OVRPlugin\Src\Util/CompositorOpenXR.h:311)[OVRPlugin][ERROR] [XRCMD][failure] [XR_ERROR_FORM_FACTOR_UNAVAILABLE]: xrGetSystem(instance, &systemGetInfo, &systemId), arvr\projects\integrations\OVRPlugin\Src\Util\CompositorOpenXR.cpp:1485
 (arvr\projects\integrations\OVRPlugin\Src\Util/CompositorOpenXR.h:311)[OVRPlugin][ERROR] CompositorOpenXR::PreInitialize() returns failure
 (arvr\projects\integrations\OVRPlugin\Src\OVR_Plugin_UnityOpenXR.cpp:59)[Subsystems] Loading plugin UnityOpenXR for subsystem OpenXR Display...
[XR] [24964] [00:45:03.833][Info   ] Available Layers: (1)
[OVRPlugin][INFO] UnityPluginLoad called
[OVRPlugin][INFO] UnityOpenXR_SetClientVersion(1, 205, 0) called
[OVRPlugin][INFO] ovrp_UnityOpenXR_HookGetInstanceProcAddr(00007FFE4EC6835A)
[OVRPlugin][INFO] [CompositorOpenXR::SetExternalXrGetInstanceProcAddr] xrGetInstanceProcAddr set to 00007FFE4EC6835A. All OpenXR API Entires unbound.
[OVRPlugin][INFO] CompositorOpenXR::PreInitialize(activity = 0000000000000000, apiType = 0, preinitializeFlags=0x1)
[OVRPlugin][INFO] Support Non-Oculus runtime: NO
[OVRPlugin][INFO] Use Alpha Blend Factors: NO
[OVRPlugin][INFO] RetryHMDConnection: YES
[OVRPlugin][INFO]  -- Set xrGetInstanceProcAddr to external function pointer
[OVRPlugin][INFO] Available Layers: (1)
[OVRPlugin][INFO]   Name=XR_APILAYER_METAX_operator SpecVersion=1.1.0 LayerVersion=1 Description=API layer that providing agentic interface for OpenXR
[OVRPlugin][INFO]     Available Extensions: (1)
[OVRPlugin][INFO]      Name=XR_METAX1_agentic_external_tool SpecVersion=1
[OVRPlugin][INFO] Preinitialize: xrCreateInstance() succeeded
[OVRPlugin][INFO] OpenXR runtime name: Oculus, version 1.207.0
[OVRPlugin][INFO] xrGetSystem() retry 1 failed
[OVRPlugin][INFO] xrGetSystem() retry 2 failed
[OVRPlugin][INFO] xrGetSystem() retry 3 failed
[OVRPlugin][INFO] xrGetSystem() retry 4 failed
[OVRPlugin][INFO] xrGetSystem() retry 5 failed
[OVRPlugin][INFO] xrGetSystem() failed, which might be caused by a temporarly HMD connectivity issue. xrInstance to be destroyed
[OVRPlugin][INFO] ProfilerSystem: verbose mode 0
[OVRPlugin][INFO] OVRPlugin 1.205.0 ... preinitialized
[OVRPlugin][INFO] Func_xrGetInstanceProcAddr: override xrCreateInstance
[OVRPlugin][INFO] Func_xrCreateInstance(0000027DC66A5F20)
[OVRPlugin][INFO] OpenXR Loader Version 1.1.59
[OVRPlugin][INFO] Unity Requested Extensions (70):
[OVRPlugin][INFO] Available Extensions: (91)
[OVRPlugin][INFO]  Name=XR_METAX1_agentic_external_tool SpecVersion=1
[OVRPlugin][INFO]  Name=XR_KHR_D3D11_enable SpecVersion=11
[OVRPlugin][INFO]  Name=XR_KHR_vulkan_enable SpecVersion=10
[OVRPlugin][INFO]  Name=XR_KHR_composition_layer_depth SpecVersion=6
[OVRPlugin][INFO]  Name=XR_KHR_convert_timespec_time SpecVersion=1
[OVRPlugin][INFO]  Name=XR_KHR_composition_layer_cube SpecVersion=8
[OVRPlugin][INFO]  Name=XR_KHR_composition_layer_cylinder SpecVersion=4
[OVRPlugin][INFO]  Name=XR_KHR_visibility_mask SpecVersion=2
[OVRPlugin][INFO]  Name=XR_KHR_composition_layer_color_scale_bias SpecVersion=5
[OVRPlugin][INFO]  Name=XR_EXT_debug_utils SpecVersion=5
[OVRPlugin][INFO]  Name=XR_OCULUS_audio_device_guid SpecVersion=1
[OVRPlugin][INFO]  Name=XR_FB_color_space SpecVersion=3
[OVRPlugin][INFO]  Name=XR_FB_display_refresh_rate SpecVersion=1
[OVRPlugin][INFO]  Name=XR_META_performance_metrics SpecVersion=2
[OVRPlugin][INFO]  Name=XR_META_headset_id SpecVersion=2
[OVRPlugin][INFO]  Name=XR_EXT_hand_interaction SpecVersion=2
[OVRPlugin][INFO]  Name=XR_EXT_hand_tracking SpecVersion=4
[OVRPlugin][INFO]  Name=XR_FB_hand_tracking_mesh SpecVersion=3
[OVRPlugin][INFO]  Name=XR_META_simultaneous_hands_and_controllers SpecVersion=1
[OVRPlugin][INFO]  Name=XR_FB_hand_tracking_aim SpecVersion=2
[OVRPlugin][INFO]  Name=XR_FB_hand_tracking_capsules SpecVersion=3
[OVRPlugin][INFO]  Name=XR_EXT_hand_tracking_data_source SpecVersion=1
[OVRPlugin][INFO]  Name=XR_META_hand_tracking_microgestures SpecVersion=1
[OVRPlugin][INFO]  Name=XR_EXTX2_stationary_reference_space SpecVersion=1
[OVRPlugin][INFO]  Name=XR_FB_body_tracking SpecVersion=1
[OVRPlugin][INFO]  Name=XR_META_body_tracking_full_body SpecVersion=1
[OVRPlugin][INFO]  Name=XR_META_body_tracking_fidelity SpecVersion=1
[OVRPlugin][INFO]  Name=XR_META_body_tracking_calibration SpecVersion=1
[OVRPlugin][INFO]  Name=XR_FB_passthrough SpecVersion=5
[OVRPlugin][INFO]  Name=XR_META_passthrough_layer_resumed_event SpecVersion=1
[OVRPlugin][INFO]  Name=XR_FB_triangle_mesh SpecVersion=2
[OVRPlugin][INFO]  Name=XR_META_passthrough_color_lut SpecVersion=1
[OVRPlugin][INFO]  Name=XR_META_passthrough_preferences SpecVersion=1
[OVRPlugin][INFO]  Name=XR_FB_render_model SpecVersion=4
[OVRPlugin][INFO]  Name=XR_FB_spatial_entity_container SpecVersion=2
[OVRPlugin][INFO]  Name=XR_FB_scene SpecVersion=4
[OVRPlugin][INFO]  Name=XR_FB_spatial_entity SpecVersion=3
[OVRPlugin][INFO]  Name=XR_FB_spatial_entity_storage SpecVersion=1
[OVRPlugin][INFO]  Name=XR_FB_spatial_entity_query SpecVersion=1
[OVRPlugin][INFO]  Name=XR_FB_spatial_entity_user SpecVersion=1
[OVRPlugin][INFO]  Name=XR_FB_spatial_entity_storage_batch SpecVersion=1
[OVRPlugin][INFO]  Name=XR_FB_spatial_entity_sharing SpecVersion=1
[OVRPlugin][INFO]  Name=XR_META_spatial_entity_persistence SpecVersion=1
[OVRPlugin][INFO]  Name=XR_META_spatial_entity_discovery SpecVersion=1
[OVRPlugin][INFO]  Name=XR_META_spatial_entity_group_sharing SpecVersion=1
[OVRPlugin][INFO]  Name=XR_META_spatial_entity_mesh SpecVersion=1
[OVRPlugin][INFO]  Name=XR_META_spatial_entity_room_mesh SpecVersion=1
[OVRPlugin][INFO]  Name=XR_META_spatial_entity_sharing SpecVersion=1
[OVRPlugin][INFO]  Name=XR_METAX1_spatial_entity_marker SpecVersion=1
[OVRPlugin][INFO]  Name=XR_EXT_spatial_entity SpecVersion=1
[OVRPlugin][INFO]  Name=XR_EXT_spatial_marker_tracking SpecVersion=1
[OVRPlugin][INFO]  Name=XR_META_boundary_visibility SpecVersion=1
[OVRPlugin][INFO]  Name=XR_META_colocation_discovery SpecVersion=1
[OVRPlugin][INFO]  Name=XR_META_dynamic_object_tracker SpecVersion=1
[OVRPlugin][INFO]  Name=XR_META_dynamic_object_keyboard SpecVersion=1
[OVRPlugin][INFO]  Name=XR_META_environment_raycast SpecVersion=1
[OVRPlugin][INFO]  Name=XR_METAX1_passthrough_camera_data SpecVersion=1
[OVRPlugin][INFO]  Name=XR_META_virtual_keyboard SpecVersion=1
[OVRPlugin][INFO]  Name=XR_EXT_local_floor SpecVersion=1
[OVRPlugin][INFO]  Name=XR_EXT_future SpecVersion=2
[OVRPlugin][INFO]  Name=XR_FB_haptic_amplitude_envelope SpecVersion=1
[OVRPlugin][INFO]  Name=XR_FB_haptic_pcm SpecVersion=1
[OVRPlugin][INFO]  Name=XR_FB_touch_controller_pro SpecVersion=1
[OVRPlugin][INFO]  Name=XR_META_touch_controller_plus SpecVersion=1
[OVRPlugin][INFO]  Name=XR_FB_touch_controller_proximity SpecVersion=1
[OVRPlugin][INFO]  Name=XR_META_detached_controllers SpecVersion=1
[OVRPlugin][INFO]  Name=XR_LOGITECH_mx_ink_stylus_interaction SpecVersion=1
[OVRPlugin][INFO]  Name=XR_EXTX1_haptic_parametric SpecVersion=1
[OVRPlugin][INFO]  Name=XR_METAX2_debug_utils_region_profiling SpecVersion=1
[OVRPlugin][INFO]  Name=XR_METAX3_debug_utils_region_profiling SpecVersion=1
[OVRPlugin][INFO] Unavailable OpenXR extension: XR_KHR_D3D12_enable
[OVRPlugin][INFO] Unavailable OpenXR extension: XR_EXT_performance_settings
[OVRPlugin][INFO] Unavailable OpenXR extension: XR_FB_swapchain_update_state
[OVRPlugin][INFO] Unavailable OpenXR extension: XR_FB_swapchain_update_state_vulkan
[OVRPlugin][INFO] Unavailable OpenXR extension: XR_FB_foveation
[OVRPlugin][INFO] Unavailable OpenXR extension: XR_FB_foveation_configuration
[OVRPlugin][INFO] Unavailable OpenXR extension: XR_FB_foveation_vulkan
[OVRPlugin][INFO] Unavailable OpenXR extension: XR_META_vulkan_swapchain_create_info
[OVRPlugin][INFO] Unavailable OpenXR extension: XR_META_foveation_eye_tracked
[OVRPlugin][INFO] Unavailable OpenXR extension: XR_FB_composition_layer_image_layout
[OVRPlugin][INFO] Unavailable OpenXR extension: XR_KHR_composition_layer_equirect2
[OVRPlugin][INFO] Unavailable OpenXR extension: XR_FB_passthrough_keyboard_hands
[OVRPlugin][INFO] Unavailable OpenXR extension: XR_OCULUS_external_camera
[OVRPlugin][INFO] Unavailable OpenXR extension: XR_FB_common_events
[OVRPlugin][INFO] Unavailable OpenXR extension: XR_FB_keyboard_tracking
[OVRPlugin][INFO] Unavailable OpenXR extension: XR_EXT_hand_joints_motion_range
[OVRPlugin][INFO] Unavailable OpenXR extension: XR_META_hand_tracking_wide_motion_mode
[OVRPlugin][INFO] Unavailable OpenXR extension: XR_META_hand_tracking_unextrapolated_poses
[OVRPlugin][INFO] Unavailable OpenXR extension: XR_META_hand_tracking_wide_motion_mode2
[OVRPlugin][INFO] Unavailable OpenXR extension: XR_FB_face_tracking
[OVRPlugin][INFO] Unavailable OpenXR extension: XR_FB_face_tracking2
[OVRPlugin][INFO] Unavailable OpenXR extension: XR_META_face_tracking_convert_pose_between_spaces' tool
[90m2026-09-19 00:44:58[0m [MetaXROperator] [32m[INFO][0m AgenticLayerXrDestroyInstance called
[90m2026-09-19 00:45:02[0m [MetaXROperator] [32m[INFO][0m Telemetry session closed
[90m2026-09-19 00:45:02[0m [MetaXROperator] [32m[INFO][0m Telemetry shut down
[90m2026-09-19 00:45:02[0m [MetaXROperator] [32m[INFO][0m Destroying Agentic MCP Server...
[90m2026-09-19 00:45:03[0m [MetaXROperator] [32m[INFO][0m MCP Server stopped successfully
[90m2026-09-19 00:45:03[0m [MetaXROperator] [32m[INFO][0m AgenticLayerXrDestroyInstance succeeded
[90m2026-09-19 00:45:03[0m [MetaXROperator] [32m[INFO][0m Agentic XR API layer negotiation started
[90m2026-09-19 00:45:03[0m [MetaXROperator] [32m[INFO][0m Agentic XR API layer initialized
[MetaXROperator] file logging enabled: C:\Users\GARV BANSAL\AppData\Local\meta-xr-operator\Logs\api_layer_2026-09-19_00-45-03-837_35940\api_layer.log
[MetaXRFeature] OpenXR runtime supports XR_META_headset_id extension. MetaXRFeature is enabled.
UnityEngine.Debug:ExtractStackTraceNoAlloc (byte*,int,string)
UnityEngine.StackTraceUtility:ExtractStackTrace ()
UnityEngine.DebugLogHandler:Internal_Log (UnityEngine.LogType,UnityEngine.LogOption,string,UnityEngine.Object)
UnityEngine.DebugLogHandler:LogFormat (UnityEngine.LogType,UnityEngine.Object,string,object[])
UnityEngine.Logger:Log (UnityEngine.LogType,object)
UnityEngine.Debug:Log (object)
Meta.XR.MetaXRFeature:OnInstanceCreate (ulong) (at ./Library/PackageCache/com.meta.xr.sdk.core@4ea2676097b9/Scripts/OpenXRFeatures/MetaXRFeature.cs:299)
UnityEngine.XR.OpenXR.Features.OpenXRFeature:ReceiveNativeEvent (UnityEngine.XR.OpenXR.Features.OpenXRFeature/NativeEvent,ulong) (at ./Library/PackageCache/com.unity.xr.openxr@ef0033a586bf/Runtime/Features/OpenXRFeature.cs:698)
UnityEngine.XR.OpenXR.OpenXRLoaderBase:ReceiveNativeEvent (UnityEngine.XR.OpenXR.Features.OpenXRFeature/NativeEvent,ulong) (at ./Library/PackageCache/com.unity.xr.openxr@ef0033a586bf/Runtime/OpenXRLoader.cs:707)
UnityEngine.IntegratedSubsystemDescriptor`1<UnityEngine.XR.XRDisplaySubsystem>:Create ()
UnityEngine.IntegratedSubsystemDescriptor`1<UnityEngine.XR.XRDisplaySubsystem>:CreateImpl ()
UnityEngine.IntegratedSubsystemDescriptor:UnityEngine.ISubsystemDescriptor.Create ()
UnityEngine.XR.Management.XRLoaderHelper:CreateSubsystem<UnityEngine.XR.XRDisplaySubsystemDescriptor, UnityEngine.XR.XRDisplaySubsystem> (System.Collections.Generic.List`1<UnityEngine.XR.XRDisplaySubsystemDescriptor>,string) (at ./Library/PackageCache/com.unity.xr.management@20be87dea580/Runtime/XRLoaderHelper.cs:118)
UnityEngine.XR.OpenXR.OpenXRLoaderBase:CreateSubsystem<UnityEngine.XR.XRDisplaySubsystemDescriptor, UnityEngine.XR.XRDisplaySubsystem> (System.Collections.Generic.List`1<UnityEngine.XR.XRDisplaySubsystemDescriptor>,string) (at ./Library/PackageCache/com.unity.xr.openxr@ef0033a586bf/Runtime/OpenXRLoader.cs:511)
UnityEngine.XR.OpenXR.OpenXRLoaderBase:CreateSubsystems () (at ./Library/PackageCache/com.unity.xr.openxr@ef0033a586bf/Runtime/OpenXRLoader.cs:291)
UnityEngine.XR.OpenXR.OpenXRLoaderBase:InitializeInternal () (at ./Library/PackageCache/com.unity.xr.openxr@ef0033a586bf/Runtime/OpenXRLoader.cs:264)
UnityEngine.XR.OpenXR.OpenXRLoaderBase:Initialize () (at ./Library/PackageCache/com.unity.xr.openxr@ef0033a586bf/Runtime/OpenXRLoader.cs:205)
UnityEngine.XR.Management.XRManagerSettings:InitializeLoaderSync () (at ./Library/PackageCache/com.unity.xr.management@20be87dea580/Runtime/XRManagerSettings.cs:190)
UnityEngine.XR.Management.XRGeneralSettings:InitXRSDK () (at ./Library/PackageCache/com.unity.xr.management@20be87dea580/Runtime/XRGeneralSettings.cs:175)
UnityEngine.XR.Management.XRGeneralSettings:AttemptInitializeXRSDKOnLoad () (at ./Library/PackageCache/com.unity.xr.management@20be87dea580/Runtime/XRGeneralSettings.cs:148)

(Filename: ./Library/PackageCache/com.meta.xr.sdk.core@4ea2676097b9/Scripts/OpenXRFeatures/MetaXRFeature.cs Line: 299)

[MetaXRFeature] OnInstanceCreate: 1
UnityEngine.Debug:ExtractStackTraceNoAlloc (byte*,int,string)
UnityEngine.StackTraceUtility:ExtractStackTrace ()
UnityEngine.DebugLogHandler:Internal_Log (UnityEngine.LogType,UnityEngine.LogOption,string,UnityEngine.Object)
UnityEngine.DebugLogHandler:LogFormat (UnityEngine.LogType,UnityEngine.Object,string,object[])
UnityEngine.Logger:Log (UnityEngine.LogType,object)
UnityEngine.Debug:Log (object)
Meta.XR.MetaXRFeature:OnInstanceCreate (ulong) (at ./Library/PackageCache/com.meta.xr.sdk.core@4ea2676097b9/Scripts/OpenXRFeatures/MetaXRFeature.cs:315)
UnityEngine.XR.OpenXR.Features.OpenXRFeature:ReceiveNativeEvent (UnityEngine.XR.OpenXR.Features.OpenXRFeature/NativeEvent,ulong) (at ./Library/PackageCache/com.unity.xr.openxr@ef0033a586bf/Runtime/Features/OpenXRFeature.cs:698)
UnityEngine.XR.OpenXR.OpenXRLoaderBase:ReceiveNativeEvent (UnityEngine.XR.OpenXR.Features.OpenXRFeature/NativeEvent,ulong) (at ./Library/PackageCache/com.unity.xr.openxr@ef0033a586bf/Runtime/OpenXRLoader.cs:707)
UnityEngine.IntegratedSubsystemDescriptor`1<UnityEngine.XR.XRDisplaySubsystem>:Create ()
UnityEngine.IntegratedSubsystemDescriptor`1<UnityEngine.XR.XRDisplaySubsystem>:CreateImpl ()
UnityEngine.IntegratedSubsystemDescriptor:UnityEngine.ISubsystemDescriptor.Create ()
UnityEngine.XR.Management.XRLoaderHelper:CreateSubsystem<UnityEngine.XR.XRDisplaySubsystemDescriptor, UnityEngine.XR.XRDisplaySubsystem> (System.Collections.Generic.List`1<UnityEngine.XR.XRDisplaySubsystemDescriptor>,string) (at ./Library/PackageCache/com.unity.xr.management@20be87dea580/Runtime/XRLoaderHelper.cs:118)
UnityEngine.XR.OpenXR.OpenXRLoaderBase:CreateSubsystem<UnityEngine.XR.XRDisplaySubsystemDescriptor, UnityEngine.XR.XRDisplaySubsystem> (System.Collections.Generic.List`1<UnityEngine.XR.XRDisplaySubsystemDescriptor>,string) (at ./Library/PackageCache/com.unity.xr.openxr@ef0033a586bf/Runtime/OpenXRLoader.cs:511)
UnityEngine.XR.OpenXR.OpenXRLoaderBase:CreateSubsystems () (at ./Library/PackageCache/com.unity.xr.openxr@ef0033a586bf/Runtime/OpenXRLoader.cs:291)
UnityEngine.XR.OpenXR.OpenXRLoaderBase:InitializeInternal () (at ./Library/PackageCache/com.unity.xr.openxr@ef0033a586bf/Runtime/OpenXRLoader.cs:264)
UnityEngine.XR.OpenXR.OpenXRLoaderBase:Initialize () (at ./Library/PackageCache/com.unity.xr.openxr@ef0033a586bf/Runtime/OpenXRLoader.cs:205)
UnityEngine.XR.Management.XRManagerSettings:InitializeLoaderSync () (at ./Library/PackageCache/com.unity.xr.management@20be87dea580/Runtime/XRManagerSettings.cs:190)
UnityEngine.XR.Management.XRGeneralSettings:InitXRSDK () (at ./Library/PackageCache/com.unity.xr.management@20be87dea580/Runtime/XRGeneralSettings.cs:175)
UnityEngine.XR.Management.XRGeneralSettings:AttemptInitializeXRSDKOnLoad () (at ./Library/PackageCache/com.unity.xr.management@20be87dea580/Runtime/XRGeneralSettings.cs:148)

(Filename: ./Library/PackageCache/com.meta.xr.sdk.core@4ea2676097b9/Scripts/OpenXRFeatures/MetaXRFeature.cs Line: 315)

[OVRPlugin][ERROR] [XRCMD][failure] [XR_ERROR_FORM_FACTOR_UNAVAILABLE]: xrGetSystem(instance, &systemGetInfo, &systemId), arvr\projects\integrations\OVRPlugin\Src\Util\CompositorOpenXR.cpp:2964
 (arvr\projects\integrations\OVRPlugin\Src\Util/CompositorOpenXR.h:311)[OVRPlugin][ERROR] [XRCMD][failure] [XR_ERROR_FORM_FACTOR_UNAVAILABLE]: xrGetSystem(instance, &systemGetInfo, &systemId), arvr\projects\integrations\OVRPlugin\Src\Util\CompositorOpenXR.cpp:2973
 (arvr\projects\integrations\OVRPlugin\Src\Util/CompositorOpenXR.h:311)[OVRPlugin][ERROR] [XRCMD][failure] [XR_ERROR_FORM_FACTOR_UNAVAILABLE]: xrGetSystem(instance, &systemGetInfo, &systemId), arvr\projects\integrations\OVRPlugin\Src\Util\CompositorOpenXR.cpp:2973
 (arvr\projects\integrations\OVRPlugin\Src\Util/CompositorOpenXR.h:311)[OVRPlugin][ERROR] [XRCMD][failure] [XR_ERROR_FORM_FACTOR_UNAVAILABLE]: xrGetSystem(instance, &systemGetInfo, &systemId), arvr\projects\integrations\OVRPlugin\Src\Util\CompositorOpenXR.cpp:2973
 (arvr\projects\integrations\OVRPlugin\Src\Util/CompositorOpenXR.h:311)[OVRPlugin][ERROR] [XRCMD][failure] [XR_ERROR_FORM_FACTOR_UNAVAILABLE]: xrGetSystem(instance, &systemGetInfo, &systemId), arvr\projects\integrations\OVRPlugin\Src\Util\CompositorOpenXR.cpp:2973
 (arvr\projects\integrations\OVRPlugin\Src\Util/CompositorOpenXR.h:311)[OVRPlugin][ERROR] [XRCMD][failure] [XR_ERROR_FORM_FACTOR_UNAVAILABLE]: xrGetSystem(instance, &systemGetInfo, &systemId), arvr\projects\integrations\OVRPlugin\Src\Util\CompositorOpenXR.cpp:2973
 (arvr\projects\integrations\OVRPlugin\Src\Util/CompositorOpenXR.h:311)[OVRPlugin][ERROR] Plugin failed to initialize.
 (arvr\projects\integrations\OVRPlugin\Src\Util\CompositorOpenXR.cpp:1175)[OVRPlugin][ERROR] Unable to create compositor: -1006
 (arvr\projects\integrations\OVRPlugin\Src\OVR_Plugin_UnityOpenXR.cpp:186)[MetaXRFeature] OnInstanceCreate returned an error. If you are using Quest Link, please verify if it's started.
UnityEngine.Debug:ExtractStackTraceNoAlloc (byte*,int,string)
UnityEngine.StackTraceUtility:ExtractStackTrace ()
UnityEngine.DebugLogHandler:Internal_Log (UnityEngine.LogType,UnityEngine.LogOption,string,UnityEngine.Object)
UnityEngine.DebugLogHandler:LogFormat (UnityEngine.LogType,UnityEngine.Object,string,object[])
UnityEngine.Logger:Log (UnityEngine.LogType,object)
UnityEngine.Debug:LogWarning (object)
Meta.XR.MetaXRFeature:OnInstanceCreate (ulong) (at ./Library/PackageCache/com.meta.xr.sdk.core@4ea2676097b9/Scripts/OpenXRFeatures/MetaXRFeature.cs:319)
UnityEngine.XR.OpenXR.Features.OpenXRFeature:ReceiveNativeEvent (UnityEngine.XR.OpenXR.Features.OpenXRFeature/NativeEvent,ulong) (at ./Library/PackageCache/com.unity.xr.openxr@ef0033a586bf/Runtime/Features/OpenXRFeature.cs:698)
UnityEngine.XR.OpenXR.OpenXRLoaderBase:ReceiveNativeEvent (UnityEngine.XR.OpenXR.Features.OpenXRFeature/NativeEvent,ulong) (at ./Library/PackageCache/com.unity.xr.openxr@ef0033a586bf/Runtime/OpenXRLoader.cs:707)
UnityEngine.IntegratedSubsystemDescriptor`1<UnityEngine.XR.XRDisplaySubsystem>:Create ()
UnityEngine.IntegratedSubsystemDescriptor`1<UnityEngine.XR.XRDisplaySubsystem>:CreateImpl ()
UnityEngine.IntegratedSubsystemDescriptor:UnityEngine.ISubsystemDescriptor.Create ()
UnityEngine.XR.Management.XRLoaderHelper:CreateSubsystem<UnityEngine.XR.XRDisplaySubsystemDescriptor, UnityEngine.XR.XRDisplaySubsystem> (System.Collections.Generic.List`1<UnityEngine.XR.XRDisplaySubsystemDescriptor>,string) (at ./Library/PackageCache/com.unity.xr.management@20be87dea580/Runtime/XRLoaderHelper.cs:118)
UnityEngine.XR.OpenXR.OpenXRLoaderBase:CreateSubsystem<UnityEngine.XR.XRDisplaySubsystemDescriptor, UnityEngine.XR.XRDisplaySubsystem> (System.Collections.Generic.List`1<UnityEngine.XR.XRDisplaySubsystemDescriptor>,string) (at ./Library/PackageCache/com.unity.xr.openxr@ef0033a586bf/Runtime/OpenXRLoader.cs:511)
UnityEngine.XR.OpenXR.OpenXRLoaderBase:CreateSubsystems () (at ./Library/PackageCache/com.unity.xr.openxr@ef0033a586bf/Runtime/OpenXRLoader.cs:291)
UnityEngine.XR.OpenXR.OpenXRLoaderBase:InitializeInternal () (at ./Library/PackageCache/com.unity.xr.openxr@ef0033a586bf/Runtime/OpenXRLoader.cs:264)
UnityEngine.XR.OpenXR.OpenXRLoaderBase:Initialize () (at ./Library/PackageCache/com.unity.xr.openxr@ef0033a586bf/Runtime/OpenXRLoader.cs:205)
UnityEngine.XR.Management.XRManagerSettings:InitializeLoaderSync () (at ./Library/PackageCache/com.unity.xr.management@20be87dea580/Runtime/XRManagerSettings.cs:190)
UnityEngine.XR.Management.XRGeneralSettings:InitXRSDK () (at ./Library/PackageCache/com.unity.xr.management@20be87dea580/Runtime/XRGeneralSettings.cs:175)
UnityEngine.XR.Management.XRGeneralSettings:AttemptInitializeXRSDKOnLoad () (at ./Library/PackageCache/com.unity.xr.management@20be87dea580/Runtime/XRGeneralSettings.cs:148)

(Filename: ./Library/PackageCache/com.meta.xr.sdk.core@4ea2676097b9/Scripts/OpenXRFeatures/MetaXRFeature.cs Line: 319)

[MetaXRFeature]: ErrorFormFactorUnavailable xrGetSystem
UnityEngine.Debug:ExtractStackTraceNoAlloc (byte*,int,string)
UnityEngine.StackTraceUtility:ExtractStackTrace ()
UnityEngine.DebugLogHandler:Internal_Log (UnityEngine.LogType,UnityEngine.LogOption,string,UnityEngine.Object)
UnityEngine.DebugLogHandler:LogFormat (UnityEngine.LogType,UnityEngine.Object,string,object[])
UnityEngine.Logger:LogFormat (UnityEngine.LogType,string,object[])
UnityEngine.Debug:LogErrorFormat (string,object[])
Meta.XR.Extensions:LogErrorFormat (string,object) (at ./Library/PackageCache/com.meta.xr.sdk.core@4ea2676097b9/Scripts/OpenXRFeatures/XrResult.cs:205)
Meta.XR.Extensions:OrLogFormat (Meta.XR.XrResult,string) (at ./Library/PackageCache/com.meta.xr.sdk.core@4ea2676097b9/Scripts/OpenXRFeatures/XrResult.cs:269)
Meta.XR.MetaXRFeature:BindFunctionPointers () (at ./Library/PackageCache/com.meta.xr.sdk.core@4ea2676097b9/Scripts/OpenXRFeatures/MetaXRFeature.cs:423)
Meta.XR.MetaFeatureBase`1<Meta.XR.MetaXRFeature>:OnInstanceCreate (ulong) (at ./Library/PackageCache/com.meta.xr.sdk.core@4ea2676097b9/Scripts/OpenXRFeatures/MetaFeatureBase.cs:134)
Meta.XR.MetaXRFeature:OnInstanceCreate (ulong) (at ./Library/PackageCache/com.meta.xr.sdk.core@4ea2676097b9/Scripts/OpenXRFeatures/MetaXRFeature.cs:321)
UnityEngine.XR.OpenXR.Features.OpenXRFeature:ReceiveNativeEvent (UnityEngine.XR.OpenXR.Features.OpenXRFeature/NativeEvent,ulong) (at ./Library/PackageCache/com.unity.xr.openxr@ef0033a586bf/Runtime/Features/OpenXRFeature.cs:698)
UnityEngine.XR.OpenXR.OpenXRLoaderBase:ReceiveNativeEvent (UnityEngine.XR.OpenXR.Features.OpenXRFeature/NativeEvent,ulong) (at ./Library/PackageCache/com.unity.xr.openxr@ef0033a586bf/Runtime/OpenXRLoader.cs:707)
UnityEngine.IntegratedSubsystemDescriptor`1<UnityEngine.XR.XRDisplaySubsystem>:Create ()
UnityEngine.IntegratedSubsystemDescriptor`1<UnityEngine.XR.XRDisplaySubsystem>:CreateImpl ()
UnityEngine.IntegratedSubsystemDescriptor:UnityEngine.ISubsystemDescriptor.Create ()
UnityEngine.XR.Management.XRLoaderHelper:CreateSubsystem<UnityEngine.XR.XRDisplaySubsystemDescriptor, UnityEngine.XR.XRDisplaySubsystem> (System.Collections.Generic.List`1<UnityEngine.XR.XRDisplaySubsystemDescriptor>,string) (at ./Library/PackageCache/com.unity.xr.management@20be87dea580/Runtime/XRLoaderHelper.cs:118)
UnityEngine.XR.OpenXR.OpenXRLoaderBase:CreateSubsystem<UnityEngine.XR.XRDisplaySubsystemDescriptor, UnityEngine.XR.XRDisplaySubsystem> (System.Collections.Generic.List`1<UnityEngine.XR.XRDisplaySubsystemDescriptor>,string) (at ./Library/PackageCache/com.unity.xr.openxr@ef0033a586bf/Runtime/OpenXRLoader.cs:511)
UnityEngine.XR.OpenXR.OpenXRLoaderBase:CreateSubsystems () (at ./Library/PackageCache/com.unity.xr.openxr@ef0033a586bf/Runtime/OpenXRLoader.cs:291)
UnityEngine.XR.OpenXR.OpenXRLoaderBase:InitializeInternal () (at ./Library/PackageCache/com.unity.xr.openxr@ef0033a586bf/Runtime/OpenXRLoader.cs:264)
UnityEngine.XR.OpenXR.OpenXRLoaderBase:Initialize () (at ./Library/PackageCache/com.unity.xr.openxr@ef0033a586bf/Runtime/OpenXRLoader.cs:205)
UnityEngine.XR.Management.XRManagerSettings:InitializeLoaderSync () (at ./Library/PackageCache/com.unity.xr.management@20be87dea580/Runtime/XRManagerSettings.cs:190)
UnityEngine.XR.Management.XRGeneralSettings:InitXRSDK () (at ./Library/PackageCache/com.unity.xr.management@20be87dea580/Runtime/XRGeneralSettings.cs:175)
UnityEngine.XR.Management.XRGeneralSettings:AttemptInitializeXRSDKOnLoad () (at ./Library/PackageCache/com.unity.xr.management@20be87dea580/Runtime/XRGeneralSettings.cs:148)

(Filename: ./Library/PackageCache/com.meta.xr.sdk.core@4ea2676097b9/Scripts/OpenXRFeatures/XrResult.cs Line: 205)

ErrorFunctionUnsupported: xrGetInstanceProcAddr failed to get function pointer for 'xrRequestSceneCaptureFB'.
UnityEngine.Debug:ExtractStackTraceNoAlloc (byte*,int,string)
UnityEngine.StackTraceUtility:ExtractStackTrace ()
UnityEngine.DebugLogHandler:Internal_Log (UnityEngine.LogType,UnityEngine.LogOption,string,UnityEngine.Object)
UnityEngine.DebugLogHandler:LogFormat (UnityEngine.LogType,UnityEngine.Object,string,object[])
UnityEngine.Logger:Log (UnityEngine.LogType,object)
UnityEngine.Debug:LogWarning (object)
Meta.XR.OpenXRNativeFuncs:GetInstanceDelegate<Meta.XR.OpenXRNativeFuncs/xrRequestSceneCaptureFB> (Meta.XR.OpenXRNativeFuncs/xrGetInstanceProcAddr,Meta.XR.XrInstance,string,Meta.XR.OpenXRNativeFuncs/xrRequestSceneCaptureFB&) (at ./Library/PackageCache/com.meta.xr.sdk.core@4ea2676097b9/Scripts/OpenXRFeatures/OpenXRNativeFuncs.cs:64)
Meta.XR.MetaFeatureBase`1<Meta.XR.MetaXRFeature>:GetInstanceDelegate<Meta.XR.OpenXRNativeFuncs/xrRequestSceneCaptureFB> (string,Meta.XR.OpenXRNativeFuncs/xrRequestSceneCaptureFB&) (at ./Library/PackageCache/com.meta.xr.sdk.core@4ea2676097b9/Scripts/OpenXRFeatures/MetaFeatureBase.cs:182)
Meta.XR.MetaXRFeature:BindSpatialEntityFunctionPointers () (at ./Library/PackageCache/com.meta.xr.sdk.core@4ea2676097b9/Scripts/OpenXRFeatures/MetaXRSpatialEntityFeature.cs:63)
Meta.XR.MetaXRFeature:BindFunctionPointers () (at ./Library/PackageCache/com.meta.xr.sdk.core@4ea2676097b9/Scripts/OpenXRFeatures/MetaXRFeature.cs:501)
Meta.XR.MetaFeatureBase`1<Meta.XR.MetaXRFeature>:OnInstanceCreate (ulong) (at ./Library/PackageCache/com.meta.xr.sdk.core@4ea2676097b9/Scripts/OpenXRFeatures/MetaFeatureBase.cs:134)
Meta.XR.MetaXRFeature:OnInstanceCreate (ulong) (at ./Library/PackageCache/com.meta.xr.sdk.core@4ea2676097b9/Scripts/OpenXRFeatures/MetaXRFeature.cs:321)
UnityEngine.XR.OpenXR.Features.OpenXRFeature:ReceiveNativeEvent (UnityEngine.XR.OpenXR.Features.OpenXRFeature/NativeEvent,ulong) (at ./Library/PackageCache/com.unity.xr.openxr@ef0033a586bf/Runtime/Features/OpenXRFeature.cs:698)
UnityEngine.XR.OpenXR.OpenXRLoaderBase:ReceiveNativeEvent (UnityEngine.XR.OpenXR.Features.OpenXRFeature/NativeEvent,ulong) (at ./Library/PackageCache/com.unity.xr.openxr@ef0033a586bf/Runtime/OpenXRLoader.cs:707)
UnityEngine.IntegratedSubsystemDescriptor`1<UnityEngine.XR.XRDisplaySubsystem>:Create ()
UnityEngine.IntegratedSubsystemDescriptor`1<UnityEngine.XR.XRDisplaySubsystem>:CreateImpl ()
UnityEngine.IntegratedSubsystemDescriptor:UnityEngine.ISubsystemDescriptor.Create ()
UnityEngine.XR.Management.XRLoaderHelper:CreateSubsystem<UnityEngine.XR.XRDisplaySubsystemDescriptor, UnityEngine.XR.XRDisplaySubsystem> (System.Collections.Generic.List`1<UnityEngine.XR.XRDisplaySubsystemDescriptor>,string) (at ./Library/PackageCache/com.unity.xr.management@20be87dea580/Runtime/XRLoaderHelper.cs:118)
UnityEngine.XR.OpenXR.OpenXRLoaderBase:CreateSubsystem<UnityEngine.XR.XRDisplaySubsystemDescriptor, UnityEngine.XR.XRDisplaySubsystem> (System.Collections.Generic.List`1<UnityEngine.XR.XRDisplaySubsystemDescriptor>,string) (at ./Library/PackageCache/com.unity.xr.openxr@ef0033a586bf/Runtime/OpenXRLoader.cs:511)
UnityEngine.XR.OpenXR.OpenXRLoaderBase:CreateSubsystems () (at ./Library/PackageCache/com.unity.xr.openxr@ef0033a586bf/Runtime/OpenXRLoader.cs:291)
UnityEngine.XR.OpenXR.OpenXRLoaderBase:InitializeInternal () (at ./Library/PackageCache/com.unity.xr.openxr@ef0033a586bf/Runtime/OpenXRLoader.cs:264)
UnityEngine.XR.OpenXR.OpenXRLoaderBase:Initialize () (at ./Library/PackageCache/com.unity.xr.openxr@ef0033a586bf/Runtime/OpenXRLoader.cs:205)
UnityEngine.XR.Management.XRManagerSettings:InitializeLoaderSync () (at ./Library/PackageCache/com.unity.xr.management@20be87dea580/Runtime/XRManagerSettings.cs:190)
UnityEngine.XR.Management.XRGeneralSettings:InitXRSDK () (at ./Library/PackageCache/com.unity.xr.management@20be87dea580/Runtime/XRGeneralSettings.cs:175)
UnityEngine.XR.Management.XRGeneralSettings:AttemptInitializeXRSDKOnLoad () (at ./Library/PackageCache/com.unity.xr.management@20be87dea580/Runtime/XRGeneralSettings.cs:148)

(Filename: ./Library/PackageCache/com.meta.xr.sdk.core@4ea2676097b9/Scripts/OpenXRFeatures/OpenXRNativeFuncs.cs Line: 64)

[XR] [24964] [00:45:08.894][Error  ] xrGetSystem: XR_ERROR_FORM_FACTOR_UNAVAILABLE
[XR] [24964] [00:45:08.894][Info   ] 

==== Start Unity OpenXR Diagnostic Report ====


[XR] [24964] [00:45:08.894][Info   ] ==== Report Reason: Uncaught Exception ====


[XR] [24964] [00:45:08.894][Info   ] ==== OpenXR Settings ====
[XR] [24964] [00:45:08.894][Info   ] 
[XR] [24964] [00:45:08.894][Info   ] Symmetric Projection: False
[XR] [24964] [00:45:08.894][Info   ] Stereo Rendering Mode: SinglePassInstanced
[XR] [24964] [00:45:08.894][Info   ] Latency Optimization: PrioritizeRendering
[XR] [24964] [00:45:08.894][Info   ] Color Submission Modes: kRenderTextureFormatGroup8888
[XR] [24964] [00:45:08.894][Info   ] Depth Submission Mode: None
[XR] [24964] [00:45:08.894][Info   ] Space Warp Motion Vector Texture Format: RGBA16f
[XR] [24964] [00:45:08.894][Info   ] Optimize Buffer Discards: False
[XR] [24964] [00:45:08.894][Info   ] Multiview Render Regions Optimization Mode: None
[XR] [24964] [00:45:08.894][Info   ] Use OpenXR Predicted Time: False
[XR] [24964] [00:45:08.894][Info   ] Foveated Rendering API: Legacy
[XR] [24964] [00:45:08.894][Info   ] 
[XR] [24964] [00:45:08.894][Info   ] ==== OpenXR Provider Info ====
[XR] [24964] [00:45:08.894][Info   ] 
[XR] [24964] [00:45:08.894][Info   ] Provider Version: 1.16.0-18-gc7a9defb
[XR] [24964] [00:45:08.894][Info   ] App: OPUS #3118937138
[XR] [24964] [00:45:08.894][Info   ] Engine: 6000.4.6f1 #88105985
[XR] [24964] [00:45:08.894][Info   ] 
[XR] [24964] [00:45:08.894][Info   ] ==== OpenXR Runtime Info ====
[XR] [24964] [00:45:08.894][Info   ] 
[XR] [24964] [00:45:08.894][Info   ] Available Runtime Extensions: (91)
[XR] [24964] [00:45:08.894][Info   ]   XR_METAX1_agentic_external_tool: Version=1
[XR] [24964] [00:45:08.894][Info   ]   XR_KHR_D3D11_enable: Version=11
[XR] [24964] [00:45:08.894][Info   ]   XR_KHR_D3D12_enable: Version=11
[XR] [24964] [00:45:08.894][Info   ]   XR_KHR_opengl_enable: Version=12
[XR] [24964] [00:45:08.894][Info   ]   XR_KHR_vulkan_enable: Version=10
[XR] [24964] [00:45:08.894][Info   ]   XR_KHR_vulkan_enable2: Version=4
[XR] [24964] [00:45:08.894][Info   ]   XR_KHR_composition_layer_depth: Version=6
[XR] [24964] [00:45:08.894][Info   ]   XR_KHR_win32_convert_performance_counter_time: Version=1
[XR] [24964] [00:45:08.894][Info   ]   XR_KHR_convert_timespec_time: Version=1
[XR] [24964] [00:45:08.894][Info   ]   XR_KHR_composition_layer_cube: Version=8
[XR] [24964] [00:45:08.894][Info   ]   XR_KHR_composition_layer_cylinder: Version=4
[XR] [24964] [00:45:08.894][Info   ]   XR_KHR_composition_layer_equirect: Version=3
[XR] [24964] [00:45:08.894][Info   ]   XR_KHR_visibility_mask: Version=2
[XR] [24964] [00:45:08.894][Info   ]   XR_KHR_composition_layer_color_scale_bias: Version=5
[XR] [24964] [00:45:08.894][Info   ]   XR_KHR_maintenance1: Version=1
[XR] [24964] [00:45:08.894][Info   ]   XR_EXT_win32_appcontainer_compatible: Version=1
[XR] [24964] [00:45:08.894][Info   ]   XR_EXT_debug_utils: Version=5
[XR] [24964] [00:45:08.894][Info   ]   XR_OCULUS_recenter_event: Version=1
[XR] [24964] [00:45:08.894][Info   ]   XR_OCULUS_audio_device_guid: Version=1
[XR] [24964] [00:45:08.894][Info   ]   XR_FB_color_space: Version=3
[XR] [24964] [00:45:08.894][Info   ]   XR_FB_display_refresh_rate: Version=1
[XR] [24964] [00:45:08.895][Info   ]   XR_META_performance_metrics: Version=2
[XR] [24964] [00:45:08.895][Info   ]   XR_META_headset_id: Version=2
[XR] [24964] [00:45:08.895][Info   ]   XR_OCULUS_ovrsession_handle: Version=1
[XR] [24964] [00:45:08.895][Info   ]   XR_EXT_hand_interaction: Version=2
[XR] [24964] [00:45:08.895][Info   ]   XR_EXT_hand_tracking: Version=4
[XR] [24964] [00:45:08.895][Info   ]   XR_FB_hand_tracking_mesh: Version=3
[XR] [24964] [00:45:08.895][Info   ]   XR_META_simultaneous_hands_and_controllers: Version=1
[XR] [24964] [00:45:08.895][Info   ]   XR_FB_hand_tracking_aim: Version=2
[XR] [24964] [00:45:08.895][Info   ]   XR_FB_hand_tracking_capsules: Version=3
[XR] [24964] [00:45:08.895][Info   ]   XR_EXT_hand_tracking_data_source: Version=1
[XR] [24964] [00:45:08.895][Info   ]   XR_META_hand_tracking_microgestures: Version=1
[XR] [24964] [00:45:08.895][Info   ]   XR_EXTX2_stationary_reference_space: Version=1
[XR] [24964] [00:45:08.895][Info   ]   XR_FB_body_tracking: Version=1
[XR] [24964] [00:45:08.895][Info   ]   XR_META_body_tracking_full_body: Version=1
[XR] [24964] [00:45:08.895][Info   ]   XR_META_body_tracking_fidelity: Version=1
[XR] [24964] [00:45:08.895][Info   ]   XR_META_body_tracking_calibration: Version=1
[XR] [24964] [00:45:08.895][Info   ]   XR_FB_passthrough: Version=5
[XR] [24964] [00:45:08.895][Info   ]   XR_META_passthrough_layer_resumed_event: Version=1
[XR] [24964] [00:45:08.895][Info   ]   XR_FB_triangle_mesh: Version=2
[XR] [24964] [00:45:08.895][Info   ]   XR_META_passthrough_color_lut: Version=1
[XR] [24964] [00:45:08.895][Info   ]   XR_META_passthrough_preferences: Version=1
[XR] [24964] [00:45:08.895][Info   ]   XR_FB_render_model: Version=4
[XR] [24964] [00:45:08.895][Info   ]   XR_FB_spatial_entity_container: Version=2
[XR] [24964] [00:45:08.895][Info   ]   XR_FB_scene: Version=4
[XR] [24964] [00:45:08.895][Info   ]   XR_FB_spatial_entity: Version=3
[XR] [24964] [00:45:08.895][Info   ]   XR_FB_spatial_entity_storage: Version=1
[XR] [24964] [00:45:08.895][Info   ]   XR_FB_spatial_entity_query: Version=1
[XR] [24964] [00:45:08.895][Info   ]   XR_FB_spatial_entity_user: Version=1
[XR] [24964] [00:45:08.895][Info   ]   XR_FB_spatial_entity_storage_batch: Version=1
[XR] [24964] [00:45:08.895][Info   ]   XR_FB_spatial_entity_sharing: Version=1
[XR] [24964] [00:45:08.895][Info   ]   XR_META_spatial_entity_persistence: Version=1
[XR] [24964] [00:45:08.895][Info   ]   XR_META_spatial_entity_discovery: Version=1
[XR] [24964] [00:45:08.895][Info   ]   XR_META_spatial_entity_group_sharing: Version=1
[XR] [24964] [00:45:08.895][Info   ]   XR_META_spatial_entity_mesh: Version=1
[XR] [24964] [00:45:08.895][Info   ]   XR_META_spatial_entity_room_mesh: Version=1
[XR] [24964] [00:45:08.895][Info   ]   XR_META_spatial_entity_sharing: Version=1
[XR] [24964] [00:45:08.895][Info   ]   XR_METAX1_spatial_entity_marker: Version=1
[XR] [24964] [00:45:08.895][Info   ]   XR_EXT_spatial_entity: Version=1
[XR] [24964] [00:45:08.895][Info   ]   XR_EXT_spatial_anchor: Version=1
[XR] [24964] [00:45:08.895][Info   ]   XR_EXT_spatial_persistence: Version=1
[XR] [24964] [00:45:08.895][Info   ]   XR_EXT_spatial_persistence_operations: Version=1
[XR] [24964] [00:45:08.895][Info   ]   XR_EXT_spatial_plane_tracking: Version=1
[XR] [24964] [00:45:08.895][Info   ]   XR_EXT_spatial_marker_tracking: Version=1
[XR] [24964] [00:45:08.895][Info   ]   XR_META_boundary_visibility: Version=1
[XR] [24964] [00:45:08.895][Info   ]   XR_META_colocation_discovery: Version=1
[XR] [24964] [00:45:08.895][Info   ]   XR_METAX1_dynamic_object_tracker: Version=1
[XR] [24964] [00:45:08.895][Info   ]   XR_META_dynamic_object_tracker: Version=1
[XR] [24964] [00:45:08.895][Info   ]   XR_META_dynamic_object_keyboard: Version=1
[XR] [24964] [00:45:08.895][Info   ]   XR_META_environment_depth: Version=2
[XR] [24964] [00:45:08.895][Info   ]   XR_META_environment_raycast: Version=1
[XR] [24964] [00:45:08.895][Info   ]   XR_METAX1_passthrough_camera_data: Version=1
[XR] [24964] [00:45:08.895][Info   ]   XR_META_virtual_keyboard: Version=1
[XR] [24964] [00:45:08.895][Info   ]   XR_EXT_local_floor: Version=1
[XR] [24964] [00:45:08.895][Info   ]   XR_EXT_active_action_set_priority: Version=1
[XR] [24964] [00:45:08.895][Info   ]   XR_EXT_future: Version=2
[XR] [24964] [00:45:08.895][Info   ]   XR_EXT_palm_pose: Version=3
[XR] [24964] [00:45:08.895][Info   ]   XR_EXT_haptic_parametric: Version=1
[XR] [24964] [00:45:08.895][Info   ]   XR_FB_haptic_amplitude_envelope: Version=1
[XR] [24964] [00:45:08.895][Info   ]   XR_FB_haptic_pcm: Version=1
[XR] [24964] [00:45:08.895][Info   ]   XR_FB_touch_controller_pro: Version=1
[XR] [24964] [00:45:08.895][Info   ]   XR_META_touch_controller_plus: Version=1
[XR] [24964] [00:45:08.895][Info   ]   XR_FB_touch_controller_proximity: Version=1
[XR] [24964] [00:45:08.895][Info   ]   XR_OCULUS_external_camera: Version=1
[XR] [24964] [00:45:08.895][Info   ]   XR_META_detached_controllers: Version=1
[XR] [24964] [00:45:08.895][Info   ]   XR_LOGITECH_mx_ink_stylus_interaction: Version=1
[XR] [24964] [00:45:08.895][Info   ]   XR_FBX1_touch_controller_extras: Version=1
[XR] [24964] [00:45:08.895][Info   ]   XR_EXTX1_haptic_parametric: Version=1
[XR] [24964] [00:45:08.895][Info   ]   XR_METAX2_debug_utils_region_profiling: Version=1
[XR] [24964] [00:45:08.895][Info   ]   XR_METAX3_debug_utils_region_profiling: Version=1
[XR] [24964] [00:45:08.895][Info   ]   XR_METAX1_space_instant_acceleration: Version=2
[XR] [24964] [00:45:08.895][Info   ] 
[XR] [24964] [00:45:08.895][Info   ] Available Layers: (1)
[XR] [24964] [00:45:08.895][Info   ]   XR_APILAYER_METAX_operator: SpecVersion=1.1.0, LayerVersion=1, Description="API layer that providing agentic interface for OpenXR"
[XR] [24964] [00:45:08.895][Info   ] 
[XR] [24964] [00:45:08.895][Info   ] Available Runtime Layer Extensions: LayerName="XR_APILAYER_METAX_operator": (1)
[XR] [24964] [00:45:08.895][Info   ]   XR_METAX1_agentic_external_tool: Version=1
[XR] [24964] [00:45:08.895][Info   ] 
[XR] [24964] [00:45:08.895][Info   ] Runtime Name: Oculus
[XR] [24964] [00:45:08.895][Info   ] Runtime Version: 1.207.0
[XR] [24964] [00:45:08.895][Info   ] 
[XR] [24964] [00:45:08.895][Info   ] ==== OpenXR API Spec Version ====
[XR] [24964] [00:45:08.895][Info   ] 
[XR] [24964] [00:45:08.895][Info   ] XrInstance Created with OpenXR API Version: 1.1.53
[XR] [24964] [00:45:08.895][Info   ] 
[XR] [24964] [00:45:08.895][Info   ] ==== OpenXR Exception Thrown ====
[XR] [24964] [00:45:08.895][Info   ] 
[XR] [24964] [00:45:08.895][Info   ] Error: XrResult failure [XR_ERROR_FORM_FACTOR_UNAVAILABLE]
[XR] [24964] [00:45:08.896][Info   ]     Origin: result
[XR] [24964] [00:45:08.896][Info   ]     Source: C:\build\output\unity\xr.sdk.openxr\NativePlugin\Source\unity_session.cpp:318
[XR] [24964] [00:45:08.896][Info   ] 
[XR] [24964] [00:45:08.896][Info   ] 
[XR] [24964] [00:45:08.896][Info   ] ==== Std Exception Thrown ====
[XR] [24964] [00:45:08.896][Info   ] 
[XR] [24964] [00:45:08.896][Info   ] Function: Display_Initialize
[XR] [24964] [00:45:08.896][Info   ] Message: XrResult failure [XR_ERROR_FORM_FACTOR_UNAVAILABLE]
[XR] [24964] [00:45:08.896][Info   ]     Origin: result
[XR] [24964] [00:45:08.896][Info   ]     Source: C:\build\output\unity\xr.sdk.openxr\NativePlugin\Source\unity_session.cpp:318
[XR] [24964] [00:45:08.896][Info   ] 
[XR] [24964] [00:45:08.896][Info   ] ==== Last 20 non-XR_SUCCESS returns ====
[XR] [24964] [00:45:08.896][Info   ] [FAILURE] xrGetSystem: XR_ERROR_FORM_FACTOR_UNAVAILABLE (1x)
[XR] [24964] [00:45:08.896][Info   ] 
[XR] [24964] [00:45:08.896][Info   ] ==== Last 20 Events ====
[XR] [24964] [00:45:08.896][Info   ] 

==== End Unity OpenXR Diagnostic Report ====


[Subsystems] Failed to initialize subsystem OpenXR Display [error: 1]
[XR] [24964] [00:45:08.899][Info   ] 

==== Start Unity OpenXR Diagnostic Report ====


[XR] [24964] [00:45:08.899][Info   ] ==== Report Reason: System Shutdown ====


[XR] [24964] [00:45:08.899][Info   ] ==== OpenXR Settings ====
[XR] [24964] [00:45:08.899][Info   ] 
[XR] [24964] [00:45:08.899][Info   ] Symmetric Projection: False
[XR] [24964] [00:45:08.899][Info   ] Stereo Rendering Mode: SinglePassInstanced
[XR] [24964] [00:45:08.899][Info   ] Latency Optimization: PrioritizeRendering
[XR] [24964] [00:45:08.899][Info   ] Color Submission Modes: kRenderTextureFormatGroup8888
[XR] [24964] [00:45:08.899][Info   ] Depth Submission Mode: None
[XR] [24964] [00:45:08.899][Info   ] Space Warp Motion Vector Texture Format: RGBA16f
[XR] [24964] [00:45:08.899][Info   ] Optimize Buffer Discards: False
[XR] [24964] [00:45:08.899][Info   ] Multiview Render Regions Optimization Mode: None
[XR] [24964] [00:45:08.899][Info   ] Use OpenXR Predicted Time: False
[XR] [24964] [00:45:08.899][Info   ] Foveated Rendering API: Legacy
[XR] [24964] [00:45:08.899][Info   ] 
[XR] [24964] [00:45:08.899][Info   ] ==== OpenXR Provider Info ====
[XR] [24964] [00:45:08.899][Info   ] 
[XR] [24964] [00:45:08.899][Info   ] Provider Version: 1.16.0-18-gc7a9defb
[XR] [24964] [00:45:08.899][Info   ] App: OPUS #3118937138
[XR] [24964] [00:45:08.899][Info   ] Engine: 6000.4.6f1 #88105985
[XR] [24964] [00:45:08.899][Info   ] 
[XR] [24964] [00:45:08.899][Info   ] ==== OpenXR Runtime Info ====
[XR] [24964] [00:45:08.899][Info   ] 
[XR] [24964] [00:45:08.899][Info   ] Available Runtime Extensions: (91)
[XR] [24964] [00:45:08.899][Info   ]   XR_METAX1_agentic_external_tool: Version=1
[XR] [24964] [00:45:08.899][Info   ]   XR_KHR_D3D11_enable: Version=11
[XR] [24964] [00:45:08.899][Info   ]   XR_KHR_D3D12_enable: Version=11
[XR] [24964] [00:45:08.899][Info   ]   XR_KHR_opengl_enable: Version=12
[XR] [24964] [00:45:08.899][Info   ]   XR_KHR_vulkan_enable: Version=10
[XR] [24964] [00:45:08.899][Info   ]   XR_KHR_vulkan_enable2: Version=4
[XR] [24964] [00:45:08.899][Info   ]   XR_KHR_composition_layer_depth: Version=6
[XR] [24964] [00:45:08.899][Info   ]   XR_KHR_win32_convert_performance_counter_time: Version=1
[XR] [24964] [00:45:08.899][Info   ]   XR_KHR_convert_timespec_time: Version=1
[XR] [24964] [00:45:08.899][Info   ]   XR_KHR_composition_layer_cube: Version=8
[XR] [24964] [00:45:08.899][Info   ]   XR_KHR_composition_layer_cylinder: Version=4
[XR] [24964] [00:45:08.899][Info   ]   XR_KHR_composition_layer_equirect: Version=3
[XR] [24964] [00:45:08.899][Info   ]   XR_KHR_visibility_mask: Version=2
[XR] [24964] [00:45:08.899][Info   ]   XR_KHR_composition_layer_color_scale_bias: Version=5
[XR] [24964] [00:45:08.899][Info   ]   XR_KHR_maintenance1: Version=1
[XR] [24964] [00:45:08.899][Info   ]   XR_EXT_win32_appcontainer_compatible: Version=1
[XR] [24964] [00:45:08.899][Info   ]   XR_EXT_debug_utils: Version=5
[XR] [24964] [00:45:08.899][Info   ]   XR_OCULUS_recenter_event: Version=1
[XR] [24964] [00:45:08.899][Info   ]   XR_OCULUS_audio_device_guid: Version=1
[XR] [24964] [00:45:08.899][Info   ]   XR_FB_color_space: Version=3
[XR] [24964] [00:45:08.899][Info   ]   XR_FB_display_refresh_rate: Version=1
[XR] [24964] [00:45:08.899][Info   ]   XR_META_performance_metrics: Version=2
[XR] [24964] [00:45:08.899][Info   ]   XR_META_headset_id: Version=2
[XR] [24964] [00:45:08.899][Info   ]   XR_OCULUS_ovrsession_handle: Version=1
[XR] [24964] [00:45:08.899][Info   ]   XR_EXT_hand_interaction: Version=2
[XR] [24964] [00:45:08.899][Info   ]   XR_EXT_hand_tracking: Version=4
[XR] [24964] [00:45:08.899][Info   ]   XR_FB_hand_tracking_mesh: Version=3
[XR] [24964] [00:45:08.899][Info   ]   XR_META_simultaneous_hands_and_controllers: Version=1
[XR] [24964] [00:45:08.900][Info   ]   XR_FB_hand_tracking_aim: Version=2
[XR] [24964] [00:45:08.900][Info   ]   XR_FB_hand_tracking_capsules: Version=3
[XR] [24964] [00:45:08.900][Info   ]   XR_EXT_hand_tracking_data_source: Version=1
[XR] [24964] [00:45:08.900][Info   ]   XR_META_hand_tracking_microgestures: Version=1
[XR] [24964] [00:45:08.900][Info   ]   XR_EXTX2_stationary_reference_space: Version=1
[XR] [24964] [00:45:08.900][Info   ]   XR_FB_body_tracking: Version=1
[XR] [24964] [00:45:08.900][Info   ]   XR_META_body_tracking_full_body: Version=1
[XR] [24964] [00:45:08.900][Info   ]   XR_META_body_tracking_fidelity: Version=1
[XR] [24964] [00:45:08.900][Info   ]   XR_META_body_tracking_calibration: Version=1
[XR] [24964] [00:45:08.900][Info   ]   XR_FB_passthrough: Version=5
[XR] [24964] [00:45:08.900][Info   ]   XR_META_passthrough_layer_resumed_event: Version=1
[XR] [24964] [00:45:08.900][Info   ]   XR_FB_triangle_mesh: Version=2
[XR] [24964] [00:45:08.900][Info   ]   XR_META_passthrough_color_lut: Version=1
[XR] [24964] [00:45:08.900][Info   ]   XR_META_passthrough_preferences: Version=1
[XR] [24964] [00:45:08.900][Info   ]   XR_FB_render_model: Version=4
[XR] [24964] [00:45:08.900][Info   ]   XR_FB_spatial_entity_container: Version=2
[XR] [24964] [00:45:08.900][Info   ]   XR_FB_scene: Version=4
[XR] [24964] [00:45:08.900][Info   ]   XR_FB_spatial_entity: Version=3
[XR] [24964] [00:45:08.900][Info   ]   XR_FB_spatial_entity_storage: Version=1
[XR] [24964] [00:45:08.900][Info   ]   XR_FB_spatial_entity_query: Version=1
[XR] [24964] [00:45:08.900][Info   ]   XR_FB_spatial_entity_user: Version=1
[XR] [24964] [00:45:08.900][Info   ]   XR_FB_spatial_entity_storage_batch: Version=1
[XR] [24964] [00:45:08.900][Info   ]   XR_FB_spatial_entity_sharing: Version=1
[XR] [24964] [00:45:08.900][Info   ]   XR_META_spatial_entity_persistence: Version=1
[XR] [24964] [00:45:08.900][Info   ]   XR_META_spatial_entity_discovery: Version=1
[XR] [24964] [00:45:08.900][Info   ]   XR_META_spatial_entity_group_sharing: Version=1
[XR] [24964] [00:45:08.900][Info   ]   XR_META_spatial_entity_mesh: Version=1
[XR] [24964] [00:45:08.900][Info   ]   XR_META_spatial_entity_room_mesh: Version=1
[XR] [24964] [00:45:08.900][Info   ]   XR_META_spatial_entity_sharing: Version=1
[XR] [24964] [00:45:08.900][Info   ]   XR_METAX1_spatial_entity_marker: Version=1
[XR] [24964] [00:45:08.900][Info   ]   XR_EXT_spatial_entity: Version=1
[XR] [24964] [00:45:08.900][Info   ]   XR_EXT_spatial_anchor: Version=1
[XR] [24964] [00:45:08.900][Info   ]   XR_EXT_spatial_persistence: Version=1
[XR] [24964] [00:45:08.900][Info   ]   XR_EXT_spatial_persistence_operations: Version=1
[XR] [24964] [00:45:08.900][Info   ]   XR_EXT_spatial_plane_tracking: Version=1
[XR] [24964] [00:45:08.900][Info   ]   XR_EXT_spatial_marker_tracking: Version=1
[XR] [24964] [00:45:08.900][Info   ]   XR_META_boundary_visibility: Version=1
[XR] [24964] [00:45:08.900][Info   ]   XR_META_colocation_discovery: Version=1
[XR] [24964] [00:45:08.900][Info   ]   XR_METAX1_dynamic_object_tracker: Version=1
[XR] [24964] [00:45:08.900][Info   ]   XR_META_dynamic_object_tracker: Version=1
[XR] [24964] [00:45:08.900][Info   ]   XR_META_dynamic_object_keyboard: Version=1
[XR] [24964] [00:45:08.900][Info   ]   XR_META_environment_depth: Version=2
[XR] [24964] [00:45:08.900][Info   ]   XR_META_environment_raycast: Version=1
[XR] [24964] [00:45:08.900][Info   ]   XR_METAX1_passthrough_camera_data: Version=1
[XR] [24964] [00:45:08.900][Info   ]   XR_META_virtual_keyboard: Version=1
[XR] [24964] [00:45:08.900][Info   ]   XR_EXT_local_floor: Version=1
[XR] [24964] [00:45:08.900][Info   ]   XR_EXT_active_action_set_priority: Version=1
[XR] [24964] [00:45:08.900][Info   ]   XR_EXT_future: Version=2
[XR] [24964] [00:45:08.900][Info   ]   XR_EXT_palm_pose: Version=3
[XR] [24964] [00:45:08.900][Info   ]   XR_EXT_haptic_parametric: Version=1
[XR] [24964] [00:45:08.900][Info   ]   XR_FB_haptic_amplitude_envelope: Version=1
[XR] [24964] [00:45:08.900][Info   ]   XR_FB_haptic_pcm: Version=1
[XR] [24964] [00:45:08.900][Info   ]   XR_FB_touch_controller_pro: Version=1
[XR] [24964] [00:45:08.900][Info   ]   XR_META_touch_controller_plus: Version=1
[XR] [24964] [00:45:08.900][Info   ]   XR_FB_touch_controller_proximity: Version=1
[XR] [24964] [00:45:08.900][Info   ]   XR_OCULUS_external_camera: Version=1
[XR] [24964] [00:45:08.900][Info   ]   XR_META_detached_controllers: Version=1
[XR] [24964] [00:45:08.900][Info   ]   XR_LOGITECH_mx_ink_stylus_interaction: Version=1
[XR] [24964] [00:45:08.900][Info   ]   XR_FBX1_touch_controller_extras: Version=1
[XR] [24964] [00:45:08.900][Info   ]   XR_EXTX1_haptic_parametric: Version=1
[XR] [24964] [00:45:08.900][Info   ]   XR_METAX2_debug_utils_region_profiling: Version=1
[XR] [24964] [00:45:08.900][Info   ]   XR_METAX3_debug_utils_region_profiling: Version=1
[XR] [24964] [00:45:08.900][Info   ]   XR_METAX1_space_instant_acceleration: Version=2
[XR] [24964] [00:45:08.900][Info   ] 
[XR] [24964] [00:45:08.900][Info   ] Available Layers: (1)
[XR] [24964] [00:45:08.900][Info   ]   XR_APILAYER_METAX_operator: SpecVersion=1.1.0, LayerVersion=1, Description="API layer that providing agentic interface for OpenXR"
[XR] [24964] [00:45:08.900][Info   ] 
[XR] [24964] [00:45:08.900][Info   ] Available Runtime Layer Extensions: LayerName="XR_APILAYER_METAX_operator": (1)
[XR] [24964] [00:45:08.900][Info   ]   XR_METAX1_agentic_external_tool: Version=1
[XR] [24964] [00:45:08.900][Info   ] 
[XR] [24964] [00:45:08.900][Info   ] Runtime Name: Oculus
[XR] [24964] [00:45:08.900][Info   ] Runtime Version: 1.207.0
[XR] [24964] [00:45:08.900][Info   ] 
[XR] [24964] [00:45:08.900][Info   ] ==== OpenXR API Spec Version ====
[XR] [24964] [00:45:08.900][Info   ] 
[XR] [24964] [00:45:08.900][Info   ] XrInstance Created with OpenXR API Version: 1.1.53
[XR] [24964] [00:45:08.900][Info   ] 
[XR] [24964] [00:45:08.900][Info   ] ==== OpenXR Exception Thrown ====
[XR] [24964] [00:45:08.900][Info   ] 
[XR] [24964] [00:45:08.900][Info   ] Error: XrResult failure [XR_ERROR_FORM_FACTOR_UNAVAILABLE]
[XR] [24964] [00:45:08.900][Info   ]     Origin: result
[XR] [24964] [00:45:08.900][Info   ]     Source: C:\build\output\unity\xr.sdk.openxr\NativePlugin\Source\unity_session.cpp:318
[XR] [24964] [00:45:08.900][Info   ] 
[XR] [24964] [00:45:08.900][Info   ] 
[XR] [24964] [00:45:08.900][Info   ] ==== Std Exception Thrown ====
[XR] [24964] [00:45:08.900][Info   ] 
[XR] [24964] [00:45:08.900][Info   ] Function: Display_Initialize
[XR] [24964] [00:45:08.900][Info   ] Message: XrResult failure [XR_ERROR_FORM_FACTOR_UNAVAILABLE]
[XR] [24964] [00:45:08.900][Info   ]     Origin: result
[XR] [24964] [00:45:08.901][Info   ]     Source: C:\build\output\unity\xr.sdk.openxr\NativePlugin\Source\unity_session.cpp:318
[XR] [24964] [00:45:08.901][Info   ] 
[XR] [24964] [00:45:08.901][Info   ] ==== Last 20 non-XR_SUCCESS returns ====
[XR] [24964] [00:45:08.901][Info   ] [FAILURE] xrGetSystem: XR_ERROR_FORM_FACTOR_UNAVAILABLE (1x)
[XR] [24964] [00:45:08.901][Info   ] 
[XR] [24964] [00:45:08.901][Info   ] ==== Last 20 Events ====
[XR] [24964] [00:45:08.901][Info   ] 

==== End Unity OpenXR Diagnostic Report ====


E0919 00:45:11.572849 36596 TigonCurlRequestAdapter.cpp:901] [8001374cb58047eb] Request failed from curl: curl (28): Timeout was reached: Resolving timed out after 5000 milliseconds
E0919 00:45:13.903703 30940 TigonCurlRequestAdapter.cpp:901] [f945fbccdfcd6a7f] Request failed from curl: curl (28): Timeout was reached: Resolving timed out after 5001 milliseconds
E0919 00:45:13.904268 30940 TigonCurlRequestAdapter.cpp:901] [220a9d4ec83c1c01] Request failed from curl: curl (28): Timeout was reached: Operation timed out after 5000 milliseconds with 0 bytes received
[90m2026-09-19 00:45:03[0m [MetaXROperator] [32m[INFO][0m Queried available extensions, count: 90
[90m2026-09-19 00:45:03[0m [MetaXROperator] [33m[WARNING][0m Extension not available: XR_METAX1_simulator_compositor_output_capture
[90m2026-09-19 00:45:03[0m [MetaXROperator] [33m[WARNING][0m Extension not available: XR_EXT_conformance_automation
[90m2026-09-19 00:45:03[0m [MetaXROperator] [32m[INFO][0m Application enabled XR_METAX1_agentic_external_tool
[90m2026-09-19 00:45:03[0m [MetaXROperator] [32m[INFO][0m Filtered out API layer extension, passing 69 extensions downstream
[90m2026-09-19 00:45:03[0m [MetaXROperator] [32m[INFO][0m Cached application info, data: OPUS (v0), Engine: Unity (v88105985)
[90m2026-09-19 00:45:03[0m [MetaXROperator] [32m[INFO][0m Telemetry consent: opted-in
[90m2026-09-19 00:45:03[0m [MetaXROperator] [32m[INFO][0m Telemetry session started for: OPUS
[90m2026-09-19 00:45:03[0m [MetaXROperator] [32m[INFO][0m Telemetry initialized for: OPUS
[90m2026-09-19 00:45:03[0m [MetaXROperator] [32m[INFO][0m Initializing Agentic MCP Server...
[90m2026-09-19 00:45:03[0m [MetaXROperator] [32m[INFO][0m MCP Server started successfully on port 8720 (IPv4 and IPv6)
[90m2026-09-19 00:45:03[0m [MetaXROperator] [32m[INFO][0m Registered 'openxr_get_head_pose' tool
[90m2026-09-19 00:45:03[0m [MetaXROperator] [32m[INFO][0m Registered 'openxr_get_controller_pose' tool
[90m2026-09-19 00:45:03[0m [MetaXROperator] [32m[INFO][0m Registered 'openxr_get_active_interaction_profile' tool
[90m2026-09-19 00:45:03[0m [MetaXROperator] [32m[INFO][0m Registered 'math_calc' tool
[90m2026-09-19 00:45:03[0m [MetaXROperator] [32m[INFO][0m Registered 'math_dot' tool
[90m2026-09-19 00:45:03[0m [MetaXROperator] [32m[INFO][0m Registered 'math_cross' tool
[90m2026-09-19 00:45:03[0m [MetaXROperator] [32m[INFO][0m Registered 'math_add' tool
[90m2026-09-19 00:45:03[0m [MetaXROperator] [32m[INFO][0m Registered 'math_sub' tool
[90m2026-09-19 00:45:03[0m [MetaXROperator] [32m[INFO][0m Registered 'math_mul' tool
[90m2026-09-19 00:45:03[0m [MetaXROperator] [32m[INFO][0m Registered 'math_div' tool
[90m2026-09-19 00:45:03[0m [MetaXROperator] [32m[INFO][0m Registered 'math_build_quat' tool
[90m2026-09-19 00:45:03[0m [MetaXROperator] [32m[INFO][0m Registered 'math_decompose_quat' tool
[90m2026-09-19 00:45:03[0m [MetaXROperator] [32m[INFO][0m Registered 'math_multiply_quat' tool
[90m2026-09-19 00:45:03[0m [MetaXROperator] [32m[INFO][0m Registered 'openxr_get_instance_info' tool
[90m2026-09-19 00:45:03[0m [MetaXROperator] [32m[INFO][0m Registered 'openxr_get_session_info' tool
[90m2026-09-19 00:45:03[0m [MetaXROperator] [32m[INFO][0m Registered 'openxr_get_system_info' tool
[90m2026-09-19 00:45:03[0m [MetaXROperator] [32m[INFO][0m Registered 'openxr_get_frame_info' tool
[90m2026-09-19 00:45:03[0m [MetaXROperator] [32m[INFO][0m Skipping 'openxr_capture_composited_image' tool (predicate returned false)
[90m2026-09-19 00:45:03[0m [MetaXROperator] [32m[INFO][0m Registered 'openxr_list_spatial_entities' tool
[90m2026-09-19 00:45:03[0m [MetaXROperator] [32m[INFO][0m Registered 'openxr_exit_session' tool
[90m2026-09-19 00:45:03[0m [MetaXROperator] [32m[INFO][0m Skipping 'openxr_set_controller_input' tool (predicate returned false)
[90m2026-09-19 00:45:03[0m [MetaXROperator] [32m[INFO][0m Skipping 'openxr_set_head_pose' tool (predicate returned false)
[90m2026-09-19 00:45:03[0m [MetaXROperator] [32m[INFO][0m Skipping 'openxr_set_controller_pose' tool (predicate returned false)
[90m2026-09-19 00:45:03[0m [MetaXROperator] [32m[INFO][0m Registered 'convert_unity_pose_to_openxr' tool
[90m2026-09-19 00:45:03[0m [MetaXROperator] [32m[INFO][0m Registered 'convert_openxr_pose_to_unity' tool
[90m2026-09-19 00:45:03[0m [MetaXROperator] [32m[INFO][0m Registered 'openxr_convert_pose_between_spaces' tool
[90m2026-09-19 00:45:08[0m [MetaXROperator] [32m[INFO][0m AgenticLayerXrDestroyInstance called
[90m2026-09-19 00:45:17[0m [MetI0919 00:45:27.624406 24964 OVRTelemetry.cpp:57] Telemetry_Init: calling startSession with engineName=Unity, pluginVersion=1.204.0
I0919 00:45:27.624490 24964 OVRTelemetry.cpp:61] Telemetry_Init: startSession completed successfully
Loaded scene 'Temp/__Backupscenes/0.backup'
	Deserialize:            0.975 ms
	Integration:            35726.438 ms
	Integration of assets:  0.002 ms
	Thread Wait Time:       0.059 ms
	Total Operation Time:   35727.473 ms
[HRT] RulesProvider: loaded 4 remote rule(s) (schema v1).
UnityEngine.Debug:ExtractStackTraceNoAlloc (byte*,int,string)
UnityEngine.StackTraceUtility:ExtractStackTrace ()
UnityEngine.DebugLogHandler:Internal_Log (UnityEngine.LogType,UnityEngine.LogOption,string,UnityEngine.Object)
UnityEngine.DebugLogHandler:LogFormat (UnityEngine.LogType,UnityEngine.Object,string,object[])
UnityEngine.Logger:Log (UnityEngine.LogType,object)
UnityEngine.Debug:Log (object)
Meta.HandReadinessTool.Editor.HandReadinessRulesProvider:EmitSuccess (int,int) (at ./Library/PackageCache/com.meta.xr.sdk.core@4ea2676097b9/Editor/HandReadinessTool/HandReadinessRulesProvider.cs:175)
Meta.HandReadinessTool.Editor.HandReadinessRulesProvider/<FetchAndSwap>d__11:MoveNext () (at ./Library/PackageCache/com.meta.xr.sdk.core@4ea2676097b9/Editor/HandReadinessTool/HandReadinessRulesProvider.cs:125)
System.Runtime.CompilerServices.AsyncMethodBuilderCore/MoveNextRunner:InvokeMoveNext (object)
System.Threading.ExecutionContext:RunInternal (System.Threading.ExecutionContext,System.Threading.ContextCallback,object,bool)
System.Threading.ExecutionContext:Run (System.Threading.ExecutionContext,System.Threading.ContextCallback,object,bool)
System.Runtime.CompilerServices.AsyncMethodBuilderCore/MoveNextRunner:Run ()
System.Threading.Tasks.AwaitTaskContinuation:InvokeAction (object)
System.Threading.Tasks.AwaitTaskContinuation:RunCallback (System.Threading.ContextCallback,object,System.Threading.Tasks.Task&)
System.Threading.Tasks.SynchronizationContextAwaitTaskContinuation:Run (System.Threading.Tasks.Task,bool)
System.Threading.Tasks.Task:FinishContinuations ()
System.Threading.Tasks.Task:FinishStageThree ()
System.Threading.Tasks.Task`1<Meta.XR.Editor.RemoteContent.DownloadResult`1<Meta.HandReadinessTool.Editor.HandReadinessRulesProvider/RulesPayload>>:TrySetResult (Meta.XR.Editor.RemoteContent.DownloadResult`1<Meta.HandReadinessTool.Editor.HandReadinessRulesProvider/RulesPayload>)
System.Runtime.CompilerServices.AsyncTaskMethodBuilder`1<Meta.XR.Editor.RemoteContent.DownloadResult`1<Meta.HandReadinessTool.Editor.HandReadinessRulesProvider/RulesPayload>>:SetResult (Meta.XR.Editor.RemoteContent.DownloadResult`1<Meta.HandReadinessTool.Editor.HandReadinessRulesProvider/RulesPayload>)
Meta.XR.Editor.UserInterface.RemoteJsonContent`1/<Create>d__1<Meta.HandReadinessTool.Editor.HandReadinessRulesProvider/RulesPayload>:MoveNext () (at ./Library/PackageCache/com.meta.xr.sdk.core@4ea2676097b9/Editor/Utils/UserInterface/RemoteJsonContent.cs:56)
System.Runtime.CompilerServices.AsyncMethodBuilderCore/MoveNextRunner:InvokeMoveNext (object)
System.Threading.ExecutionContext:RunInternal (System.Threading.ExecutionContext,System.Threading.ContextCallback,object,bool)
System.Threading.ExecutionContext:Run (System.Threading.ExecutionContext,System.Threading.ContextCallback,object,bool)
System.Runtime.CompilerServices.AsyncMethodBuilderCore/MoveNextRunner:Run ()
System.Threading.Tasks.AwaitTaskContinuation:InvokeAction (object)
System.Threading.Tasks.AwaitTaskContinuation:RunCallback (System.Threading.ContextCallback,object,System.Threading.Tasks.Task&)
System.Threading.Tasks.SynchronizationContextAwaitTaskContinuation:Run (System.Threading.Tasks.Task,bool)
System.Threading.Tasks.Task:FinishContinuations ()
System.Threading.Tasks.Task:FinishStageThree ()
System.Threading.Tasks.Task`1<Meta.XR.Editor.RemoteContent.DownloadResult`1<string>>:TrySetResult (Meta.XR.Editor.RemoteContent.DownloadResult`1<string>)
System.Runtime.CompilerServices.AsyncTaskMethodBuilder`1<Meta.XR.Editor.RemoteContent.DownloadResult`1<string>>:SetResult (Meta.XR.Editor.RemoteContent.DownloadResult`1<string>)
Meta.XR.Editor.RemoteContent.RemoteJsonContentDownloader/<Fetch>d__3:MoveNext () (at ./Library/PackageCache/com.meta.xr.sdk.core@4ea2676097b9/Editor/Utils/RemoteContent/RemoteContentDownloader.cs:374)
System.Runtime.CompilerServices.AsyncMethodBuilderCore/MoveNextRunner:InvokeMoveNext (object)
System.Threading.ExecutionContext:RunInternal (System.Threading.ExecutionContext,System.Threading.ContextCallback,object,bool)
System.Threading.ExecutionContext:Run (System.Threading.ExecutionContext,System.Threading.ContextCallback,object,bool)
System.Runtime.CompilerServices.AsyncMethodBuilderCore/MoveNextRunner:Run ()
System.Threading.Tasks.AwaitTaskContinuation:InvokeAction (object)
System.Threading.Tasks.AwaitTaskContinuation:RunCallback (System.Threading.ContextCallback,object,System.Threading.Tasks.Task&)
System.Threading.Tasks.SynchronizationContextAwaitTaskContinuation:Run (System.Threading.Tasks.Task,bool)
System.Threading.Tasks.Task:FinishContinuations ()
System.Threading.Tasks.Task:FinishStageThree ()
System.Threading.Tasks.Task`1<Meta.XR.Editor.RemoteContent.DownloadResult`1<string>>:TrySetResult (Meta.XR.Editor.RemoteContent.DownloadResult`1<string>)
System.Runtime.CompilerServices.AsyncTaskMethodBuilder`1<Meta.XR.Editor.RemoteContent.DownloadResult`1<string>>:SetResult (Meta.XR.Editor.RemoteContent.DownloadResult`1<string>)
Meta.XR.Editor.RemoteContent.RemoteContentDownloader`1/<Fetch>d__31`1<Meta.XR.Editor.RemoteContent.RemoteJsonContentDownloader, string>:MoveNext () (at ./Library/PackageCache/com.meta.xr.sdk.core@4ea2676097b9/Editor/Utils/RemoteContent/RemoteContentDownloader.cs:309)
System.Runtime.CompilerServices.AsyncMethodBuilderCore/MoveNextRunner:InvokeMoveNext (object)
System.Threading.ExecutionContext:RunInternal (System.Threading.ExecutionContext,System.Threading.ContextCallback,object,bool)
System.Threading.ExecutionContext:Run (System.Threading.ExecutionContext,System.Threading.ContextCallback,object,bool)
System.Runtime.CompilerServices.AsyncMethodBuilderCore/MoveNextRunner:Run ()
System.Threading.Tasks.AwaitTaskContinuation:InvokeAction (object)
System.Threading.Tasks.AwaitTaskContinuation:RunCallback (System.Threading.ContextCallback,object,System.Threading.Tasks.Task&)
System.Threading.Tasks.SynchronizationContextAwaitTaskContinuation:Run (System.Threading.Tasks.Task,bool)
System.Threading.Tasks.Task:FinishContinuations ()
System.Threading.Tasks.Task:FinishStageThree ()
System.Threading.Tasks.Task`1<string>:TrySetResult (string)
System.Runtime.CompilerServices.AsyncTaskMethodBuilder`1<string>:SetResult (string)
Meta.XR.Editor.RemoteContent.RemoteJsonContentDownloader/<ReadFromCache>d__5`1<string>:MoveNext () (at ./Library/PackageCache/com.meta.xr.sdk.core@4ea2676097b9/Editor/Utils/RemoteContent/RemoteContentDownloader.cs:401)
System.Runtime.CompilerServices.AsyncMethodBuilderCore/MoveNextRunner:InvokeMoveNext (object)
System.Threading.ExecutionContext:RunInternal (System.Threading.ExecutionContext,System.Threading.ContextCallback,object,bool)
System.Threading.ExecutionContext:Run (System.Threading.ExecutionContext,System.Threading.ContextCallback,object,bool)
System.Runtime.CompilerServices.AsyncMethodBuilderCore/MoveNextRunner:Run ()
System.Threading.Tasks.SynchronizationContextAwaitTaskContinuation/<>c:<.cctor>b__7_0 (object)
UnityEngine.UnitySynchronizationContext/WorkRequest:Invoke ()
UnityEngine.UnitySynchronizationContext:Exec ()
UnityEngine.UnitySynchronizationContext:ExecuteTasks ()

(Filename: ./Library/PackageCache/com.meta.xr.sdk.core@4ea2676097b9/Editor/HandReadinessTool/HandReadinessRulesProvider.cs Line: 175)

[HRT] PromptProvider: loaded remote prompt (systemPrompt=4925c, references=2, schema v1).
UnityEngine.Debug:ExtractStackTraceNoAlloc (byte*,int,string)
UnityEngine.StackTraceUtility:ExtractStackTrace ()
UnityEngine.DebugLogHandler:Internal_Log (UnityEngine.LogType,UnityEngine.LogOption,string,UnityEngine.Object)
UnityEngine.DebugLogHandler:LogFormat (UnityEngine.LogType,UnityEngine.Object,string,object[])
UnityEngine.Logger:Log (UnityEngine.LogType,object)
UnityEngine.Debug:Log (object)
Meta.HandReadinessTool.Editor.HandReadinessPromptProvider:EmitSuccess (int,int,int) (at ./Library/PackageCache/com.meta.xr.sdk.core@4ea2676097b9/Editor/HandReadinessTool/HandReadinessPromptProvider.cs:159)
Meta.HandReadinessTool.Editor.HandReadinessPromptProvider/<FetchAndSwap>d__11:MoveNext () (at ./Library/PackageCache/com.meta.xr.sdk.core@4ea2676097b9/Editor/HandReadinessTool/HandReadinessPromptProvider.cs:122)
System.Runtime.CompilerServices.AsyncMethodBuilderCore/MoveNextRunner:InvokeMoveNext (object)
System.Threading.ExecutionContext:RunInternal (System.Threading.ExecutionContext,System.Threading.ContextCallback,object,bool)
System.Threading.ExecutionContext:Run (System.Threading.ExecutionContext,System.Threading.ContextCallback,object,bool)
System.Runtime.CompilerServices.AsyncMethodBuilderCore/MoveNextRunner:Run ()
System.Threading.Tasks.AwaitTaskContinuation:InvokeAction (object)
System.Threading.Tasks.AwaitTaskContinuation:RunCallback (System.Threading.ContextCallback,object,System.Threading.Tasks.Task&)
System.Threading.Tasks.SynchronizationContextAwaitTaskContinuation:Run (System.Threading.Tasks.Task,bool)
System.Threading.Tasks.Task:FinishContinuations ()
System.Threading.Tasks.Task:FinishStageThree ()
System.Threading.Tasks.Task`1<Meta.XR.Editor.RemoteContent.DownloadResult`1<Meta.HandReadinessTool.Editor.HandReadinessPromptProvider/PromptPayload>>:TrySetResult (Meta.XR.Editor.RemoteContent.DownloadResult`1<Meta.HandReadinessTool.Editor.HandReadinessPromptProvider/PromptPayload>)
System.Runtime.CompilerServices.AsyncTaskMethodBuilder`1<Meta.XR.Editor.RemoteContent.DownloadResult`1<Meta.HandReadinessTool.Editor.HandReadinessPromptProvider/PromptPayload>>:SetResult (Meta.XR.Editor.RemoteContent.DownloadResult`1<Meta.HandReadinessTool.Editor.HandReadinessPromptProvider/PromptPayload>)
Meta.XR.Editor.UserInterface.RemoteJsonContent`1/<Create>d__1<Meta.HandReadinessTool.Editor.HandReadinessPromptProvider/PromptPayload>:MoveNext () (at ./Library/PackageCache/com.meta.xr.sdk.core@4ea2676097b9/Editor/Utils/UserInterface/RemoteJsonContent.cs:56)
System.Runtime.CompilerServices.AsyncMethodBuilderCore/MoveNextRunner:InvokeMoveNext (object)
System.Threading.ExecutionContext:RunInternal (System.Threading.ExecutionContext,System.Threading.ContextCallback,object,bool)
System.Threading.ExecutionContext:Run (System.Threading.ExecutionContext,System.Threading.ContextCallback,object,bool)
System.Runtime.CompilerServices.AsyncMethodBuilderCore/MoveNextRunner:Run ()
System.Threading.Tasks.AwaitTaskContinuation:InvokeAction (object)
System.Threading.Tasks.AwaitTaskContinuation:RunCallback (System.Threading.ContextCallback,object,System.Threading.Tasks.Task&)
System.Threading.Tasks.SynchronizationContextAwaitTaskContinuation:Run (System.Threading.Tasks.Task,bool)
System.Threading.Tasks.Task:FinishContinuations ()
System.Threading.Tasks.Task:FinishStageThree ()
System.Threading.Tasks.Task`1<Meta.XR.Editor.RemoteContent.DownloadResult`1<string>>:TrySetResult (Meta.XR.Editor.RemoteContent.DownloadResult`1<string>)
System.Runtime.CompilerServices.AsyncTaskMethodBuilder`1<Meta.XR.Editor.RemoteContent.DownloadResult`1<string>>:SetResult (Meta.XR.Editor.RemoteContent.DownloadResult`1<string>)
Meta.XR.Editor.RemoteContent.RemoteJsonContentDownloader/<Fetch>d__3:MoveNext () (at ./Library/PackageCache/com.meta.xr.sdk.core@4ea2676097b9/Editor/Utils/RemoteContent/RemoteContentDownloader.cs:374)
System.Runtime.CompilerServices.AsyncMethodBuilderCore/MoveNextRunner:InvokeMoveNext (object)
System.Threading.ExecutionContext:RunInternal (System.Threading.ExecutionContext,System.Threading.ContextCallback,object,bool)
System.Threading.ExecutionContext:Run (System.Threading.ExecutionContext,System.Threading.ContextCallback,object,bool)
System.Runtime.CompilerServices.AsyncMethodBuilderCore/MoveNextRunner:Run ()
System.Threading.Tasks.AwaitTaskContinuation:InvokeAction (object)
System.Threading.Tasks.AwaitTaskContinuation:RunCallback (System.Threading.ContextCallback,object,System.Threading.Tasks.Task&)
System.Threading.Tasks.SynchronizationContextAwaitTaskContinuation:Run (System.Threading.Tasks.Task,bool)
System.Threading.Tasks.Task:FinishContinuations ()
System.Threading.Tasks.Task:FinishStageThree ()
System.Threading.Tasks.Task`1<Meta.XR.Editor.RemoteContent.DownloadResult`1<string>>:TrySetResult (Meta.XR.Editor.RemoteContent.DownloadResult`1<string>)
System.Runtime.CompilerServices.AsyncTaskMethodBuilder`1<Meta.XR.Editor.RemoteContent.DownloadResult`1<string>>:SetResult (Meta.XR.Editor.RemoteContent.DownloadResult`1<string>)
Meta.XR.Editor.RemoteContent.RemoteContentDownloader`1/<Fetch>d__31`1<Meta.XR.Editor.RemoteContent.RemoteJsonContentDownloader, string>:MoveNext () (at ./Library/PackageCache/com.meta.xr.sdk.core@4ea2676097b9/Editor/Utils/RemoteContent/RemoteContentDownloader.cs:309)
System.Runtime.CompilerServices.AsyncMethodBuilderCore/MoveNextRunner:InvokeMoveNext (object)
System.Threading.ExecutionContext:RunInternal (System.Threading.ExecutionContext,System.Threading.ContextCallback,object,bool)
System.Threading.ExecutionContext:Run (System.Threading.ExecutionContext,System.Threading.ContextCallback,object,bool)
System.Runtime.CompilerServices.AsyncMethodBuilderCore/MoveNextRunner:Run ()
System.Threading.Tasks.AwaitTaskContinuation:InvokeAction (object)
System.Threading.Tasks.AwaitTaskContinuation:RunCallback (System.Threading.ContextCallback,object,System.Threading.Tasks.Task&)
System.Threading.Tasks.SynchronizationContextAwaitTaskContinuation:Run (System.Threading.Tasks.Task,bool)
System.Threading.Tasks.Task:FinishContinuations ()
System.Threading.Tasks.Task:FinishStageThree ()
System.Threading.Tasks.Task`1<string>:TrySetResult (string)
System.Runtime.CompilerServices.AsyncTaskMethodBuilder`1<string>:SetResult (string)
Meta.XR.Editor.RemoteContent.RemoteJsonContentDownloader/<ReadFromCache>d__5`1<string>:MoveNext () (at ./Library/PackageCache/com.meta.xr.sdk.core@4ea2676097b9/Editor/Utils/RemoteContent/RemoteContentDownloader.cs:401)
System.Runtime.CompilerServices.AsyncMethodBuilderCore/MoveNextRunner:InvokeMoveNext (object)
System.Threading.ExecutionContext:RunInternal (System.Threading.ExecutionContext,System.Threading.ContextCallback,object,bool)
System.Threading.ExecutionContext:Run (System.Threading.ExecutionContext,System.Threading.ContextCallback,object,bool)
System.Runtime.CompilerServices.AsyncMethodBuilderCore/MoveNextRunner:Run ()
System.Threading.Tasks.SynchronizationContextAwaitTaskContinuation/<>c:<.cctor>b__7_0 (object)
UnityEngine.UnitySynchronizationContext/WorkRequest:Invoke ()
UnityEngine.UnitySynchronizationContext:Exec ()
UnityEngine.UnitySynchronizationContext:ExecuteTasks ()

(Filename: ./Library/PackageCache/com.meta.xr.sdk.core@4ea2676097b9/Editor/HandReadinessTool/HandReadinessPromptProvider.cs Line: 159)

[Licensing::Client] Successfully resolved entitlement details
[MODES] ModeService[none].Initialize
[MODES] ModeService[none].LoadModes
[Licensing::Client] Successfully resolved entitlement details
[Licensing::Client] Successfully resolved entitlement details
Start importing Assets/XR/Settings/OpenXR Package Settings.asset using Guid(0d647736f3e354044b23fb340838e9eb) (NativeFormatImporter) -> (Import Result ID: '83be3409bcbc20eef5cbae634207ea95') in 0.0041818 seconds [static dependencies only]. Details - ImportResultOutputID=c8338305546446aab4e7d26577b91671 DependenciesID=2c407465c3fa9fdae37604ba5dc1335a StaticDependenciesID=e7252c103fdb22a96e109f3b4bbed5a2 
Refreshing native plugins compatible for Editor in 21.33 ms, found 12 plugins.
Asset Pipeline Refresh (id=f6db126d29aed6548ac8e07c0aa5064d): Total: 0.059 seconds - Initiated by StopAssetImportingV2(NoUpdateAssetOptions)
[TestRunnerTools] Callbacks registered after domain reload
UnityEngine.Debug:ExtractStackTraceNoAlloc (byte*,int,string)
UnityEngine.StackTraceUtility:ExtractStackTrace ()
UnityEngine.DebugLogHandler:Internal_Log (UnityEngine.LogType,UnityEngine.LogOption,string,UnityEngine.Object)
UnityEngine.DebugLogHandler:LogFormat (UnityEngine.LogType,UnityEngine.Object,string,object[])
UnityEngine.Logger:Log (UnityEngine.LogType,object)
UnityEngine.Debug:Log (object)
Meta.MCPBridge.Editor.TestRunnerTools:EnsureCallbacksRegistered () (at ./Library/PackageCache/com.meta.xr.sdk.core@4ea2676097b9/Editor/MCPBridge/TestRunnerTools.cs:108)
Meta.MCPBridge.Editor.TestRunnerTools:InitializeOnMainThread () (at ./Library/PackageCache/com.meta.xr.sdk.core@4ea2676097b9/Editor/MCPBridge/TestRunnerTools.cs:95)
UnityEditor.EditorApplication:Internal_CallDelayFunctions ()

(Filename: ./Library/PackageCache/com.meta.xr.sdk.core@4ea2676097b9/Editor/MCPBridge/TestRunnerTools.cs Line: 108)

[TestRunnerTools] Cache loaded from EditorPrefs: RunId=786fd3a9, IsRunning=False
UnityEngine.Debug:ExtractStackTraceNoAlloc (byte*,int,string)
UnityEngine.StackTraceUtility:ExtractStackTrace ()
UnityEngine.DebugLogHandler:Internal_Log (UnityEngine.LogType,UnityEngine.LogOption,string,UnityEngine.Object)
UnityEngine.DebugLogHandler:LogFormat (UnityEngine.LogType,UnityEngine.Object,string,object[])
UnityEngine.Logger:Log (UnityEngine.LogType,object)
UnityEngine.Debug:Log (object)
Meta.MCPBridge.Editor.TestRunnerTools:LoadCacheFromEditorPrefsUnsafe () (at ./Library/PackageCache/com.meta.xr.sdk.core@4ea2676097b9/Editor/MCPBridge/TestRunnerTools.cs:169)
Meta.MCPBridge.Editor.TestRunnerTools:EnsureCacheInitialized () (at ./Library/PackageCache/com.meta.xr.sdk.core@4ea2676097b9/Editor/MCPBridge/TestRunnerTools.cs:132)
Meta.MCPBridge.Editor.TestRunnerTools:get_IsRunning () (at ./Library/PackageCache/com.meta.xr.sdk.core@4ea2676097b9/Editor/MCPBridge/TestRunnerTools.cs:191)
Meta.MCPBridge.Editor.TestRunnerTools:EnsureCallbacksRegistered () (at ./Library/PackageCache/com.meta.xr.sdk.core@4ea2676097b9/Editor/MCPBridge/TestRunnerTools.cs:112)
Meta.MCPBridge.Editor.TestRunnerTools:InitializeOnMainThread () (at ./Library/PackageCache/com.meta.xr.sdk.core@4ea2676097b9/Editor/MCPBridge/TestRunnerTools.cs:95)
UnityEditor.EditorApplication:Internal_CallDelayFunctions ()

(Filename: ./Library/PackageCache/com.meta.xr.sdk.core@4ea2676097b9/Editor/MCPBridge/TestRunnerTools.cs Line: 169)

TrimDiskCacheJob: Current cache size 10mb
[TestRunnerTools] Run Started: OPUS, total tests: 7
UnityEngine.Debug:ExtractStackTraceNoAlloc (byte*,int,string)
UnityEngine.StackTraceUtility:ExtractStackTrace ()
UnityEngine.DebugLogHandler:Internal_Log (UnityEngine.LogType,UnityEngine.LogOption,string,UnityEngine.Object)
UnityEngine.DebugLogHandler:LogFormat (UnityEngine.LogType,UnityEngine.Object,string,object[])
UnityEngine.Logger:Log (UnityEngine.LogType,object)
UnityEngine.Debug:Log (object)
Meta.MCPBridge.Editor.TestRunnerTools:OnRunStarted (UnityEditor.TestTools.TestRunner.Api.ITestAdaptor) (at ./Library/PackageCache/com.meta.xr.sdk.core@4ea2676097b9/Editor/MCPBridge/TestRunnerTools.cs:800)
Meta.MCPBridge.Editor.TestRunnerTools/TestRunnerCallbacks:RunStarted (UnityEditor.TestTools.TestRunner.Api.ITestAdaptor) (at ./Library/PackageCache/com.meta.xr.sdk.core@4ea2676097b9/Editor/MCPBridge/TestRunnerTools.cs:889)
UnityEditor.TestTools.TestRunner.Api.CallbacksDelegator/<>c__DisplayClass7_0:<RunStarted>b__0 (UnityEditor.TestTools.TestRunner.Api.ICallbacks) (at ./Library/PackageCache/com.unity.test-framework@76560ee600cb/UnityEditor.TestRunner/Api/CallbacksDelegator.cs:42)
UnityEditor.TestTools.TestRunner.Api.CallbacksDelegator:TryInvokeAllCallbacks (System.Action`1<UnityEditor.TestTools.TestRunner.Api.ICallbacks>) (at ./Library/PackageCache/com.unity.test-framework@76560ee600cb/UnityEditor.TestRunner/Api/CallbacksDelegator.cs:135)
UnityEditor.TestTools.TestRunner.Api.CallbacksDelegator:RunStarted (NUnit.Framework.Interfaces.ITest) (at ./Library/PackageCache/com.unity.test-framework@76560ee600cb/UnityEditor.TestRunner/Api/CallbacksDelegator.cs:42)
UnityEngine.Events.InvokableCall`1<NUnit.Framework.Interfaces.ITest>:Invoke (NUnit.Framework.Interfaces.ITest)
UnityEngine.Events.UnityEvent`1<NUnit.Framework.Interfaces.ITest>:Invoke (NUnit.Framework.Interfaces.ITest)
UnityEngine.Events.InvokableCall`1<NUnit.Framework.Interfaces.ITest>:Invoke (NUnit.Framework.Interfaces.ITest)
UnityEngine.Events.UnityEvent`1<NUnit.Framework.Interfaces.ITest>:Invoke (NUnit.Framework.Interfaces.ITest)
UnityEngine.TestTools.TestRunner.PlaymodeTestsController/<Run>d__25:MoveNext () (at ./Library/PackageCache/com.unity.test-framework@76560ee600cb/UnityEngine.TestRunner/TestRunner/PlaymodeTestsController.cs:137)
UnityEngine.SetupCoroutine:InvokeMoveNext (System.Collections.IEnumerator,intptr)

(Filename: ./Library/PackageCache/com.meta.xr.sdk.core@4ea2676097b9/Editor/MCPBridge/TestRunnerTools.cs Line: 800)

[Licensing::Client] Successfully resolved entitlement details
[TestRunnerTools] Test Started: Opus.Games.OrchardReach.Tests.PlayMode.OrchardReachPlayModeAuditTests.DemoDriver_ProducesAllFiveAuditStatesWithRealContactGeometry
UnityEngine.Debug:ExtractStackTraceNoAlloc (byte*,int,string)
UnityEngine.StackTraceUtility:ExtractStackTrace ()
UnityEngine.DebugLogHandler:Internal_Log (UnityEngine.LogType,UnityEngine.LogOption,string,UnityEngine.Object)
UnityEngine.DebugLogHandler:LogFormat (UnityEngine.LogType,UnityEngine.Object,string,object[])
UnityEngine.Logger:Log (UnityEngine.LogType,object)
UnityEngine.Debug:Log (object)
Meta.MCPBridge.Editor.TestRunnerTools:OnTestStarted (UnityEditor.TestTools.TestRunner.Api.ITestAdaptor) (at ./Library/PackageCache/com.meta.xr.sdk.core@4ea2676097b9/Editor/MCPBridge/TestRunnerTools.cs:838)
Meta.MCPBridge.Editor.TestRunnerTools/TestRunnerCallbacks:TestStarted (UnityEditor.TestTools.TestRunner.Api.ITestAdaptor) (at ./Library/PackageCache/com.meta.xr.sdk.core@4ea2676097b9/Editor/MCPBridge/TestRunnerTools.cs:899)
UnityEditor.TestTools.TestRunner.Api.CallbacksDelegator/<>c__DisplayClass12_0:<TestStarted>b__0 (UnityEditor.TestTools.TestRunner.Api.ICallbacks) (at ./Library/PackageCache/com.unity.test-framework@76560ee600cb/UnityEditor.TestRunner/Api/CallbacksDelegator.cs:81)
UnityEditor.TestTools.TestRunner.Api.CallbacksDelegator:TryInvokeAllCallbacks (System.Action`1<UnityEditor.TestTools.TestRunner.Api.ICallbacks>) (at ./Library/PackageCache/com.unity.test-framework@76560ee600cb/UnityEditor.TestRunner/Api/CallbacksDelegator.cs:135)
UnityEditor.TestTools.TestRunner.Api.CallbacksDelegator:TestStarted (NUnit.Framework.Interfaces.ITest) (at ./Library/PackageCache/com.unity.test-framework@76560ee600cb/UnityEditor.TestRunner/Api/CallbacksDelegator.cs:81)
UnityEngine.Events.InvokableCall`1<NUnit.Framework.Interfaces.ITest>:Invoke (NUnit.Framework.Interfaces.ITest)
UnityEngine.Events.UnityEvent`1<NUnit.Framework.Interfaces.ITest>:Invoke (NUnit.Framework.Interfaces.ITest)
UnityEngine.Events.InvokableCall`1<NUnit.Framework.Interfaces.ITest>:Invoke (NUnit.Framework.Interfaces.ITest)
UnityEngine.Events.UnityEvent`1<NUnit.Framework.Interfaces.ITest>:Invoke (NUnit.Framework.Interfaces.ITest)
UnityEngine.TestTools.TestRunner.TestListenerWrapper:TestStarted (NUnit.Framework.Interfaces.ITest) (at ./Library/PackageCache/com.unity.test-framework@76560ee600cb/UnityEngine.TestRunner/TestRunner/TestListenerWrapper.cs:19)
UnityEngine.TestRunner.NUnitExtensions.Runner.UnityWorkItem:Execute () (at ./Library/PackageCache/com.unity.test-framework@76560ee600cb/UnityEngine.TestRunner/NUnitExtensions/Runner/UnityWorkItem.cs:83)
UnityEngine.TestRunner.NUnitExtensions.Runner.CompositeWorkItem/<RunChildren>d__17:MoveNext () (at ./Library/PackageCache/com.unity.test-framework@76560ee600cb/UnityEngine.TestRunner/NUnitExtensions/Runner/CompositeWorkItem.cs:203)
UnityEngine.TestRunner.NUnitExtensions.Runner.CompositeWorkItem/<PerformWork>d__13:MoveNext () (at ./Library/PackageCache/com.unity.test-framework@76560ee600cb/UnityEngine.TestRunner/NUnitExtensions/Runner/CompositeWorkItem.cs:82)
UnityEngine.TestRunner.NUnitExtensions.Runner.CompositeWorkItem/<RunChildren>d__17:MoveNext () (at ./Library/PackageCache/com.unity.test-framework@76560ee600cb/UnityEngine.TestRunner/NUnitExtensions/Runner/CompositeWorkItem.cs:207)
UnityEngine.TestRunner.NUnitExtensions.Runner.CompositeWorkItem/<PerformWork>d__13:MoveNext () (at ./Library/PackageCache/com.unity.test-framework@76560ee600cb/UnityEngine.TestRunner/NUnitExtensions/Runner/CompositeWorkItem.cs:82)
UnityEngine.TestRunner.NUnitExtensions.Runner.CompositeWorkItem/<RunChildren>d__17:MoveNext () (at ./Library/PackageCache/com.unity.test-framework@76560ee600cb/UnityEngine.TestRunner/NUnitExtensions/Runner/CompositeWorkItem.cs:207)
UnityEngine.TestRunner.NUnitExtensions.Runner.CompositeWorkItem/<PerformWork>d__13:MoveNext () (at ./Library/PackageCache/com.unity.test-framework@76560ee600cb/UnityEngine.TestRunner/NUnitExtensions/Runner/CompositeWorkItem.cs:82)
UnityEngine.TestRunner.NUnitExtensions.Runner.CompositeWorkItem/<RunChildren>d__17:MoveNext () (at ./Library/PackageCache/com.unity.test-framework@76560ee600cb/UnityEngine.TestRunner/NUnitExtensions/Runner/CompositeWorkItem.cs:207)
UnityEngine.TestRunner.NUnitExtensions.Runner.CompositeWorkItem/<PerformWork>d__13:MoveNext () (at ./Library/PackageCache/com.unity.test-framework@76560ee600cb/UnityEngine.TestRunner/NUnitExtensions/Runner/CompositeWorkItem.cs:82)
UnityEngine.TestRunner.NUnitExtensions.Runner.CompositeWorkItem/<RunChildren>d__17:MoveNext () (at ./Library/PackageCache/com.unity.test-framework@76560ee600cb/UnityEngine.TestRunner/NUnitExtensions/Runner/CompositeWorkItem.cs:207)
UnityEngine.TestRunner.NUnitExtensions.Runner.CompositeWorkItem/<PerformWork>d__13:MoveNext () (at ./Library/PackageCache/com.unity.test-framework@76560ee600cb/UnityEngine.TestRunner/NUnitExtensions/Runner/CompositeWorkItem.cs:82)
UnityEngine.TestRunner.NUnitExtensions.Runner.CompositeWorkItem/<RunChildren>d__17:MoveNext () (at ./Library/PackageCache/com.unity.test-framework@76560ee600cb/UnityEngine.TestRunner/NUnitExtensions/Runner/CompositeWorkItem.cs:207)
UnityEngine.TestRunner.NUnitExtensions.Runner.CompositeWorkItem/<PerformWork>d__13:MoveNext () (at ./Library/PackageCache/com.unity.test-framework@76560ee600cb/UnityEngine.TestRunner/NUnitExtensions/Runner/CompositeWorkItem.cs:82)
UnityEngine.TestRunner.NUnitExtensions.Runner.CompositeWorkItem/<RunChildren>d__17:MoveNext () (at ./Library/PackageCache/com.unity.test-framework@76560ee600cb/UnityEngine.TestRunner/NUnitExtensions/Runner/CompositeWorkItem.cs:207)
UnityEngine.TestRunner.NUnitExtensions.Runner.CompositeWorkItem/<PerformWork>d__13:MoveNext () (at ./Library/PackageCache/com.unity.test-framework@76560ee600cb/UnityEngine.TestRunner/NUnitExtensions/Runner/CompositeWorkItem.cs:82)
UnityEngine.TestRunner.NUnitExtensions.Runner.CompositeWorkItem/<RunChildren>d__17:MoveNext () (at ./Library/PackageCache/com.unity.test-framework@76560ee600cb/UnityEngine.TestRunner/NUnitExtensions/Runner/CompositeWorkItem.cs:207)
UnityEngine.TestRunner.NUnitExtensions.Runner.CompositeWorkItem/<PerformWork>d__13:MoveNext () (at ./Library/PackageCache/com.unity.test-framework@76560ee600cb/UnityEngine.TestRunner/NUnitExtensions/Runner/CompositeWorkItem.cs:82)
UnityEngine.TestTools.TestRunner.PlaymodeTestsController/<TestRunnerCoroutine>d__24:MoveNext () (at ./Library/PackageCache/com.unity.test-framework@76560ee600cb/UnityEngine.TestRunner/TestRunner/PlaymodeTestsController.cs:93)
UnityEngine.SetupCoroutine:InvokeMoveNext (System.Collections.IEnumerator,intptr)

(Filename: ./Library/PackageCache/com.meta.xr.sdk.core@4ea2676097b9/Editor/MCPBridge/TestRunnerTools.cs Line: 838)

Unloading 210 Unused Serialized files (Serialized files now loaded: 0)
UnloadTime: 0.762000 ms
Found IOVRSkeletonDataProvider reference in [BuildingBlock] Hand Tracking left due to unassigned field.
UnityEngine.Debug:ExtractStackTraceNoAlloc (byte*,int,string)
UnityEngine.StackTraceUtility:ExtractStackTrace ()
UnityEngine.DebugLogHandler:Internal_Log (UnityEngine.LogType,UnityEngine.LogOption,string,UnityEngine.Object)
UnityEngine.DebugLogHandler:LogFormat (UnityEngine.LogType,UnityEngine.Object,string,object[])
UnityEngine.Logger:Log (UnityEngine.LogType,object)
UnityEngine.Debug:Log (object)
OVRSkeleton:Awake () (at ./Library/PackageCache/com.meta.xr.sdk.core@4ea2676097b9/Scripts/Util/OVRSkeleton.cs:520)

(Filename: ./Library/PackageCache/com.meta.xr.sdk.core@4ea2676097b9/Scripts/Util/OVRSkeleton.cs Line: 520)

Found IOVRSkeletonDataProvider reference in [BuildingBlock] Hand Tracking right due to unassigned field.
UnityEngine.Debug:ExtractStackTraceNoAlloc (byte*,int,string)
UnityEngine.StackTraceUtility:ExtractStackTrace ()
UnityEngine.DebugLogHandler:Internal_Log (UnityEngine.LogType,UnityEngine.LogOption,string,UnityEngine.Object)
UnityEngine.DebugLogHandler:LogFormat (UnityEngine.LogType,UnityEngine.Object,string,object[])
UnityEngine.Logger:Log (UnityEngine.LogType,object)
UnityEngine.Debug:Log (object)
OVRSkeleton:Awake () (at ./Library/PackageCache/com.meta.xr.sdk.core@4ea2676097b9/Scripts/Util/OVRSkeleton.cs:520)

(Filename: ./Library/PackageCache/com.meta.xr.sdk.core@4ea2676097b9/Scripts/Util/OVRSkeleton.cs Line: 520)

Setting linear velocity of a kinematic body is not supported.
UnityEngine.Debug:ExtractStackTraceNoAlloc (byte*,int,string)
UnityEngine.StackTraceUtility:ExtractStackTrace ()
UnityEngine.Rigidbody:set_linearVelocity (UnityEngine.Vector3)
Opus.Shell.OrchardReachSceneController:HandleTrialEvent (Opus.Sdk.TrialEvent) (at Assets/Shell/Runtime/OrchardReachSceneController.cs:879)
Opus.Games.OrchardReach.OrchardReachModule:Emit (string,string,Opus.Sdk.TrialTarget,string) (at Assets/Games/OrchardReach/Runtime/OrchardReachModule.cs:212)
Opus.Games.OrchardReach.OrchardReachModule:EmitSignal (System.Nullable`1<Opus.Games.OrchardReach.TrialSignal>,string,Opus.Sdk.TrialTarget) (at Assets/Games/OrchardReach/Runtime/OrchardReachModule.cs:228)
Opus.Games.OrchardReach.OrchardReachModule:StartNextTrial (double) (at Assets/Games/OrchardReach/Runtime/OrchardReachModule.cs:117)
Opus.Games.OrchardReach.OrchardReachModule:Begin () (at Assets/Games/OrchardReach/Runtime/OrchardReachModule.cs:80)
Opus.Shell.OrchardReachSceneController:Awake () (at Assets/Shell/Runtime/OrchardReachSceneController.cs:278)

[Assets/Shell/Runtime/OrchardReachSceneController.cs line 879]

Loaded scene 'Assets/Scenes/OrchardReach.unity'
	Deserialize:            595.198 ms
	Integration:            750.762 ms
	Integration of assets:  806.271 ms
	Thread Wait Time:       -0.276 ms
	Total Operation Time:   2151.955 ms
Unloading 16487 unused Assets / (13.0 MB). Loaded Objects now: 14845.
Memory consumption went from 324.5 MB to 311.5 MB.
Total: 32.691900 ms (FindLiveObjects: 1.448000 ms CreateObjectMapping: 2.108400 ms MarkObjects: 17.384100 ms  DeleteObjects: 11.749700 ms)

At GameObject <color=#3366ff><b>PlayerController</b></color>, component <b>FirstPersonLocomotor</b>. The ground could not be found below the locomotor for 10 meters. Velocity will be disabled.A) Add a ground collider under the character controller and/or adjust the CharacterController.LayerMask.
B) Set _velocityDisabled to disable movement and prevent falling without showing this warning.
C) Set _maxStartGroundDistance to 0 to disable this behaviour.
UnityEngine.Debug:ExtractStackTraceNoAlloc (byte*,int,string)
UnityEngine.StackTraceUtility:ExtractStackTrace ()
UnityEngine.DebugLogHandler:Internal_Log (UnityEngine.LogType,UnityEngine.LogOption,string,UnityEngine.Object)
UnityEngine.DebugLogHandler:LogFormat (UnityEngine.LogType,UnityEngine.Object,string,object[])
UnityEngine.Logger:Log (UnityEngine.LogType,object,UnityEngine.Object)
UnityEngine.Debug:LogWarning (object,UnityEngine.Object)
Oculus.Interaction.AssertUtils:LogWarning (UnityEngine.Component,string,string,string) (at ./Library/PackageCache/com.meta.xr.sdk.interaction@875abb30439c/Runtime/Scripts/Utils/AssertUtils.cs:252)
Oculus.Interaction.Locomotion.FirstPersonLocomotor:Start () (at ./Library/PackageCache/com.meta.xr.sdk.interaction@875abb30439c/Runtime/Scripts/Interaction/Models/Locomotion/FirstPersonLocomotor.cs:444)

(Filename: ./Library/PackageCache/com.meta.xr.sdk.interaction@875abb30439c/Runtime/Scripts/Utils/AssertUtils.cs Line: 252)

Setting linear velocity of a kinematic body is not supported.
UnityEngine.Debug:ExtractStackTraceNoAlloc (byte*,int,string)
UnityEngine.StackTraceUtility:ExtractStackTrace ()
UnityEngine.Rigidbody:set_linearVelocity (UnityEngine.Vector3)
Opus.Shell.OrchardReachSceneController:DriveDemoHandAndFruit () (at Assets/Shell/Runtime/OrchardReachSceneController.cs:677)
Opus.Shell.OrchardReachSceneController:Update () (at Assets/Shell/Runtime/OrchardReachSceneController.cs:486)

[Assets/Shell/Runtime/OrchardReachSceneController.cs line 677]

Unable to process a controller whose SampleRateHz is 0 now.
UnityEngine.Debug:ExtractStackTraceNoAlloc (byte*,int,string)
UnityEngine.StackTraceUtility:ExtractStackTrace ()
UnityEngine.DebugLogHandler:Internal_Log (UnityEngine.LogType,UnityEngine.LogOption,string,UnityEngine.Object)
UnityEngine.DebugLogHandler:LogFormat (UnityEngine.LogType,UnityEngine.Object,string,object[])
UnityEngine.Logger:Log (UnityEngine.LogType,object)
UnityEngine.Debug:Log (object)
OVRHaptics/OVRHapticsOutput:Process () (at ./Library/PackageCache/com.meta.xr.sdk.core@4ea2676097b9/Scripts/OVRHaptics.cs:182)
OVRHaptics:Process () (at ./Library/PackageCache/com.meta.xr.sdk.core@4ea2676097b9/Scripts/OVRHaptics.cs:399)
OVRManager:LateUpdate () (at ./Library/PackageCache/com.meta.xr.sdk.core@4ea2676097b9/Scripts/OVRManager.cs:3405)

(Filename: ./Library/PackageCache/com.meta.xr.sdk.core@4ea2676097b9/Scripts/OVRHaptics.cs Line: 182)

Unable to process a controller whose SampleRateHz is 0 now.
UnityEngine.Debug:ExtractStackTraceNoAlloc (byte*,int,string)
UnityEngine.StackTraceUtility:ExtractStackTrace ()
UnityEngine.DebugLogHandler:Internal_Log (UnityEngine.LogType,UnityEngine.LogOption,string,UnityEngine.Object)
UnityEngine.DebugLogHandler:LogFormat (UnityEngine.LogType,UnityEngine.Object,string,object[])
UnityEngine.Logger:Log (UnityEngine.LogType,object)
UnityEngine.Debug:Log (object)
OVRHaptics/OVRHapticsOutput:Process () (at ./Library/PackageCache/com.meta.xr.sdk.core@4ea2676097b9/Scripts/OVRHaptics.cs:182)
OVRHaptics:Process () (at ./Library/PackageCache/com.meta.xr.sdk.core@4ea2676097b9/Scripts/OVRHaptics.cs:399)
OVRManager:LateUpdate () (at ./Library/PackageCache/com.meta.xr.sdk.core@4ea2676097b9/Scripts/OVRManager.cs:3405)

(Filename: ./Library/PackageCache/com.meta.xr.sdk.core@4ea2676097b9/Scripts/OVRHaptics.cs Line: 182)

[OPUS] PlayModeAudit: ResetRenderingDebugger failed (TargetInvocationException: Exception has been thrown by the target of an invocation.) — continuing.
UnityEngine.Debug:ExtractStackTraceNoAlloc (byte*,int,string)
UnityEngine.StackTraceUtility:ExtractStackTrace ()
UnityEngine.DebugLogHandler:Internal_Log (UnityEngine.LogType,UnityEngine.LogOption,string,UnityEngine.Object)
UnityEngine.DebugLogHandler:LogFormat (UnityEngine.LogType,UnityEngine.Object,string,object[])
UnityEngine.Logger:Log (UnityEngine.LogType,object)
UnityEngine.Debug:LogWarning (object)
Opus.Games.OrchardReach.Tests.PlayMode.OrchardReachPlayModeAuditTests:ResetRenderingDebugger () (at Assets/Games/OrchardReach/Tests/PlayMode/OrchardReachPlayModeAuditTests.cs:226)
Opus.Games.OrchardReach.Tests.PlayMode.OrchardReachPlayModeAuditTests/<DemoDriver_ProducesAllFiveAuditStatesWithRealContactGeometry>d__2:MoveNext () (at Assets/Games/OrchardReach/Tests/PlayMode/OrchardReachPlayModeAuditTests.cs:49)
UnityEngine.TestTools.TestEnumerator/<Execute>d__7:MoveNext () (at ./Library/PackageCache/com.unity.test-framework@76560ee600cb/UnityEngine.TestRunner/NUnitExtensions/Attributes/TestEnumerator.cs:44)
UnityEngine.TestTools.EnumerableTestMethodCommand/<ExecuteEnumerableAndRecordExceptions>d__4:MoveNext () (at ./Library/PackageCache/com.unity.test-framework@76560ee600cb/UnityEngine.TestRunner/NUnitExtensions/Commands/EnumerableTestMethodCommand.cs:79)
UnityEngine.TestTools.EnumerableTestMethodCommand:AdvanceEnumerator (System.Collections.IEnumerator) (at ./Library/PackageCache/com.unity.test-framework@76560ee600cb/UnityEngine.TestRunner/NUnitExtensions/Commands/EnumerableTestMethodCommand.cs:64)
UnityEngine.TestTools.EnumerableTestMethodCommand/<ExecuteEnumerable>d__2:MoveNext () (at ./Library/PackageCache/com.unity.test-framework@76560ee600cb/UnityEngine.TestRunner/NUnitExtensions/Commands/EnumerableTestMethodCommand.cs:47)
UnityEngine.TestRunner.NUnitExtensions.Runner.UnityLogCheckDelegatingCommand/<ExecuteEnumerable>d__3:MoveNext () (at ./Library/PackageCache/com.unity.test-framework@76560ee600cb/UnityEngine.TestRunner/NUnitExtensions/Runner/UnityLogCheckDelegatingCommand.cs:48)
UnityEngine.TestTools.BeforeAfterTestCommandBase`1/<ExecuteEnumerable>d__16<NUnit.Framework.ITestAction>:MoveNext () (at ./Library/PackageCache/com.unity.test-framework@76560ee600cb/UnityEngine.TestRunner/NUnitExtensions/Commands/BeforeAfterTestCommandBase.cs:212)
UnityEngine.TestTools.BeforeAfterTestCommandBase`1/<ExecuteEnumerable>d__16<System.Reflection.MethodInfo>:MoveNext () (at ./Library/PackageCache/com.unity.test-framework@76560ee600cb/UnityEngine.TestRunner/NUnitExtensions/Commands/BeforeAfterTestCommandBase.cs:212)
UnityEngine.TestTools.BeforeAfterTestCommandBase`1/<ExecuteEnumerable>d__16<System.Reflection.MethodInfo>:MoveNext () (at ./Library/PackageCache/com.unity.test-framework@76560ee600cb/UnityEngine.TestRunner/NUnitExtensions/Commands/BeforeAfterTestCommandBase.cs:212)
UnityEngine.TestTools.BeforeAfterTestCommandBase`1/<ExecuteEnumerable>d__16<UnityEngine.TestTools.IOuterUnityTestAction>:MoveNext () (at ./Library/PackageCache/com.unity.test-framework@76560ee600cb/UnityEngine.TestRunner/NUnitExtensions/Commands/BeforeAfterTestCommandBase.cs:212)
UnityEngine.TestTools.RetryCommand/<ExecuteEnumerable>d__2:MoveNext () (at ./Library/PackageCache/com.unity.test-framework@76560ee600cb/UnityEngine.TestRunner/NUnitExtensions/Commands/RetryCommand.cs:37)
UnityEngine.TestTools.RepeatCommand/<ExecuteEnumerable>d__2:MoveNext () (at ./Library/PackageCache/com.unity.test-framework@76560ee600cb/UnityEngine.TestRunner/NUnitExtensions/Commands/RepeatCommand.cs:36)
UnityEngine.TestTools.IgnoreTestCommand/<ExecuteEnumerable>d__3:MoveNext () (at ./Library/PackageCache/com.unity.test-framework@76560ee600cb/UnityEngine.TestRunner/NUnitExtensions/Commands/IgnoreTestCommand.cs:42)
UnityEngine.TestTools.StrictCheckCommand/<ExecuteEnumerable>d__2:MoveNext () (at ./Library/PackageCache/com.unity.test-framework@76560ee600cb/UnityEngine.TestRunner/NUnitExtensions/Commands/StrictCheckCommand.cs:29)
UnityEngine.TestTools.Utils.CoroutineRunner/<WrapEnumeratorForChecks>d__8:MoveNext () (at ./Library/PackageCache/com.unity.test-framework@76560ee600cb/UnityEngine.TestRunner/Utils/CoroutineRunner.cs:58)
UnityEngine.SetupCoroutine:InvokeMoveNext (System.Collections.IEnumerator,intptr)

(Filename: Assets/Games/OrchardReach/Tests/PlayMode/OrchardReachPlayModeAuditTests.cs Line: 226)

[OPUS] PlayModeAudit: hid 250 rig hand/controller-hint renderers (DemoHandProxy_R excluded)
UnityEngine.Debug:ExtractStackTraceNoAlloc (byte*,int,string)
UnityEngine.StackTraceUtility:ExtractStackTrace ()
UnityEngine.DebugLogHandler:Internal_Log (UnityEngine.LogType,UnityEngine.LogOption,string,UnityEngine.Object)
UnityEngine.DebugLogHandler:LogFormat (UnityEngine.LogType,UnityEngine.Object,string,object[])
UnityEngine.Logger:Log (UnityEngine.LogType,object)
UnityEngine.Debug:Log (object)
Opus.Games.OrchardReach.Tests.PlayMode.OrchardReachPlayModeAuditTests/<DemoDriver_ProducesAllFiveAuditStatesWithRealContactGeometry>d__2:MoveNext () (at Assets/Games/OrchardReach/Tests/PlayMode/OrchardReachPlayModeAuditTests.cs:74)
UnityEngine.TestTools.TestEnumerator/<Execute>d__7:MoveNext () (at ./Library/PackageCache/com.unity.test-framework@76560ee600cb/UnityEngine.TestRunner/NUnitExtensions/Attributes/TestEnumerator.cs:44)
UnityEngine.TestTools.EnumerableTestMethodCommand/<ExecuteEnumerableAndRecordExceptions>d__4:MoveNext () (at ./Library/PackageCache/com.unity.test-framework@76560ee600cb/UnityEngine.TestRunner/NUnitExtensions/Commands/EnumerableTestMethodCommand.cs:79)
UnityEngine.TestTools.EnumerableTestMethodCommand:AdvanceEnumerator (System.Collections.IEnumerator) (at ./Library/PackageCache/com.unity.test-framework@76560ee600cb/UnityEngine.TestRunner/NUnitExtensions/Commands/EnumerableTestMethodCommand.cs:64)
UnityEngine.TestTools.EnumerableTestMethodCommand/<ExecuteEnumerable>d__2:MoveNext () (at ./Library/PackageCache/com.unity.test-framework@76560ee600cb/UnityEngine.TestRunner/NUnitExtensions/Commands/EnumerableTestMethodCommand.cs:47)
UnityEngine.TestRunner.NUnitExtensions.Runner.UnityLogCheckDelegatingCommand/<ExecuteEnumerable>d__3:MoveNext () (at ./Library/PackageCache/com.unity.test-framework@76560ee600cb/UnityEngine.TestRunner/NUnitExtensions/Runner/UnityLogCheckDelegatingCommand.cs:48)
UnityEngine.TestTools.BeforeAfterTestCommandBase`1/<ExecuteEnumerable>d__16<NUnit.Framework.ITestAction>:MoveNext () (at ./Library/PackageCache/com.unity.test-framework@76560ee600cb/UnityEngine.TestRunner/NUnitExtensions/Commands/BeforeAfterTestCommandBase.cs:212)
UnityEngine.TestTools.BeforeAfterTestCommandBase`1/<ExecuteEnumerable>d__16<System.Reflection.MethodInfo>:MoveNext () (at ./Library/PackageCache/com.unity.test-framework@76560ee600cb/UnityEngine.TestRunner/NUnitExtensions/Commands/BeforeAfterTestCommandBase.cs:212)
UnityEngine.TestTools.BeforeAfterTestCommandBase`1/<ExecuteEnumerable>d__16<System.Reflection.MethodInfo>:MoveNext () (at ./Library/PackageCache/com.unity.test-framework@76560ee600cb/UnityEngine.TestRunner/NUnitExtensions/Commands/BeforeAfterTestCommandBase.cs:212)
UnityEngine.TestTools.BeforeAfterTestCommandBase`1/<ExecuteEnumerable>d__16<UnityEngine.TestTools.IOuterUnityTestAction>:MoveNext () (at ./Library/PackageCache/com.unity.test-framework@76560ee600cb/UnityEngine.TestRunner/NUnitExtensions/Commands/BeforeAfterTestCommandBase.cs:212)
UnityEngine.TestTools.RetryCommand/<ExecuteEnumerable>d__2:MoveNext () (at ./Library/PackageCache/com.unity.test-framework@76560ee600cb/UnityEngine.TestRunner/NUnitExtensions/Commands/RetryCommand.cs:37)
UnityEngine.TestTools.RepeatCommand/<ExecuteEnumerable>d__2:MoveNext () (at ./Library/PackageCache/com.unity.test-framework@76560ee600cb/UnityEngine.TestRunner/NUnitExtensions/Commands/RepeatCommand.cs:36)
UnityEngine.TestTools.IgnoreTestCommand/<ExecuteEnumerable>d__3:MoveNext () (at ./Library/PackageCache/com.unity.test-framework@76560ee600cb/UnityEngine.TestRunner/NUnitExtensions/Commands/IgnoreTestCommand.cs:42)
UnityEngine.TestTools.StrictCheckCommand/<ExecuteEnumerable>d__2:MoveNext () (at ./Library/PackageCache/com.unity.test-framework@76560ee600cb/UnityEngine.TestRunner/NUnitExtensions/Commands/StrictCheckCommand.cs:29)
UnityEngine.TestTools.Utils.CoroutineRunner/<WrapEnumeratorForChecks>d__8:MoveNext () (at ./Library/PackageCache/com.unity.test-framework@76560ee600cb/UnityEngine.TestRunner/Utils/CoroutineRunner.cs:58)
UnityEngine.SetupCoroutine:InvokeMoveNext (System.Collections.IEnumerator,intptr)

(Filename: Assets/Games/OrchardReach/Tests/PlayMode/OrchardReachPlayModeAuditTests.cs Line: 74)

[UdpHapticTransport] sleeve discovered at 169.254.188.98:8790 (device_id=sleeve-sim-01)
UnityEngine.Debug:ExtractStackTraceNoAlloc (byte*,int,string)
UnityEngine.StackTraceUtility:ExtractStackTrace ()
UnityEngine.DebugLogHandler:Internal_Log (UnityEngine.LogType,UnityEngine.LogOption,string,UnityEngine.Object)
UnityEngine.DebugLogHandler:LogFormat (UnityEngine.LogType,UnityEngine.Object,string,object[])
UnityEngine.Logger:Log (UnityEngine.LogType,object)
UnityEngine.Debug:Log (object)
Opus.Sdk.UdpHapticTransport/<DiscoveryLoopAsync>d__24:MoveNext () (at ./Packages/com.opus.sdk/Runtime/Transport/UdpHapticTransport.cs:191)
System.Runtime.CompilerServices.AsyncMethodBuilderCore/MoveNextRunner:InvokeMoveNext (object)
System.Threading.ExecutionContext:RunInternal (System.Threading.ExecutionContext,System.Threading.ContextCallback,object,bool)
System.Threading.ExecutionContext:Run (System.Threading.ExecutionContext,System.Threading.ContextCallback,object,bool)
System.Runtime.CompilerServices.AsyncMethodBuilderCore/MoveNextRunner:Run ()
System.Threading.Tasks.AwaitTaskContinuation:RunOrScheduleAction (System.Action,bool,System.Threading.Tasks.Task&)
System.Threading.Tasks.Task:FinishContinuations ()
System.Threading.Tasks.Task:FinishStageThree ()
System.Threading.Tasks.Task`1<System.Net.Sockets.UdpReceiveResult>:TrySetResult (System.Net.Sockets.UdpReceiveResult)
System.Threading.Tasks.TaskFactory`1<System.Net.Sockets.UdpReceiveResult>:FromAsyncCoreLogic (System.IAsyncResult,System.Func`2<System.IAsyncResult, System.Net.Sockets.UdpReceiveResult>,System.Action`1<System.IAsyncResult>,System.Threading.Tasks.Task`1<System.Net.Sockets.UdpReceiveResult>,bool)
System.Threading.Tasks.TaskFactory`1/<>c__DisplayClass35_0<System.Net.Sockets.UdpReceiveResult>:<FromAsyncImpl>b__0 (System.IAsyncResult)
System.Net.Sockets.SocketAsyncResult/<>c:<Complete>b__27_0 (object)
System.Threading.QueueUserWorkItemCallback:System.Threading.IThreadPoolWorkItem.ExecuteWorkItem ()
System.Threading.ThreadPoolWorkQueue:Dispatch ()
System.Threading._ThreadPoolWaitCallback:PerformWaitCallback ()

(Filename: ./Packages/com.opus.sdk/Runtime/Transport/UdpHapticTransport.cs Line: 191)

[OPUS] PlayModeAudit: wrote C:\Users\GARV BANSAL\Documents\VR_games\OPUS\logs\sessions\screens\unity\run9_playmode\03_grasp.png (836478 bytes)
UnityEngine.Debug:ExtractStackTraceNoAlloc (byte*,int,string)
UnityEngine.StackTraceUtility:ExtractStackTrace ()
UnityEngine.DebugLogHandler:Internal_Log (UnityEngine.LogType,UnityEngine.LogOption,string,UnityEngine.Object)
UnityEngine.DebugLogHandler:LogFormat (UnityEngine.LogType,UnityEngine.Object,string,object[])
UnityEngine.Logger:Log (UnityEngine.LogType,object)
UnityEngine.Debug:Log (object)
Opus.Games.OrchardReach.Tests.PlayMode.OrchardReachPlayModeAuditTests:CaptureShot (string,string) (at Assets/Games/OrchardReach/Tests/PlayMode/OrchardReachPlayModeAuditTests.cs:285)
Opus.Games.OrchardReach.Tests.PlayMode.OrchardReachPlayModeAuditTests/<DemoDriver_ProducesAllFiveAuditStatesWithRealContactGeometry>d__2:MoveNext () (at Assets/Games/OrchardReach/Tests/PlayMode/OrchardReachPlayModeAuditTests.cs:137)
UnityEngine.TestTools.TestEnumerator/<Execute>d__7:MoveNext () (at ./Library/PackageCache/com.unity.test-framework@76560ee600cb/UnityEngine.TestRunner/NUnitExtensions/Attributes/TestEnumerator.cs:44)
UnityEngine.TestTools.EnumerableTestMethodCommand/<ExecuteEnumerableAndRecordExceptions>d__4:MoveNext () (at ./Library/PackageCache/com.unity.test-framework@76560ee600cb/UnityEngine.TestRunner/NUnitExtensions/Commands/EnumerableTestMethodCommand.cs:79)
UnityEngine.TestTools.EnumerableTestMethodCommand:AdvanceEnumerator (System.Collections.IEnumerator) (at ./Library/PackageCache/com.unity.test-framework@76560ee600cb/UnityEngine.TestRunner/NUnitExtensions/Commands/EnumerableTestMethodCommand.cs:64)
UnityEngine.TestTools.EnumerableTestMethodCommand/<ExecuteEnumerable>d__2:MoveNext () (at ./Library/PackageCache/com.unity.test-framework@76560ee600cb/UnityEngine.TestRunner/NUnitExtensions/Commands/EnumerableTestMethodCommand.cs:47)
UnityEngine.TestRunner.NUnitExtensions.Runner.UnityLogCheckDelegatingCommand/<ExecuteEnumerable>d__3:MoveNext () (at ./Library/PackageCache/com.unity.test-framework@76560ee600cb/UnityEngine.TestRunner/NUnitExtensions/Runner/UnityLogCheckDelegatingCommand.cs:48)
UnityEngine.TestTools.BeforeAfterTestCommandBase`1/<ExecuteEnumerable>d__16<NUnit.Framework.ITestAction>:MoveNext () (at ./Library/PackageCache/com.unity.test-framework@76560ee600cb/UnityEngine.TestRunner/NUnitExtensions/Commands/BeforeAfterTestCommandBase.cs:212)
UnityEngine.TestTools.BeforeAfterTestCommandBase`1/<ExecuteEnumerable>d__16<System.Reflection.MethodInfo>:MoveNext () (at ./Library/PackageCache/com.unity.test-framework@76560ee600cb/UnityEngine.TestRunner/NUnitExtensions/Commands/BeforeAfterTestCommandBase.cs:212)
UnityEngine.TestTools.BeforeAfterTestCommandBase`1/<ExecuteEnumerable>d__16<System.Reflection.MethodInfo>:MoveNext () (at ./Library/PackageCache/com.unity.test-framework@76560ee600cb/UnityEngine.TestRunner/NUnitExtensions/Commands/BeforeAfterTestCommandBase.cs:212)
UnityEngine.TestTools.BeforeAfterTestCommandBase`1/<ExecuteEnumerable>d__16<UnityEngine.TestTools.IOuterUnityTestAction>:MoveNext () (at ./Library/PackageCache/com.unity.test-framework@76560ee600cb/UnityEngine.TestRunner/NUnitExtensions/Commands/BeforeAfterTestCommandBase.cs:212)
UnityEngine.TestTools.RetryCommand/<ExecuteEnumerable>d__2:MoveNext () (at ./Library/PackageCache/com.unity.test-framework@76560ee600cb/UnityEngine.TestRunner/NUnitExtensions/Commands/RetryCommand.cs:37)
UnityEngine.TestTools.RepeatCommand/<ExecuteEnumerable>d__2:MoveNext () (at ./Library/PackageCache/com.unity.test-framework@76560ee600cb/UnityEngine.TestRunner/NUnitExtensions/Commands/RepeatCommand.cs:36)
UnityEngine.TestTools.IgnoreTestCommand/<ExecuteEnumerable>d__3:MoveNext () (at ./Library/PackageCache/com.unity.test-framework@76560ee600cb/UnityEngine.TestRunner/NUnitExtensions/Commands/IgnoreTestCommand.cs:42)
UnityEngine.TestTools.StrictCheckCommand/<ExecuteEnumerable>d__2:MoveNext () (at ./Library/PackageCache/com.unity.test-framework@76560ee600cb/UnityEngine.TestRunner/NUnitExtensions/Commands/StrictCheckCommand.cs:29)
UnityEngine.TestTools.Utils.CoroutineRunner/<WrapEnumeratorForChecks>d__8:MoveNext () (at ./Library/PackageCache/com.unity.test-framework@76560ee600cb/UnityEngine.TestRunner/Utils/CoroutineRunner.cs:58)
UnityEngine.SetupCoroutine:InvokeMoveNext (System.Collections.IEnumerator,intptr)

(Filename: Assets/Games/OrchardReach/Tests/PlayMode/OrchardReachPlayModeAuditTests.cs Line: 285)

[OPUS] PlayModeAudit: captured grasp at t=0.00s, hand-apple distance=0.0000m
UnityEngine.Debug:ExtractStackTraceNoAlloc (byte*,int,string)
UnityEngine.StackTraceUtility:ExtractStackTrace ()
UnityEngine.DebugLogHandler:Internal_Log (UnityEngine.LogType,UnityEngine.LogOption,string,UnityEngine.Object)
UnityEngine.DebugLogHandler:LogFormat (UnityEngine.LogType,UnityEngine.Object,string,object[])
UnityEngine.Logger:Log (UnityEngine.LogType,object)
UnityEngine.Debug:Log (object)
Opus.Games.OrchardReach.Tests.PlayMode.OrchardReachPlayModeAuditTests/<DemoDriver_ProducesAllFiveAuditStatesWithRealContactGeometry>d__2:MoveNext () (at Assets/Games/OrchardReach/Tests/PlayMode/OrchardReachPlayModeAuditTests.cs:139)
UnityEngine.TestTools.TestEnumerator/<Execute>d__7:MoveNext () (at ./Library/PackageCache/com.unity.test-framework@76560ee600cb/UnityEngine.TestRunner/NUnitExtensions/Attributes/TestEnumerator.cs:44)
UnityEngine.TestTools.EnumerableTestMethodCommand/<ExecuteEnumerableAndRecordExceptions>d__4:MoveNext () (at ./Library/PackageCache/com.unity.test-framework@76560ee600cb/UnityEngine.TestRunner/NUnitExtensions/Commands/EnumerableTestMethodCommand.cs:79)
UnityEngine.TestTools.EnumerableTestMethodCommand:AdvanceEnumerator (System.Collections.IEnumerator) (at ./Library/PackageCache/com.unity.test-framework@76560ee600cb/UnityEngine.TestRunner/NUnitExtensions/Commands/EnumerableTestMethodCommand.cs:64)
UnityEngine.TestTools.EnumerableTestMethodCommand/<ExecuteEnumerable>d__2:MoveNext () (at ./Library/PackageCache/com.unity.test-framework@76560ee600cb/UnityEngine.TestRunner/NUnitExtensions/Commands/EnumerableTestMethodCommand.cs:47)
UnityEngine.TestRunner.NUnitExtensions.Runner.UnityLogCheckDelegatingCommand/<ExecuteEnumerable>d__3:MoveNext () (at ./Library/PackageCache/com.unity.test-framework@76560ee600cb/UnityEngine.TestRunner/NUnitExtensions/Runner/UnityLogCheckDelegatingCommand.cs:48)
UnityEngine.TestTools.BeforeAfterTestCommandBase`1/<ExecuteEnumerable>d__16<NUnit.Framework.ITestAction>:MoveNext () (at ./Library/PackageCache/com.unity.test-framework@76560ee600cb/UnityEngine.TestRunner/NUnitExtensions/Commands/BeforeAfterTestCommandBase.cs:212)
UnityEngine.TestTools.BeforeAfterTestCommandBase`1/<ExecuteEnumerable>d__16<System.Reflection.MethodInfo>:MoveNext () (at ./Library/PackageCache/com.unity.test-framework@76560ee600cb/UnityEngine.TestRunner/NUnitExtensions/Commands/BeforeAfterTestCommandBase.cs:212)
UnityEngine.TestTools.BeforeAfterTestCommandBase`1/<ExecuteEnumerable>d__16<System.Reflection.MethodInfo>:MoveNext () (at ./Library/PackageCache/com.unity.test-framework@76560ee600cb/UnityEngine.TestRunner/NUnitExtensions/Commands/BeforeAfterTestCommandBase.cs:212)
UnityEngine.TestTools.BeforeAfterTestCommandBase`1/<ExecuteEnumerable>d__16<UnityEngine.TestTools.IOuterUnityTestAction>:MoveNext () (at ./Library/PackageCache/com.unity.test-framework@76560ee600cb/UnityEngine.TestRunner/NUnitExtensions/Commands/BeforeAfterTestCommandBase.cs:212)
UnityEngine.TestTools.RetryCommand/<ExecuteEnumerable>d__2:MoveNext () (at ./Library/PackageCache/com.unity.test-framework@76560ee600cb/UnityEngine.TestRunner/NUnitExtensions/Commands/RetryCommand.cs:37)
UnityEngine.TestTools.RepeatCommand/<ExecuteEnumerable>d__2:MoveNext () (at ./Library/PackageCache/com.unity.test-framework@76560ee600cb/UnityEngine.TestRunner/NUnitExtensions/Commands/RepeatCommand.cs:36)
UnityEngine.TestTools.IgnoreTestCommand/<ExecuteEnumerable>d__3:MoveNext () (at ./Library/PackageCache/com.unity.test-framework@76560ee600cb/UnityEngine.TestRunner/NUnitExtensions/Commands/IgnoreTestCommand.cs:42)
UnityEngine.TestTools.StrictCheckCommand/<ExecuteEnumerable>d__2:MoveNext () (at ./Library/PackageCache/com.unity.test-framework@76560ee600cb/UnityEngine.TestRunner/NUnitExtensions/Commands/StrictCheckCommand.cs:29)
UnityEngine.TestTools.Utils.CoroutineRunner/<WrapEnumeratorForChecks>d__8:MoveNext () (at ./Library/PackageCache/com.unity.test-framework@76560ee600cb/UnityEngine.TestRunner/Utils/CoroutineRunner.cs:58)
UnityEngine.SetupCoroutine:InvokeMoveNext (System.Collections.IEnumerator,intptr)

(Filename: Assets/Games/OrchardReach/Tests/PlayMode/OrchardReachPlayModeAuditTests.cs Line: 139)

[OPUS] PlayModeAudit: wrote C:\Users\GARV BANSAL\Documents\VR_games\OPUS\logs\sessions\screens\unity\run9_playmode\04_carry.png (836478 bytes)
UnityEngine.Debug:ExtractStackTraceNoAlloc (byte*,int,string)
UnityEngine.StackTraceUtility:ExtractStackTrace ()
UnityEngine.DebugLogHandler:Internal_Log (UnityEngine.LogType,UnityEngine.LogOption,string,UnityEngine.Object)
UnityEngine.DebugLogHandler:LogFormat (UnityEngine.LogType,UnityEngine.Object,string,object[])
UnityEngine.Logger:Log (UnityEngine.LogType,object)
UnityEngine.Debug:Log (object)
Opus.Games.OrchardReach.Tests.PlayMode.OrchardReachPlayModeAuditTests:CaptureShot (string,string) (at Assets/Games/OrchardReach/Tests/PlayMode/OrchardReachPlayModeAuditTests.cs:285)
Opus.Games.OrchardReach.Tests.PlayMode.OrchardReachPlayModeAuditTests/<DemoDriver_ProducesAllFiveAuditStatesWithRealContactGeometry>d__2:MoveNext () (at Assets/Games/OrchardReach/Tests/PlayMode/OrchardReachPlayModeAuditTests.cs:147)
UnityEngine.TestTools.TestEnumerator/<Execute>d__7:MoveNext () (at ./Library/PackageCache/com.unity.test-framework@76560ee600cb/UnityEngine.TestRunner/NUnitExtensions/Attributes/TestEnumerator.cs:44)
UnityEngine.TestTools.EnumerableTestMethodCommand/<ExecuteEnumerableAndRecordExceptions>d__4:MoveNext () (at ./Library/PackageCache/com.unity.test-framework@76560ee600cb/UnityEngine.TestRunner/NUnitExtensions/Commands/EnumerableTestMethodCommand.cs:79)
UnityEngine.TestTools.EnumerableTestMethodCommand:AdvanceEnumerator (System.Collections.IEnumerator) (at ./Library/PackageCache/com.unity.test-framework@76560ee600cb/UnityEngine.TestRunner/NUnitExtensions/Commands/EnumerableTestMethodCommand.cs:64)
UnityEngine.TestTools.EnumerableTestMethodCommand/<ExecuteEnumerable>d__2:MoveNext () (at ./Library/PackageCache/com.unity.test-framework@76560ee600cb/UnityEngine.TestRunner/NUnitExtensions/Commands/EnumerableTestMethodCommand.cs:47)
UnityEngine.TestRunner.NUnitExtensions.Runner.UnityLogCheckDelegatingCommand/<ExecuteEnumerable>d__3:MoveNext () (at ./Library/PackageCache/com.unity.test-framework@76560ee600cb/UnityEngine.TestRunner/NUnitExtensions/Runner/UnityLogCheckDelegatingCommand.cs:48)
UnityEngine.TestTools.BeforeAfterTestCommandBase`1/<ExecuteEnumerable>d__16<NUnit.Framework.ITestAction>:MoveNext () (at ./Library/PackageCache/com.unity.test-framework@76560ee600cb/UnityEngine.TestRunner/NUnitExtensions/Commands/BeforeAfterTestCommandBase.cs:212)
UnityEngine.TestTools.BeforeAfterTestCommandBase`1/<ExecuteEnumerable>d__16<System.Reflection.MethodInfo>:MoveNext () (at ./Library/PackageCache/com.unity.test-framework@76560ee600cb/UnityEngine.TestRunner/NUnitExtensions/Commands/BeforeAfterTestCommandBase.cs:212)
UnityEngine.TestTools.BeforeAfterTestCommandBase`1/<ExecuteEnumerable>d__16<System.Reflection.MethodInfo>:MoveNext () (at ./Library/PackageCache/com.unity.test-framework@76560ee600cb/UnityEngine.TestRunner/NUnitExtensions/Commands/BeforeAfterTestCommandBase.cs:212)
UnityEngine.TestTools.BeforeAfterTestCommandBase`1/<ExecuteEnumerable>d__16<UnityEngine.TestTools.IOuterUnityTestAction>:MoveNext () (at ./Library/PackageCache/com.unity.test-framework@76560ee600cb/UnityEngine.TestRunner/NUnitExtensions/Commands/BeforeAfterTestCommandBase.cs:212)
UnityEngine.TestTools.RetryCommand/<ExecuteEnumerable>d__2:MoveNext () (at ./Library/PackageCache/com.unity.test-framework@76560ee600cb/UnityEngine.TestRunner/NUnitExtensions/Commands/RetryCommand.cs:37)
UnityEngine.TestTools.RepeatCommand/<ExecuteEnumerable>d__2:MoveNext () (at ./Library/PackageCache/com.unity.test-framework@76560ee600cb/UnityEngine.TestRunner/NUnitExtensions/Commands/RepeatCommand.cs:36)
UnityEngine.TestTools.IgnoreTestCommand/<ExecuteEnumerable>d__3:MoveNext () (at ./Library/PackageCache/com.unity.test-framework@76560ee600cb/UnityEngine.TestRunner/NUnitExtensions/Commands/IgnoreTestCommand.cs:42)
UnityEngine.TestTools.StrictCheckCommand/<ExecuteEnumerable>d__2:MoveNext () (at ./Library/PackageCache/com.unity.test-framework@76560ee600cb/UnityEngine.TestRunner/NUnitExtensions/Commands/StrictCheckCommand.cs:29)
UnityEngine.TestTools.Utils.CoroutineRunner/<WrapEnumeratorForChecks>d__8:MoveNext () (at ./Library/PackageCache/com.unity.test-framework@76560ee600cb/UnityEngine.TestRunner/Utils/CoroutineRunner.cs:58)
UnityEngine.SetupCoroutine:InvokeMoveNext (System.Collections.IEnumerator,intptr)

(Filename: Assets/Games/OrchardReach/Tests/PlayMode/OrchardReachPlayModeAuditTests.cs Line: 285)

[OPUS] PlayModeAudit: captured carry at t=0.00s (apple parented to hand: True)
UnityEngine.Debug:ExtractStackTraceNoAlloc (byte*,int,string)
UnityEngine.StackTraceUtility:ExtractStackTrace ()
UnityEngine.DebugLogHandler:Internal_Log (UnityEngine.LogType,UnityEngine.LogOption,string,UnityEngine.Object)
UnityEngine.DebugLogHandler:LogFormat (UnityEngine.LogType,UnityEngine.Object,string,object[])
UnityEngine.Logger:Log (UnityEngine.LogType,object)
UnityEngine.Debug:Log (object)
Opus.Games.OrchardReach.Tests.PlayMode.OrchardReachPlayModeAuditTests/<DemoDriver_ProducesAllFiveAuditStatesWithRealContactGeometry>d__2:MoveNext () (at Assets/Games/OrchardReach/Tests/PlayMode/OrchardReachPlayModeAuditTests.cs:149)
UnityEngine.TestTools.TestEnumerator/<Execute>d__7:MoveNext () (at ./Library/PackageCache/com.unity.test-framework@76560ee600cb/UnityEngine.TestRunner/NUnitExtensions/Attributes/TestEnumerator.cs:44)
UnityEngine.TestTools.EnumerableTestMethodCommand/<ExecuteEnumerableAndRecordExceptions>d__4:MoveNext () (at ./Library/PackageCache/com.unity.test-framework@76560ee600cb/UnityEngine.TestRunner/NUnitExtensions/Commands/EnumerableTestMethodCommand.cs:79)
UnityEngine.TestTools.EnumerableTestMethodCommand:AdvanceEnumerator (System.Collections.IEnumerator) (at ./Library/PackageCache/com.unity.test-framework@76560ee600cb/UnityEngine.TestRunner/NUnitExtensions/Commands/EnumerableTestMethodCommand.cs:64)
UnityEngine.TestTools.EnumerableTestMethodCommand/<ExecuteEnumerable>d__2:MoveNext () (at ./Library/PackageCache/com.unity.test-framework@76560ee600cb/UnityEngine.TestRunner/NUnitExtensions/Commands/EnumerableTestMethodCommand.cs:47)
UnityEngine.TestRunner.NUnitExtensions.Runner.UnityLogCheckDelegatingCommand/<ExecuteEnumerable>d__3:MoveNext () (at ./Library/PackageCache/com.unity.test-framework@76560ee600cb/UnityEngine.TestRunner/NUnitExtensions/Runner/UnityLogCheckDelegatingCommand.cs:48)
UnityEngine.TestTools.BeforeAfterTestCommandBase`1/<ExecuteEnumerable>d__16<NUnit.Framework.ITestAction>:MoveNext () (at ./Library/PackageCache/com.unity.test-framework@76560ee600cb/UnityEngine.TestRunner/NUnitExtensions/Commands/BeforeAfterTestCommandBase.cs:212)
UnityEngine.TestTools.BeforeAfterTestCommandBase`1/<ExecuteEnumerable>d__16<System.Reflection.MethodInfo>:MoveNext () (at ./Library/PackageCache/com.unity.test-framework@76560ee600cb/UnityEngine.TestRunner/NUnitExtensions/Commands/BeforeAfterTestCommandBase.cs:212)
UnityEngine.TestTools.BeforeAfterTestCommandBase`1/<ExecuteEnumerable>d__16<System.Reflection.MethodInfo>:MoveNext () (at ./Library/PackageCache/com.unity.test-framework@76560ee600cb/UnityEngine.TestRunner/NUnitExtensions/Commands/BeforeAfterTestCommandBase.cs:212)
UnityEngine.TestTools.BeforeAfterTestCommandBase`1/<ExecuteEnumerable>d__16<UnityEngine.TestTools.IOuterUnityTestAction>:MoveNext () (at ./Library/PackageCache/com.unity.test-framework@76560ee600cb/UnityEngine.TestRunner/NUnitExtensions/Commands/BeforeAfterTestCommandBase.cs:212)
UnityEngine.TestTools.RetryCommand/<ExecuteEnumerable>d__2:MoveNext () (at ./Library/PackageCache/com.unity.test-framework@76560ee600cb/UnityEngine.TestRunner/NUnitExtensions/Commands/RetryCommand.cs:37)
UnityEngine.TestTools.RepeatCommand/<ExecuteEnumerable>d__2:MoveNext () (at ./Library/PackageCache/com.unity.test-framework@76560ee600cb/UnityEngine.TestRunner/NUnitExtensions/Commands/RepeatCommand.cs:36)
UnityEngine.TestTools.IgnoreTestCommand/<ExecuteEnumerable>d__3:MoveNext () (at ./Library/PackageCache/com.unity.test-framework@76560ee600cb/UnityEngine.TestRunner/NUnitExtensions/Commands/IgnoreTestCommand.cs:42)
UnityEngine.TestTools.StrictCheckCommand/<ExecuteEnumerable>d__2:MoveNext () (at ./Library/PackageCache/com.unity.test-framework@76560ee600cb/UnityEngine.TestRunner/NUnitExtensions/Commands/StrictCheckCommand.cs:29)
UnityEngine.TestTools.Utils.CoroutineRunner/<WrapEnumeratorForChecks>d__8:MoveNext () (at ./Library/PackageCache/com.unity.test-framework@76560ee600cb/UnityEngine.TestRunner/Utils/CoroutineRunner.cs:58)
UnityEngine.SetupCoroutine:InvokeMoveNext (System.Collections.IEnumerator,intptr)

(Filename: Assets/Games/OrchardReach/Tests/PlayMode/OrchardReachPlayModeAuditTests.cs Line: 149)

[HapticClient] cue dropped for motor 0: Enabled=false.
UnityEngine.Debug:ExtractStackTraceNoAlloc (byte*,int,string)
UnityEngine.StackTraceUtility:ExtractStackTrace ()
UnityEngine.DebugLogHandler:Internal_Log (UnityEngine.LogType,UnityEngine.LogOption,string,UnityEngine.Object)
UnityEngine.DebugLogHandler:LogFormat (UnityEngine.LogType,UnityEngine.Object,string,object[])
UnityEngine.Logger:Log (UnityEngine.LogType,object)
UnityEngine.Debug:Log (object)
Opus.Sdk.HapticClient:GateCue (int,double,bool) (at ./Packages/com.opus.sdk/Runtime/Transport/HapticClient.cs:189)
Opus.Sdk.HapticClient:SendTrunkLean (double,double) (at ./Packages/com.opus.sdk/Runtime/Transport/HapticClient.cs:118)
Opus.Shell.OrchardReachSceneController:HandleFormSignal (Opus.Sdk.FormWarningSignal) (at Assets/Shell/Runtime/OrchardReachSceneController.cs:567)
Opus.Sdk.FormFeedback:TickLean (double,double) (at ./Packages/com.opus.sdk/Runtime/Feedback/FormFeedback.cs:74)
Opus.Sdk.FormFeedback:Tick (double,double,bool,bool) (at ./Packages/com.opus.sdk/Runtime/Feedback/FormFeedback.cs:60)
Opus.Shell.OrchardReachSceneController:TickFormFeedbackAndHaptics (Opus.Sdk.IHandSource) (at Assets/Shell/Runtime/OrchardReachSceneController.cs:555)
Opus.Shell.OrchardReachSceneController:Update () (at Assets/Shell/Runtime/OrchardReachSceneController.cs:488)

(Filename: ./Packages/com.opus.sdk/Runtime/Transport/HapticClient.cs Line: 189)

[OPUS] PlayModeAudit: release pos=(-0.08, 0.88, 0.45), basket bounds center=(-0.08, 0.71, 0.45) max.y=0.8000001, horizDist=0.0000m
UnityEngine.Debug:ExtractStackTraceNoAlloc (byte*,int,string)
UnityEngine.StackTraceUtility:ExtractStackTrace ()
UnityEngine.DebugLogHandler:Internal_Log (UnityEngine.LogType,UnityEngine.LogOption,string,UnityEngine.Object)
UnityEngine.DebugLogHandler:LogFormat (UnityEngine.LogType,UnityEngine.Object,string,object[])
UnityEngine.Logger:Log (UnityEngine.LogType,object)
UnityEngine.Debug:Log (object)
Opus.Games.OrchardReach.Tests.PlayMode.OrchardReachPlayModeAuditTests/<DemoDriver_ProducesAllFiveAuditStatesWithRealContactGeometry>d__2:MoveNext () (at Assets/Games/OrchardReach/Tests/PlayMode/OrchardReachPlayModeAuditTests.cs:159)
UnityEngine.TestTools.TestEnumerator/<Execute>d__7:MoveNext () (at ./Library/PackageCache/com.unity.test-framework@76560ee600cb/UnityEngine.TestRunner/NUnitExtensions/Attributes/TestEnumerator.cs:44)
UnityEngine.TestTools.EnumerableTestMethodCommand/<ExecuteEnumerableAndRecordExceptions>d__4:MoveNext () (at ./Library/PackageCache/com.unity.test-framework@76560ee600cb/UnityEngine.TestRunner/NUnitExtensions/Commands/EnumerableTestMethodCommand.cs:79)
UnityEngine.TestTools.EnumerableTestMethodCommand:AdvanceEnumerator (System.Collections.IEnumerator) (at ./Library/PackageCache/com.unity.test-framework@76560ee600cb/UnityEngine.TestRunner/NUnitExtensions/Commands/EnumerableTestMethodCommand.cs:64)
UnityEngine.TestTools.EnumerableTestMethodCommand/<ExecuteEnumerable>d__2:MoveNext () (at ./Library/PackageCache/com.unity.test-framework@76560ee600cb/UnityEngine.TestRunner/NUnitExtensions/Commands/EnumerableTestMethodCommand.cs:47)
UnityEngine.TestRunner.NUnitExtensions.Runner.UnityLogCheckDelegatingCommand/<ExecuteEnumerable>d__3:MoveNext () (at ./Library/PackageCache/com.unity.test-framework@76560ee600cb/UnityEngine.TestRunner/NUnitExtensions/Runner/UnityLogCheckDelegatingCommand.cs:48)
UnityEngine.TestTools.BeforeAfterTestCommandBase`1/<ExecuteEnumerable>d__16<NUnit.Framework.ITestAction>:MoveNext () (at ./Library/PackageCache/com.unity.test-framework@76560ee600cb/UnityEngine.TestRunner/NUnitExtensions/Commands/BeforeAfterTestCommandBase.cs:212)
UnityEngine.TestTools.BeforeAfterTestCommandBase`1/<ExecuteEnumerable>d__16<System.Reflection.MethodInfo>:MoveNext () (at ./Library/PackageCache/com.unity.test-framework@76560ee600cb/UnityEngine.TestRunner/NUnitExtensions/Commands/BeforeAfterTestCommandBase.cs:212)
UnityEngine.TestTools.BeforeAfterTestCommandBase`1/<ExecuteEnumerable>d__16<System.Reflection.MethodInfo>:MoveNext () (at ./Library/PackageCache/com.unity.test-framework@76560ee600cb/UnityEngine.TestRunner/NUnitExtensions/Commands/BeforeAfterTestCommandBase.cs:212)
UnityEngine.TestTools.BeforeAfterTestCommandBase`1/<ExecuteEnumerable>d__16<UnityEngine.TestTools.IOuterUnityTestAction>:MoveNext () (at ./Library/PackageCache/com.unity.test-framework@76560ee600cb/UnityEngine.TestRunner/NUnitExtensions/Commands/BeforeAfterTestCommandBase.cs:212)
UnityEngine.TestTools.RetryCommand/<ExecuteEnumerable>d__2:MoveNext () (at ./Library/PackageCache/com.unity.test-framework@76560ee600cb/UnityEngine.TestRunner/NUnitExtensions/Commands/RetryCommand.cs:37)
UnityEngine.TestTools.RepeatCommand/<ExecuteEnumerable>d__2:MoveNext () (at ./Library/PackageCache/com.unity.test-framework@76560ee600cb/UnityEngine.TestRunner/NUnitExtensions/Commands/RepeatCommand.cs:36)
UnityEngine.TestTools.IgnoreTestCommand/<ExecuteEnumerable>d__3:MoveNext () (at ./Library/PackageCache/com.unity.test-framework@76560ee600cb/UnityEngine.TestRunner/NUnitExtensions/Commands/IgnoreTestCommand.cs:42)
UnityEngine.TestTools.StrictCheckCommand/<ExecuteEnumerable>d__2:MoveNext () (at ./Library/PackageCache/com.unity.test-framework@76560ee600cb/UnityEngine.TestRunner/NUnitExtensions/Commands/StrictCheckCommand.cs:29)
UnityEngine.TestTools.Utils.CoroutineRunner/<WrapEnumeratorForChecks>d__8:MoveNext () (at ./Library/PackageCache/com.unity.test-framework@76560ee600cb/UnityEngine.TestRunner/Utils/CoroutineRunner.cs:58)
UnityEngine.SetupCoroutine:InvokeMoveNext (System.Collections.IEnumerator,intptr)

(Filename: Assets/Games/OrchardReach/Tests/PlayMode/OrchardReachPlayModeAuditTests.cs Line: 159)

[HapticClient] cue dropped for motor 0: Enabled=false.
UnityEngine.Debug:ExtractStackTraceNoAlloc (byte*,int,string)
UnityEngine.StackTraceUtility:ExtractStackTrace ()
UnityEngine.DebugLogHandler:Internal_Log (UnityEngine.LogType,UnityEngine.LogOption,string,UnityEngine.Object)
UnityEngine.DebugLogHandler:LogFormat (UnityEngine.LogType,UnityEngine.Object,string,object[])
UnityEngine.Logger:Log (UnityEngine.LogType,object)
UnityEngine.Debug:Log (object)
Opus.Sdk.HapticClient:GateCue (int,double,bool) (at ./Packages/com.opus.sdk/Runtime/Transport/HapticClient.cs:189)
Opus.Sdk.HapticClient:SendSuccess (double) (at ./Packages/com.opus.sdk/Runtime/Transport/HapticClient.cs:148)
Opus.Shell.OrchardReachSceneController:HandleTrialEvent (Opus.Sdk.TrialEvent) (at Assets/Shell/Runtime/OrchardReachSceneController.cs:856)
Opus.Games.OrchardReach.OrchardReachModule:Emit (string,string,Opus.Sdk.TrialTarget,string) (at Assets/Games/OrchardReach/Runtime/OrchardReachModule.cs:212)
Opus.Games.OrchardReach.OrchardReachModule:ConfirmPlacedInBasket (double) (at Assets/Games/OrchardReach/Runtime/OrchardReachModule.cs:186)
Opus.Shell.OrchardReachSceneController:OnFruitEnteredBasket () (at Assets/Shell/Runtime/OrchardReachSceneController.cs:827)
Opus.Shell.OrchardReachSceneController:<Awake>b__75_1 (UnityEngine.GameObject) (at Assets/Shell/Runtime/OrchardReachSceneController.cs:258)
Opus.Shell.BasketTrigger:OnTriggerEnter (UnityEngine.Collider) (at Assets/Shell/Runtime/BasketTrigger.cs:23)

(Filename: ./Packages/com.opus.sdk/Runtime/Transport/HapticClient.cs Line: 189)

Setting linear velocity of a kinematic body is not supported.
UnityEngine.Debug:ExtractStackTraceNoAlloc (byte*,int,string)
UnityEngine.StackTraceUtility:ExtractStackTrace ()
UnityEngine.Rigidbody:set_linearVelocity (UnityEngine.Vector3)
Opus.Shell.OrchardReachSceneController:HandleTrialEvent (Opus.Sdk.TrialEvent) (at Assets/Shell/Runtime/OrchardReachSceneController.cs:879)
Opus.Games.OrchardReach.OrchardReachModule:Emit (string,string,Opus.Sdk.TrialTarget,string) (at Assets/Games/OrchardReach/Runtime/OrchardReachModule.cs:212)
Opus.Games.OrchardReach.OrchardReachModule:EmitSignal (System.Nullable`1<Opus.Games.OrchardReach.TrialSignal>,string,Opus.Sdk.TrialTarget) (at Assets/Games/OrchardReach/Runtime/OrchardReachModule.cs:228)
Opus.Games.OrchardReach.OrchardReachModule:StartNextTrial (double) (at Assets/Games/OrchardReach/Runtime/OrchardReachModule.cs:117)
Opus.Games.OrchardReach.OrchardReachModule:OnTrialFinished (Opus.Games.OrchardReach.TrialOutcome,double) (at Assets/Games/OrchardReach/Runtime/OrchardReachModule.cs:198)
Opus.Games.OrchardReach.OrchardReachModule:ConfirmPlacedInBasket (double) (at Assets/Games/OrchardReach/Runtime/OrchardReachModule.cs:189)
Opus.Shell.OrchardReachSceneController:OnFruitEnteredBasket () (at Assets/Shell/Runtime/OrchardReachSceneController.cs:827)
Opus.Shell.OrchardReachSceneController:<Awake>b__75_1 (UnityEngine.GameObject) (at Assets/Shell/Runtime/OrchardReachSceneController.cs:258)
Opus.Shell.BasketTrigger:OnTriggerEnter (UnityEngine.Collider) (at Assets/Shell/Runtime/BasketTrigger.cs:23)

[Assets/Shell/Runtime/OrchardReachSceneController.cs line 879]

Setting linear velocity of a kinematic body is not supported.
UnityEngine.Debug:ExtractStackTraceNoAlloc (byte*,int,string)
UnityEngine.StackTraceUtility:ExtractStackTrace ()
UnityEngine.Rigidbody:set_linearVelocity (UnityEngine.Vector3)
Opus.Shell.OrchardReachSceneController:DriveDemoHandAndFruit () (at Assets/Shell/Runtime/OrchardReachSceneController.cs:677)
Opus.Shell.OrchardReachSceneController:Update () (at Assets/Shell/Runtime/OrchardReachSceneController.cs:486)

[Assets/Shell/Runtime/OrchardReachSceneController.cs line 677]

[OPUS] PlayModeAudit: wrote C:\Users\GARV BANSAL\Documents\VR_games\OPUS\logs\sessions\screens\unity\run9_playmode\05_placed_in_basket.png (1076808 bytes)
UnityEngine.Debug:ExtractStackTraceNoAlloc (byte*,int,string)
UnityEngine.StackTraceUtility:ExtractStackTrace ()
UnityEngine.DebugLogHandler:Internal_Log (UnityEngine.LogType,UnityEngine.LogOption,string,UnityEngine.Object)
UnityEngine.DebugLogHandler:LogFormat (UnityEngine.LogType,UnityEngine.Object,string,object[])
UnityEngine.Logger:Log (UnityEngine.LogType,object)
UnityEngine.Debug:Log (object)
Opus.Games.OrchardReach.Tests.PlayMode.OrchardReachPlayModeAuditTests:CaptureShot (string,string) (at Assets/Games/OrchardReach/Tests/PlayMode/OrchardReachPlayModeAuditTests.cs:285)
Opus.Games.OrchardReach.Tests.PlayMode.OrchardReachPlayModeAuditTests/<DemoDriver_ProducesAllFiveAuditStatesWithRealContactGeometry>d__2:MoveNext () (at Assets/Games/OrchardReach/Tests/PlayMode/OrchardReachPlayModeAuditTests.cs:167)
UnityEngine.TestTools.TestEnumerator/<Execute>d__7:MoveNext () (at ./Library/PackageCache/com.unity.test-framework@76560ee600cb/UnityEngine.TestRunner/NUnitExtensions/Attributes/TestEnumerator.cs:44)
UnityEngine.TestTools.EnumerableTestMethodCommand/<ExecuteEnumerableAndRecordExceptions>d__4:MoveNext () (at ./Library/PackageCache/com.unity.test-framework@76560ee600cb/UnityEngine.TestRunner/NUnitExtensions/Commands/EnumerableTestMethodCommand.cs:79)
UnityEngine.TestTools.EnumerableTestMethodCommand:AdvanceEnumerator (System.Collections.IEnumerator) (at ./Library/PackageCache/com.unity.test-framework@76560ee600cb/UnityEngine.TestRunner/NUnitExtensions/Commands/EnumerableTestMethodCommand.cs:64)
UnityEngine.TestTools.EnumerableTestMethodCommand/<ExecuteEnumerable>d__2:MoveNext () (at ./Library/PackageCache/com.unity.test-framework@76560ee600cb/UnityEngine.TestRunner/NUnitExtensions/Commands/EnumerableTestMethodCommand.cs:47)
UnityEngine.TestRunner.NUnitExtensions.Runner.UnityLogCheckDelegatingCommand/<ExecuteEnumerable>d__3:MoveNext () (at ./Library/PackageCache/com.unity.test-framework@76560ee600cb/UnityEngine.TestRunner/NUnitExtensions/Runner/UnityLogCheckDelegatingCommand.cs:48)
UnityEngine.TestTools.BeforeAfterTestCommandBase`1/<ExecuteEnumerable>d__16<NUnit.Framework.ITestAction>:MoveNext () (at ./Library/PackageCache/com.unity.test-framework@76560ee600cb/UnityEngine.TestRunner/NUnitExtensions/Commands/BeforeAfterTestCommandBase.cs:212)
UnityEngine.TestTools.BeforeAfterTestCommandBase`1/<ExecuteEnumerable>d__16<System.Reflection.MethodInfo>:MoveNext () (at ./Library/PackageCache/com.unity.test-framework@76560ee600cb/UnityEngine.TestRunner/NUnitExtensions/Commands/BeforeAfterTestCommandBase.cs:212)
UnityEngine.TestTools.BeforeAfterTestCommandBase`1/<ExecuteEnumerable>d__16<System.Reflection.MethodInfo>:MoveNext () (at ./Library/PackageCache/com.unity.test-framework@76560ee600cb/UnityEngine.TestRunner/NUnitExtensions/Commands/BeforeAfterTestCommandBase.cs:212)
UnityEngine.TestTools.BeforeAfterTestCommandBase`1/<ExecuteEnumerable>d__16<UnityEngine.TestTools.IOuterUnityTestAction>:MoveNext () (at ./Library/PackageCache/com.unity.test-framework@76560ee600cb/UnityEngine.TestRunner/NUnitExtensions/Commands/BeforeAfterTestCommandBase.cs:212)
UnityEngine.TestTools.RetryCommand/<ExecuteEnumerable>d__2:MoveNext () (at ./Library/PackageCache/com.unity.test-framework@76560ee600cb/UnityEngine.TestRunner/NUnitExtensions/Commands/RetryCommand.cs:37)
UnityEngine.TestTools.RepeatCommand/<ExecuteEnumerable>d__2:MoveNext () (at ./Library/PackageCache/com.unity.test-framework@76560ee600cb/UnityEngine.TestRunner/NUnitExtensions/Commands/RepeatCommand.cs:36)
UnityEngine.TestTools.IgnoreTestCommand/<ExecuteEnumerable>d__3:MoveNext () (at ./Library/PackageCache/com.unity.test-framework@76560ee600cb/UnityEngine.TestRunner/NUnitExtensions/Commands/IgnoreTestCommand.cs:42)
UnityEngine.TestTools.StrictCheckCommand/<ExecuteEnumerable>d__2:MoveNext () (at ./Library/PackageCache/com.unity.test-framework@76560ee600cb/UnityEngine.TestRunner/NUnitExtensions/Commands/StrictCheckCommand.cs:29)
UnityEngine.TestTools.Utils.CoroutineRunner/<WrapEnumeratorForChecks>d__8:MoveNext () (at ./Library/PackageCache/com.unity.test-framework@76560ee600cb/UnityEngine.TestRunner/Utils/CoroutineRunner.cs:58)
UnityEngine.SetupCoroutine:InvokeMoveNext (System.Collections.IEnumerator,intptr)

(Filename: Assets/Games/OrchardReach/Tests/PlayMode/OrchardReachPlayModeAuditTests.cs Line: 285)

[OPUS] PlayModeAudit: captured placed_in_basket at t=0.12s (real 'placed' event, trialsCompleted=1, successCount=1), applePos=(-0.08, 0.65, 0.45), basketBounds min=(-0.21, 0.62, 0.32) max=(0.05, 0.80, 0.58), inside=True
UnityEngine.Debug:ExtractStackTraceNoAlloc (byte*,int,string)
UnityEngine.StackTraceUtility:ExtractStackTrace ()
UnityEngine.DebugLogHandler:Internal_Log (UnityEngine.LogType,UnityEngine.LogOption,string,UnityEngine.Object)
UnityEngine.DebugLogHandler:LogFormat (UnityEngine.LogType,UnityEngine.Object,string,object[])
UnityEngine.Logger:Log (UnityEngine.LogType,object)
UnityEngine.Debug:Log (object)
Opus.Games.OrchardReach.Tests.PlayMode.OrchardReachPlayModeAuditTests/<DemoDriver_ProducesAllFiveAuditStatesWithRealContactGeometry>d__2:MoveNext () (at Assets/Games/OrchardReach/Tests/PlayMode/OrchardReachPlayModeAuditTests.cs:173)
UnityEngine.TestTools.TestEnumerator/<Execute>d__7:MoveNext () (at ./Library/PackageCache/com.unity.test-framework@76560ee600cb/UnityEngine.TestRunner/NUnitExtensions/Attributes/TestEnumerator.cs:44)
UnityEngine.TestTools.EnumerableTestMethodCommand/<ExecuteEnumerableAndRecordExceptions>d__4:MoveNext () (at ./Library/PackageCache/com.unity.test-framework@76560ee600cb/UnityEngine.TestRunner/NUnitExtensions/Commands/EnumerableTestMethodCommand.cs:79)
UnityEngine.TestTools.EnumerableTestMethodCommand:AdvanceEnumerator (System.Collections.IEnumerator) (at ./Library/PackageCache/com.unity.test-framework@76560ee600cb/UnityEngine.TestRunner/NUnitExtensions/Commands/EnumerableTestMethodCommand.cs:64)
UnityEngine.TestTools.EnumerableTestMethodCommand/<ExecuteEnumerable>d__2:MoveNext () (at ./Library/PackageCache/com.unity.test-framework@76560ee600cb/UnityEngine.TestRunner/NUnitExtensions/Commands/EnumerableTestMethodCommand.cs:47)
UnityEngine.TestRunner.NUnitExtensions.Runner.UnityLogCheckDelegatingCommand/<ExecuteEnumerable>d__3:MoveNext () (at ./Library/PackageCache/com.unity.test-framework@76560ee600cb/UnityEngine.TestRunner/NUnitExtensions/Runner/UnityLogCheckDelegatingCommand.cs:48)
UnityEngine.TestTools.BeforeAfterTestCommandBase`1/<ExecuteEnumerable>d__16<NUnit.Framework.ITestAction>:MoveNext () (at ./Library/PackageCache/com.unity.test-framework@76560ee600cb/UnityEngine.TestRunner/NUnitExtensions/Commands/BeforeAfterTestCommandBase.cs:212)
UnityEngine.TestTools.BeforeAfterTestCommandBase`1/<ExecuteEnumerable>d__16<System.Reflection.MethodInfo>:MoveNext () (at ./Library/PackageCache/com.unity.test-framework@76560ee600cb/UnityEngine.TestRunner/NUnitExtensions/Commands/BeforeAfterTestCommandBase.cs:212)
UnityEngine.TestTools.BeforeAfterTestCommandBase`1/<ExecuteEnumerable>d__16<System.Reflection.MethodInfo>:MoveNext () (at ./Library/PackageCache/com.unity.test-framework@76560ee600cb/UnityEngine.TestRunner/NUnitExtensions/Commands/BeforeAfterTestCommandBase.cs:212)
UnityEngine.TestTools.BeforeAfterTestCommandBase`1/<ExecuteEnumerable>d__16<UnityEngine.TestTools.IOuterUnityTestAction>:MoveNext () (at ./Library/PackageCache/com.unity.test-framework@76560ee600cb/UnityEngine.TestRunner/NUnitExtensions/Commands/BeforeAfterTestCommandBase.cs:212)
UnityEngine.TestTools.RetryCommand/<ExecuteEnumerable>d__2:MoveNext () (at ./Library/PackageCache/com.unity.test-framework@76560ee600cb/UnityEngine.TestRunner/NUnitExtensions/Commands/RetryCommand.cs:37)
UnityEngine.TestTools.RepeatCommand/<ExecuteEnumerable>d__2:MoveNext () (at ./Library/PackageCache/com.unity.test-framework@76560ee600cb/UnityEngine.TestRunner/NUnitExtensions/Commands/RepeatCommand.cs:36)
UnityEngine.TestTools.IgnoreTestCommand/<ExecuteEnumerable>d__3:MoveNext () (at ./Library/PackageCache/com.unity.test-framework@76560ee600cb/UnityEngine.TestRunner/NUnitExtensions/Commands/IgnoreTestCommand.cs:42)
UnityEngine.TestTools.StrictCheckCommand/<ExecuteEnumerable>d__2:MoveNext () (at ./Library/PackageCache/com.unity.test-framework@76560ee600cb/UnityEngine.TestRunner/NUnitExtensions/Commands/StrictCheckCommand.cs:29)
UnityEngine.TestTools.Utils.CoroutineRunner/<WrapEnumeratorForChecks>d__8:MoveNext () (at ./Library/PackageCache/com.unity.test-framework@76560ee600cb/UnityEngine.TestRunner/Utils/CoroutineRunner.cs:58)
UnityEngine.SetupCoroutine:InvokeMoveNext (System.Collections.IEnumerator,intptr)

(Filename: Assets/Games/OrchardReach/Tests/PlayMode/OrchardReachPlayModeAuditTests.cs Line: 173)

[HapticClient] cue dropped for motor 0: Enabled=false.
UnityEngine.Debug:ExtractStackTraceNoAlloc (byte*,int,string)
UnityEngine.StackTraceUtility:ExtractStackTrace ()
UnityEngine.DebugLogHandler:Internal_Log (UnityEngine.LogType,UnityEngine.LogOption,string,UnityEngine.Object)
UnityEngine.DebugLogHandler:LogFormat (UnityEngine.LogType,UnityEngine.Object,string,object[])
UnityEngine.Logger:Log (UnityEngine.LogType,object)
UnityEngine.Debug:Log (object)
Opus.Sdk.HapticClient:GateCue (int,double,bool) (at ./Packages/com.opus.sdk/Runtime/Transport/HapticClient.cs:189)
Opus.Sdk.HapticClient:SendSuccess (double) (at ./Packages/com.opus.sdk/Runtime/Transport/HapticClient.cs:148)
Opus.Shell.OrchardReachSceneController:HandleTrialEvent (Opus.Sdk.TrialEvent) (at Assets/Shell/Runtime/OrchardReachSceneController.cs:856)
Opus.Games.OrchardReach.OrchardReachModule:Emit (string,string,Opus.Sdk.TrialTarget,string) (at Assets/Games/OrchardReach/Runtime/OrchardReachModule.cs:212)
Opus.Games.OrchardReach.OrchardReachModule:ConfirmPlacedInBasket (double) (at Assets/Games/OrchardReach/Runtime/OrchardReachModule.cs:186)
Opus.Shell.OrchardReachSceneController:OnFruitEnteredBasket () (at Assets/Shell/Runtime/OrchardReachSceneController.cs:827)
Opus.Shell.OrchardReachSceneController:<Awake>b__75_1 (UnityEngine.GameObject) (at Assets/Shell/Runtime/OrchardReachSceneController.cs:258)
Opus.Shell.BasketTrigger:OnTriggerEnter (UnityEngine.Collider) (at Assets/Shell/Runtime/BasketTrigger.cs:23)

(Filename: ./Packages/com.opus.sdk/Runtime/Transport/HapticClient.cs Line: 189)

Setting linear velocity of a kinematic body is not supported.
UnityEngine.Debug:ExtractStackTraceNoAlloc (byte*,int,string)
UnityEngine.StackTraceUtility:ExtractStackTrace ()
UnityEngine.Rigidbody:set_linearVelocity (UnityEngine.Vector3)
Opus.Shell.OrchardReachSceneController:HandleTrialEvent (Opus.Sdk.TrialEvent) (at Assets/Shell/Runtime/OrchardReachSceneController.cs:879)
Opus.Games.OrchardReach.OrchardReachModule:Emit (string,string,Opus.Sdk.TrialTarget,string) (at Assets/Games/OrchardReach/Runtime/OrchardReachModule.cs:212)
Opus.Games.OrchardReach.OrchardReachModule:EmitSignal (System.Nullable`1<Opus.Games.OrchardReach.TrialSignal>,string,Opus.Sdk.TrialTarget) (at Assets/Games/OrchardReach/Runtime/OrchardReachModule.cs:228)
Opus.Games.OrchardReach.OrchardReachModule:StartNextTrial (double) (at Assets/Games/OrchardReach/Runtime/OrchardReachModule.cs:117)
Opus.Games.OrchardReach.OrchardReachModule:OnTrialFinished (Opus.Games.OrchardReach.TrialOutcome,double) (at Assets/Games/OrchardReach/Runtime/OrchardReachModule.cs:198)
Opus.Games.OrchardReach.OrchardReachModule:ConfirmPlacedInBasket (double) (at Assets/Games/OrchardReach/Runtime/OrchardReachModule.cs:189)
Opus.Shell.OrchardReachSceneController:OnFruitEnteredBasket () (at Assets/Shell/Runtime/OrchardReachSceneController.cs:827)
Opus.Shell.OrchardReachSceneController:<Awake>b__75_1 (UnityEngine.GameObject) (at Assets/Shell/Runtime/OrchardReachSceneController.cs:258)
Opus.Shell.BasketTrigger:OnTriggerEnter (UnityEngine.Collider) (at Assets/Shell/Runtime/BasketTrigger.cs:23)

[Assets/Shell/Runtime/OrchardReachSceneController.cs line 879]

Setting linear velocity of a kinematic body is not supported.
UnityEngine.Debug:ExtractStackTraceNoAlloc (byte*,int,string)
UnityEngine.StackTraceUtility:ExtractStackTrace ()
UnityEngine.Rigidbody:set_linearVelocity (UnityEngine.Vector3)
Opus.Shell.OrchardReachSceneController:DriveDemoHandAndFruit () (at Assets/Shell/Runtime/OrchardReachSceneController.cs:677)
Opus.Shell.OrchardReachSceneController:Update () (at Assets/Shell/Runtime/OrchardReachSceneController.cs:486)

[Assets/Shell/Runtime/OrchardReachSceneController.cs line 677]

[HapticClient] cue dropped for motor 1: Enabled=false.
UnityEngine.Debug:ExtractStackTraceNoAlloc (byte*,int,string)
UnityEngine.StackTraceUtility:ExtractStackTrace ()
UnityEngine.DebugLogHandler:Internal_Log (UnityEngine.LogType,UnityEngine.LogOption,string,UnityEngine.Object)
UnityEngine.DebugLogHandler:LogFormat (UnityEngine.LogType,UnityEngine.Object,string,object[])
UnityEngine.Logger:Log (UnityEngine.LogType,object)
UnityEngine.Debug:Log (object)
Opus.Sdk.HapticClient:GateCue (int,double,bool) (at ./Packages/com.opus.sdk/Runtime/Transport/HapticClient.cs:189)
Opus.Sdk.HapticClient:SendLowConfidence (double) (at ./Packages/com.opus.sdk/Runtime/Transport/HapticClient.cs:131)
Opus.Shell.OrchardReachSceneController:HandleFormSignal (Opus.Sdk.FormWarningSignal) (at Assets/Shell/Runtime/OrchardReachSceneController.cs:571)
Opus.Sdk.FormFeedback:TickTracking (double,bool) (at ./Packages/com.opus.sdk/Runtime/Feedback/FormFeedback.cs:96)
Opus.Sdk.FormFeedback:Tick (double,double,bool,bool) (at ./Packages/com.opus.sdk/Runtime/Feedback/FormFeedback.cs:61)
Opus.Shell.OrchardReachSceneController:TickFormFeedbackAndHaptics (Opus.Sdk.IHandSource) (at Assets/Shell/Runtime/OrchardReachSceneController.cs:555)
Opus.Shell.OrchardReachSceneController:Update () (at Assets/Shell/Runtime/OrchardReachSceneController.cs:488)

(Filename: ./Packages/com.opus.sdk/Runtime/Transport/HapticClient.cs Line: 189)

[HapticClient] cue dropped for motor 0: Enabled=false.
UnityEngine.Debug:ExtractStackTraceNoAlloc (byte*,int,string)
UnityEngine.StackTraceUtility:ExtractStackTrace ()
UnityEngine.DebugLogHandler:Internal_Log (UnityEngine.LogType,UnityEngine.LogOption,string,UnityEngine.Object)
UnityEngine.DebugLogHandler:LogFormat (UnityEngine.LogType,UnityEngine.Object,string,object[])
UnityEngine.Logger:Log (UnityEngine.LogType,object)
UnityEngine.Debug:Log (object)
Opus.Sdk.HapticClient:GateCue (int,double,bool) (at ./Packages/com.opus.sdk/Runtime/Transport/HapticClient.cs:189)
Opus.Sdk.HapticClient:SendSuccess (double) (at ./Packages/com.opus.sdk/Runtime/Transport/HapticClient.cs:148)
Opus.Shell.OrchardReachSceneController:HandleTrialEvent (Opus.Sdk.TrialEvent) (at Assets/Shell/Runtime/OrchardReachSceneController.cs:856)
Opus.Games.OrchardReach.OrchardReachModule:Emit (string,string,Opus.Sdk.TrialTarget,string) (at Assets/Games/OrchardReach/Runtime/OrchardReachModule.cs:212)
Opus.Games.OrchardReach.OrchardReachModule:ConfirmPlacedInBasket (double) (at Assets/Games/OrchardReach/Runtime/OrchardReachModule.cs:186)
Opus.Shell.OrchardReachSceneController:OnFruitEnteredBasket () (at Assets/Shell/Runtime/OrchardReachSceneController.cs:827)
Opus.Shell.OrchardReachSceneController:<Awake>b__75_1 (UnityEngine.GameObject) (at Assets/Shell/Runtime/OrchardReachSceneController.cs:258)
Opus.Shell.BasketTrigger:OnTriggerEnter (UnityEngine.Collider) (at Assets/Shell/Runtime/BasketTrigger.cs:23)

(Filename: ./Packages/com.opus.sdk/Runtime/Transport/HapticClient.cs Line: 189)

Setting linear velocity of a kinematic body is not supported.
UnityEngine.Debug:ExtractStackTraceNoAlloc (byte*,int,string)
UnityEngine.StackTraceUtility:ExtractStackTrace ()
UnityEngine.Rigidbody:set_linearVelocity (UnityEngine.Vector3)
Opus.Shell.OrchardReachSceneController:HandleTrialEvent (Opus.Sdk.TrialEvent) (at Assets/Shell/Runtime/OrchardReachSceneController.cs:879)
Opus.Games.OrchardReach.OrchardReachModule:Emit (string,string,Opus.Sdk.TrialTarget,string) (at Assets/Games/OrchardReach/Runtime/OrchardReachModule.cs:212)
Opus.Games.OrchardReach.OrchardReachModule:EmitSignal (System.Nullable`1<Opus.Games.OrchardReach.TrialSignal>,string,Opus.Sdk.TrialTarget) (at Assets/Games/OrchardReach/Runtime/OrchardReachModule.cs:228)
Opus.Games.OrchardReach.OrchardReachModule:StartNextTrial (double) (at Assets/Games/OrchardReach/Runtime/OrchardReachModule.cs:117)
Opus.Games.OrchardReach.OrchardReachModule:OnTrialFinished (Opus.Games.OrchardReach.TrialOutcome,double) (at Assets/Games/OrchardReach/Runtime/OrchardReachModule.cs:198)
Opus.Games.OrchardReach.OrchardReachModule:ConfirmPlacedInBasket (double) (at Assets/Games/OrchardReach/Runtime/OrchardReachModule.cs:189)
Opus.Shell.OrchardReachSceneController:OnFruitEnteredBasket () (at Assets/Shell/Runtime/OrchardReachSceneController.cs:827)
Opus.Shell.OrchardReachSceneController:<Awake>b__75_1 (UnityEngine.GameObject) (at Assets/Shell/Runtime/OrchardReachSceneController.cs:258)
Opus.Shell.BasketTrigger:OnTriggerEnter (UnityEngine.Collider) (at Assets/Shell/Runtime/BasketTrigger.cs:23)

[Assets/Shell/Runtime/OrchardReachSceneController.cs line 879]

Setting linear velocity of a kinematic body is not supported.
UnityEngine.Debug:ExtractStackTraceNoAlloc (byte*,int,string)
UnityEngine.StackTraceUtility:ExtractStackTrace ()
UnityEngine.Rigidbody:set_linearVelocity (UnityEngine.Vector3)
Opus.Shell.OrchardReachSceneController:DriveDemoHandAndFruit () (at Assets/Shell/Runtime/OrchardReachSceneController.cs:677)
Opus.Shell.OrchardReachSceneController:Update () (at Assets/Shell/Runtime/OrchardReachSceneController.cs:486)

[Assets/Shell/Runtime/OrchardReachSceneController.cs line 677]

Setting linear velocity of a kinematic body is not supported.
UnityEngine.Debug:ExtractStackTraceNoAlloc (byte*,int,string)
UnityEngine.StackTraceUtility:ExtractStackTrace ()
UnityEngine.Rigidbody:set_linearVelocity (UnityEngine.Vector3)
Opus.Shell.OrchardReachSceneController:HandleTrialEvent (Opus.Sdk.TrialEvent) (at Assets/Shell/Runtime/OrchardReachSceneController.cs:879)
Opus.Games.OrchardReach.OrchardReachModule:Emit (string,string,Opus.Sdk.TrialTarget,string) (at Assets/Games/OrchardReach/Runtime/OrchardReachModule.cs:212)
Opus.Games.OrchardReach.OrchardReachModule:EmitSignal (System.Nullable`1<Opus.Games.OrchardReach.TrialSignal>,string,Opus.Sdk.TrialTarget) (at Assets/Games/OrchardReach/Runtime/OrchardReachModule.cs:228)
Opus.Games.OrchardReach.OrchardReachModule:StartNextTrial (double) (at Assets/Games/OrchardReach/Runtime/OrchardReachModule.cs:117)
Opus.Games.OrchardReach.OrchardReachModule:OnTrialFinished (Opus.Games.OrchardReach.TrialOutcome,double) (at Assets/Games/OrchardReach/Runtime/OrchardReachModule.cs:198)
Opus.Games.OrchardReach.OrchardReachModule:Tick (double,Opus.Sdk.IHandSource) (at Assets/Games/OrchardReach/Runtime/OrchardReachModule.cs:162)
Opus.Shell.OrchardReachSceneController:Update () (at Assets/Shell/Runtime/OrchardReachSceneController.cs:484)

[Assets/Shell/Runtime/OrchardReachSceneController.cs line 879]

[OPUS] PlayModeAudit: wrote C:\Users\GARV BANSAL\Documents\VR_games\OPUS\logs\sessions\screens\unity\run9_playmode\01_target_shown.png (845852 bytes)
UnityEngine.Debug:ExtractStackTraceNoAlloc (byte*,int,string)
UnityEngine.StackTraceUtility:ExtractStackTrace ()
UnityEngine.DebugLogHandler:Internal_Log (UnityEngine.LogType,UnityEngine.LogOption,string,UnityEngine.Object)
UnityEngine.DebugLogHandler:LogFormat (UnityEngine.LogType,UnityEngine.Object,string,object[])
UnityEngine.Logger:Log (UnityEngine.LogType,object)
UnityEngine.Debug:Log (object)
Opus.Games.OrchardReach.Tests.PlayMode.OrchardReachPlayModeAuditTests:CaptureShot (string,string) (at Assets/Games/OrchardReach/Tests/PlayMode/OrchardReachPlayModeAuditTests.cs:285)
Opus.Games.OrchardReach.Tests.PlayMode.OrchardReachPlayModeAuditTests/<DemoDriver_ProducesAllFiveAuditStatesWithRealContactGeometry>d__2:MoveNext () (at Assets/Games/OrchardReach/Tests/PlayMode/OrchardReachPlayModeAuditTests.cs:123)
UnityEngine.TestTools.TestEnumerator/<Execute>d__7:MoveNext () (at ./Library/PackageCache/com.unity.test-framework@76560ee600cb/UnityEngine.TestRunner/NUnitExtensions/Attributes/TestEnumerator.cs:44)
UnityEngine.TestTools.EnumerableTestMethodCommand/<ExecuteEnumerableAndRecordExceptions>d__4:MoveNext () (at ./Library/PackageCache/com.unity.test-framework@76560ee600cb/UnityEngine.TestRunner/NUnitExtensions/Commands/EnumerableTestMethodCommand.cs:79)
UnityEngine.TestTools.EnumerableTestMethodCommand:AdvanceEnumerator (System.Collections.IEnumerator) (at ./Library/PackageCache/com.unity.test-framework@76560ee600cb/UnityEngine.TestRunner/NUnitExtensions/Commands/EnumerableTestMethodCommand.cs:64)
UnityEngine.TestTools.EnumerableTestMethodCommand/<ExecuteEnumerable>d__2:MoveNext () (at ./Library/PackageCache/com.unity.test-framework@76560ee600cb/UnityEngine.TestRunner/NUnitExtensions/Commands/EnumerableTestMethodCommand.cs:47)
UnityEngine.TestRunner.NUnitExtensions.Runner.UnityLogCheckDelegatingCommand/<ExecuteEnumerable>d__3:MoveNext () (at ./Library/PackageCache/com.unity.test-framework@76560ee600cb/UnityEngine.TestRunner/NUnitExtensions/Runner/UnityLogCheckDelegatingCommand.cs:48)
UnityEngine.TestTools.BeforeAfterTestCommandBase`1/<ExecuteEnumerable>d__16<NUnit.Framework.ITestAction>:MoveNext () (at ./Library/PackageCache/com.unity.test-framework@76560ee600cb/UnityEngine.TestRunner/NUnitExtensions/Commands/BeforeAfterTestCommandBase.cs:212)
UnityEngine.TestTools.BeforeAfterTestCommandBase`1/<ExecuteEnumerable>d__16<System.Reflection.MethodInfo>:MoveNext () (at ./Library/PackageCache/com.unity.test-framework@76560ee600cb/UnityEngine.TestRunner/NUnitExtensions/Commands/BeforeAfterTestCommandBase.cs:212)
UnityEngine.TestTools.BeforeAfterTestCommandBase`1/<ExecuteEnumerable>d__16<System.Reflection.MethodInfo>:MoveNext () (at ./Library/PackageCache/com.unity.test-framework@76560ee600cb/UnityEngine.TestRunner/NUnitExtensions/Commands/BeforeAfterTestCommandBase.cs:212)
UnityEngine.TestTools.BeforeAfterTestCommandBase`1/<ExecuteEnumerable>d__16<UnityEngine.TestTools.IOuterUnityTestAction>:MoveNext () (at ./Library/PackageCache/com.unity.test-framework@76560ee600cb/UnityEngine.TestRunner/NUnitExtensions/Commands/BeforeAfterTestCommandBase.cs:212)
UnityEngine.TestTools.RetryCommand/<ExecuteEnumerable>d__2:MoveNext () (at ./Library/PackageCache/com.unity.test-framework@76560ee600cb/UnityEngine.TestRunner/NUnitExtensions/Commands/RetryCommand.cs:37)
UnityEngine.TestTools.RepeatCommand/<ExecuteEnumerable>d__2:MoveNext () (at ./Library/PackageCache/com.unity.test-framework@76560ee600cb/UnityEngine.TestRunner/NUnitExtensions/Commands/RepeatCommand.cs:36)
UnityEngine.TestTools.IgnoreTestCommand/<ExecuteEnumerable>d__3:MoveNext () (at ./Library/PackageCache/com.unity.test-framework@76560ee600cb/UnityEngine.TestRunner/NUnitExtensions/Commands/IgnoreTestCommand.cs:42)
UnityEngine.TestTools.StrictCheckCommand/<ExecuteEnumerable>d__2:MoveNext () (at ./Library/PackageCache/com.unity.test-framework@76560ee600cb/UnityEngine.TestRunner/NUnitExtensions/Commands/StrictCheckCommand.cs:29)
UnityEngine.TestTools.Utils.CoroutineRunner/<WrapEnumeratorForChecks>d__8:MoveNext () (at ./Library/PackageCache/com.unity.test-framework@76560ee600cb/UnityEngine.TestRunner/Utils/CoroutineRunner.cs:58)
UnityEngine.SetupCoroutine:InvokeMoveNext (System.Collections.IEnumerator,intptr)

(Filename: Assets/Games/OrchardReach/Tests/PlayMode/OrchardReachPlayModeAuditTests.cs Line: 285)

[OPUS] PlayModeAudit: captured target_shown at t=2.60s
UnityEngine.Debug:ExtractStackTraceNoAlloc (byte*,int,string)
UnityEngine.StackTraceUtility:ExtractStackTrace ()
UnityEngine.DebugLogHandler:Internal_Log (UnityEngine.LogType,UnityEngine.LogOption,string,UnityEngine.Object)
UnityEngine.DebugLogHandler:LogFormat (UnityEngine.LogType,UnityEngine.Object,string,object[])
UnityEngine.Logger:Log (UnityEngine.LogType,object)
UnityEngine.Debug:Log (object)
Opus.Games.OrchardReach.Tests.PlayMode.OrchardReachPlayModeAuditTests/<DemoDriver_ProducesAllFiveAuditStatesWithRealContactGeometry>d__2:MoveNext () (at Assets/Games/OrchardReach/Tests/PlayMode/OrchardReachPlayModeAuditTests.cs:125)
UnityEngine.TestTools.TestEnumerator/<Execute>d__7:MoveNext () (at ./Library/PackageCache/com.unity.test-framework@76560ee600cb/UnityEngine.TestRunner/NUnitExtensions/Attributes/TestEnumerator.cs:44)
UnityEngine.TestTools.EnumerableTestMethodCommand/<ExecuteEnumerableAndRecordExceptions>d__4:MoveNext () (at ./Library/PackageCache/com.unity.test-framework@76560ee600cb/UnityEngine.TestRunner/NUnitExtensions/Commands/EnumerableTestMethodCommand.cs:79)
UnityEngine.TestTools.EnumerableTestMethodCommand:AdvanceEnumerator (System.Collections.IEnumerator) (at ./Library/PackageCache/com.unity.test-framework@76560ee600cb/UnityEngine.TestRunner/NUnitExtensions/Commands/EnumerableTestMethodCommand.cs:64)
UnityEngine.TestTools.EnumerableTestMethodCommand/<ExecuteEnumerable>d__2:MoveNext () (at ./Library/PackageCache/com.unity.test-framework@76560ee600cb/UnityEngine.TestRunner/NUnitExtensions/Commands/EnumerableTestMethodCommand.cs:47)
UnityEngine.TestRunner.NUnitExtensions.Runner.UnityLogCheckDelegatingCommand/<ExecuteEnumerable>d__3:MoveNext () (at ./Library/PackageCache/com.unity.test-framework@76560ee600cb/UnityEngine.TestRunner/NUnitExtensions/Runner/UnityLogCheckDelegatingCommand.cs:48)
UnityEngine.TestTools.BeforeAfterTestCommandBase`1/<ExecuteEnumerable>d__16<NUnit.Framework.ITestAction>:MoveNext () (at ./Library/PackageCache/com.unity.test-framework@76560ee600cb/UnityEngine.TestRunner/NUnitExtensions/Commands/BeforeAfterTestCommandBase.cs:212)
UnityEngine.TestTools.BeforeAfterTestCommandBase`1/<ExecuteEnumerable>d__16<System.Reflection.MethodInfo>:MoveNext () (at ./Library/PackageCache/com.unity.test-framework@76560ee600cb/UnityEngine.TestRunner/NUnitExtensions/Commands/BeforeAfterTestCommandBase.cs:212)
UnityEngine.TestTools.BeforeAfterTestCommandBase`1/<ExecuteEnumerable>d__16<System.Reflection.MethodInfo>:MoveNext () (at ./Library/PackageCache/com.unity.test-framework@76560ee600cb/UnityEngine.TestRunner/NUnitExtensions/Commands/BeforeAfterTestCommandBase.cs:212)
UnityEngine.TestTools.BeforeAfterTestCommandBase`1/<ExecuteEnumerable>d__16<UnityEngine.TestTools.IOuterUnityTestAction>:MoveNext () (at ./Library/PackageCache/com.unity.test-framework@76560ee600cb/UnityEngine.TestRunner/NUnitExtensions/Commands/BeforeAfterTestCommandBase.cs:212)
UnityEngine.TestTools.RetryCommand/<ExecuteEnumerable>d__2:MoveNext () (at ./Library/PackageCache/com.unity.test-framework@76560ee600cb/UnityEngine.TestRunner/NUnitExtensions/Commands/RetryCommand.cs:37)
UnityEngine.TestTools.RepeatCommand/<ExecuteEnumerable>d__2:MoveNext () (at ./Library/PackageCache/com.unity.test-framework@76560ee600cb/UnityEngine.TestRunner/NUnitExtensions/Commands/RepeatCommand.cs:36)
UnityEngine.TestTools.IgnoreTestCommand/<ExecuteEnumerable>d__3:MoveNext () (at ./Library/PackageCache/com.unity.test-framework@76560ee600cb/UnityEngine.TestRunner/NUnitExtensions/Commands/IgnoreTestCommand.cs:42)
UnityEngine.TestTools.StrictCheckCommand/<ExecuteEnumerable>d__2:MoveNext () (at ./Library/PackageCache/com.unity.test-framework@76560ee600cb/UnityEngine.TestRunner/NUnitExtensions/Commands/StrictCheckCommand.cs:29)
UnityEngine.TestTools.Utils.CoroutineRunner/<WrapEnumeratorForChecks>d__8:MoveNext () (at ./Library/PackageCache/com.unity.test-framework@76560ee600cb/UnityEngine.TestRunner/Utils/CoroutineRunner.cs:58)
UnityEngine.SetupCoroutine:InvokeMoveNext (System.Collections.IEnumerator,intptr)

(Filename: Assets/Games/OrchardReach/Tests/PlayMode/OrchardReachPlayModeAuditTests.cs Line: 125)

[OPUS] PlayModeAudit: wrote C:\Users\GARV BANSAL\Documents\VR_games\OPUS\logs\sessions\screens\unity\run9_playmode\02_mid_reach.png (843908 bytes)
UnityEngine.Debug:ExtractStackTraceNoAlloc (byte*,int,string)
UnityEngine.StackTraceUtility:ExtractStackTrace ()
UnityEngine.DebugLogHandler:Internal_Log (UnityEngine.LogType,UnityEngine.LogOption,string,UnityEngine.Object)
UnityEngine.DebugLogHandler:LogFormat (UnityEngine.LogType,UnityEngine.Object,string,object[])
UnityEngine.Logger:Log (UnityEngine.LogType,object)
UnityEngine.Debug:Log (object)
Opus.Games.OrchardReach.Tests.PlayMode.OrchardReachPlayModeAuditTests:CaptureShot (string,string) (at Assets/Games/OrchardReach/Tests/PlayMode/OrchardReachPlayModeAuditTests.cs:285)
Opus.Games.OrchardReach.Tests.PlayMode.OrchardReachPlayModeAuditTests/<DemoDriver_ProducesAllFiveAuditStatesWithRealContactGeometry>d__2:MoveNext () (at Assets/Games/OrchardReach/Tests/PlayMode/OrchardReachPlayModeAuditTests.cs:129)
UnityEngine.TestTools.TestEnumerator/<Execute>d__7:MoveNext () (at ./Library/PackageCache/com.unity.test-framework@76560ee600cb/UnityEngine.TestRunner/NUnitExtensions/Attributes/TestEnumerator.cs:44)
UnityEngine.TestTools.EnumerableTestMethodCommand/<ExecuteEnumerableAndRecordExceptions>d__4:MoveNext () (at ./Library/PackageCache/com.unity.test-framework@76560ee600cb/UnityEngine.TestRunner/NUnitExtensions/Commands/EnumerableTestMethodCommand.cs:79)
UnityEngine.TestTools.EnumerableTestMethodCommand:AdvanceEnumerator (System.Collections.IEnumerator) (at ./Library/PackageCache/com.unity.test-framework@76560ee600cb/UnityEngine.TestRunner/NUnitExtensions/Commands/EnumerableTestMethodCommand.cs:64)
UnityEngine.TestTools.EnumerableTestMethodCommand/<ExecuteEnumerable>d__2:MoveNext () (at ./Library/PackageCache/com.unity.test-framework@76560ee600cb/UnityEngine.TestRunner/NUnitExtensions/Commands/EnumerableTestMethodCommand.cs:47)
UnityEngine.TestRunner.NUnitExtensions.Runner.UnityLogCheckDelegatingCommand/<ExecuteEnumerable>d__3:MoveNext () (at ./Library/PackageCache/com.unity.test-framework@76560ee600cb/UnityEngine.TestRunner/NUnitExtensions/Runner/UnityLogCheckDelegatingCommand.cs:48)
UnityEngine.TestTools.BeforeAfterTestCommandBase`1/<ExecuteEnumerable>d__16<NUnit.Framework.ITestAction>:MoveNext () (at ./Library/PackageCache/com.unity.test-framework@76560ee600cb/UnityEngine.TestRunner/NUnitExtensions/Commands/BeforeAfterTestCommandBase.cs:212)
UnityEngine.TestTools.BeforeAfterTestCommandBase`1/<ExecuteEnumerable>d__16<System.Reflection.MethodInfo>:MoveNext () (at ./Library/PackageCache/com.unity.test-framework@76560ee600cb/UnityEngine.TestRunner/NUnitExtensions/Commands/BeforeAfterTestCommandBase.cs:212)
UnityEngine.TestTools.BeforeAfterTestCommandBase`1/<ExecuteEnumerable>d__16<System.Reflection.MethodInfo>:MoveNext () (at ./Library/PackageCache/com.unity.test-framework@76560ee600cb/UnityEngine.TestRunner/NUnitExtensions/Commands/BeforeAfterTestCommandBase.cs:212)
UnityEngine.TestTools.BeforeAfterTestCommandBase`1/<ExecuteEnumerable>d__16<UnityEngine.TestTools.IOuterUnityTestAction>:MoveNext () (at ./Library/PackageCache/com.unity.test-framework@76560ee600cb/UnityEngine.TestRunner/NUnitExtensions/Commands/BeforeAfterTestCommandBase.cs:212)
UnityEngine.TestTools.RetryCommand/<ExecuteEnumerable>d__2:MoveNext () (at ./Library/PackageCache/com.unity.test-framework@76560ee600cb/UnityEngine.TestRunner/NUnitExtensions/Commands/RetryCommand.cs:37)
UnityEngine.TestTools.RepeatCommand/<ExecuteEnumerable>d__2:MoveNext () (at ./Library/PackageCache/com.unity.test-framework@76560ee600cb/UnityEngine.TestRunner/NUnitExtensions/Commands/RepeatCommand.cs:36)
UnityEngine.TestTools.IgnoreTestCommand/<ExecuteEnumerable>d__3:MoveNext () (at ./Library/PackageCache/com.unity.test-framework@76560ee600cb/UnityEngine.TestRunner/NUnitExtensions/Commands/IgnoreTestCommand.cs:42)
UnityEngine.TestTools.StrictCheckCommand/<ExecuteEnumerable>d__2:MoveNext () (at ./Library/PackageCache/com.unity.test-framework@76560ee600cb/UnityEngine.TestRunner/NUnitExtensions/Commands/StrictCheckCommand.cs:29)
UnityEngine.TestTools.Utils.CoroutineRunner/<WrapEnumeratorForChecks>d__8:MoveNext () (at ./Library/PackageCache/com.unity.test-framework@76560ee600cb/UnityEngine.TestRunner/Utils/CoroutineRunner.cs:58)
UnityEngine.SetupCoroutine:InvokeMoveNext (System.Collections.IEnumerator,intptr)

(Filename: Assets/Games/OrchardReach/Tests/PlayMode/OrchardReachPlayModeAuditTests.cs Line: 285)

[OPUS] PlayModeAudit: captured mid_reach at t=2.71s
UnityEngine.Debug:ExtractStackTraceNoAlloc (byte*,int,string)
UnityEngine.StackTraceUtility:ExtractStackTrace ()
UnityEngine.DebugLogHandler:Internal_Log (UnityEngine.LogType,UnityEngine.LogOption,string,UnityEngine.Object)
UnityEngine.DebugLogHandler:LogFormat (UnityEngine.LogType,UnityEngine.Object,string,object[])
UnityEngine.Logger:Log (UnityEngine.LogType,object)
UnityEngine.Debug:Log (object)
Opus.Games.OrchardReach.Tests.PlayMode.OrchardReachPlayModeAuditTests/<DemoDriver_ProducesAllFiveAuditStatesWithRealContactGeometry>d__2:MoveNext () (at Assets/Games/OrchardReach/Tests/PlayMode/OrchardReachPlayModeAuditTests.cs:131)
UnityEngine.TestTools.TestEnumerator/<Execute>d__7:MoveNext () (at ./Library/PackageCache/com.unity.test-framework@76560ee600cb/UnityEngine.TestRunner/NUnitExtensions/Attributes/TestEnumerator.cs:44)
UnityEngine.TestTools.EnumerableTestMethodCommand/<ExecuteEnumerableAndRecordExceptions>d__4:MoveNext () (at ./Library/PackageCache/com.unity.test-framework@76560ee600cb/UnityEngine.TestRunner/NUnitExtensions/Commands/EnumerableTestMethodCommand.cs:79)
UnityEngine.TestTools.EnumerableTestMethodCommand:AdvanceEnumerator (System.Collections.IEnumerator) (at ./Library/PackageCache/com.unity.test-framework@76560ee600cb/UnityEngine.TestRunner/NUnitExtensions/Commands/EnumerableTestMethodCommand.cs:64)
UnityEngine.TestTools.EnumerableTestMethodCommand/<ExecuteEnumerable>d__2:MoveNext () (at ./Library/PackageCache/com.unity.test-framework@76560ee600cb/UnityEngine.TestRunner/NUnitExtensions/Commands/EnumerableTestMethodCommand.cs:47)
UnityEngine.TestRunner.NUnitExtensions.Runner.UnityLogCheckDelegatingCommand/<ExecuteEnumerable>d__3:MoveNext () (at ./Library/PackageCache/com.unity.test-framework@76560ee600cb/UnityEngine.TestRunner/NUnitExtensions/Runner/UnityLogCheckDelegatingCommand.cs:48)
UnityEngine.TestTools.BeforeAfterTestCommandBase`1/<ExecuteEnumerable>d__16<NUnit.Framework.ITestAction>:MoveNext () (at ./Library/PackageCache/com.unity.test-framework@76560ee600cb/UnityEngine.TestRunner/NUnitExtensions/Commands/BeforeAfterTestCommandBase.cs:212)
UnityEngine.TestTools.BeforeAfterTestCommandBase`1/<ExecuteEnumerable>d__16<System.Reflection.MethodInfo>:MoveNext () (at ./Library/PackageCache/com.unity.test-framework@76560ee600cb/UnityEngine.TestRunner/NUnitExtensions/Commands/BeforeAfterTestCommandBase.cs:212)
UnityEngine.TestTools.BeforeAfterTestCommandBase`1/<ExecuteEnumerable>d__16<System.Reflection.MethodInfo>:MoveNext () (at ./Library/PackageCache/com.unity.test-framework@76560ee600cb/UnityEngine.TestRunner/NUnitExtensions/Commands/BeforeAfterTestCommandBase.cs:212)
UnityEngine.TestTools.BeforeAfterTestCommandBase`1/<ExecuteEnumerable>d__16<UnityEngine.TestTools.IOuterUnityTestAction>:MoveNext () (at ./Library/PackageCache/com.unity.test-framework@76560ee600cb/UnityEngine.TestRunner/NUnitExtensions/Commands/BeforeAfterTestCommandBase.cs:212)
UnityEngine.TestTools.RetryCommand/<ExecuteEnumerable>d__2:MoveNext () (at ./Library/PackageCache/com.unity.test-framework@76560ee600cb/UnityEngine.TestRunner/NUnitExtensions/Commands/RetryCommand.cs:37)
UnityEngine.TestTools.RepeatCommand/<ExecuteEnumerable>d__2:MoveNext () (at ./Library/PackageCache/com.unity.test-framework@76560ee600cb/UnityEngine.TestRunner/NUnitExtensions/Commands/RepeatCommand.cs:36)
UnityEngine.TestTools.IgnoreTestCommand/<ExecuteEnumerable>d__3:MoveNext () (at ./Library/PackageCache/com.unity.test-framework@76560ee600cb/UnityEngine.TestRunner/NUnitExtensions/Commands/IgnoreTestCommand.cs:42)
UnityEngine.TestTools.StrictCheckCommand/<ExecuteEnumerable>d__2:MoveNext () (at ./Library/PackageCache/com.unity.test-framework@76560ee600cb/UnityEngine.TestRunner/NUnitExtensions/Commands/StrictCheckCommand.cs:29)
UnityEngine.TestTools.Utils.CoroutineRunner/<WrapEnumeratorForChecks>d__8:MoveNext () (at ./Library/PackageCache/com.unity.test-framework@76560ee600cb/UnityEngine.TestRunner/Utils/CoroutineRunner.cs:58)
UnityEngine.SetupCoroutine:InvokeMoveNext (System.Collections.IEnumerator,intptr)

(Filename: Assets/Games/OrchardReach/Tests/PlayMode/OrchardReachPlayModeAuditTests.cs Line: 131)

[OPUS] PlayModeAudit: finished after 2.80s — target_shown=True mid_reach=True grasp=True carry=True placed=True, trialsCompleted=4, successCount=3
UnityEngine.Debug:ExtractStackTraceNoAlloc (byte*,int,string)
UnityEngine.StackTraceUtility:ExtractStackTrace ()
UnityEngine.DebugLogHandler:Internal_Log (UnityEngine.LogType,UnityEngine.LogOption,string,UnityEngine.Object)
UnityEngine.DebugLogHandler:LogFormat (UnityEngine.LogType,UnityEngine.Object,string,object[])
UnityEngine.Logger:Log (UnityEngine.LogType,object)
UnityEngine.Debug:Log (object)
Opus.Games.OrchardReach.Tests.PlayMode.OrchardReachPlayModeAuditTests/<DemoDriver_ProducesAllFiveAuditStatesWithRealContactGeometry>d__2:MoveNext () (at Assets/Games/OrchardReach/Tests/PlayMode/OrchardReachPlayModeAuditTests.cs:182)
UnityEngine.TestTools.TestEnumerator/<Execute>d__7:MoveNext () (at ./Library/PackageCache/com.unity.test-framework@76560ee600cb/UnityEngine.TestRunner/NUnitExtensions/Attributes/TestEnumerator.cs:44)
UnityEngine.TestTools.EnumerableTestMethodCommand/<ExecuteEnumerableAndRecordExceptions>d__4:MoveNext () (at ./Library/PackageCache/com.unity.test-framework@76560ee600cb/UnityEngine.TestRunner/NUnitExtensions/Commands/EnumerableTestMethodCommand.cs:79)
UnityEngine.TestTools.EnumerableTestMethodCommand:AdvanceEnumerator (System.Collections.IEnumerator) (at ./Library/PackageCache/com.unity.test-framework@76560ee600cb/UnityEngine.TestRunner/NUnitExtensions/Commands/EnumerableTestMethodCommand.cs:64)
UnityEngine.TestTools.EnumerableTestMethodCommand/<ExecuteEnumerable>d__2:MoveNext () (at ./Library/PackageCache/com.unity.test-framework@76560ee600cb/UnityEngine.TestRunner/NUnitExtensions/Commands/EnumerableTestMethodCommand.cs:47)
UnityEngine.TestRunner.NUnitExtensions.Runner.UnityLogCheckDelegatingCommand/<ExecuteEnumerable>d__3:MoveNext () (at ./Library/PackageCache/com.unity.test-framework@76560ee600cb/UnityEngine.TestRunner/NUnitExtensions/Runner/UnityLogCheckDelegatingCommand.cs:48)
UnityEngine.TestTools.BeforeAfterTestCommandBase`1/<ExecuteEnumerable>d__16<NUnit.Framework.ITestAction>:MoveNext () (at ./Library/PackageCache/com.unity.test-framework@76560ee600cb/UnityEngine.TestRunner/NUnitExtensions/Commands/BeforeAfterTestCommandBase.cs:212)
UnityEngine.TestTools.BeforeAfterTestCommandBase`1/<ExecuteEnumerable>d__16<System.Reflection.MethodInfo>:MoveNext () (at ./Library/PackageCache/com.unity.test-framework@76560ee600cb/UnityEngine.TestRunner/NUnitExtensions/Commands/BeforeAfterTestCommandBase.cs:212)
UnityEngine.TestTools.BeforeAfterTestCommandBase`1/<ExecuteEnumerable>d__16<System.Reflection.MethodInfo>:MoveNext () (at ./Library/PackageCache/com.unity.test-framework@76560ee600cb/UnityEngine.TestRunner/NUnitExtensions/Commands/BeforeAfterTestCommandBase.cs:212)
UnityEngine.TestTools.BeforeAfterTestCommandBase`1/<ExecuteEnumerable>d__16<UnityEngine.TestTools.IOuterUnityTestAction>:MoveNext () (at ./Library/PackageCache/com.unity.test-framework@76560ee600cb/UnityEngine.TestRunner/NUnitExtensions/Commands/BeforeAfterTestCommandBase.cs:212)
UnityEngine.TestTools.RetryCommand/<ExecuteEnumerable>d__2:MoveNext () (at ./Library/PackageCache/com.unity.test-framework@76560ee600cb/UnityEngine.TestRunner/NUnitExtensions/Commands/RetryCommand.cs:37)
UnityEngine.TestTools.RepeatCommand/<ExecuteEnumerable>d__2:MoveNext () (at ./Library/PackageCache/com.unity.test-framework@76560ee600cb/UnityEngine.TestRunner/NUnitExtensions/Commands/RepeatCommand.cs:36)
UnityEngine.TestTools.IgnoreTestCommand/<ExecuteEnumerable>d__3:MoveNext () (at ./Library/PackageCache/com.unity.test-framework@76560ee600cb/UnityEngine.TestRunner/NUnitExtensions/Commands/IgnoreTestCommand.cs:42)
UnityEngine.TestTools.StrictCheckCommand/<ExecuteEnumerable>d__2:MoveNext () (at ./Library/PackageCache/com.unity.test-framework@76560ee600cb/UnityEngine.TestRunner/NUnitExtensions/Commands/StrictCheckCommand.cs:29)
UnityEngine.TestTools.Utils.CoroutineRunner/<WrapEnumeratorForChecks>d__8:MoveNext () (at ./Library/PackageCache/com.unity.test-framework@76560ee600cb/UnityEngine.TestRunner/Utils/CoroutineRunner.cs:58)
UnityEngine.SetupCoroutine:InvokeMoveNext (System.Collections.IEnumerator,intptr)

(Filename: Assets/Games/OrchardReach/Tests/PlayMode/OrchardReachPlayModeAuditTests.cs Line: 182)

[TestRunnerTools] Test Finished: Opus.Games.OrchardReach.Tests.PlayMode.OrchardReachPlayModeAuditTests.DemoDriver_ProducesAllFiveAuditStatesWithRealContactGeometry, ResultState: Passed, Duration: 6.252s
UnityEngine.Debug:ExtractStackTraceNoAlloc (byte*,int,string)
UnityEngine.StackTraceUtility:ExtractStackTrace ()
UnityEngine.DebugLogHandler:Internal_Log (UnityEngine.LogType,UnityEngine.LogOption,string,UnityEngine.Object)
UnityEngine.DebugLogHandler:LogFormat (UnityEngine.LogType,UnityEngine.Object,string,object[])
UnityEngine.Logger:Log (UnityEngine.LogType,object)
UnityEngine.Debug:Log (object)
Meta.MCPBridge.Editor.TestRunnerTools:OnTestFinished (UnityEditor.TestTools.TestRunner.Api.ITestResultAdaptor) (at ./Library/PackageCache/com.meta.xr.sdk.core@4ea2676097b9/Editor/MCPBridge/TestRunnerTools.cs:847)
Meta.MCPBridge.Editor.TestRunnerTools/TestRunnerCallbacks:TestFinished (UnityEditor.TestTools.TestRunner.Api.ITestResultAdaptor) (at ./Library/PackageCache/com.meta.xr.sdk.core@4ea2676097b9/Editor/MCPBridge/TestRunnerTools.cs:904)
UnityEditor.TestTools.TestRunner.Api.CallbacksDelegator/<>c__DisplayClass14_0:<TestFinished>b__0 (UnityEditor.TestTools.TestRunner.Api.ICallbacks) (at ./Library/PackageCache/com.unity.test-framework@76560ee600cb/UnityEditor.TestRunner/Api/CallbacksDelegator.cs:95)
UnityEditor.TestTools.TestRunner.Api.CallbacksDelegator:TryInvokeAllCallbacks (System.Action`1<UnityEditor.TestTools.TestRunner.Api.ICallbacks>) (at ./Library/PackageCache/com.unity.test-framework@76560ee600cb/UnityEditor.TestRunner/Api/CallbacksDelegator.cs:135)
UnityEditor.TestTools.TestRunner.Api.CallbacksDelegator:TestFinished (NUnit.Framework.Interfaces.ITestResult) (at ./Library/PackageCache/com.unity.test-framework@76560ee600cb/UnityEditor.TestRunner/Api/CallbacksDelegator.cs:95)
UnityEngine.Events.InvokableCall`1<NUnit.Framework.Interfaces.ITestResult>:Invoke (NUnit.Framework.Interfaces.ITestResult)
UnityEngine.Events.UnityEvent`1<NUnit.Framework.Interfaces.ITestResult>:Invoke (NUnit.Framework.Interfaces.ITestResult)
UnityEngine.Events.InvokableCall`1<NUnit.Framework.Interfaces.ITestResult>:Invoke (NUnit.Framework.Interfaces.ITestResult)
UnityEngine.Events.UnityEvent`1<NUnit.Framework.Interfaces.ITestResult>:Invoke (NUnit.Framework.Interfaces.ITestResult)
UnityEngine.TestTools.TestRunner.TestListenerWrapper:TestFinished (NUnit.Framework.Interfaces.ITestResult) (at ./Library/PackageCache/com.unity.test-framework@76560ee600cb/UnityEngine.TestRunner/TestRunner/TestListenerWrapper.cs:24)
UnityEngine.TestRunner.NUnitExtensions.Runner.UnityWorkItem:WorkItemComplete () (at ./Library/PackageCache/com.unity.test-framework@76560ee600cb/UnityEngine.TestRunner/NUnitExtensions/Runner/UnityWorkItem.cs:107)
UnityEngine.TestRunner.NUnitExtensions.Runner.CoroutineTestWorkItem/<PerformWork>d__6:<>m__Finally1 () (at ./Library/PackageCache/com.unity.test-framework@76560ee600cb/UnityEngine.TestRunner/NUnitExtensions/Runner/CoroutineTestWorkItem.cs:59)
UnityEngine.TestRunner.NUnitExtensions.Runner.CoroutineTestWorkItem/<PerformWork>d__6:MoveNext () (at ./Library/PackageCache/com.unity.test-framework@76560ee600cb/UnityEngine.TestRunner/NUnitExtensions/Runner/CoroutineTestWorkItem.cs:56)
UnityEngine.TestRunner.NUnitExtensions.Runner.CompositeWorkItem/<RunChildren>d__17:MoveNext () (at ./Library/PackageCache/com.unity.test-framework@76560ee600cb/UnityEngine.TestRunner/NUnitExtensions/Runner/CompositeWorkItem.cs:207)
UnityEngine.TestRunner.NUnitExtensions.Runner.CompositeWorkItem/<PerformWork>d__13:MoveNext () (at ./Library/PackageCache/com.unity.test-framework@76560ee600cb/UnityEngine.TestRunner/NUnitExtensions/Runner/CompositeWorkItem.cs:82)
UnityEngine.TestRunner.NUnitExtensions.Runner.CompositeWorkItem/<RunChildren>d__17:MoveNext () (at ./Library/PackageCache/com.unity.test-framework@76560ee600cb/UnityEngine.TestRunner/NUnitExtensions/Runner/CompositeWorkItem.cs:207)
UnityEngine.TestRunner.NUnitExtensions.Runner.CompositeWorkItem/<PerformWork>d__13:MoveNext () (at ./Library/PackageCache/com.unity.test-framework@76560ee600cb/UnityEngine.TestRunner/NUnitExtensions/Runner/CompositeWorkItem.cs:82)
UnityEngine.TestRunner.NUnitExtensions.Runner.CompositeWorkItem/<RunChildren>d__17:MoveNext () (at ./Library/PackageCache/com.unity.test-framework@76560ee600cb/UnityEngine.TestRunner/NUnitExtensions/Runner/CompositeWorkItem.cs:207)
UnityEngine.TestRunner.NUnitExtensions.Runner.CompositeWorkItem/<PerformWork>d__13:MoveNext () (at ./Library/PackageCache/com.unity.test-framework@76560ee600cb/UnityEngine.TestRunner/NUnitExtensions/Runner/CompositeWorkItem.cs:82)
UnityEngine.TestRunner.NUnitExtensions.Runner.CompositeWorkItem/<RunChildren>d__17:MoveNext () (at ./Library/PackageCache/com.unity.test-framework@76560ee600cb/UnityEngine.TestRunner/NUnitExtensions/Runner/CompositeWorkItem.cs:207)
UnityEngine.TestRunner.NUnitExtensions.Runner.CompositeWorkItem/<PerformWork>d__13:MoveNext () (at ./Library/PackageCache/com.unity.test-framework@76560ee600cb/UnityEngine.TestRunner/NUnitExtensions/Runner/CompositeWorkItem.cs:82)
UnityEngine.TestRunner.NUnitExtensions.Runner.CompositeWorkItem/<RunChildren>d__17:MoveNext () (at ./Library/PackageCache/com.unity.test-framework@76560ee600cb/UnityEngine.TestRunner/NUnitExtensions/Runner/CompositeWorkItem.cs:207)
UnityEngine.TestRunner.NUnitExtensions.Runner.CompositeWorkItem/<PerformWork>d__13:MoveNext () (at ./Library/PackageCache/com.unity.test-framework@76560ee600cb/UnityEngine.TestRunner/NUnitExtensions/Runner/CompositeWorkItem.cs:82)
UnityEngine.TestRunner.NUnitExtensions.Runner.CompositeWorkItem/<RunChildren>d__17:MoveNext () (at ./Library/PackageCache/com.unity.test-framework@76560ee600cb/UnityEngine.TestRunner/NUnitExtensions/Runner/CompositeWorkItem.cs:207)
UnityEngine.TestRunner.NUnitExtensions.Runner.CompositeWorkItem/<PerformWork>d__13:MoveNext () (at ./Library/PackageCache/com.unity.test-framework@76560ee600cb/UnityEngine.TestRunner/NUnitExtensions/Runner/CompositeWorkItem.cs:82)
UnityEngine.TestRunner.NUnitExtensions.Runner.CompositeWorkItem/<RunChildren>d__17:MoveNext () (at ./Library/PackageCache/com.unity.test-framework@76560ee600cb/UnityEngine.TestRunner/NUnitExtensions/Runner/CompositeWorkItem.cs:207)
UnityEngine.TestRunner.NUnitExtensions.Runner.CompositeWorkItem/<PerformWork>d__13:MoveNext () (at ./Library/PackageCache/com.unity.test-framework@76560ee600cb/UnityEngine.TestRunner/NUnitExtensions/Runner/CompositeWorkItem.cs:82)
UnityEngine.TestRunner.NUnitExtensions.Runner.CompositeWorkItem/<RunChildren>d__17:MoveNext () (at ./Library/PackageCache/com.unity.test-framework@76560ee600cb/UnityEngine.TestRunner/NUnitExtensions/Runner/CompositeWorkItem.cs:207)
UnityEngine.TestRunner.NUnitExtensions.Runner.CompositeWorkItem/<PerformWork>d__13:MoveNext () (at ./Library/PackageCache/com.unity.test-framework@76560ee600cb/UnityEngine.TestRunner/NUnitExtensions/Runner/CompositeWorkItem.cs:82)
UnityEngine.TestTools.TestRunner.PlaymodeTestsController/<TestRunnerCoroutine>d__24:MoveNext () (at ./Library/PackageCache/com.unity.test-framework@76560ee600cb/UnityEngine.TestRunner/TestRunner/PlaymodeTestsController.cs:93)
UnityEngine.SetupCoroutine:InvokeMoveNext (System.Collections.IEnumerator,intptr)

(Filename: ./Library/PackageCache/com.meta.xr.sdk.core@4ea2676097b9/Editor/MCPBridge/TestRunnerTools.cs Line: 847)

[TestRunnerTools] Test Started: Opus.Shell.Tests.PlayMode.FullPipelineIntegrationTests.FullPipeline_AppHub_Headset_Sleeve_ProducesAnalysableSession
UnityEngine.Debug:ExtractStackTraceNoAlloc (byte*,int,string)
UnityEngine.StackTraceUtility:ExtractStackTrace ()
UnityEngine.DebugLogHandler:Internal_Log (UnityEngine.LogType,UnityEngine.LogOption,string,UnityEngine.Object)
UnityEngine.DebugLogHandler:LogFormat (UnityEngine.LogType,UnityEngine.Object,string,object[])
UnityEngine.Logger:Log (UnityEngine.LogType,object)
UnityEngine.Debug:Log (object)
Meta.MCPBridge.Editor.TestRunnerTools:OnTestStarted (UnityEditor.TestTools.TestRunner.Api.ITestAdaptor) (at ./Library/PackageCache/com.meta.xr.sdk.core@4ea2676097b9/Editor/MCPBridge/TestRunnerTools.cs:838)
Meta.MCPBridge.Editor.TestRunnerTools/TestRunnerCallbacks:TestStarted (UnityEditor.TestTools.TestRunner.Api.ITestAdaptor) (at ./Library/PackageCache/com.meta.xr.sdk.core@4ea2676097b9/Editor/MCPBridge/TestRunnerTools.cs:899)
UnityEditor.TestTools.TestRunner.Api.CallbacksDelegator/<>c__DisplayClass12_0:<TestStarted>b__0 (UnityEditor.TestTools.TestRunner.Api.ICallbacks) (at ./Library/PackageCache/com.unity.test-framework@76560ee600cb/UnityEditor.TestRunner/Api/CallbacksDelegator.cs:81)
UnityEditor.TestTools.TestRunner.Api.CallbacksDelegator:TryInvokeAllCallbacks (System.Action`1<UnityEditor.TestTools.TestRunner.Api.ICallbacks>) (at ./Library/PackageCache/com.unity.test-framework@76560ee600cb/UnityEditor.TestRunner/Api/CallbacksDelegator.cs:135)
UnityEditor.TestTools.TestRunner.Api.CallbacksDelegator:TestStarted (NUnit.Framework.Interfaces.ITest) (at ./Library/PackageCache/com.unity.test-framework@76560ee600cb/UnityEditor.TestRunner/Api/CallbacksDelegator.cs:81)
UnityEngine.Events.InvokableCall`1<NUnit.Framework.Interfaces.ITest>:Invoke (NUnit.Framework.Interfaces.ITest)
UnityEngine.Events.UnityEvent`1<NUnit.Framework.Interfaces.ITest>:Invoke (NUnit.Framework.Interfaces.ITest)
UnityEngine.Events.InvokableCall`1<NUnit.Framework.Interfaces.ITest>:Invoke (NUnit.Framework.Interfaces.ITest)
UnityEngine.Events.UnityEvent`1<NUnit.Framework.Interfaces.ITest>:Invoke (NUnit.Framework.Interfaces.ITest)
UnityEngine.TestTools.TestRunner.TestListenerWrapper:TestStarted (NUnit.Framework.Interfaces.ITest) (at ./Library/PackageCache/com.unity.test-framework@76560ee600cb/UnityEngine.TestRunner/TestRunner/TestListenerWrapper.cs:19)
UnityEngine.TestRunner.NUnitExtensions.Runner.UnityWorkItem:Execute () (at ./Library/PackageCache/com.unity.test-framework@76560ee600cb/UnityEngine.TestRunner/NUnitExtensions/Runner/UnityWorkItem.cs:83)
UnityEngine.TestRunner.NUnitExtensions.Runner.CompositeWorkItem/<RunChildren>d__17:MoveNext () (at ./Library/PackageCache/com.unity.test-framework@76560ee600cb/UnityEngine.TestRunner/NUnitExtensions/Runner/CompositeWorkItem.cs:203)
UnityEngine.TestRunner.NUnitExtensions.Runner.CompositeWorkItem/<PerformWork>d__13:MoveNext () (at ./Library/PackageCache/com.unity.test-framework@76560ee600cb/UnityEngine.TestRunner/NUnitExtensions/Runner/CompositeWorkItem.cs:82)
UnityEngine.TestRunner.NUnitExtensions.Runner.CompositeWorkItem/<RunChildren>d__17:MoveNext () (at ./Library/PackageCache/com.unity.test-framework@76560ee600cb/UnityEngine.TestRunner/NUnitExtensions/Runner/CompositeWorkItem.cs:207)
UnityEngine.TestRunner.NUnitExtensions.Runner.CompositeWorkItem/<PerformWork>d__13:MoveNext () (at ./Library/PackageCache/com.unity.test-framework@76560ee600cb/UnityEngine.TestRunner/NUnitExtensions/Runner/CompositeWorkItem.cs:82)
UnityEngine.TestRunner.NUnitExtensions.Runner.CompositeWorkItem/<RunChildren>d__17:MoveNext () (at ./Library/PackageCache/com.unity.test-framework@76560ee600cb/UnityEngine.TestRunner/NUnitExtensions/Runner/CompositeWorkItem.cs:207)
UnityEngine.TestRunner.NUnitExtensions.Runner.CompositeWorkItem/<PerformWork>d__13:MoveNext () (at ./Library/PackageCache/com.unity.test-framework@76560ee600cb/UnityEngine.TestRunner/NUnitExtensions/Runner/CompositeWorkItem.cs:82)
UnityEngine.TestRunner.NUnitExtensions.Runner.CompositeWorkItem/<RunChildren>d__17:MoveNext () (at ./Library/PackageCache/com.unity.test-framework@76560ee600cb/UnityEngine.TestRunner/NUnitExtensions/Runner/CompositeWorkItem.cs:207)
UnityEngine.TestRunner.NUnitExtensions.Runner.CompositeWorkItem/<PerformWork>d__13:MoveNext () (at ./Library/PackageCache/com.unity.test-framework@76560ee600cb/UnityEngine.TestRunner/NUnitExtensions/Runner/CompositeWorkItem.cs:82)
UnityEngine.TestRunner.NUnitExtensions.Runner.CompositeWorkItem/<RunChildren>d__17:MoveNext () (at ./Library/PackageCache/com.unity.test-framework@76560ee600cb/UnityEngine.TestRunner/NUnitExtensions/Runner/CompositeWorkItem.cs:207)
UnityEngine.TestRunner.NUnitExtensions.Runner.CompositeWorkItem/<PerformWork>d__13:MoveNext () (at ./Library/PackageCache/com.unity.test-framework@76560ee600cb/UnityEngine.TestRunner/NUnitExtensions/Runner/CompositeWorkItem.cs:82)
UnityEngine.TestRunner.NUnitExtensions.Runner.CompositeWorkItem/<RunChildren>d__17:MoveNext () (at ./Library/PackageCache/com.unity.test-framework@76560ee600cb/UnityEngine.TestRunner/NUnitExtensions/Runner/CompositeWorkItem.cs:207)
UnityEngine.TestRunner.NUnitExtensions.Runner.CompositeWorkItem/<PerformWork>d__13:MoveNext () (at ./Library/PackageCache/com.unity.test-framework@76560ee600cb/UnityEngine.TestRunner/NUnitExtensions/Runner/CompositeWorkItem.cs:82)
UnityEngine.TestRunner.NUnitExtensions.Runner.CompositeWorkItem/<RunChildren>d__17:MoveNext () (at ./Library/PackageCache/com.unity.test-framework@76560ee600cb/UnityEngine.TestRunner/NUnitExtensions/Runner/CompositeWorkItem.cs:207)
UnityEngine.TestRunner.NUnitExtensions.Runner.CompositeWorkItem/<PerformWork>d__13:MoveNext () (at ./Library/PackageCache/com.unity.test-framework@76560ee600cb/UnityEngine.TestRunner/NUnitExtensions/Runner/CompositeWorkItem.cs:82)
UnityEngine.TestTools.TestRunner.PlaymodeTestsController/<TestRunnerCoroutine>d__24:MoveNext () (at ./Library/PackageCache/com.unity.test-framework@76560ee600cb/UnityEngine.TestRunner/TestRunner/PlaymodeTestsController.cs:93)
UnityEngine.SetupCoroutine:InvokeMoveNext (System.Collections.IEnumerator,intptr)

(Filename: ./Library/PackageCache/com.meta.xr.sdk.core@4ea2676097b9/Editor/MCPBridge/TestRunnerTools.cs Line: 838)

[OPUS] FullPipeline: found a hub listening on 127.0.0.1:8787
UnityEngine.Debug:ExtractStackTraceNoAlloc (byte*,int,string)
UnityEngine.StackTraceUtility:ExtractStackTrace ()
UnityEngine.DebugLogHandler:Internal_Log (UnityEngine.LogType,UnityEngine.LogOption,string,UnityEngine.Object)
UnityEngine.DebugLogHandler:LogFormat (UnityEngine.LogType,UnityEngine.Object,string,object[])
UnityEngine.Logger:Log (UnityEngine.LogType,object)
UnityEngine.Debug:Log (object)
Opus.Shell.Tests.PlayMode.FullPipelineIntegrationTests/<FullPipeline_AppHub_Headset_Sleeve_ProducesAnalysableSession>d__5:MoveNext () (at Assets/Shell/Tests/PlayMode/FullPipelineIntegrationTests.cs:60)
UnityEngine.TestTools.TestEnumerator/<Execute>d__7:MoveNext () (at ./Library/PackageCache/com.unity.test-framework@76560ee600cb/UnityEngine.TestRunner/NUnitExtensions/Attributes/TestEnumerator.cs:44)
UnityEngine.TestTools.EnumerableTestMethodCommand/<ExecuteEnumerableAndRecordExceptions>d__4:MoveNext () (at ./Library/PackageCache/com.unity.test-framework@76560ee600cb/UnityEngine.TestRunner/NUnitExtensions/Commands/EnumerableTestMethodCommand.cs:79)
UnityEngine.TestTools.EnumerableTestMethodCommand:AdvanceEnumerator (System.Collections.IEnumerator) (at ./Library/PackageCache/com.unity.test-framework@76560ee600cb/UnityEngine.TestRunner/NUnitExtensions/Commands/EnumerableTestMethodCommand.cs:64)
UnityEngine.TestTools.EnumerableTestMethodCommand/<ExecuteEnumerable>d__2:MoveNext () (at ./Library/PackageCache/com.unity.test-framework@76560ee600cb/UnityEngine.TestRunner/NUnitExtensions/Commands/EnumerableTestMethodCommand.cs:47)
UnityEngine.TestRunner.NUnitExtensions.Runner.UnityLogCheckDelegatingCommand/<ExecuteEnumerable>d__3:MoveNext () (at ./Library/PackageCache/com.unity.test-framework@76560ee600cb/UnityEngine.TestRunner/NUnitExtensions/Runner/UnityLogCheckDelegatingCommand.cs:48)
UnityEngine.TestTools.BeforeAfterTestCommandBase`1/<ExecuteEnumerable>d__16<NUnit.Framework.ITestAction>:MoveNext () (at ./Library/PackageCache/com.unity.test-framework@76560ee600cb/UnityEngine.TestRunner/NUnitExtensions/Commands/BeforeAfterTestCommandBase.cs:212)
UnityEngine.TestTools.BeforeAfterTestCommandBase`1/<ExecuteEnumerable>d__16<System.Reflection.MethodInfo>:MoveNext () (at ./Library/PackageCache/com.unity.test-framework@76560ee600cb/UnityEngine.TestRunner/NUnitExtensions/Commands/BeforeAfterTestCommandBase.cs:212)
UnityEngine.TestTools.BeforeAfterTestCommandBase`1/<ExecuteEnumerable>d__16<System.Reflection.MethodInfo>:MoveNext () (at ./Library/PackageCache/com.unity.test-framework@76560ee600cb/UnityEngine.TestRunner/NUnitExtensions/Commands/BeforeAfterTestCommandBase.cs:212)
UnityEngine.TestTools.BeforeAfterTestCommandBase`1/<ExecuteEnumerable>d__16<UnityEngine.TestTools.IOuterUnityTestAction>:MoveNext () (at ./Library/PackageCache/com.unity.test-framework@76560ee600cb/UnityEngine.TestRunner/NUnitExtensions/Commands/BeforeAfterTestCommandBase.cs:212)
UnityEngine.TestTools.RetryCommand/<ExecuteEnumerable>d__2:MoveNext () (at ./Library/PackageCache/com.unity.test-framework@76560ee600cb/UnityEngine.TestRunner/NUnitExtensions/Commands/RetryCommand.cs:37)
UnityEngine.TestTools.RepeatCommand/<ExecuteEnumerable>d__2:MoveNext () (at ./Library/PackageCache/com.unity.test-framework@76560ee600cb/UnityEngine.TestRunner/NUnitExtensions/Commands/RepeatCommand.cs:36)
UnityEngine.TestTools.IgnoreTestCommand/<ExecuteEnumerable>d__3:MoveNext () (at ./Library/PackageCache/com.unity.test-framework@76560ee600cb/UnityEngine.TestRunner/NUnitExtensions/Commands/IgnoreTestCommand.cs:42)
UnityEngine.TestTools.StrictCheckCommand/<ExecuteEnumerable>d__2:MoveNext () (at ./Library/PackageCache/com.unity.test-framework@76560ee600cb/UnityEngine.TestRunner/NUnitExtensions/Commands/StrictCheckCommand.cs:29)
UnityEngine.TestTools.Utils.CoroutineRunner/<WrapEnumeratorForChecks>d__8:MoveNext () (at ./Library/PackageCache/com.unity.test-framework@76560ee600cb/UnityEngine.TestRunner/Utils/CoroutineRunner.cs:58)
UnityEngine.SetupCoroutine:InvokeMoveNext (System.Collections.IEnumerator,intptr)

(Filename: Assets/Shell/Tests/PlayMode/FullPipelineIntegrationTests.cs Line: 60)

Unloading 84 Unused Serialized files (Serialized files now loaded: 0)
[OVRManager] OnDestroy
UnityEngine.Debug:ExtractStackTraceNoAlloc (byte*,int,string)
UnityEngine.StackTraceUtility:ExtractStackTrace ()
UnityEngine.DebugLogHandler:Internal_Log (UnityEngine.LogType,UnityEngine.LogOption,string,UnityEngine.Object)
UnityEngine.DebugLogHandler:LogFormat (UnityEngine.LogType,UnityEngine.Object,string,object[])
UnityEngine.Logger:Log (UnityEngine.LogType,object)
UnityEngine.Debug:Log (object)
OVRManager:OnDestroy () (at ./Library/PackageCache/com.meta.xr.sdk.core@4ea2676097b9/Scripts/OVRManager.cs:3452)

(Filename: ./Library/PackageCache/com.meta.xr.sdk.core@4ea2676097b9/Scripts/OVRManager.cs Line: 3452)

[UdpHapticTransport] send failed: Cannot access a disposed object.
Object name: 'System.Net.Sockets.Socket'.
UnityEngine.Debug:ExtractStackTraceNoAlloc (byte*,int,string)
UnityEngine.StackTraceUtility:ExtractStackTrace ()
UnityEngine.DebugLogHandler:Internal_Log (UnityEngine.LogType,UnityEngine.LogOption,string,UnityEngine.Object)
UnityEngine.DebugLogHandler:LogFormat (UnityEngine.LogType,UnityEngine.Object,string,object[])
UnityEngine.Logger:Log (UnityEngine.LogType,object)
UnityEngine.Debug:LogWarning (object)
Opus.Sdk.UdpHapticTransport/<SendLoopAsync>d__22:MoveNext () (at ./Packages/com.opus.sdk/Runtime/Transport/UdpHapticTransport.cs:107)
System.Runtime.CompilerServices.AsyncTaskMethodBuilder:Start<Opus.Sdk.UdpHapticTransport/<SendLoopAsync>d__22> (Opus.Sdk.UdpHapticTransport/<SendLoopAsync>d__22&)
Opus.Sdk.UdpHapticTransport:SendLoopAsync (System.Threading.CancellationToken)
Opus.Sdk.UdpHapticTransport:<Start>b__18_1 () (at ./Packages/com.opus.sdk/Runtime/Transport/UdpHapticTransport.cs:70)
System.Threading.Tasks.Task`1<System.Threading.Tasks.Task>:InnerInvoke ()
System.Threading.Tasks.Task:Execute ()
System.Threading.Tasks.Task:ExecutionContextCallback (object)
System.Threading.ExecutionContext:RunInternal (System.Threading.ExecutionContext,System.Threading.ContextCallback,object,bool)
System.Threading.ExecutionContext:Run (System.Threading.ExecutionContext,System.Threading.ContextCallback,object,bool)
System.Threading.Tasks.Task:ExecuteWithThreadLocal (System.Threading.Tasks.Task&)
System.Threading.Tasks.Task:ExecuteEntry (bool)
System.Threading.Tasks.Task:System.Threading.IThreadPoolWorkItem.ExecuteWorkItem ()
System.Threading.ThreadPoolWorkQueue:Dispatch ()
System.Threading._ThreadPoolWaitCallback:PerformWaitCallback ()

(Filename: ./Packages/com.opus.sdk/Runtime/Transport/UdpHapticTransport.cs Line: 107)

UnloadTime: 25.155300 ms
Found IOVRSkeletonDataProvider reference in [BuildingBlock] Hand Tracking left due to unassigned field.
UnityEngine.Debug:ExtractStackTraceNoAlloc (byte*,int,string)
UnityEngine.StackTraceUtility:ExtractStackTrace ()
UnityEngine.DebugLogHandler:Internal_Log (UnityEngine.LogType,UnityEngine.LogOption,string,UnityEngine.Object)
UnityEngine.DebugLogHandler:LogFormat (UnityEngine.LogType,UnityEngine.Object,string,object[])
UnityEngine.Logger:Log (UnityEngine.LogType,object)
UnityEngine.Debug:Log (object)
OVRSkeleton:Awake () (at ./Library/PackageCache/com.meta.xr.sdk.core@4ea2676097b9/Scripts/Util/OVRSkeleton.cs:520)

(Filename: ./Library/PackageCache/com.meta.xr.sdk.core@4ea2676097b9/Scripts/Util/OVRSkeleton.cs Line: 520)

Found IOVRSkeletonDataProvider reference in [BuildingBlock] Hand Tracking right due to unassigned field.
UnityEngine.Debug:ExtractStackTraceNoAlloc (byte*,int,string)
UnityEngine.StackTraceUtility:ExtractStackTrace ()
UnityEngine.DebugLogHandler:Internal_Log (UnityEngine.LogType,UnityEngine.LogOption,string,UnityEngine.Object)
UnityEngine.DebugLogHandler:LogFormat (UnityEngine.LogType,UnityEngine.Object,string,object[])
UnityEngine.Logger:Log (UnityEngine.LogType,object)
UnityEngine.Debug:Log (object)
OVRSkeleton:Awake () (at ./Library/PackageCache/com.meta.xr.sdk.core@4ea2676097b9/Scripts/Util/OVRSkeleton.cs:520)

(Filename: ./Library/PackageCache/com.meta.xr.sdk.core@4ea2676097b9/Scripts/Util/OVRSkeleton.cs Line: 520)

Setting linear velocity of a kinematic body is not supported.
UnityEngine.Debug:ExtractStackTraceNoAlloc (byte*,int,string)
UnityEngine.StackTraceUtility:ExtractStackTrace ()
UnityEngine.Rigidbody:set_linearVelocity (UnityEngine.Vector3)
Opus.Shell.OrchardReachSceneController:HandleTrialEvent (Opus.Sdk.TrialEvent) (at Assets/Shell/Runtime/OrchardReachSceneController.cs:879)
Opus.Games.OrchardReach.OrchardReachModule:Emit (string,string,Opus.Sdk.TrialTarget,string) (at Assets/Games/OrchardReach/Runtime/OrchardReachModule.cs:212)
Opus.Games.OrchardReach.OrchardReachModule:EmitSignal (System.Nullable`1<Opus.Games.OrchardReach.TrialSignal>,string,Opus.Sdk.TrialTarget) (at Assets/Games/OrchardReach/Runtime/OrchardReachModule.cs:228)
Opus.Games.OrchardReach.OrchardReachModule:StartNextTrial (double) (at Assets/Games/OrchardReach/Runtime/OrchardReachModule.cs:117)
Opus.Games.OrchardReach.OrchardReachModule:Begin () (at Assets/Games/OrchardReach/Runtime/OrchardReachModule.cs:80)
Opus.Shell.OrchardReachSceneController:Awake () (at Assets/Shell/Runtime/OrchardReachSceneController.cs:278)

[Assets/Shell/Runtime/OrchardReachSceneController.cs line 879]

[UdpHapticTransport] sleeve discovered at 169.254.188.98:8790 (device_id=sleeve-sim-01)
UnityEngine.Debug:ExtractStackTraceNoAlloc (byte*,int,string)
UnityEngine.StackTraceUtility:ExtractStackTrace ()
UnityEngine.DebugLogHandler:Internal_Log (UnityEngine.LogType,UnityEngine.LogOption,string,UnityEngine.Object)
UnityEngine.DebugLogHandler:LogFormat (UnityEngine.LogType,UnityEngine.Object,string,object[])
UnityEngine.Logger:Log (UnityEngine.LogType,object)
UnityEngine.Debug:Log (object)
Opus.Sdk.UdpHapticTransport/<DiscoveryLoopAsync>d__24:MoveNext () (at ./Packages/com.opus.sdk/Runtime/Transport/UdpHapticTransport.cs:191)
System.Runtime.CompilerServices.AsyncMethodBuilderCore/MoveNextRunner:InvokeMoveNext (object)
System.Threading.ExecutionContext:RunInternal (System.Threading.ExecutionContext,System.Threading.ContextCallback,object,bool)
System.Threading.ExecutionContext:Run (System.Threading.ExecutionContext,System.Threading.ContextCallback,object,bool)
System.Runtime.CompilerServices.AsyncMethodBuilderCore/MoveNextRunner:Run ()
System.Threading.Tasks.AwaitTaskContinuation:RunOrScheduleAction (System.Action,bool,System.Threading.Tasks.Task&)
System.Threading.Tasks.Task:FinishContinuations ()
System.Threading.Tasks.Task:FinishStageThree ()
System.Threading.Tasks.Task`1<System.Net.Sockets.UdpReceiveResult>:TrySetResult (System.Net.Sockets.UdpReceiveResult)
System.Threading.Tasks.TaskFactory`1<System.Net.Sockets.UdpReceiveResult>:FromAsyncCoreLogic (System.IAsyncResult,System.Func`2<System.IAsyncResult, System.Net.Sockets.UdpReceiveResult>,System.Action`1<System.IAsyncResult>,System.Threading.Tasks.Task`1<System.Net.Sockets.UdpReceiveResult>,bool)
System.Threading.Tasks.TaskFactory`1/<>c__DisplayClass35_0<System.Net.Sockets.UdpReceiveResult>:<FromAsyncImpl>b__0 (System.IAsyncResult)
System.Net.Sockets.SocketAsyncResult/<>c:<Complete>b__27_0 (object)
System.Threading.QueueUserWorkItemCallback:System.Threading.IThreadPoolWorkItem.ExecuteWorkItem ()
System.Threading.ThreadPoolWorkQueue:Dispatch ()
System.Threading._ThreadPoolWaitCallback:PerformWaitCallback ()

(Filename: ./Packages/com.opus.sdk/Runtime/Transport/UdpHapticTransport.cs Line: 191)

Loaded scene 'Assets/Scenes/OrchardReach.unity'
	Deserialize:            177.742 ms
	Integration:            442.199 ms
	Integration of assets:  21.360 ms
	Thread Wait Time:       -0.124 ms
	Total Operation Time:   641.177 ms
Unloading 16274 unused Assets / (7.7 MB). Loaded Objects now: 14955.
Memory consumption went from 320.8 MB to 313.0 MB.
Total: 31.126600 ms (FindLiveObjects: 2.335700 ms CreateObjectMapping: 1.626100 ms MarkObjects: 18.444200 ms  DeleteObjects: 8.719200 ms)

At GameObject <color=#3366ff><b>PlayerController</b></color>, component <b>FirstPersonLocomotor</b>. The ground could not be found below the locomotor for 10 meters. Velocity will be disabled.A) Add a ground collider under the character controller and/or adjust the CharacterController.LayerMask.
B) Set _velocityDisabled to disable movement and prevent falling without showing this warning.
C) Set _maxStartGroundDistance to 0 to disable this behaviour.
UnityEngine.Debug:ExtractStackTraceNoAlloc (byte*,int,string)
UnityEngine.StackTraceUtility:ExtractStackTrace ()
UnityEngine.DebugLogHandler:Internal_Log (UnityEngine.LogType,UnityEngine.LogOption,string,UnityEngine.Object)
UnityEngine.DebugLogHandler:LogFormat (UnityEngine.LogType,UnityEngine.Object,string,object[])
UnityEngine.Logger:Log (UnityEngine.LogType,object,UnityEngine.Object)
UnityEngine.Debug:LogWarning (object,UnityEngine.Object)
Oculus.Interaction.AssertUtils:LogWarning (UnityEngine.Component,string,string,string) (at ./Library/PackageCache/com.meta.xr.sdk.interaction@875abb30439c/Runtime/Scripts/Utils/AssertUtils.cs:252)
Oculus.Interaction.Locomotion.FirstPersonLocomotor:Start () (at ./Library/PackageCache/com.meta.xr.sdk.interaction@875abb30439c/Runtime/Scripts/Interaction/Models/Locomotion/FirstPersonLocomotor.cs:444)

(Filename: ./Library/PackageCache/com.meta.xr.sdk.interaction@875abb30439c/Runtime/Scripts/Utils/AssertUtils.cs Line: 252)

Setting linear velocity of a kinematic body is not supported.
UnityEngine.Debug:ExtractStackTraceNoAlloc (byte*,int,string)
UnityEngine.StackTraceUtility:ExtractStackTrace ()
UnityEngine.Rigidbody:set_linearVelocity (UnityEngine.Vector3)
Opus.Shell.OrchardReachSceneController:DriveDemoHandAndFruit () (at Assets/Shell/Runtime/OrchardReachSceneController.cs:677)
Opus.Shell.OrchardReachSceneController:Update () (at Assets/Shell/Runtime/OrchardReachSceneController.cs:486)

[Assets/Shell/Runtime/OrchardReachSceneController.cs line 677]

[OPUS] FullPipeline: haptic sleeve connected=True after 0.0s 
UnityEngine.Debug:ExtractStackTraceNoAlloc (byte*,int,string)
UnityEngine.StackTraceUtility:ExtractStackTrace ()
UnityEngine.DebugLogHandler:Internal_Log (UnityEngine.LogType,UnityEngine.LogOption,string,UnityEngine.Object)
UnityEngine.DebugLogHandler:LogFormat (UnityEngine.LogType,UnityEngine.Object,string,object[])
UnityEngine.Logger:Log (UnityEngine.LogType,object)
UnityEngine.Debug:Log (object)
Opus.Shell.Tests.PlayMode.FullPipelineIntegrationTests/<FullPipeline_AppHub_Headset_Sleeve_ProducesAnalysableSession>d__5:MoveNext () (at Assets/Shell/Tests/PlayMode/FullPipelineIntegrationTests.cs:75)
UnityEngine.TestTools.TestEnumerator/<Execute>d__7:MoveNext () (at ./Library/PackageCache/com.unity.test-framework@76560ee600cb/UnityEngine.TestRunner/NUnitExtensions/Attributes/TestEnumerator.cs:44)
UnityEngine.TestTools.EnumerableTestMethodCommand/<ExecuteEnumerableAndRecordExceptions>d__4:MoveNext () (at ./Library/PackageCache/com.unity.test-framework@76560ee600cb/UnityEngine.TestRunner/NUnitExtensions/Commands/EnumerableTestMethodCommand.cs:79)
UnityEngine.TestTools.EnumerableTestMethodCommand:AdvanceEnumerator (System.Collections.IEnumerator) (at ./Library/PackageCache/com.unity.test-framework@76560ee600cb/UnityEngine.TestRunner/NUnitExtensions/Commands/EnumerableTestMethodCommand.cs:64)
UnityEngine.TestTools.EnumerableTestMethodCommand/<ExecuteEnumerable>d__2:MoveNext () (at ./Library/PackageCache/com.unity.test-framework@76560ee600cb/UnityEngine.TestRunner/NUnitExtensions/Commands/EnumerableTestMethodCommand.cs:47)
UnityEngine.TestRunner.NUnitExtensions.Runner.UnityLogCheckDelegatingCommand/<ExecuteEnumerable>d__3:MoveNext () (at ./Library/PackageCache/com.unity.test-framework@76560ee600cb/UnityEngine.TestRunner/NUnitExtensions/Runner/UnityLogCheckDelegatingCommand.cs:48)
UnityEngine.TestTools.BeforeAfterTestCommandBase`1/<ExecuteEnumerable>d__16<NUnit.Framework.ITestAction>:MoveNext () (at ./Library/PackageCache/com.unity.test-framework@76560ee600cb/UnityEngine.TestRunner/NUnitExtensions/Commands/BeforeAfterTestCommandBase.cs:212)
UnityEngine.TestTools.BeforeAfterTestCommandBase`1/<ExecuteEnumerable>d__16<System.Reflection.MethodInfo>:MoveNext () (at ./Library/PackageCache/com.unity.test-framework@76560ee600cb/UnityEngine.TestRunner/NUnitExtensions/Commands/BeforeAfterTestCommandBase.cs:212)
UnityEngine.TestTools.BeforeAfterTestCommandBase`1/<ExecuteEnumerable>d__16<System.Reflection.MethodInfo>:MoveNext () (at ./Library/PackageCache/com.unity.test-framework@76560ee600cb/UnityEngine.TestRunner/NUnitExtensions/Commands/BeforeAfterTestCommandBase.cs:212)
UnityEngine.TestTools.BeforeAfterTestCommandBase`1/<ExecuteEnumerable>d__16<UnityEngine.TestTools.IOuterUnityTestAction>:MoveNext () (at ./Library/PackageCache/com.unity.test-framework@76560ee600cb/UnityEngine.TestRunner/NUnitExtensions/Commands/BeforeAfterTestCommandBase.cs:212)
UnityEngine.TestTools.RetryCommand/<ExecuteEnumerable>d__2:MoveNext () (at ./Library/PackageCache/com.unity.test-framework@76560ee600cb/UnityEngine.TestRunner/NUnitExtensions/Commands/RetryCommand.cs:37)
UnityEngine.TestTools.RepeatCommand/<ExecuteEnumerable>d__2:MoveNext () (at ./Library/PackageCache/com.unity.test-framework@76560ee600cb/UnityEngine.TestRunner/NUnitExtensions/Commands/RepeatCommand.cs:36)
UnityEngine.TestTools.IgnoreTestCommand/<ExecuteEnumerable>d__3:MoveNext () (at ./Library/PackageCache/com.unity.test-framework@76560ee600cb/UnityEngine.TestRunner/NUnitExtensions/Commands/IgnoreTestCommand.cs:42)
UnityEngine.TestTools.StrictCheckCommand/<ExecuteEnumerable>d__2:MoveNext () (at ./Library/PackageCache/com.unity.test-framework@76560ee600cb/UnityEngine.TestRunner/NUnitExtensions/Commands/StrictCheckCommand.cs:29)
UnityEngine.TestTools.Utils.CoroutineRunner/<WrapEnumeratorForChecks>d__8:MoveNext () (at ./Library/PackageCache/com.unity.test-framework@76560ee600cb/UnityEngine.TestRunner/Utils/CoroutineRunner.cs:58)
UnityEngine.SetupCoroutine:InvokeMoveNext (System.Collections.IEnumerator,intptr)

(Filename: Assets/Shell/Tests/PlayMode/FullPipelineIntegrationTests.cs Line: 75)

[OPUS] FullPipeline: wrote C:\Users\GARV BANSAL\Documents\VR_games\OPUS\logs\sessions\screens\unity\run12\02_grasp.png
UnityEngine.Debug:ExtractStackTraceNoAlloc (byte*,int,string)
UnityEngine.StackTraceUtility:ExtractStackTrace ()
UnityEngine.DebugLogHandler:Internal_Log (UnityEngine.LogType,UnityEngine.LogOption,string,UnityEngine.Object)
UnityEngine.DebugLogHandler:LogFormat (UnityEngine.LogType,UnityEngine.Object,string,object[])
UnityEngine.Logger:Log (UnityEngine.LogType,object)
UnityEngine.Debug:Log (object)
Opus.Shell.Tests.PlayMode.FullPipelineIntegrationTests:CaptureShot (string,string) (at Assets/Shell/Tests/PlayMode/FullPipelineIntegrationTests.cs:266)
Opus.Shell.Tests.PlayMode.FullPipelineIntegrationTests/<FullPipeline_AppHub_Headset_Sleeve_ProducesAnalysableSession>d__5:MoveNext () (at Assets/Shell/Tests/PlayMode/FullPipelineIntegrationTests.cs:161)
UnityEngine.TestTools.TestEnumerator/<Execute>d__7:MoveNext () (at ./Library/PackageCache/com.unity.test-framework@76560ee600cb/UnityEngine.TestRunner/NUnitExtensions/Attributes/TestEnumerator.cs:44)
UnityEngine.TestTools.EnumerableTestMethodCommand/<ExecuteEnumerableAndRecordExceptions>d__4:MoveNext () (at ./Library/PackageCache/com.unity.test-framework@76560ee600cb/UnityEngine.TestRunner/NUnitExtensions/Commands/EnumerableTestMethodCommand.cs:79)
UnityEngine.TestTools.EnumerableTestMethodCommand:AdvanceEnumerator (System.Collections.IEnumerator) (at ./Library/PackageCache/com.unity.test-framework@76560ee600cb/UnityEngine.TestRunner/NUnitExtensions/Commands/EnumerableTestMethodCommand.cs:64)
UnityEngine.TestTools.EnumerableTestMethodCommand/<ExecuteEnumerable>d__2:MoveNext () (at ./Library/PackageCache/com.unity.test-framework@76560ee600cb/UnityEngine.TestRunner/NUnitExtensions/Commands/EnumerableTestMethodCommand.cs:47)
UnityEngine.TestRunner.NUnitExtensions.Runner.UnityLogCheckDelegatingCommand/<ExecuteEnumerable>d__3:MoveNext () (at ./Library/PackageCache/com.unity.test-framework@76560ee600cb/UnityEngine.TestRunner/NUnitExtensions/Runner/UnityLogCheckDelegatingCommand.cs:48)
UnityEngine.TestTools.BeforeAfterTestCommandBase`1/<ExecuteEnumerable>d__16<NUnit.Framework.ITestAction>:MoveNext () (at ./Library/PackageCache/com.unity.test-framework@76560ee600cb/UnityEngine.TestRunner/NUnitExtensions/Commands/BeforeAfterTestCommandBase.cs:212)
UnityEngine.TestTools.BeforeAfterTestCommandBase`1/<ExecuteEnumerable>d__16<System.Reflection.MethodInfo>:MoveNext () (at ./Library/PackageCache/com.unity.test-framework@76560ee600cb/UnityEngine.TestRunner/NUnitExtensions/Commands/BeforeAfterTestCommandBase.cs:212)
UnityEngine.TestTools.BeforeAfterTestCommandBase`1/<ExecuteEnumerable>d__16<System.Reflection.MethodInfo>:MoveNext () (at ./Library/PackageCache/com.unity.test-framework@76560ee600cb/UnityEngine.TestRunner/NUnitExtensions/Commands/BeforeAfterTestCommandBase.cs:212)
UnityEngine.TestTools.BeforeAfterTestCommandBase`1/<ExecuteEnumerable>d__16<UnityEngine.TestTools.IOuterUnityTestAction>:MoveNext () (at ./Library/PackageCache/com.unity.test-framework@76560ee600cb/UnityEngine.TestRunner/NUnitExtensions/Commands/BeforeAfterTestCommandBase.cs:212)
UnityEngine.TestTools.RetryCommand/<ExecuteEnumerable>d__2:MoveNext () (at ./Library/PackageCache/com.unity.test-framework@76560ee600cb/UnityEngine.TestRunner/NUnitExtensions/Commands/RetryCommand.cs:37)
UnityEngine.TestTools.RepeatCommand/<ExecuteEnumerable>d__2:MoveNext () (at ./Library/PackageCache/com.unity.test-framework@76560ee600cb/UnityEngine.TestRunner/NUnitExtensions/Commands/RepeatCommand.cs:36)
UnityEngine.TestTools.IgnoreTestCommand/<ExecuteEnumerable>d__3:MoveNext () (at ./Library/PackageCache/com.unity.test-framework@76560ee600cb/UnityEngine.TestRunner/NUnitExtensions/Commands/IgnoreTestCommand.cs:42)
UnityEngine.TestTools.StrictCheckCommand/<ExecuteEnumerable>d__2:MoveNext () (at ./Library/PackageCache/com.unity.test-framework@76560ee600cb/UnityEngine.TestRunner/NUnitExtensions/Commands/StrictCheckCommand.cs:29)
UnityEngine.TestTools.Utils.CoroutineRunner/<WrapEnumeratorForChecks>d__8:MoveNext () (at ./Library/PackageCache/com.unity.test-framework@76560ee600cb/UnityEngine.TestRunner/Utils/CoroutineRunner.cs:58)
UnityEngine.SetupCoroutine:InvokeMoveNext (System.Collections.IEnumerator,intptr)

(Filename: Assets/Shell/Tests/PlayMode/FullPipelineIntegrationTests.cs Line: 266)

[HapticClient] sending cue=trunk_lean motor=0 cueId=abd67dfc-7277-4efa-a80f-a7215afd2b46 nowMs=851
UnityEngine.Debug:ExtractStackTraceNoAlloc (byte*,int,string)
UnityEngine.StackTraceUtility:ExtractStackTrace ()
UnityEngine.DebugLogHandler:Internal_Log (UnityEngine.LogType,UnityEngine.LogOption,string,UnityEngine.Object)
UnityEngine.DebugLogHandler:LogFormat (UnityEngine.LogType,UnityEngine.Object,string,object[])
UnityEngine.Logger:Log (UnityEngine.LogType,object)
UnityEngine.Debug:Log (object)
Opus.Sdk.HapticClient:SendDeviceCommand (Opus.Sdk.HapticDeviceCommand,string,double,bool) (at ./Packages/com.opus.sdk/Runtime/Transport/HapticClient.cs:221)
Opus.Sdk.HapticClient:SendTrunkLean (double,double) (at ./Packages/com.opus.sdk/Runtime/Transport/HapticClient.cs:121)
Opus.Shell.OrchardReachSceneController:HandleFormSignal (Opus.Sdk.FormWarningSignal) (at Assets/Shell/Runtime/OrchardReachSceneController.cs:567)
Opus.Sdk.FormFeedback:TickLean (double,double) (at ./Packages/com.opus.sdk/Runtime/Feedback/FormFeedback.cs:74)
Opus.Sdk.FormFeedback:Tick (double,double,bool,bool) (at ./Packages/com.opus.sdk/Runtime/Feedback/FormFeedback.cs:60)
Opus.Shell.OrchardReachSceneController:TickFormFeedbackAndHaptics (Opus.Sdk.IHandSource) (at Assets/Shell/Runtime/OrchardReachSceneController.cs:555)
Opus.Shell.OrchardReachSceneController:Update () (at Assets/Shell/Runtime/OrchardReachSceneController.cs:488)

(Filename: ./Packages/com.opus.sdk/Runtime/Transport/HapticClient.cs Line: 221)

[HapticClient] sending cue=success motor=0 cueId=2b63cd67-d0a3-4e0d-b2a3-bf66075a4f4a nowMs=1390
UnityEngine.Debug:ExtractStackTraceNoAlloc (byte*,int,string)
UnityEngine.StackTraceUtility:ExtractStackTrace ()
UnityEngine.DebugLogHandler:Internal_Log (UnityEngine.LogType,UnityEngine.LogOption,string,UnityEngine.Object)
UnityEngine.DebugLogHandler:LogFormat (UnityEngine.LogType,UnityEngine.Object,string,object[])
UnityEngine.Logger:Log (UnityEngine.LogType,object)
UnityEngine.Debug:Log (object)
Opus.Sdk.HapticClient:SendDeviceCommand (Opus.Sdk.HapticDeviceCommand,string,double,bool) (at ./Packages/com.opus.sdk/Runtime/Transport/HapticClient.cs:221)
Opus.Sdk.HapticClient:SendSuccess (double) (at ./Packages/com.opus.sdk/Runtime/Transport/HapticClient.cs:149)
Opus.Shell.OrchardReachSceneController:HandleTrialEvent (Opus.Sdk.TrialEvent) (at Assets/Shell/Runtime/OrchardReachSceneController.cs:856)
Opus.Games.OrchardReach.OrchardReachModule:Emit (string,string,Opus.Sdk.TrialTarget,string) (at Assets/Games/OrchardReach/Runtime/OrchardReachModule.cs:212)
Opus.Games.OrchardReach.OrchardReachModule:ConfirmPlacedInBasket (double) (at Assets/Games/OrchardReach/Runtime/OrchardReachModule.cs:186)
Opus.Shell.OrchardReachSceneController:OnFruitEnteredBasket () (at Assets/Shell/Runtime/OrchardReachSceneController.cs:827)
Opus.Shell.OrchardReachSceneController:<Awake>b__75_1 (UnityEngine.GameObject) (at Assets/Shell/Runtime/OrchardReachSceneController.cs:258)
Opus.Shell.BasketTrigger:OnTriggerEnter (UnityEngine.Collider) (at Assets/Shell/Runtime/BasketTrigger.cs:23)

(Filename: ./Packages/com.opus.sdk/Runtime/Transport/HapticClient.cs Line: 221)

Setting linear velocity of a kinematic body is not supported.
UnityEngine.Debug:ExtractStackTraceNoAlloc (byte*,int,string)
UnityEngine.StackTraceUtility:ExtractStackTrace ()
UnityEngine.Rigidbody:set_linearVelocity (UnityEngine.Vector3)
Opus.Shell.OrchardReachSceneController:HandleTrialEvent (Opus.Sdk.TrialEvent) (at Assets/Shell/Runtime/OrchardReachSceneController.cs:879)
Opus.Games.OrchardReach.OrchardReachModule:Emit (string,string,Opus.Sdk.TrialTarget,string) (at Assets/Games/OrchardReach/Runtime/OrchardReachModule.cs:212)
Opus.Games.OrchardReach.OrchardReachModule:EmitSignal (System.Nullable`1<Opus.Games.OrchardReach.TrialSignal>,string,Opus.Sdk.TrialTarget) (at Assets/Games/OrchardReach/Runtime/OrchardReachModule.cs:228)
Opus.Games.OrchardReach.OrchardReachModule:StartNextTrial (double) (at Assets/Games/OrchardReach/Runtime/OrchardReachModule.cs:117)
Opus.Games.OrchardReach.OrchardReachModule:OnTrialFinished (Opus.Games.OrchardReach.TrialOutcome,double) (at Assets/Games/OrchardReach/Runtime/OrchardReachModule.cs:198)
Opus.Games.OrchardReach.OrchardReachModule:ConfirmPlacedInBasket (double) (at Assets/Games/OrchardReach/Runtime/OrchardReachModule.cs:189)
Opus.Shell.OrchardReachSceneController:OnFruitEnteredBasket () (at Assets/Shell/Runtime/OrchardReachSceneController.cs:827)
Opus.Shell.OrchardReachSceneController:<Awake>b__75_1 (UnityEngine.GameObject) (at Assets/Shell/Runtime/OrchardReachSceneController.cs:258)
Opus.Shell.BasketTrigger:OnTriggerEnter (UnityEngine.Collider) (at Assets/Shell/Runtime/BasketTrigger.cs:23)

[Assets/Shell/Runtime/OrchardReachSceneController.cs line 879]

Setting linear velocity of a kinematic body is not supported.
UnityEngine.Debug:ExtractStackTraceNoAlloc (byte*,int,string)
UnityEngine.StackTraceUtility:ExtractStackTrace ()
UnityEngine.Rigidbody:set_linearVelocity (UnityEngine.Vector3)
Opus.Shell.OrchardReachSceneController:DriveDemoHandAndFruit () (at Assets/Shell/Runtime/OrchardReachSceneController.cs:677)
Opus.Shell.OrchardReachSceneController:Update () (at Assets/Shell/Runtime/OrchardReachSceneController.cs:486)

[Assets/Shell/Runtime/OrchardReachSceneController.cs line 677]

[OPUS] FullPipeline: wrote C:\Users\GARV BANSAL\Documents\VR_games\OPUS\logs\sessions\screens\unity\run12\03_placed.png
UnityEngine.Debug:ExtractStackTraceNoAlloc (byte*,int,string)
UnityEngine.StackTraceUtility:ExtractStackTrace ()
UnityEngine.DebugLogHandler:Internal_Log (UnityEngine.LogType,UnityEngine.LogOption,string,UnityEngine.Object)
UnityEngine.DebugLogHandler:LogFormat (UnityEngine.LogType,UnityEngine.Object,string,object[])
UnityEngine.Logger:Log (UnityEngine.LogType,object)
UnityEngine.Debug:Log (object)
Opus.Shell.Tests.PlayMode.FullPipelineIntegrationTests:CaptureShot (string,string) (at Assets/Shell/Tests/PlayMode/FullPipelineIntegrationTests.cs:266)
Opus.Shell.Tests.PlayMode.FullPipelineIntegrationTests/<FullPipeline_AppHub_Headset_Sleeve_ProducesAnalysableSession>d__5:MoveNext () (at Assets/Shell/Tests/PlayMode/FullPipelineIntegrationTests.cs:162)
UnityEngine.TestTools.TestEnumerator/<Execute>d__7:MoveNext () (at ./Library/PackageCache/com.unity.test-framework@76560ee600cb/UnityEngine.TestRunner/NUnitExtensions/Attributes/TestEnumerator.cs:44)
UnityEngine.TestTools.EnumerableTestMethodCommand/<ExecuteEnumerableAndRecordExceptions>d__4:MoveNext () (at ./Library/PackageCache/com.unity.test-framework@76560ee600cb/UnityEngine.TestRunner/NUnitExtensions/Commands/EnumerableTestMethodCommand.cs:79)
UnityEngine.TestTools.EnumerableTestMethodCommand:AdvanceEnumerator (System.Collections.IEnumerator) (at ./Library/PackageCache/com.unity.test-framework@76560ee600cb/UnityEngine.TestRunner/NUnitExtensions/Commands/EnumerableTestMethodCommand.cs:64)
UnityEngine.TestTools.EnumerableTestMethodCommand/<ExecuteEnumerable>d__2:MoveNext () (at ./Library/PackageCache/com.unity.test-framework@76560ee600cb/UnityEngine.TestRunner/NUnitExtensions/Commands/EnumerableTestMethodCommand.cs:47)
UnityEngine.TestRunner.NUnitExtensions.Runner.UnityLogCheckDelegatingCommand/<ExecuteEnumerable>d__3:MoveNext () (at ./Library/PackageCache/com.unity.test-framework@76560ee600cb/UnityEngine.TestRunner/NUnitExtensions/Runner/UnityLogCheckDelegatingCommand.cs:48)
UnityEngine.TestTools.BeforeAfterTestCommandBase`1/<ExecuteEnumerable>d__16<NUnit.Framework.ITestAction>:MoveNext () (at ./Library/PackageCache/com.unity.test-framework@76560ee600cb/UnityEngine.TestRunner/NUnitExtensions/Commands/BeforeAfterTestCommandBase.cs:212)
UnityEngine.TestTools.BeforeAfterTestCommandBase`1/<ExecuteEnumerable>d__16<System.Reflection.MethodInfo>:MoveNext () (at ./Library/PackageCache/com.unity.test-framework@76560ee600cb/UnityEngine.TestRunner/NUnitExtensions/Commands/BeforeAfterTestCommandBase.cs:212)
UnityEngine.TestTools.BeforeAfterTestCommandBase`1/<ExecuteEnumerable>d__16<System.Reflection.MethodInfo>:MoveNext () (at ./Library/PackageCache/com.unity.test-framework@76560ee600cb/UnityEngine.TestRunner/NUnitExtensions/Commands/BeforeAfterTestCommandBase.cs:212)
UnityEngine.TestTools.BeforeAfterTestCommandBase`1/<ExecuteEnumerable>d__16<UnityEngine.TestTools.IOuterUnityTestAction>:MoveNext () (at ./Library/PackageCache/com.unity.test-framework@76560ee600cb/UnityEngine.TestRunner/NUnitExtensions/Commands/BeforeAfterTestCommandBase.cs:212)
UnityEngine.TestTools.RetryCommand/<ExecuteEnumerable>d__2:MoveNext () (at ./Library/PackageCache/com.unity.test-framework@76560ee600cb/UnityEngine.TestRunner/NUnitExtensions/Commands/RetryCommand.cs:37)
UnityEngine.TestTools.RepeatCommand/<ExecuteEnumerable>d__2:MoveNext () (at ./Library/PackageCache/com.unity.test-framework@76560ee600cb/UnityEngine.TestRunner/NUnitExtensions/Commands/RepeatCommand.cs:36)
UnityEngine.TestTools.IgnoreTestCommand/<ExecuteEnumerable>d__3:MoveNext () (at ./Library/PackageCache/com.unity.test-framework@76560ee600cb/UnityEngine.TestRunner/NUnitExtensions/Commands/IgnoreTestCommand.cs:42)
UnityEngine.TestTools.StrictCheckCommand/<ExecuteEnumerable>d__2:MoveNext () (at ./Library/PackageCache/com.unity.test-framework@76560ee600cb/UnityEngine.TestRunner/NUnitExtensions/Commands/StrictCheckCommand.cs:29)
UnityEngine.TestTools.Utils.CoroutineRunner/<WrapEnumeratorForChecks>d__8:MoveNext () (at ./Library/PackageCache/com.unity.test-framework@76560ee600cb/UnityEngine.TestRunner/Utils/CoroutineRunner.cs:58)
UnityEngine.SetupCoroutine:InvokeMoveNext (System.Collections.IEnumerator,intptr)

(Filename: Assets/Shell/Tests/PlayMode/FullPipelineIntegrationTests.cs Line: 266)

[HapticClient] cue dropped for motor 1: per-zone min gap (800ms) not elapsed (last=1390 now=2031).
UnityEngine.Debug:ExtractStackTraceNoAlloc (byte*,int,string)
UnityEngine.StackTraceUtility:ExtractStackTrace ()
UnityEngine.DebugLogHandler:Internal_Log (UnityEngine.LogType,UnityEngine.LogOption,string,UnityEngine.Object)
UnityEngine.DebugLogHandler:LogFormat (UnityEngine.LogType,UnityEngine.Object,string,object[])
UnityEngine.Logger:Log (UnityEngine.LogType,object)
UnityEngine.Debug:Log (object)
Opus.Sdk.HapticClient:GateCue (int,double,bool) (at ./Packages/com.opus.sdk/Runtime/Transport/HapticClient.cs:212)
Opus.Sdk.HapticClient:SendLowConfidence (double) (at ./Packages/com.opus.sdk/Runtime/Transport/HapticClient.cs:131)
Opus.Shell.OrchardReachSceneController:HandleFormSignal (Opus.Sdk.FormWarningSignal) (at Assets/Shell/Runtime/OrchardReachSceneController.cs:571)
Opus.Sdk.FormFeedback:TickTracking (double,bool) (at ./Packages/com.opus.sdk/Runtime/Feedback/FormFeedback.cs:96)
Opus.Sdk.FormFeedback:Tick (double,double,bool,bool) (at ./Packages/com.opus.sdk/Runtime/Feedback/FormFeedback.cs:61)
Opus.Shell.OrchardReachSceneController:TickFormFeedbackAndHaptics (Opus.Sdk.IHandSource) (at Assets/Shell/Runtime/OrchardReachSceneController.cs:555)
Opus.Shell.OrchardReachSceneController:Update () (at Assets/Shell/Runtime/OrchardReachSceneController.cs:488)

(Filename: ./Packages/com.opus.sdk/Runtime/Transport/HapticClient.cs Line: 212)

[HapticClient] sending cue=success motor=0 cueId=998881ec-7756-4528-8051-f41314dd20ea nowMs=2350
UnityEngine.Debug:ExtractStackTraceNoAlloc (byte*,int,string)
UnityEngine.StackTraceUtility:ExtractStackTrace ()
UnityEngine.DebugLogHandler:Internal_Log (UnityEngine.LogType,UnityEngine.LogOption,string,UnityEngine.Object)
UnityEngine.DebugLogHandler:LogFormat (UnityEngine.LogType,UnityEngine.Object,string,object[])
UnityEngine.Logger:Log (UnityEngine.LogType,object)
UnityEngine.Debug:Log (object)
Opus.Sdk.HapticClient:SendDeviceCommand (Opus.Sdk.HapticDeviceCommand,string,double,bool) (at ./Packages/com.opus.sdk/Runtime/Transport/HapticClient.cs:221)
Opus.Sdk.HapticClient:SendSuccess (double) (at ./Packages/com.opus.sdk/Runtime/Transport/HapticClient.cs:149)
Opus.Shell.OrchardReachSceneController:HandleTrialEvent (Opus.Sdk.TrialEvent) (at Assets/Shell/Runtime/OrchardReachSceneController.cs:856)
Opus.Games.OrchardReach.OrchardReachModule:Emit (string,string,Opus.Sdk.TrialTarget,string) (at Assets/Games/OrchardReach/Runtime/OrchardReachModule.cs:212)
Opus.Games.OrchardReach.OrchardReachModule:ConfirmPlacedInBasket (double) (at Assets/Games/OrchardReach/Runtime/OrchardReachModule.cs:186)
Opus.Shell.OrchardReachSceneController:OnFruitEnteredBasket () (at Assets/Shell/Runtime/OrchardReachSceneController.cs:827)
Opus.Shell.OrchardReachSceneController:<Awake>b__75_1 (UnityEngine.GameObject) (at Assets/Shell/Runtime/OrchardReachSceneController.cs:258)
Opus.Shell.BasketTrigger:OnTriggerEnter (UnityEngine.Collider) (at Assets/Shell/Runtime/BasketTrigger.cs:23)

(Filename: ./Packages/com.opus.sdk/Runtime/Transport/HapticClient.cs Line: 221)

Setting linear velocity of a kinematic body is not supported.
UnityEngine.Debug:ExtractStackTraceNoAlloc (byte*,int,string)
UnityEngine.StackTraceUtility:ExtractStackTrace ()
UnityEngine.Rigidbody:set_linearVelocity (UnityEngine.Vector3)
Opus.Shell.OrchardReachSceneController:HandleTrialEvent (Opus.Sdk.TrialEvent) (at Assets/Shell/Runtime/OrchardReachSceneController.cs:879)
Opus.Games.OrchardReach.OrchardReachModule:Emit (string,string,Opus.Sdk.TrialTarget,string) (at Assets/Games/OrchardReach/Runtime/OrchardReachModule.cs:212)
Opus.Games.OrchardReach.OrchardReachModule:EmitSignal (System.Nullable`1<Opus.Games.OrchardReach.TrialSignal>,string,Opus.Sdk.TrialTarget) (at Assets/Games/OrchardReach/Runtime/OrchardReachModule.cs:228)
Opus.Games.OrchardReach.OrchardReachModule:StartNextTrial (double) (at Assets/Games/OrchardReach/Runtime/OrchardReachModule.cs:117)
Opus.Games.OrchardReach.OrchardReachModule:OnTrialFinished (Opus.Games.OrchardReach.TrialOutcome,double) (at Assets/Games/OrchardReach/Runtime/OrchardReachModule.cs:198)
Opus.Games.OrchardReach.OrchardReachModule:ConfirmPlacedInBasket (double) (at Assets/Games/OrchardReach/Runtime/OrchardReachModule.cs:189)
Opus.Shell.OrchardReachSceneController:OnFruitEnteredBasket () (at Assets/Shell/Runtime/OrchardReachSceneController.cs:827)
Opus.Shell.OrchardReachSceneController:<Awake>b__75_1 (UnityEngine.GameObject) (at Assets/Shell/Runtime/OrchardReachSceneController.cs:258)
Opus.Shell.BasketTrigger:OnTriggerEnter (UnityEngine.Collider) (at Assets/Shell/Runtime/BasketTrigger.cs:23)

[Assets/Shell/Runtime/OrchardReachSceneController.cs line 879]

Setting linear velocity of a kinematic body is not supported.
UnityEngine.Debug:ExtractStackTraceNoAlloc (byte*,int,string)
UnityEngine.StackTraceUtility:ExtractStackTrace ()
UnityEngine.Rigidbody:set_linearVelocity (UnityEngine.Vector3)
Opus.Shell.OrchardReachSceneController:DriveDemoHandAndFruit () (at Assets/Shell/Runtime/OrchardReachSceneController.cs:677)
Opus.Shell.OrchardReachSceneController:Update () (at Assets/Shell/Runtime/OrchardReachSceneController.cs:486)

[Assets/Shell/Runtime/OrchardReachSceneController.cs line 677]

Setting linear velocity of a kinematic body is not supported.
UnityEngine.Debug:ExtractStackTraceNoAlloc (byte*,int,string)
UnityEngine.StackTraceUtility:ExtractStackTrace ()
UnityEngine.Rigidbody:set_linearVelocity (UnityEngine.Vector3)
Opus.Shell.OrchardReachSceneController:HandleTrialEvent (Opus.Sdk.TrialEvent) (at Assets/Shell/Runtime/OrchardReachSceneController.cs:879)
Opus.Games.OrchardReach.OrchardReachModule:Emit (string,string,Opus.Sdk.TrialTarget,string) (at Assets/Games/OrchardReach/Runtime/OrchardReachModule.cs:212)
Opus.Games.OrchardReach.OrchardReachModule:EmitSignal (System.Nullable`1<Opus.Games.OrchardReach.TrialSignal>,string,Opus.Sdk.TrialTarget) (at Assets/Games/OrchardReach/Runtime/OrchardReachModule.cs:228)
Opus.Games.OrchardReach.OrchardReachModule:StartNextTrial (double) (at Assets/Games/OrchardReach/Runtime/OrchardReachModule.cs:117)
Opus.Games.OrchardReach.OrchardReachModule:OnTrialFinished (Opus.Games.OrchardReach.TrialOutcome,double) (at Assets/Games/OrchardReach/Runtime/OrchardReachModule.cs:198)
Opus.Games.OrchardReach.OrchardReachModule:Tick (double,Opus.Sdk.IHandSource) (at Assets/Games/OrchardReach/Runtime/OrchardReachModule.cs:162)
Opus.Shell.OrchardReachSceneController:Update () (at Assets/Shell/Runtime/OrchardReachSceneController.cs:484)

[Assets/Shell/Runtime/OrchardReachSceneController.cs line 879]

E0919 00:45:39.216400 36596 TigonCurlRequestAdapter.cpp:901] [c0eca6dc79efeaba] Request failed from curl: curl (28): Timeout was reached: Resolving timed out after 5000 milliseconds
[OPUS] FullPipeline: wrote C:\Users\GARV BANSAL\Documents\VR_games\OPUS\logs\sessions\screens\unity\run12\01_mid_reach.png
UnityEngine.Debug:ExtractStackTraceNoAlloc (byte*,int,string)
UnityEngine.StackTraceUtility:ExtractStackTrace ()
UnityEngine.DebugLogHandler:Internal_Log (UnityEngine.LogType,UnityEngine.LogOption,string,UnityEngine.Object)
UnityEngine.DebugLogHandler:LogFormat (UnityEngine.LogType,UnityEngine.Object,string,object[])
UnityEngine.Logger:Log (UnityEngine.LogType,object)
UnityEngine.Debug:Log (object)
Opus.Shell.Tests.PlayMode.FullPipelineIntegrationTests:CaptureShot (string,string) (at Assets/Shell/Tests/PlayMode/FullPipelineIntegrationTests.cs:266)
Opus.Shell.Tests.PlayMode.FullPipelineIntegrationTests/<FullPipeline_AppHub_Headset_Sleeve_ProducesAnalysableSession>d__5:MoveNext () (at Assets/Shell/Tests/PlayMode/FullPipelineIntegrationTests.cs:160)
UnityEngine.TestTools.TestEnumerator/<Execute>d__7:MoveNext () (at ./Library/PackageCache/com.unity.test-framework@76560ee600cb/UnityEngine.TestRunner/NUnitExtensions/Attributes/TestEnumerator.cs:44)
UnityEngine.TestTools.EnumerableTestMethodCommand/<ExecuteEnumerableAndRecordExceptions>d__4:MoveNext () (at ./Library/PackageCache/com.unity.test-framework@76560ee600cb/UnityEngine.TestRunner/NUnitExtensions/Commands/EnumerableTestMethodCommand.cs:79)
UnityEngine.TestTools.EnumerableTestMethodCommand:AdvanceEnumerator (System.Collections.IEnumerator) (at ./Library/PackageCache/com.unity.test-framework@76560ee600cb/UnityEngine.TestRunner/NUnitExtensions/Commands/EnumerableTestMethodCommand.cs:64)
UnityEngine.TestTools.EnumerableTestMethodCommand/<ExecuteEnumerable>d__2:MoveNext () (at ./Library/PackageCache/com.unity.test-framework@76560ee600cb/UnityEngine.TestRunner/NUnitExtensions/Commands/EnumerableTestMethodCommand.cs:47)
UnityEngine.TestRunner.NUnitExtensions.Runner.UnityLogCheckDelegatingCommand/<ExecuteEnumerable>d__3:MoveNext () (at ./Library/PackageCache/com.unity.test-framework@76560ee600cb/UnityEngine.TestRunner/NUnitExtensions/Runner/UnityLogCheckDelegatingCommand.cs:48)
UnityEngine.TestTools.BeforeAfterTestCommandBase`1/<ExecuteEnumerable>d__16<NUnit.Framework.ITestAction>:MoveNext () (at ./Library/PackageCache/com.unity.test-framework@76560ee600cb/UnityEngine.TestRunner/NUnitExtensions/Commands/BeforeAfterTestCommandBase.cs:212)
UnityEngine.TestTools.BeforeAfterTestCommandBase`1/<ExecuteEnumerable>d__16<System.Reflection.MethodInfo>:MoveNext () (at ./Library/PackageCache/com.unity.test-framework@76560ee600cb/UnityEngine.TestRunner/NUnitExtensions/Commands/BeforeAfterTestCommandBase.cs:212)
UnityEngine.TestTools.BeforeAfterTestCommandBase`1/<ExecuteEnumerable>d__16<System.Reflection.MethodInfo>:MoveNext () (at ./Library/PackageCache/com.unity.test-framework@76560ee600cb/UnityEngine.TestRunner/NUnitExtensions/Commands/BeforeAfterTestCommandBase.cs:212)
UnityEngine.TestTools.BeforeAfterTestCommandBase`1/<ExecuteEnumerable>d__16<UnityEngine.TestTools.IOuterUnityTestAction>:MoveNext () (at ./Library/PackageCache/com.unity.test-framework@76560ee600cb/UnityEngine.TestRunner/NUnitExtensions/Commands/BeforeAfterTestCommandBase.cs:212)
UnityEngine.TestTools.RetryCommand/<ExecuteEnumerable>d__2:MoveNext () (at ./Library/PackageCache/com.unity.test-framework@76560ee600cb/UnityEngine.TestRunner/NUnitExtensions/Commands/RetryCommand.cs:37)
UnityEngine.TestTools.RepeatCommand/<ExecuteEnumerable>d__2:MoveNext () (at ./Library/PackageCache/com.unity.test-framework@76560ee600cb/UnityEngine.TestRunner/NUnitExtensions/Commands/RepeatCommand.cs:36)
UnityEngine.TestTools.IgnoreTestCommand/<ExecuteEnumerable>d__3:MoveNext () (at ./Library/PackageCache/com.unity.test-framework@76560ee600cb/UnityEngine.TestRunner/NUnitExtensions/Commands/IgnoreTestCommand.cs:42)
UnityEngine.TestTools.StrictCheckCommand/<ExecuteEnumerable>d__2:MoveNext () (at ./Library/PackageCache/com.unity.test-framework@76560ee600cb/UnityEngine.TestRunner/NUnitExtensions/Commands/StrictCheckCommand.cs:29)
UnityEngine.TestTools.Utils.CoroutineRunner/<WrapEnumeratorForChecks>d__8:MoveNext () (at ./Library/PackageCache/com.unity.test-framework@76560ee600cb/UnityEngine.TestRunner/Utils/CoroutineRunner.cs:58)
UnityEngine.SetupCoroutine:InvokeMoveNext (System.Collections.IEnumerator,intptr)

(Filename: Assets/Shell/Tests/PlayMode/FullPipelineIntegrationTests.cs Line: 266)

Setting linear velocity of a kinematic body is not supported.
UnityEngine.Debug:ExtractStackTraceNoAlloc (byte*,int,string)
UnityEngine.StackTraceUtility:ExtractStackTrace ()
UnityEngine.Rigidbody:set_linearVelocity (UnityEngine.Vector3)
Opus.Shell.OrchardReachSceneController:DriveDemoHandAndFruit () (at Assets/Shell/Runtime/OrchardReachSceneController.cs:677)
Opus.Shell.OrchardReachSceneController:Update () (at Assets/Shell/Runtime/OrchardReachSceneController.cs:486)

[Assets/Shell/Runtime/OrchardReachSceneController.cs line 677]

Setting linear velocity of a kinematic body is not supported.
UnityEngine.Debug:ExtractStackTraceNoAlloc (byte*,int,string)
UnityEngine.StackTraceUtility:ExtractStackTrace ()
UnityEngine.Rigidbody:set_linearVelocity (UnityEngine.Vector3)
Opus.Shell.OrchardReachSceneController:HandleTrialEvent (Opus.Sdk.TrialEvent) (at Assets/Shell/Runtime/OrchardReachSceneController.cs:879)
Opus.Games.OrchardReach.OrchardReachModule:Emit (string,string,Opus.Sdk.TrialTarget,string) (at Assets/Games/OrchardReach/Runtime/OrchardReachModule.cs:212)
Opus.Games.OrchardReach.OrchardReachModule:EmitSignal (System.Nullable`1<Opus.Games.OrchardReach.TrialSignal>,string,Opus.Sdk.TrialTarget) (at Assets/Games/OrchardReach/Runtime/OrchardReachModule.cs:228)
Opus.Games.OrchardReach.OrchardReachModule:StartNextTrial (double) (at Assets/Games/OrchardReach/Runtime/OrchardReachModule.cs:117)
Opus.Games.OrchardReach.OrchardReachModule:OnTrialFinished (Opus.Games.OrchardReach.TrialOutcome,double) (at Assets/Games/OrchardReach/Runtime/OrchardReachModule.cs:198)
Opus.Games.OrchardReach.OrchardReachModule:Tick (double,Opus.Sdk.IHandSource) (at Assets/Games/OrchardReach/Runtime/OrchardReachModule.cs:162)
Opus.Shell.OrchardReachSceneController:Update () (at Assets/Shell/Runtime/OrchardReachSceneController.cs:484)

[Assets/Shell/Runtime/OrchardReachSceneController.cs line 879]

E0919 00:45:41.599872 36596 TigonCurlRequestAdapter.cpp:901] [7dca283204f4d5c1] Request failed from curl: curl (28): Timeout was reached: Resolving timed out after 5001 milliseconds
Setting linear velocity of a kinematic body is not supported.
UnityEngine.Debug:ExtractStackTraceNoAlloc (byte*,int,string)
UnityEngine.StackTraceUtility:ExtractStackTrace ()
UnityEngine.Rigidbody:set_linearVelocity (UnityEngine.Vector3)
Opus.Shell.OrchardReachSceneController:DriveDemoHandAndFruit () (at Assets/Shell/Runtime/OrchardReachSceneController.cs:677)
Opus.Shell.OrchardReachSceneController:Update () (at Assets/Shell/Runtime/OrchardReachSceneController.cs:486)

[Assets/Shell/Runtime/OrchardReachSceneController.cs line 677]

Setting linear velocity of a kinematic body is not supported.
UnityEngine.Debug:ExtractStackTraceNoAlloc (byte*,int,string)
UnityEngine.StackTraceUtility:ExtractStackTrace ()
UnityEngine.Rigidbody:set_linearVelocity (UnityEngine.Vector3)
Opus.Shell.OrchardReachSceneController:HandleTrialEvent (Opus.Sdk.TrialEvent) (at Assets/Shell/Runtime/OrchardReachSceneController.cs:879)
Opus.Games.OrchardReach.OrchardReachModule:Emit (string,string,Opus.Sdk.TrialTarget,string) (at Assets/Games/OrchardReach/Runtime/OrchardReachModule.cs:212)
Opus.Games.OrchardReach.OrchardReachModule:EmitSignal (System.Nullable`1<Opus.Games.OrchardReach.TrialSignal>,string,Opus.Sdk.TrialTarget) (at Assets/Games/OrchardReach/Runtime/OrchardReachModule.cs:228)
Opus.Games.OrchardReach.OrchardReachModule:StartNextTrial (double) (at Assets/Games/OrchardReach/Runtime/OrchardReachModule.cs:117)
Opus.Games.OrchardReach.OrchardReachModule:OnTrialFinished (Opus.Games.OrchardReach.TrialOutcome,double) (at Assets/Games/OrchardReach/Runtime/OrchardReachModule.cs:198)
Opus.Games.OrchardReach.OrchardReachModule:Tick (double,Opus.Sdk.IHandSource) (at Assets/Games/OrchardReach/Runtime/OrchardReachModule.cs:162)
Opus.Shell.OrchardReachSceneController:Update () (at Assets/Shell/Runtime/OrchardReachSceneController.cs:484)

[Assets/Shell/Runtime/OrchardReachSceneController.cs line 879]

Setting linear velocity of a kinematic body is not supported.
UnityEngine.Debug:ExtractStackTraceNoAlloc (byte*,int,string)
UnityEngine.StackTraceUtility:ExtractStackTrace ()
UnityEngine.Rigidbody:set_linearVelocity (UnityEngine.Vector3)
Opus.Shell.OrchardReachSceneController:DriveDemoHandAndFruit () (at Assets/Shell/Runtime/OrchardReachSceneController.cs:677)
Opus.Shell.OrchardReachSceneController:Update () (at Assets/Shell/Runtime/OrchardReachSceneController.cs:486)

[Assets/Shell/Runtime/OrchardReachSceneController.cs line 677]

[OPUS] FullPipeline: session fdf86238-1616-4eb1-ad3c-04b1301e5c06 finished after 9.5s — trialsCompleted=6 trialEvents=34 formWarnings=4 hapticCues=6 cueOrder=[trunk_lean,success] kinChunks=2 hubSaidStart=False
UnityEngine.Debug:ExtractStackTraceNoAlloc (byte*,int,string)
UnityEngine.StackTraceUtility:ExtractStackTrace ()
UnityEngine.DebugLogHandler:Internal_Log (UnityEngine.LogType,UnityEngine.LogOption,string,UnityEngine.Object)
UnityEngine.DebugLogHandler:LogFormat (UnityEngine.LogType,UnityEngine.Object,string,object[])
UnityEngine.Logger:Log (UnityEngine.LogType,object)
UnityEngine.Debug:Log (object)
Opus.Shell.Tests.PlayMode.FullPipelineIntegrationTests/<FullPipeline_AppHub_Headset_Sleeve_ProducesAnalysableSession>d__5:MoveNext () (at Assets/Shell/Tests/PlayMode/FullPipelineIntegrationTests.cs:172)
UnityEngine.TestTools.TestEnumerator/<Execute>d__7:MoveNext () (at ./Library/PackageCache/com.unity.test-framework@76560ee600cb/UnityEngine.TestRunner/NUnitExtensions/Attributes/TestEnumerator.cs:44)
UnityEngine.TestTools.EnumerableTestMethodCommand/<ExecuteEnumerableAndRecordExceptions>d__4:MoveNext () (at ./Library/PackageCache/com.unity.test-framework@76560ee600cb/UnityEngine.TestRunner/NUnitExtensions/Commands/EnumerableTestMethodCommand.cs:79)
UnityEngine.TestTools.EnumerableTestMethodCommand:AdvanceEnumerator (System.Collections.IEnumerator) (at ./Library/PackageCache/com.unity.test-framework@76560ee600cb/UnityEngine.TestRunner/NUnitExtensions/Commands/EnumerableTestMethodCommand.cs:64)
UnityEngine.TestTools.EnumerableTestMethodCommand/<ExecuteEnumerable>d__2:MoveNext () (at ./Library/PackageCache/com.unity.test-framework@76560ee600cb/UnityEngine.TestRunner/NUnitExtensions/Commands/EnumerableTestMethodCommand.cs:47)
UnityEngine.TestRunner.NUnitExtensions.Runner.UnityLogCheckDelegatingCommand/<ExecuteEnumerable>d__3:MoveNext () (at ./Library/PackageCache/com.unity.test-framework@76560ee600cb/UnityEngine.TestRunner/NUnitExtensions/Runner/UnityLogCheckDelegatingCommand.cs:48)
UnityEngine.TestTools.BeforeAfterTestCommandBase`1/<ExecuteEnumerable>d__16<NUnit.Framework.ITestAction>:MoveNext () (at ./Library/PackageCache/com.unity.test-framework@76560ee600cb/UnityEngine.TestRunner/NUnitExtensions/Commands/BeforeAfterTestCommandBase.cs:212)
UnityEngine.TestTools.BeforeAfterTestCommandBase`1/<ExecuteEnumerable>d__16<System.Reflection.MethodInfo>:MoveNext () (at ./Library/PackageCache/com.unity.test-framework@76560ee600cb/UnityEngine.TestRunner/NUnitExtensions/Commands/BeforeAfterTestCommandBase.cs:212)
UnityEngine.TestTools.BeforeAfterTestCommandBase`1/<ExecuteEnumerable>d__16<System.Reflection.MethodInfo>:MoveNext () (at ./Library/PackageCache/com.unity.test-framework@76560ee600cb/UnityEngine.TestRunner/NUnitExtensions/Commands/BeforeAfterTestCommandBase.cs:212)
UnityEngine.TestTools.BeforeAfterTestCommandBase`1/<ExecuteEnumerable>d__16<UnityEngine.TestTools.IOuterUnityTestAction>:MoveNext () (at ./Library/PackageCache/com.unity.test-framework@76560ee600cb/UnityEngine.TestRunner/NUnitExtensions/Commands/BeforeAfterTestCommandBase.cs:212)
UnityEngine.TestTools.RetryCommand/<ExecuteEnumerable>d__2:MoveNext () (at ./Library/PackageCache/com.unity.test-framework@76560ee600cb/UnityEngine.TestRunner/NUnitExtensions/Commands/RetryCommand.cs:37)
UnityEngine.TestTools.RepeatCommand/<ExecuteEnumerable>d__2:MoveNext () (at ./Library/PackageCache/com.unity.test-framework@76560ee600cb/UnityEngine.TestRunner/NUnitExtensions/Commands/RepeatCommand.cs:36)
UnityEngine.TestTools.IgnoreTestCommand/<ExecuteEnumerable>d__3:MoveNext () (at ./Library/PackageCache/com.unity.test-framework@76560ee600cb/UnityEngine.TestRunner/NUnitExtensions/Commands/IgnoreTestCommand.cs:42)
UnityEngine.TestTools.StrictCheckCommand/<ExecuteEnumerable>d__2:MoveNext () (at ./Library/PackageCache/com.unity.test-framework@76560ee600cb/UnityEngine.TestRunner/NUnitExtensions/Commands/StrictCheckCommand.cs:29)
UnityEngine.TestTools.Utils.CoroutineRunner/<WrapEnumeratorForChecks>d__8:MoveNext () (at ./Library/PackageCache/com.unity.test-framework@76560ee600cb/UnityEngine.TestRunner/Utils/CoroutineRunner.cs:58)
UnityEngine.SetupCoroutine:InvokeMoveNext (System.Collections.IEnumerator,intptr)

(Filename: Assets/Shell/Tests/PlayMode/FullPipelineIntegrationTests.cs Line: 172)

[OPUS] FullPipeline: uploaded 4 files to the hub (session.json, events.ndjson, kin_000.json, kin_001.json)
UnityEngine.Debug:ExtractStackTraceNoAlloc (byte*,int,string)
UnityEngine.StackTraceUtility:ExtractStackTrace ()
UnityEngine.DebugLogHandler:Internal_Log (UnityEngine.LogType,UnityEngine.LogOption,string,UnityEngine.Object)
UnityEngine.DebugLogHandler:LogFormat (UnityEngine.LogType,UnityEngine.Object,string,object[])
UnityEngine.Logger:Log (UnityEngine.LogType,object)
UnityEngine.Debug:Log (object)
Opus.Shell.Tests.PlayMode.FullPipelineIntegrationTests/<FullPipeline_AppHub_Headset_Sleeve_ProducesAnalysableSession>d__5:MoveNext () (at Assets/Shell/Tests/PlayMode/FullPipelineIntegrationTests.cs:190)
UnityEngine.TestTools.TestEnumerator/<Execute>d__7:MoveNext () (at ./Library/PackageCache/com.unity.test-framework@76560ee600cb/UnityEngine.TestRunner/NUnitExtensions/Attributes/TestEnumerator.cs:44)
UnityEngine.TestTools.EnumerableTestMethodCommand/<ExecuteEnumerableAndRecordExceptions>d__4:MoveNext () (at ./Library/PackageCache/com.unity.test-framework@76560ee600cb/UnityEngine.TestRunner/NUnitExtensions/Commands/EnumerableTestMethodCommand.cs:79)
UnityEngine.TestTools.EnumerableTestMethodCommand:AdvanceEnumerator (System.Collections.IEnumerator) (at ./Library/PackageCache/com.unity.test-framework@76560ee600cb/UnityEngine.TestRunner/NUnitExtensions/Commands/EnumerableTestMethodCommand.cs:64)
UnityEngine.TestTools.EnumerableTestMethodCommand/<ExecuteEnumerable>d__2:MoveNext () (at ./Library/PackageCache/com.unity.test-framework@76560ee600cb/UnityEngine.TestRunner/NUnitExtensions/Commands/EnumerableTestMethodCommand.cs:47)
UnityEngine.TestRunner.NUnitExtensions.Runner.UnityLogCheckDelegatingCommand/<ExecuteEnumerable>d__3:MoveNext () (at ./Library/PackageCache/com.unity.test-framework@76560ee600cb/UnityEngine.TestRunner/NUnitExtensions/Runner/UnityLogCheckDelegatingCommand.cs:48)
UnityEngine.TestTools.BeforeAfterTestCommandBase`1/<ExecuteEnumerable>d__16<NUnit.Framework.ITestAction>:MoveNext () (at ./Library/PackageCache/com.unity.test-framework@76560ee600cb/UnityEngine.TestRunner/NUnitExtensions/Commands/BeforeAfterTestCommandBase.cs:212)
UnityEngine.TestTools.BeforeAfterTestCommandBase`1/<ExecuteEnumerable>d__16<System.Reflection.MethodInfo>:MoveNext () (at ./Library/PackageCache/com.unity.test-framework@76560ee600cb/UnityEngine.TestRunner/NUnitExtensions/Commands/BeforeAfterTestCommandBase.cs:212)
UnityEngine.TestTools.BeforeAfterTestCommandBase`1/<ExecuteEnumerable>d__16<System.Reflection.MethodInfo>:MoveNext () (at ./Library/PackageCache/com.unity.test-framework@76560ee600cb/UnityEngine.TestRunner/NUnitExtensions/Commands/BeforeAfterTestCommandBase.cs:212)
UnityEngine.TestTools.BeforeAfterTestCommandBase`1/<ExecuteEnumerable>d__16<UnityEngine.TestTools.IOuterUnityTestAction>:MoveNext () (at ./Library/PackageCache/com.unity.test-framework@76560ee600cb/UnityEngine.TestRunner/NUnitExtensions/Commands/BeforeAfterTestCommandBase.cs:212)
UnityEngine.TestTools.RetryCommand/<ExecuteEnumerable>d__2:MoveNext () (at ./Library/PackageCache/com.unity.test-framework@76560ee600cb/UnityEngine.TestRunner/NUnitExtensions/Commands/RetryCommand.cs:37)
UnityEngine.TestTools.RepeatCommand/<ExecuteEnumerable>d__2:MoveNext () (at ./Library/PackageCache/com.unity.test-framework@76560ee600cb/UnityEngine.TestRunner/NUnitExtensions/Commands/RepeatCommand.cs:36)
UnityEngine.TestTools.IgnoreTestCommand/<ExecuteEnumerable>d__3:MoveNext () (at ./Library/PackageCache/com.unity.test-framework@76560ee600cb/UnityEngine.TestRunner/NUnitExtensions/Commands/IgnoreTestCommand.cs:42)
UnityEngine.TestTools.StrictCheckCommand/<ExecuteEnumerable>d__2:MoveNext () (at ./Library/PackageCache/com.unity.test-framework@76560ee600cb/UnityEngine.TestRunner/NUnitExtensions/Commands/StrictCheckCommand.cs:29)
UnityEngine.TestTools.Utils.CoroutineRunner/<WrapEnumeratorForChecks>d__8:MoveNext () (at ./Library/PackageCache/com.unity.test-framework@76560ee600cb/UnityEngine.TestRunner/Utils/CoroutineRunner.cs:58)
UnityEngine.SetupCoroutine:InvokeMoveNext (System.Collections.IEnumerator,intptr)

(Filename: Assets/Shell/Tests/PlayMode/FullPipelineIntegrationTests.cs Line: 190)

[OPUS] FullPipeline: live-link RTT to the app hub — samples=10 p50=89.5ms p95=91.8ms max=91.8ms (G2 target < 250 ms on LAN)
UnityEngine.Debug:ExtractStackTraceNoAlloc (byte*,int,string)
UnityEngine.StackTraceUtility:ExtractStackTrace ()
UnityEngine.DebugLogHandler:Internal_Log (UnityEngine.LogType,UnityEngine.LogOption,string,UnityEngine.Object)
UnityEngine.DebugLogHandler:LogFormat (UnityEngine.LogType,UnityEngine.Object,string,object[])
UnityEngine.Logger:Log (UnityEngine.LogType,object)
UnityEngine.Debug:Log (object)
Opus.Shell.Tests.PlayMode.FullPipelineIntegrationTests/<FullPipeline_AppHub_Headset_Sleeve_ProducesAnalysableSession>d__5:MoveNext () (at Assets/Shell/Tests/PlayMode/FullPipelineIntegrationTests.cs:200)
UnityEngine.TestTools.TestEnumerator/<Execute>d__7:MoveNext () (at ./Library/PackageCache/com.unity.test-framework@76560ee600cb/UnityEngine.TestRunner/NUnitExtensions/Attributes/TestEnumerator.cs:44)
UnityEngine.TestTools.EnumerableTestMethodCommand/<ExecuteEnumerableAndRecordExceptions>d__4:MoveNext () (at ./Library/PackageCache/com.unity.test-framework@76560ee600cb/UnityEngine.TestRunner/NUnitExtensions/Commands/EnumerableTestMethodCommand.cs:79)
UnityEngine.TestTools.EnumerableTestMethodCommand:AdvanceEnumerator (System.Collections.IEnumerator) (at ./Library/PackageCache/com.unity.test-framework@76560ee600cb/UnityEngine.TestRunner/NUnitExtensions/Commands/EnumerableTestMethodCommand.cs:64)
UnityEngine.TestTools.EnumerableTestMethodCommand/<ExecuteEnumerable>d__2:MoveNext () (at ./Library/PackageCache/com.unity.test-framework@76560ee600cb/UnityEngine.TestRunner/NUnitExtensions/Commands/EnumerableTestMethodCommand.cs:47)
UnityEngine.TestRunner.NUnitExtensions.Runner.UnityLogCheckDelegatingCommand/<ExecuteEnumerable>d__3:MoveNext () (at ./Library/PackageCache/com.unity.test-framework@76560ee600cb/UnityEngine.TestRunner/NUnitExtensions/Runner/UnityLogCheckDelegatingCommand.cs:48)
UnityEngine.TestTools.BeforeAfterTestCommandBase`1/<ExecuteEnumerable>d__16<NUnit.Framework.ITestAction>:MoveNext () (at ./Library/PackageCache/com.unity.test-framework@76560ee600cb/UnityEngine.TestRunner/NUnitExtensions/Commands/BeforeAfterTestCommandBase.cs:212)
UnityEngine.TestTools.BeforeAfterTestCommandBase`1/<ExecuteEnumerable>d__16<System.Reflection.MethodInfo>:MoveNext () (at ./Library/PackageCache/com.unity.test-framework@76560ee600cb/UnityEngine.TestRunner/NUnitExtensions/Commands/BeforeAfterTestCommandBase.cs:212)
UnityEngine.TestTools.BeforeAfterTestCommandBase`1/<ExecuteEnumerable>d__16<System.Reflection.MethodInfo>:MoveNext () (at ./Library/PackageCache/com.unity.test-framework@76560ee600cb/UnityEngine.TestRunner/NUnitExtensions/Commands/BeforeAfterTestCommandBase.cs:212)
UnityEngine.TestTools.BeforeAfterTestCommandBase`1/<ExecuteEnumerable>d__16<UnityEngine.TestTools.IOuterUnityTestAction>:MoveNext () (at ./Library/PackageCache/com.unity.test-framework@76560ee600cb/UnityEngine.TestRunner/NUnitExtensions/Commands/BeforeAfterTestCommandBase.cs:212)
UnityEngine.TestTools.RetryCommand/<ExecuteEnumerable>d__2:MoveNext () (at ./Library/PackageCache/com.unity.test-framework@76560ee600cb/UnityEngine.TestRunner/NUnitExtensions/Commands/RetryCommand.cs:37)
UnityEngine.TestTools.RepeatCommand/<ExecuteEnumerable>d__2:MoveNext () (at ./Library/PackageCache/com.unity.test-framework@76560ee600cb/UnityEngine.TestRunner/NUnitExtensions/Commands/RepeatCommand.cs:36)
UnityEngine.TestTools.IgnoreTestCommand/<ExecuteEnumerable>d__3:MoveNext () (at ./Library/PackageCache/com.unity.test-framework@76560ee600cb/UnityEngine.TestRunner/NUnitExtensions/Commands/IgnoreTestCommand.cs:42)
UnityEngine.TestTools.StrictCheckCommand/<ExecuteEnumerable>d__2:MoveNext () (at ./Library/PackageCache/com.unity.test-framework@76560ee600cb/UnityEngine.TestRunner/NUnitExtensions/Commands/StrictCheckCommand.cs:29)
UnityEngine.TestTools.Utils.CoroutineRunner/<WrapEnumeratorForChecks>d__8:MoveNext () (at ./Library/PackageCache/com.unity.test-framework@76560ee600cb/UnityEngine.TestRunner/Utils/CoroutineRunner.cs:58)
UnityEngine.SetupCoroutine:InvokeMoveNext (System.Collections.IEnumerator,intptr)

(Filename: Assets/Shell/Tests/PlayMode/FullPipelineIntegrationTests.cs Line: 200)

[OPUS] FullPipeline: contracts/validate.py --session exit=0
[PASS] fdf86238-1616-4eb1-ad3c-04b1301e5c06/session.json
[PASS] fdf86238-1616-4eb1-ad3c-04b1301e5c06/events.ndjson: 44 events validated
[PASS] fdf86238-1616-4eb1-ad3c-04b1301e5c06/kin_000.json
[PASS] fdf86238-1616-4eb1-ad3c-04b1301e5c06/kin_001.json
[WARN] fdf86238-1616-4eb1-ad3c-04b1301e5c06/metrics.json not found

[PASS] All validations passed

UnityEngine.Debug:ExtractStackTraceNoAlloc (byte*,int,string)
UnityEngine.StackTraceUtility:ExtractStackTrace ()
UnityEngine.DebugLogHandler:Internal_Log (UnityEngine.LogType,UnityEngine.LogOption,string,UnityEngine.Object)
UnityEngine.DebugLogHandler:LogFormat (UnityEngine.LogType,UnityEngine.Object,string,object[])
UnityEngine.Logger:Log (UnityEngine.LogType,object)
UnityEngine.Debug:Log (object)
Opus.Shell.Tests.PlayMode.FullPipelineIntegrationTests/<FullPipeline_AppHub_Headset_Sleeve_ProducesAnalysableSession>d__5:MoveNext () (at Assets/Shell/Tests/PlayMode/FullPipelineIntegrationTests.cs:205)
UnityEngine.TestTools.TestEnumerator/<Execute>d__7:MoveNext () (at ./Library/PackageCache/com.unity.test-framework@76560ee600cb/UnityEngine.TestRunner/NUnitExtensions/Attributes/TestEnumerator.cs:44)
UnityEngine.TestTools.EnumerableTestMethodCommand/<ExecuteEnumerableAndRecordExceptions>d__4:MoveNext () (at ./Library/PackageCache/com.unity.test-framework@76560ee600cb/UnityEngine.TestRunner/NUnitExtensions/Commands/EnumerableTestMethodCommand.cs:79)
UnityEngine.TestTools.EnumerableTestMethodCommand:AdvanceEnumerator (System.Collections.IEnumerator) (at ./Library/PackageCache/com.unity.test-framework@76560ee600cb/UnityEngine.TestRunner/NUnitExtensions/Commands/EnumerableTestMethodCommand.cs:64)
UnityEngine.TestTools.EnumerableTestMethodCommand/<ExecuteEnumerable>d__2:MoveNext () (at ./Library/PackageCache/com.unity.test-framework@76560ee600cb/UnityEngine.TestRunner/NUnitExtensions/Commands/EnumerableTestMethodCommand.cs:47)
UnityEngine.TestRunner.NUnitExtensions.Runner.UnityLogCheckDelegatingCommand/<ExecuteEnumerable>d__3:MoveNext () (at ./Library/PackageCache/com.unity.test-framework@76560ee600cb/UnityEngine.TestRunner/NUnitExtensions/Runner/UnityLogCheckDelegatingCommand.cs:48)
UnityEngine.TestTools.BeforeAfterTestCommandBase`1/<ExecuteEnumerable>d__16<NUnit.Framework.ITestAction>:MoveNext () (at ./Library/PackageCache/com.unity.test-framework@76560ee600cb/UnityEngine.TestRunner/NUnitExtensions/Commands/BeforeAfterTestCommandBase.cs:212)
UnityEngine.TestTools.BeforeAfterTestCommandBase`1/<ExecuteEnumerable>d__16<System.Reflection.MethodInfo>:MoveNext () (at ./Library/PackageCache/com.unity.test-framework@76560ee600cb/UnityEngine.TestRunner/NUnitExtensions/Commands/BeforeAfterTestCommandBase.cs:212)
UnityEngine.TestTools.BeforeAfterTestCommandBase`1/<ExecuteEnumerable>d__16<System.Reflection.MethodInfo>:MoveNext () (at ./Library/PackageCache/com.unity.test-framework@76560ee600cb/UnityEngine.TestRunner/NUnitExtensions/Commands/BeforeAfterTestCommandBase.cs:212)
UnityEngine.TestTools.BeforeAfterTestCommandBase`1/<ExecuteEnumerable>d__16<UnityEngine.TestTools.IOuterUnityTestAction>:MoveNext () (at ./Library/PackageCache/com.unity.test-framework@76560ee600cb/UnityEngine.TestRunner/NUnitExtensions/Commands/BeforeAfterTestCommandBase.cs:212)
UnityEngine.TestTools.RetryCommand/<ExecuteEnumerable>d__2:MoveNext () (at ./Library/PackageCache/com.unity.test-framework@76560ee600cb/UnityEngine.TestRunner/NUnitExtensions/Commands/RetryCommand.cs:37)
UnityEngine.TestTools.RepeatCommand/<ExecuteEnumerable>d__2:MoveNext () (at ./Library/PackageCache/com.unity.test-framework@76560ee600cb/UnityEngine.TestRunner/NUnitExtensions/Commands/RepeatCommand.cs:36)
UnityEngine.TestTools.IgnoreTestCommand/<ExecuteEnumerable>d__3:MoveNext () (at ./Library/PackageCache/com.unity.test-framework@76560ee600cb/UnityEngine.TestRunner/NUnitExtensions/Commands/IgnoreTestCommand.cs:42)
UnityEngine.TestTools.StrictCheckCommand/<ExecuteEnumerable>d__2:MoveNext () (at ./Library/PackageCache/com.unity.test-framework@76560ee600cb/UnityEngine.TestRunner/NUnitExtensions/Commands/StrictCheckCommand.cs:29)
UnityEngine.TestTools.Utils.CoroutineRunner/<WrapEnumeratorForChecks>d__8:MoveNext () (at ./Library/PackageCache/com.unity.test-framework@76560ee600cb/UnityEngine.TestRunner/Utils/CoroutineRunner.cs:58)
UnityEngine.SetupCoroutine:InvokeMoveNext (System.Collections.IEnumerator,intptr)

(Filename: Assets/Shell/Tests/PlayMode/FullPipelineIntegrationTests.cs Line: 205)

[OPUS] FullPipeline: session dir for analytics -> C:\Users\GARV BANSAL\Documents\VR_games\OPUS\logs\sessions\unity_logs\run12_full_pipeline\fdf86238-1616-4eb1-ad3c-04b1301e5c06
UnityEngine.Debug:ExtractStackTraceNoAlloc (byte*,int,string)
UnityEngine.StackTraceUtility:ExtractStackTrace ()
UnityEngine.DebugLogHandler:Internal_Log (UnityEngine.LogType,UnityEngine.LogOption,string,UnityEngine.Object)
UnityEngine.DebugLogHandler:LogFormat (UnityEngine.LogType,UnityEngine.Object,string,object[])
UnityEngine.Logger:Log (UnityEngine.LogType,object)
UnityEngine.Debug:Log (object)
Opus.Shell.Tests.PlayMode.FullPipelineIntegrationTests/<FullPipeline_AppHub_Headset_Sleeve_ProducesAnalysableSession>d__5:MoveNext () (at Assets/Shell/Tests/PlayMode/FullPipelineIntegrationTests.cs:208)
UnityEngine.TestTools.TestEnumerator/<Execute>d__7:MoveNext () (at ./Library/PackageCache/com.unity.test-framework@76560ee600cb/UnityEngine.TestRunner/NUnitExtensions/Attributes/TestEnumerator.cs:44)
UnityEngine.TestTools.EnumerableTestMethodCommand/<ExecuteEnumerableAndRecordExceptions>d__4:MoveNext () (at ./Library/PackageCache/com.unity.test-framework@76560ee600cb/UnityEngine.TestRunner/NUnitExtensions/Commands/EnumerableTestMethodCommand.cs:79)
UnityEngine.TestTools.EnumerableTestMethodCommand:AdvanceEnumerator (System.Collections.IEnumerator) (at ./Library/PackageCache/com.unity.test-framework@76560ee600cb/UnityEngine.TestRunner/NUnitExtensions/Commands/EnumerableTestMethodCommand.cs:64)
UnityEngine.TestTools.EnumerableTestMethodCommand/<ExecuteEnumerable>d__2:MoveNext () (at ./Library/PackageCache/com.unity.test-framework@76560ee600cb/UnityEngine.TestRunner/NUnitExtensions/Commands/EnumerableTestMethodCommand.cs:47)
UnityEngine.TestRunner.NUnitExtensions.Runner.UnityLogCheckDelegatingCommand/<ExecuteEnumerable>d__3:MoveNext () (at ./Library/PackageCache/com.unity.test-framework@76560ee600cb/UnityEngine.TestRunner/NUnitExtensions/Runner/UnityLogCheckDelegatingCommand.cs:48)
UnityEngine.TestTools.BeforeAfterTestCommandBase`1/<ExecuteEnumerable>d__16<NUnit.Framework.ITestAction>:MoveNext () (at ./Library/PackageCache/com.unity.test-framework@76560ee600cb/UnityEngine.TestRunner/NUnitExtensions/Commands/BeforeAfterTestCommandBase.cs:212)
UnityEngine.TestTools.BeforeAfterTestCommandBase`1/<ExecuteEnumerable>d__16<System.Reflection.MethodInfo>:MoveNext () (at ./Library/PackageCache/com.unity.test-framework@76560ee600cb/UnityEngine.TestRunner/NUnitExtensions/Commands/BeforeAfterTestCommandBase.cs:212)
UnityEngine.TestTools.BeforeAfterTestCommandBase`1/<ExecuteEnumerable>d__16<System.Reflection.MethodInfo>:MoveNext () (at ./Library/PackageCache/com.unity.test-framework@76560ee600cb/UnityEngine.TestRunner/NUnitExtensions/Commands/BeforeAfterTestCommandBase.cs:212)
UnityEngine.TestTools.BeforeAfterTestCommandBase`1/<ExecuteEnumerable>d__16<UnityEngine.TestTools.IOuterUnityTestAction>:MoveNext () (at ./Library/PackageCache/com.unity.test-framework@76560ee600cb/UnityEngine.TestRunner/NUnitExtensions/Commands/BeforeAfterTestCommandBase.cs:212)
UnityEngine.TestTools.RetryCommand/<ExecuteEnumerable>d__2:MoveNext () (at ./Library/PackageCache/com.unity.test-framework@76560ee600cb/UnityEngine.TestRunner/NUnitExtensions/Commands/RetryCommand.cs:37)
UnityEngine.TestTools.RepeatCommand/<ExecuteEnumerable>d__2:MoveNext () (at ./Library/PackageCache/com.unity.test-framework@76560ee600cb/UnityEngine.TestRunner/NUnitExtensions/Commands/RepeatCommand.cs:36)
UnityEngine.TestTools.IgnoreTestCommand/<ExecuteEnumerable>d__3:MoveNext () (at ./Library/PackageCache/com.unity.test-framework@76560ee600cb/UnityEngine.TestRunner/NUnitExtensions/Commands/IgnoreTestCommand.cs:42)
UnityEngine.TestTools.StrictCheckCommand/<ExecuteEnumerable>d__2:MoveNext () (at ./Library/PackageCache/com.unity.test-framework@76560ee600cb/UnityEngine.TestRunner/NUnitExtensions/Commands/StrictCheckCommand.cs:29)
UnityEngine.TestTools.Utils.CoroutineRunner/<WrapEnumeratorForChecks>d__8:MoveNext () (at ./Library/PackageCache/com.unity.test-framework@76560ee600cb/UnityEngine.TestRunner/Utils/CoroutineRunner.cs:58)
UnityEngine.SetupCoroutine:InvokeMoveNext (System.Collections.IEnumerator,intptr)

(Filename: Assets/Shell/Tests/PlayMode/FullPipelineIntegrationTests.cs Line: 208)

[TestRunnerTools] Test Finished: Opus.Shell.Tests.PlayMode.FullPipelineIntegrationTests.FullPipeline_AppHub_Headset_Sleeve_ProducesAnalysableSession, ResultState: Passed, Duration: 12.827s
UnityEngine.Debug:ExtractStackTraceNoAlloc (byte*,int,string)
UnityEngine.StackTraceUtility:ExtractStackTrace ()
UnityEngine.DebugLogHandler:Internal_Log (UnityEngine.LogType,UnityEngine.LogOption,string,UnityEngine.Object)
UnityEngine.DebugLogHandler:LogFormat (UnityEngine.LogType,UnityEngine.Object,string,object[])
UnityEngine.Logger:Log (UnityEngine.LogType,object)
UnityEngine.Debug:Log (object)
Meta.MCPBridge.Editor.TestRunnerTools:OnTestFinished (UnityEditor.TestTools.TestRunner.Api.ITestResultAdaptor) (at ./Library/PackageCache/com.meta.xr.sdk.core@4ea2676097b9/Editor/MCPBridge/TestRunnerTools.cs:847)
Meta.MCPBridge.Editor.TestRunnerTools/TestRunnerCallbacks:TestFinished (UnityEditor.TestTools.TestRunner.Api.ITestResultAdaptor) (at ./Library/PackageCache/com.meta.xr.sdk.core@4ea2676097b9/Editor/MCPBridge/TestRunnerTools.cs:904)
UnityEditor.TestTools.TestRunner.Api.CallbacksDelegator/<>c__DisplayClass14_0:<TestFinished>b__0 (UnityEditor.TestTools.TestRunner.Api.ICallbacks) (at ./Library/PackageCache/com.unity.test-framework@76560ee600cb/UnityEditor.TestRunner/Api/CallbacksDelegator.cs:95)
UnityEditor.TestTools.TestRunner.Api.CallbacksDelegator:TryInvokeAllCallbacks (System.Action`1<UnityEditor.TestTools.TestRunner.Api.ICallbacks>) (at ./Library/PackageCache/com.unity.test-framework@76560ee600cb/UnityEditor.TestRunner/Api/CallbacksDelegator.cs:135)
UnityEditor.TestTools.TestRunner.Api.CallbacksDelegator:TestFinished (NUnit.Framework.Interfaces.ITestResult) (at ./Library/PackageCache/com.unity.test-framework@76560ee600cb/UnityEditor.TestRunner/Api/CallbacksDelegator.cs:95)
UnityEngine.Events.InvokableCall`1<NUnit.Framework.Interfaces.ITestResult>:Invoke (NUnit.Framework.Interfaces.ITestResult)
UnityEngine.Events.UnityEvent`1<NUnit.Framework.Interfaces.ITestResult>:Invoke (NUnit.Framework.Interfaces.ITestResult)
UnityEngine.Events.InvokableCall`1<NUnit.Framework.Interfaces.ITestResult>:Invoke (NUnit.Framework.Interfaces.ITestResult)
UnityEngine.Events.UnityEvent`1<NUnit.Framework.Interfaces.ITestResult>:Invoke (NUnit.Framework.Interfaces.ITestResult)
UnityEngine.TestTools.TestRunner.TestListenerWrapper:TestFinished (NUnit.Framework.Interfaces.ITestResult) (at ./Library/PackageCache/com.unity.test-framework@76560ee600cb/UnityEngine.TestRunner/TestRunner/TestListenerWrapper.cs:24)
UnityEngine.TestRunner.NUnitExtensions.Runner.UnityWorkItem:WorkItemComplete () (at ./Library/PackageCache/com.unity.test-framework@76560ee600cb/UnityEngine.TestRunner/NUnitExtensions/Runner/UnityWorkItem.cs:107)
UnityEngine.TestRunner.NUnitExtensions.Runner.CoroutineTestWorkItem/<PerformWork>d__6:<>m__Finally1 () (at ./Library/PackageCache/com.unity.test-framework@76560ee600cb/UnityEngine.TestRunner/NUnitExtensions/Runner/CoroutineTestWorkItem.cs:59)
UnityEngine.TestRunner.NUnitExtensions.Runner.CoroutineTestWorkItem/<PerformWork>d__6:MoveNext () (at ./Library/PackageCache/com.unity.test-framework@76560ee600cb/UnityEngine.TestRunner/NUnitExtensions/Runner/CoroutineTestWorkItem.cs:56)
UnityEngine.TestRunner.NUnitExtensions.Runner.CompositeWorkItem/<RunChildren>d__17:MoveNext () (at ./Library/PackageCache/com.unity.test-framework@76560ee600cb/UnityEngine.TestRunner/NUnitExtensions/Runner/CompositeWorkItem.cs:207)
UnityEngine.TestRunner.NUnitExtensions.Runner.CompositeWorkItem/<PerformWork>d__13:MoveNext () (at ./Library/PackageCache/com.unity.test-framework@76560ee600cb/UnityEngine.TestRunner/NUnitExtensions/Runner/CompositeWorkItem.cs:82)
UnityEngine.TestRunner.NUnitExtensions.Runner.CompositeWorkItem/<RunChildren>d__17:MoveNext () (at ./Library/PackageCache/com.unity.test-framework@76560ee600cb/UnityEngine.TestRunner/NUnitExtensions/Runner/CompositeWorkItem.cs:207)
UnityEngine.TestRunner.NUnitExtensions.Runner.CompositeWorkItem/<PerformWork>d__13:MoveNext () (at ./Library/PackageCache/com.unity.test-framework@76560ee600cb/UnityEngine.TestRunner/NUnitExtensions/Runner/CompositeWorkItem.cs:82)
UnityEngine.TestRunner.NUnitExtensions.Runner.CompositeWorkItem/<RunChildren>d__17:MoveNext () (at ./Library/PackageCache/com.unity.test-framework@76560ee600cb/UnityEngine.TestRunner/NUnitExtensions/Runner/CompositeWorkItem.cs:207)
UnityEngine.TestRunner.NUnitExtensions.Runner.CompositeWorkItem/<PerformWork>d__13:MoveNext () (at ./Library/PackageCache/com.unity.test-framework@76560ee600cb/UnityEngine.TestRunner/NUnitExtensions/Runner/CompositeWorkItem.cs:82)
UnityEngine.TestRunner.NUnitExtensions.Runner.CompositeWorkItem/<RunChildren>d__17:MoveNext () (at ./Library/PackageCache/com.unity.test-framework@76560ee600cb/UnityEngine.TestRunner/NUnitExtensions/Runner/CompositeWorkItem.cs:207)
UnityEngine.TestRunner.NUnitExtensions.Runner.CompositeWorkItem/<PerformWork>d__13:MoveNext () (at ./Library/PackageCache/com.unity.test-framework@76560ee600cb/UnityEngine.TestRunner/NUnitExtensions/Runner/CompositeWorkItem.cs:82)
UnityEngine.TestRunner.NUnitExtensions.Runner.CompositeWorkItem/<RunChildren>d__17:MoveNext () (at ./Library/PackageCache/com.unity.test-framework@76560ee600cb/UnityEngine.TestRunner/NUnitExtensions/Runner/CompositeWorkItem.cs:207)
UnityEngine.TestRunner.NUnitExtensions.Runner.CompositeWorkItem/<PerformWork>d__13:MoveNext () (at ./Library/PackageCache/com.unity.test-framework@76560ee600cb/UnityEngine.TestRunner/NUnitExtensions/Runner/CompositeWorkItem.cs:82)
UnityEngine.TestRunner.NUnitExtensions.Runner.CompositeWorkItem/<RunChildren>d__17:MoveNext () (at ./Library/PackageCache/com.unity.test-framework@76560ee600cb/UnityEngine.TestRunner/NUnitExtensions/Runner/CompositeWorkItem.cs:207)
UnityEngine.TestRunner.NUnitExtensions.Runner.CompositeWorkItem/<PerformWork>d__13:MoveNext () (at ./Library/PackageCache/com.unity.test-framework@76560ee600cb/UnityEngine.TestRunner/NUnitExtensions/Runner/CompositeWorkItem.cs:82)
UnityEngine.TestRunner.NUnitExtensions.Runner.CompositeWorkItem/<RunChildren>d__17:MoveNext () (at ./Library/PackageCache/com.unity.test-framework@76560ee600cb/UnityEngine.TestRunner/NUnitExtensions/Runner/CompositeWorkItem.cs:207)
UnityEngine.TestRunner.NUnitExtensions.Runner.CompositeWorkItem/<PerformWork>d__13:MoveNext () (at ./Library/PackageCache/com.unity.test-framework@76560ee600cb/UnityEngine.TestRunner/NUnitExtensions/Runner/CompositeWorkItem.cs:82)
UnityEngine.TestTools.TestRunner.PlaymodeTestsController/<TestRunnerCoroutine>d__24:MoveNext () (at ./Library/PackageCache/com.unity.test-framework@76560ee600cb/UnityEngine.TestRunner/TestRunner/PlaymodeTestsController.cs:93)
UnityEngine.SetupCoroutine:InvokeMoveNext (System.Collections.IEnumerator,intptr)

(Filename: ./Library/PackageCache/com.meta.xr.sdk.core@4ea2676097b9/Editor/MCPBridge/TestRunnerTools.cs Line: 847)

[TestRunnerTools] Test Started: Opus.Shell.Tests.PlayMode.HapticIntegrationTests.DemoSession_HapticsDisabled_SendsNoCues
UnityEngine.Debug:ExtractStackTraceNoAlloc (byte*,int,string)
UnityEngine.StackTraceUtility:ExtractStackTrace ()
UnityEngine.DebugLogHandler:Internal_Log (UnityEngine.LogType,UnityEngine.LogOption,string,UnityEngine.Object)
UnityEngine.DebugLogHandler:LogFormat (UnityEngine.LogType,UnityEngine.Object,string,object[])
UnityEngine.Logger:Log (UnityEngine.LogType,object)
UnityEngine.Debug:Log (object)
Meta.MCPBridge.Editor.TestRunnerTools:OnTestStarted (UnityEditor.TestTools.TestRunner.Api.ITestAdaptor) (at ./Library/PackageCache/com.meta.xr.sdk.core@4ea2676097b9/Editor/MCPBridge/TestRunnerTools.cs:838)
Meta.MCPBridge.Editor.TestRunnerTools/TestRunnerCallbacks:TestStarted (UnityEditor.TestTools.TestRunner.Api.ITestAdaptor) (at ./Library/PackageCache/com.meta.xr.sdk.core@4ea2676097b9/Editor/MCPBridge/TestRunnerTools.cs:899)
UnityEditor.TestTools.TestRunner.Api.CallbacksDelegator/<>c__DisplayClass12_0:<TestStarted>b__0 (UnityEditor.TestTools.TestRunner.Api.ICallbacks) (at ./Library/PackageCache/com.unity.test-framework@76560ee600cb/UnityEditor.TestRunner/Api/CallbacksDelegator.cs:81)
UnityEditor.TestTools.TestRunner.Api.CallbacksDelegator:TryInvokeAllCallbacks (System.Action`1<UnityEditor.TestTools.TestRunner.Api.ICallbacks>) (at ./Library/PackageCache/com.unity.test-framework@76560ee600cb/UnityEditor.TestRunner/Api/CallbacksDelegator.cs:135)
UnityEditor.TestTools.TestRunner.Api.CallbacksDelegator:TestStarted (NUnit.Framework.Interfaces.ITest) (at ./Library/PackageCache/com.unity.test-framework@76560ee600cb/UnityEditor.TestRunner/Api/CallbacksDelegator.cs:81)
UnityEngine.Events.InvokableCall`1<NUnit.Framework.Interfaces.ITest>:Invoke (NUnit.Framework.Interfaces.ITest)
UnityEngine.Events.UnityEvent`1<NUnit.Framework.Interfaces.ITest>:Invoke (NUnit.Framework.Interfaces.ITest)
UnityEngine.Events.InvokableCall`1<NUnit.Framework.Interfaces.ITest>:Invoke (NUnit.Framework.Interfaces.ITest)
UnityEngine.Events.UnityEvent`1<NUnit.Framework.Interfaces.ITest>:Invoke (NUnit.Framework.Interfaces.ITest)
UnityEngine.TestTools.TestRunner.TestListenerWrapper:TestStarted (NUnit.Framework.Interfaces.ITest) (at ./Library/PackageCache/com.unity.test-framework@76560ee600cb/UnityEngine.TestRunner/TestRunner/TestListenerWrapper.cs:19)
UnityEngine.TestRunner.NUnitExtensions.Runner.UnityWorkItem:Execute () (at ./Library/PackageCache/com.unity.test-framework@76560ee600cb/UnityEngine.TestRunner/NUnitExtensions/Runner/UnityWorkItem.cs:83)
UnityEngine.TestRunner.NUnitExtensions.Runner.CompositeWorkItem/<RunChildren>d__17:MoveNext () (at ./Library/PackageCache/com.unity.test-framework@76560ee600cb/UnityEngine.TestRunner/NUnitExtensions/Runner/CompositeWorkItem.cs:203)
UnityEngine.TestRunner.NUnitExtensions.Runner.CompositeWorkItem/<PerformWork>d__13:MoveNext () (at ./Library/PackageCache/com.unity.test-framework@76560ee600cb/UnityEngine.TestRunner/NUnitExtensions/Runner/CompositeWorkItem.cs:82)
UnityEngine.TestRunner.NUnitExtensions.Runner.CompositeWorkItem/<RunChildren>d__17:MoveNext () (at ./Library/PackageCache/com.unity.test-framework@76560ee600cb/UnityEngine.TestRunner/NUnitExtensions/Runner/CompositeWorkItem.cs:207)
UnityEngine.TestRunner.NUnitExtensions.Runner.CompositeWorkItem/<PerformWork>d__13:MoveNext () (at ./Library/PackageCache/com.unity.test-framework@76560ee600cb/UnityEngine.TestRunner/NUnitExtensions/Runner/CompositeWorkItem.cs:82)
UnityEngine.TestRunner.NUnitExtensions.Runner.CompositeWorkItem/<RunChildren>d__17:MoveNext () (at ./Library/PackageCache/com.unity.test-framework@76560ee600cb/UnityEngine.TestRunner/NUnitExtensions/Runner/CompositeWorkItem.cs:207)
UnityEngine.TestRunner.NUnitExtensions.Runner.CompositeWorkItem/<PerformWork>d__13:MoveNext () (at ./Library/PackageCache/com.unity.test-framework@76560ee600cb/UnityEngine.TestRunner/NUnitExtensions/Runner/CompositeWorkItem.cs:82)
UnityEngine.TestRunner.NUnitExtensions.Runner.CompositeWorkItem/<RunChildren>d__17:MoveNext () (at ./Library/PackageCache/com.unity.test-framework@76560ee600cb/UnityEngine.TestRunner/NUnitExtensions/Runner/CompositeWorkItem.cs:207)
UnityEngine.TestRunner.NUnitExtensions.Runner.CompositeWorkItem/<PerformWork>d__13:MoveNext () (at ./Library/PackageCache/com.unity.test-framework@76560ee600cb/UnityEngine.TestRunner/NUnitExtensions/Runner/CompositeWorkItem.cs:82)
UnityEngine.TestRunner.NUnitExtensions.Runner.CompositeWorkItem/<RunChildren>d__17:MoveNext () (at ./Library/PackageCache/com.unity.test-framework@76560ee600cb/UnityEngine.TestRunner/NUnitExtensions/Runner/CompositeWorkItem.cs:207)
UnityEngine.TestRunner.NUnitExtensions.Runner.CompositeWorkItem/<PerformWork>d__13:MoveNext () (at ./Library/PackageCache/com.unity.test-framework@76560ee600cb/UnityEngine.TestRunner/NUnitExtensions/Runner/CompositeWorkItem.cs:82)
UnityEngine.TestRunner.NUnitExtensions.Runner.CompositeWorkItem/<RunChildren>d__17:MoveNext () (at ./Library/PackageCache/com.unity.test-framework@76560ee600cb/UnityEngine.TestRunner/NUnitExtensions/Runner/CompositeWorkItem.cs:207)
UnityEngine.TestRunner.NUnitExtensions.Runner.CompositeWorkItem/<PerformWork>d__13:MoveNext () (at ./Library/PackageCache/com.unity.test-framework@76560ee600cb/UnityEngine.TestRunner/NUnitExtensions/Runner/CompositeWorkItem.cs:82)
UnityEngine.TestRunner.NUnitExtensions.Runner.CompositeWorkItem/<RunChildren>d__17:MoveNext () (at ./Library/PackageCache/com.unity.test-framework@76560ee600cb/UnityEngine.TestRunner/NUnitExtensions/Runner/CompositeWorkItem.cs:207)
UnityEngine.TestRunner.NUnitExtensions.Runner.CompositeWorkItem/<PerformWork>d__13:MoveNext () (at ./Library/PackageCache/com.unity.test-framework@76560ee600cb/UnityEngine.TestRunner/NUnitExtensions/Runner/CompositeWorkItem.cs:82)
UnityEngine.TestTools.TestRunner.PlaymodeTestsController/<TestRunnerCoroutine>d__24:MoveNext () (at ./Library/PackageCache/com.unity.test-framework@76560ee600cb/UnityEngine.TestRunner/TestRunner/PlaymodeTestsController.cs:93)
UnityEngine.SetupCoroutine:InvokeMoveNext (System.Collections.IEnumerator,intptr)

(Filename: ./Library/PackageCache/com.meta.xr.sdk.core@4ea2676097b9/Editor/MCPBridge/TestRunnerTools.cs Line: 838)

Unloading 83 Unused Serialized files (Serialized files now loaded: 0)
[OVRManager] OnDestroy
UnityEngine.Debug:ExtractStackTraceNoAlloc (byte*,int,string)
UnityEngine.StackTraceUtility:ExtractStackTrace ()
UnityEngine.DebugLogHandler:Internal_Log (UnityEngine.LogType,UnityEngine.LogOption,string,UnityEngine.Object)
UnityEngine.DebugLogHandler:LogFormat (UnityEngine.LogType,UnityEngine.Object,string,object[])
UnityEngine.Logger:Log (UnityEngine.LogType,object)
UnityEngine.Debug:Log (object)
OVRManager:OnDestroy () (at ./Library/PackageCache/com.meta.xr.sdk.core@4ea2676097b9/Scripts/OVRManager.cs:3452)

(Filename: ./Library/PackageCache/com.meta.xr.sdk.core@4ea2676097b9/Scripts/OVRManager.cs Line: 3452)

UnloadTime: 5.513900 ms
Found IOVRSkeletonDataProvider reference in [BuildingBlock] Hand Tracking left due to unassigned field.
UnityEngine.Debug:ExtractStackTraceNoAlloc (byte*,int,string)
UnityEngine.StackTraceUtility:ExtractStackTrace ()
UnityEngine.DebugLogHandler:Internal_Log (UnityEngine.LogType,UnityEngine.LogOption,string,UnityEngine.Object)
UnityEngine.DebugLogHandler:LogFormat (UnityEngine.LogType,UnityEngine.Object,string,object[])
UnityEngine.Logger:Log (UnityEngine.LogType,object)
UnityEngine.Debug:Log (object)
OVRSkeleton:Awake () (at ./Library/PackageCache/com.meta.xr.sdk.core@4ea2676097b9/Scripts/Util/OVRSkeleton.cs:520)

(Filename: ./Library/PackageCache/com.meta.xr.sdk.core@4ea2676097b9/Scripts/Util/OVRSkeleton.cs Line: 520)

Found IOVRSkeletonDataProvider reference in [BuildingBlock] Hand Tracking right due to unassigned field.
UnityEngine.Debug:ExtractStackTraceNoAlloc (byte*,int,string)
UnityEngine.StackTraceUtility:ExtractStackTrace ()
UnityEngine.DebugLogHandler:Internal_Log (UnityEngine.LogType,UnityEngine.LogOption,string,UnityEngine.Object)
UnityEngine.DebugLogHandler:LogFormat (UnityEngine.LogType,UnityEngine.Object,string,object[])
UnityEngine.Logger:Log (UnityEngine.LogType,object)
UnityEngine.Debug:Log (object)
OVRSkeleton:Awake () (at ./Library/PackageCache/com.meta.xr.sdk.core@4ea2676097b9/Scripts/Util/OVRSkeleton.cs:520)

(Filename: ./Library/PackageCache/com.meta.xr.sdk.core@4ea2676097b9/Scripts/Util/OVRSkeleton.cs Line: 520)

Setting linear velocity of a kinematic body is not supported.
UnityEngine.Debug:ExtractStackTraceNoAlloc (byte*,int,string)
UnityEngine.StackTraceUtility:ExtractStackTrace ()
UnityEngine.Rigidbody:set_linearVelocity (UnityEngine.Vector3)
Opus.Shell.OrchardReachSceneController:HandleTrialEvent (Opus.Sdk.TrialEvent) (at Assets/Shell/Runtime/OrchardReachSceneController.cs:879)
Opus.Games.OrchardReach.OrchardReachModule:Emit (string,string,Opus.Sdk.TrialTarget,string) (at Assets/Games/OrchardReach/Runtime/OrchardReachModule.cs:212)
Opus.Games.OrchardReach.OrchardReachModule:EmitSignal (System.Nullable`1<Opus.Games.OrchardReach.TrialSignal>,string,Opus.Sdk.TrialTarget) (at Assets/Games/OrchardReach/Runtime/OrchardReachModule.cs:228)
Opus.Games.OrchardReach.OrchardReachModule:StartNextTrial (double) (at Assets/Games/OrchardReach/Runtime/OrchardReachModule.cs:117)
Opus.Games.OrchardReach.OrchardReachModule:Begin () (at Assets/Games/OrchardReach/Runtime/OrchardReachModule.cs:80)
Opus.Shell.OrchardReachSceneController:Awake () (at Assets/Shell/Runtime/OrchardReachSceneController.cs:278)

[Assets/Shell/Runtime/OrchardReachSceneController.cs line 879]

Loaded scene 'Assets/Scenes/OrchardReach.unity'
	Deserialize:            173.893 ms
	Integration:            411.720 ms
	Integration of assets:  25.740 ms
	Thread Wait Time:       -0.075 ms
	Total Operation Time:   611.278 ms
Unloading 16274 unused Assets / (7.3 MB). Loaded Objects now: 14955.
Memory consumption went from 320.8 MB to 313.5 MB.
Total: 28.927400 ms (FindLiveObjects: 1.837900 ms CreateObjectMapping: 1.058500 ms MarkObjects: 17.572900 ms  DeleteObjects: 8.456700 ms)

At GameObject <color=#3366ff><b>PlayerController</b></color>, component <b>FirstPersonLocomotor</b>. The ground could not be found below the locomotor for 10 meters. Velocity will be disabled.A) Add a ground collider under the character controller and/or adjust the CharacterController.LayerMask.
B) Set _velocityDisabled to disable movement and prevent falling without showing this warning.
C) Set _maxStartGroundDistance to 0 to disable this behaviour.
UnityEngine.Debug:ExtractStackTraceNoAlloc (byte*,int,string)
UnityEngine.StackTraceUtility:ExtractStackTrace ()
UnityEngine.DebugLogHandler:Internal_Log (UnityEngine.LogType,UnityEngine.LogOption,string,UnityEngine.Object)
UnityEngine.DebugLogHandler:LogFormat (UnityEngine.LogType,UnityEngine.Object,string,object[])
UnityEngine.Logger:Log (UnityEngine.LogType,object,UnityEngine.Object)
UnityEngine.Debug:LogWarning (object,UnityEngine.Object)
Oculus.Interaction.AssertUtils:LogWarning (UnityEngine.Component,string,string,string) (at ./Library/PackageCache/com.meta.xr.sdk.interaction@875abb30439c/Runtime/Scripts/Utils/AssertUtils.cs:252)
Oculus.Interaction.Locomotion.FirstPersonLocomotor:Start () (at ./Library/PackageCache/com.meta.xr.sdk.interaction@875abb30439c/Runtime/Scripts/Interaction/Models/Locomotion/FirstPersonLocomotor.cs:444)

(Filename: ./Library/PackageCache/com.meta.xr.sdk.interaction@875abb30439c/Runtime/Scripts/Utils/AssertUtils.cs Line: 252)

Setting linear velocity of a kinematic body is not supported.
UnityEngine.Debug:ExtractStackTraceNoAlloc (byte*,int,string)
UnityEngine.StackTraceUtility:ExtractStackTrace ()
UnityEngine.Rigidbody:set_linearVelocity (UnityEngine.Vector3)
Opus.Shell.OrchardReachSceneController:DriveDemoHandAndFruit () (at Assets/Shell/Runtime/OrchardReachSceneController.cs:677)
Opus.Shell.OrchardReachSceneController:Update () (at Assets/Shell/Runtime/OrchardReachSceneController.cs:486)

[Assets/Shell/Runtime/OrchardReachSceneController.cs line 677]

[UdpHapticTransport] sleeve discovered at 169.254.188.98:8790 (device_id=sleeve-sim-01)
UnityEngine.Debug:ExtractStackTraceNoAlloc (byte*,int,string)
UnityEngine.StackTraceUtility:ExtractStackTrace ()
UnityEngine.DebugLogHandler:Internal_Log (UnityEngine.LogType,UnityEngine.LogOption,string,UnityEngine.Object)
UnityEngine.DebugLogHandler:LogFormat (UnityEngine.LogType,UnityEngine.Object,string,object[])
UnityEngine.Logger:Log (UnityEngine.LogType,object)
UnityEngine.Debug:Log (object)
Opus.Sdk.UdpHapticTransport/<DiscoveryLoopAsync>d__24:MoveNext () (at ./Packages/com.opus.sdk/Runtime/Transport/UdpHapticTransport.cs:191)
System.Runtime.CompilerServices.AsyncMethodBuilderCore/MoveNextRunner:InvokeMoveNext (object)
System.Threading.ExecutionContext:RunInternal (System.Threading.ExecutionContext,System.Threading.ContextCallback,object,bool)
System.Threading.ExecutionContext:Run (System.Threading.ExecutionContext,System.Threading.ContextCallback,object,bool)
System.Runtime.CompilerServices.AsyncMethodBuilderCore/MoveNextRunner:Run ()
System.Threading.Tasks.AwaitTaskContinuation:RunOrScheduleAction (System.Action,bool,System.Threading.Tasks.Task&)
System.Threading.Tasks.Task:FinishContinuations ()
System.Threading.Tasks.Task:FinishStageThree ()
System.Threading.Tasks.Task`1<System.Net.Sockets.UdpReceiveResult>:TrySetResult (System.Net.Sockets.UdpReceiveResult)
System.Threading.Tasks.TaskFactory`1<System.Net.Sockets.UdpReceiveResult>:FromAsyncCoreLogic (System.IAsyncResult,System.Func`2<System.IAsyncResult, System.Net.Sockets.UdpReceiveResult>,System.Action`1<System.IAsyncResult>,System.Threading.Tasks.Task`1<System.Net.Sockets.UdpReceiveResult>,bool)
System.Threading.Tasks.TaskFactory`1/<>c__DisplayClass35_0<System.Net.Sockets.UdpReceiveResult>:<FromAsyncImpl>b__0 (System.IAsyncResult)
System.Net.Sockets.SocketAsyncResult/<>c:<Complete>b__27_0 (object)
System.Threading.QueueUserWorkItemCallback:System.Threading.IThreadPoolWorkItem.ExecuteWorkItem ()
System.Threading.ThreadPoolWorkQueue:Dispatch ()
System.Threading._ThreadPoolWaitCallback:PerformWaitCallback ()

(Filename: ./Packages/com.opus.sdk/Runtime/Transport/UdpHapticTransport.cs Line: 191)

[HapticClient] cue dropped for motor 0: Enabled=false.
UnityEngine.Debug:ExtractStackTraceNoAlloc (byte*,int,string)
UnityEngine.StackTraceUtility:ExtractStackTrace ()
UnityEngine.DebugLogHandler:Internal_Log (UnityEngine.LogType,UnityEngine.LogOption,string,UnityEngine.Object)
UnityEngine.DebugLogHandler:LogFormat (UnityEngine.LogType,UnityEngine.Object,string,object[])
UnityEngine.Logger:Log (UnityEngine.LogType,object)
UnityEngine.Debug:Log (object)
Opus.Sdk.HapticClient:GateCue (int,double,bool) (at ./Packages/com.opus.sdk/Runtime/Transport/HapticClient.cs:189)
Opus.Sdk.HapticClient:SendTrunkLean (double,double) (at ./Packages/com.opus.sdk/Runtime/Transport/HapticClient.cs:118)
Opus.Shell.OrchardReachSceneController:HandleFormSignal (Opus.Sdk.FormWarningSignal) (at Assets/Shell/Runtime/OrchardReachSceneController.cs:567)
Opus.Sdk.FormFeedback:TickLean (double,double) (at ./Packages/com.opus.sdk/Runtime/Feedback/FormFeedback.cs:74)
Opus.Sdk.FormFeedback:Tick (double,double,bool,bool) (at ./Packages/com.opus.sdk/Runtime/Feedback/FormFeedback.cs:60)
Opus.Shell.OrchardReachSceneController:TickFormFeedbackAndHaptics (Opus.Sdk.IHandSource) (at Assets/Shell/Runtime/OrchardReachSceneController.cs:555)
Opus.Shell.OrchardReachSceneController:Update () (at Assets/Shell/Runtime/OrchardReachSceneController.cs:488)

(Filename: ./Packages/com.opus.sdk/Runtime/Transport/HapticClient.cs Line: 189)

[HapticClient] cue dropped for motor 0: Enabled=false.
UnityEngine.Debug:ExtractStackTraceNoAlloc (byte*,int,string)
UnityEngine.StackTraceUtility:ExtractStackTrace ()
UnityEngine.DebugLogHandler:Internal_Log (UnityEngine.LogType,UnityEngine.LogOption,string,UnityEngine.Object)
UnityEngine.DebugLogHandler:LogFormat (UnityEngine.LogType,UnityEngine.Object,string,object[])
UnityEngine.Logger:Log (UnityEngine.LogType,object)
UnityEngine.Debug:Log (object)
Opus.Sdk.HapticClient:GateCue (int,double,bool) (at ./Packages/com.opus.sdk/Runtime/Transport/HapticClient.cs:189)
Opus.Sdk.HapticClient:SendSuccess (double) (at ./Packages/com.opus.sdk/Runtime/Transport/HapticClient.cs:148)
Opus.Shell.OrchardReachSceneController:HandleTrialEvent (Opus.Sdk.TrialEvent) (at Assets/Shell/Runtime/OrchardReachSceneController.cs:856)
Opus.Games.OrchardReach.OrchardReachModule:Emit (string,string,Opus.Sdk.TrialTarget,string) (at Assets/Games/OrchardReach/Runtime/OrchardReachModule.cs:212)
Opus.Games.OrchardReach.OrchardReachModule:ConfirmPlacedInBasket (double) (at Assets/Games/OrchardReach/Runtime/OrchardReachModule.cs:186)
Opus.Shell.OrchardReachSceneController:OnFruitEnteredBasket () (at Assets/Shell/Runtime/OrchardReachSceneController.cs:827)
Opus.Shell.OrchardReachSceneController:<Awake>b__75_1 (UnityEngine.GameObject) (at Assets/Shell/Runtime/OrchardReachSceneController.cs:258)
Opus.Shell.BasketTrigger:OnTriggerEnter (UnityEngine.Collider) (at Assets/Shell/Runtime/BasketTrigger.cs:23)

(Filename: ./Packages/com.opus.sdk/Runtime/Transport/HapticClient.cs Line: 189)

Setting linear velocity of a kinematic body is not supported.
UnityEngine.Debug:ExtractStackTraceNoAlloc (byte*,int,string)
UnityEngine.StackTraceUtility:ExtractStackTrace ()
UnityEngine.Rigidbody:set_linearVelocity (UnityEngine.Vector3)
Opus.Shell.OrchardReachSceneController:HandleTrialEvent (Opus.Sdk.TrialEvent) (at Assets/Shell/Runtime/OrchardReachSceneController.cs:879)
Opus.Games.OrchardReach.OrchardReachModule:Emit (string,string,Opus.Sdk.TrialTarget,string) (at Assets/Games/OrchardReach/Runtime/OrchardReachModule.cs:212)
Opus.Games.OrchardReach.OrchardReachModule:EmitSignal (System.Nullable`1<Opus.Games.OrchardReach.TrialSignal>,string,Opus.Sdk.TrialTarget) (at Assets/Games/OrchardReach/Runtime/OrchardReachModule.cs:228)
Opus.Games.OrchardReach.OrchardReachModule:StartNextTrial (double) (at Assets/Games/OrchardReach/Runtime/OrchardReachModule.cs:117)
Opus.Games.OrchardReach.OrchardReachModule:OnTrialFinished (Opus.Games.OrchardReach.TrialOutcome,double) (at Assets/Games/OrchardReach/Runtime/OrchardReachModule.cs:198)
Opus.Games.OrchardReach.OrchardReachModule:ConfirmPlacedInBasket (double) (at Assets/Games/OrchardReach/Runtime/OrchardReachModule.cs:189)
Opus.Shell.OrchardReachSceneController:OnFruitEnteredBasket () (at Assets/Shell/Runtime/OrchardReachSceneController.cs:827)
Opus.Shell.OrchardReachSceneController:<Awake>b__75_1 (UnityEngine.GameObject) (at Assets/Shell/Runtime/OrchardReachSceneController.cs:258)
Opus.Shell.BasketTrigger:OnTriggerEnter (UnityEngine.Collider) (at Assets/Shell/Runtime/BasketTrigger.cs:23)

[Assets/Shell/Runtime/OrchardReachSceneController.cs line 879]

Setting linear velocity of a kinematic body is not supported.
UnityEngine.Debug:ExtractStackTraceNoAlloc (byte*,int,string)
UnityEngine.StackTraceUtility:ExtractStackTrace ()
UnityEngine.Rigidbody:set_linearVelocity (UnityEngine.Vector3)
Opus.Shell.OrchardReachSceneController:DriveDemoHandAndFruit () (at Assets/Shell/Runtime/OrchardReachSceneController.cs:677)
Opus.Shell.OrchardReachSceneController:Update () (at Assets/Shell/Runtime/OrchardReachSceneController.cs:486)

[Assets/Shell/Runtime/OrchardReachSceneController.cs line 677]

[HapticClient] cue dropped for motor 1: Enabled=false.
UnityEngine.Debug:ExtractStackTraceNoAlloc (byte*,int,string)
UnityEngine.StackTraceUtility:ExtractStackTrace ()
UnityEngine.DebugLogHandler:Internal_Log (UnityEngine.LogType,UnityEngine.LogOption,string,UnityEngine.Object)
UnityEngine.DebugLogHandler:LogFormat (UnityEngine.LogType,UnityEngine.Object,string,object[])
UnityEngine.Logger:Log (UnityEngine.LogType,object)
UnityEngine.Debug:Log (object)
Opus.Sdk.HapticClient:GateCue (int,double,bool) (at ./Packages/com.opus.sdk/Runtime/Transport/HapticClient.cs:189)
Opus.Sdk.HapticClient:SendLowConfidence (double) (at ./Packages/com.opus.sdk/Runtime/Transport/HapticClient.cs:131)
Opus.Shell.OrchardReachSceneController:HandleFormSignal (Opus.Sdk.FormWarningSignal) (at Assets/Shell/Runtime/OrchardReachSceneController.cs:571)
Opus.Sdk.FormFeedback:TickTracking (double,bool) (at ./Packages/com.opus.sdk/Runtime/Feedback/FormFeedback.cs:96)
Opus.Sdk.FormFeedback:Tick (double,double,bool,bool) (at ./Packages/com.opus.sdk/Runtime/Feedback/FormFeedback.cs:61)
Opus.Shell.OrchardReachSceneController:TickFormFeedbackAndHaptics (Opus.Sdk.IHandSource) (at Assets/Shell/Runtime/OrchardReachSceneController.cs:555)
Opus.Shell.OrchardReachSceneController:Update () (at Assets/Shell/Runtime/OrchardReachSceneController.cs:488)

(Filename: ./Packages/com.opus.sdk/Runtime/Transport/HapticClient.cs Line: 189)

[HapticClient] cue dropped for motor 0: Enabled=false.
UnityEngine.Debug:ExtractStackTraceNoAlloc (byte*,int,string)
UnityEngine.StackTraceUtility:ExtractStackTrace ()
UnityEngine.DebugLogHandler:Internal_Log (UnityEngine.LogType,UnityEngine.LogOption,string,UnityEngine.Object)
UnityEngine.DebugLogHandler:LogFormat (UnityEngine.LogType,UnityEngine.Object,string,object[])
UnityEngine.Logger:Log (UnityEngine.LogType,object)
UnityEngine.Debug:Log (object)
Opus.Sdk.HapticClient:GateCue (int,double,bool) (at ./Packages/com.opus.sdk/Runtime/Transport/HapticClient.cs:189)
Opus.Sdk.HapticClient:SendSuccess (double) (at ./Packages/com.opus.sdk/Runtime/Transport/HapticClient.cs:148)
Opus.Shell.OrchardReachSceneController:HandleTrialEvent (Opus.Sdk.TrialEvent) (at Assets/Shell/Runtime/OrchardReachSceneController.cs:856)
Opus.Games.OrchardReach.OrchardReachModule:Emit (string,string,Opus.Sdk.TrialTarget,string) (at Assets/Games/OrchardReach/Runtime/OrchardReachModule.cs:212)
Opus.Games.OrchardReach.OrchardReachModule:ConfirmPlacedInBasket (double) (at Assets/Games/OrchardReach/Runtime/OrchardReachModule.cs:186)
Opus.Shell.OrchardReachSceneController:OnFruitEnteredBasket () (at Assets/Shell/Runtime/OrchardReachSceneController.cs:827)
Opus.Shell.OrchardReachSceneController:<Awake>b__75_1 (UnityEngine.GameObject) (at Assets/Shell/Runtime/OrchardReachSceneController.cs:258)
Opus.Shell.BasketTrigger:OnTriggerEnter (UnityEngine.Collider) (at Assets/Shell/Runtime/BasketTrigger.cs:23)

(Filename: ./Packages/com.opus.sdk/Runtime/Transport/HapticClient.cs Line: 189)

Setting linear velocity of a kinematic body is not supported.
UnityEngine.Debug:ExtractStackTraceNoAlloc (byte*,int,string)
UnityEngine.StackTraceUtility:ExtractStackTrace ()
UnityEngine.Rigidbody:set_linearVelocity (UnityEngine.Vector3)
Opus.Shell.OrchardReachSceneController:HandleTrialEvent (Opus.Sdk.TrialEvent) (at Assets/Shell/Runtime/OrchardReachSceneController.cs:879)
Opus.Games.OrchardReach.OrchardReachModule:Emit (string,string,Opus.Sdk.TrialTarget,string) (at Assets/Games/OrchardReach/Runtime/OrchardReachModule.cs:212)
Opus.Games.OrchardReach.OrchardReachModule:EmitSignal (System.Nullable`1<Opus.Games.OrchardReach.TrialSignal>,string,Opus.Sdk.TrialTarget) (at Assets/Games/OrchardReach/Runtime/OrchardReachModule.cs:228)
Opus.Games.OrchardReach.OrchardReachModule:StartNextTrial (double) (at Assets/Games/OrchardReach/Runtime/OrchardReachModule.cs:117)
Opus.Games.OrchardReach.OrchardReachModule:OnTrialFinished (Opus.Games.OrchardReach.TrialOutcome,double) (at Assets/Games/OrchardReach/Runtime/OrchardReachModule.cs:198)
Opus.Games.OrchardReach.OrchardReachModule:ConfirmPlacedInBasket (double) (at Assets/Games/OrchardReach/Runtime/OrchardReachModule.cs:189)
Opus.Shell.OrchardReachSceneController:OnFruitEnteredBasket () (at Assets/Shell/Runtime/OrchardReachSceneController.cs:827)
Opus.Shell.OrchardReachSceneController:<Awake>b__75_1 (UnityEngine.GameObject) (at Assets/Shell/Runtime/OrchardReachSceneController.cs:258)
Opus.Shell.BasketTrigger:OnTriggerEnter (UnityEngine.Collider) (at Assets/Shell/Runtime/BasketTrigger.cs:23)

[Assets/Shell/Runtime/OrchardReachSceneController.cs line 879]

Setting linear velocity of a kinematic body is not supported.
UnityEngine.Debug:ExtractStackTraceNoAlloc (byte*,int,string)
UnityEngine.StackTraceUtility:ExtractStackTrace ()
UnityEngine.Rigidbody:set_linearVelocity (UnityEngine.Vector3)
Opus.Shell.OrchardReachSceneController:DriveDemoHandAndFruit () (at Assets/Shell/Runtime/OrchardReachSceneController.cs:677)
Opus.Shell.OrchardReachSceneController:Update () (at Assets/Shell/Runtime/OrchardReachSceneController.cs:486)

[Assets/Shell/Runtime/OrchardReachSceneController.cs line 677]

Setting linear velocity of a kinematic body is not supported.
UnityEngine.Debug:ExtractStackTraceNoAlloc (byte*,int,string)
UnityEngine.StackTraceUtility:ExtractStackTrace ()
UnityEngine.Rigidbody:set_linearVelocity (UnityEngine.Vector3)
Opus.Shell.OrchardReachSceneController:HandleTrialEvent (Opus.Sdk.TrialEvent) (at Assets/Shell/Runtime/OrchardReachSceneController.cs:879)
Opus.Games.OrchardReach.OrchardReachModule:Emit (string,string,Opus.Sdk.TrialTarget,string) (at Assets/Games/OrchardReach/Runtime/OrchardReachModule.cs:212)
Opus.Games.OrchardReach.OrchardReachModule:EmitSignal (System.Nullable`1<Opus.Games.OrchardReach.TrialSignal>,string,Opus.Sdk.TrialTarget) (at Assets/Games/OrchardReach/Runtime/OrchardReachModule.cs:228)
Opus.Games.OrchardReach.OrchardReachModule:StartNextTrial (double) (at Assets/Games/OrchardReach/Runtime/OrchardReachModule.cs:117)
Opus.Games.OrchardReach.OrchardReachModule:OnTrialFinished (Opus.Games.OrchardReach.TrialOutcome,double) (at Assets/Games/OrchardReach/Runtime/OrchardReachModule.cs:198)
Opus.Games.OrchardReach.OrchardReachModule:Tick (double,Opus.Sdk.IHandSource) (at Assets/Games/OrchardReach/Runtime/OrchardReachModule.cs:162)
Opus.Shell.OrchardReachSceneController:Update () (at Assets/Shell/Runtime/OrchardReachSceneController.cs:484)

[Assets/Shell/Runtime/OrchardReachSceneController.cs line 879]

[OPUS] HapticIntegrationTest: hapticsEnabled=false -> cueCount=0 after 3.0s (expect 0)
UnityEngine.Debug:ExtractStackTraceNoAlloc (byte*,int,string)
UnityEngine.StackTraceUtility:ExtractStackTrace ()
UnityEngine.DebugLogHandler:Internal_Log (UnityEngine.LogType,UnityEngine.LogOption,string,UnityEngine.Object)
UnityEngine.DebugLogHandler:LogFormat (UnityEngine.LogType,UnityEngine.Object,string,object[])
UnityEngine.Logger:Log (UnityEngine.LogType,object)
UnityEngine.Debug:Log (object)
Opus.Shell.Tests.PlayMode.HapticIntegrationTests/<DemoSession_HapticsDisabled_SendsNoCues>d__10:MoveNext () (at Assets/Shell/Tests/PlayMode/HapticIntegrationTests.cs:250)
UnityEngine.TestTools.TestEnumerator/<Execute>d__7:MoveNext () (at ./Library/PackageCache/com.unity.test-framework@76560ee600cb/UnityEngine.TestRunner/NUnitExtensions/Attributes/TestEnumerator.cs:44)
UnityEngine.TestTools.EnumerableTestMethodCommand/<ExecuteEnumerableAndRecordExceptions>d__4:MoveNext () (at ./Library/PackageCache/com.unity.test-framework@76560ee600cb/UnityEngine.TestRunner/NUnitExtensions/Commands/EnumerableTestMethodCommand.cs:79)
UnityEngine.TestTools.EnumerableTestMethodCommand:AdvanceEnumerator (System.Collections.IEnumerator) (at ./Library/PackageCache/com.unity.test-framework@76560ee600cb/UnityEngine.TestRunner/NUnitExtensions/Commands/EnumerableTestMethodCommand.cs:64)
UnityEngine.TestTools.EnumerableTestMethodCommand/<ExecuteEnumerable>d__2:MoveNext () (at ./Library/PackageCache/com.unity.test-framework@76560ee600cb/UnityEngine.TestRunner/NUnitExtensions/Commands/EnumerableTestMethodCommand.cs:47)
UnityEngine.TestRunner.NUnitExtensions.Runner.UnityLogCheckDelegatingCommand/<ExecuteEnumerable>d__3:MoveNext () (at ./Library/PackageCache/com.unity.test-framework@76560ee600cb/UnityEngine.TestRunner/NUnitExtensions/Runner/UnityLogCheckDelegatingCommand.cs:48)
UnityEngine.TestTools.BeforeAfterTestCommandBase`1/<ExecuteEnumerable>d__16<NUnit.Framework.ITestAction>:MoveNext () (at ./Library/PackageCache/com.unity.test-framework@76560ee600cb/UnityEngine.TestRunner/NUnitExtensions/Commands/BeforeAfterTestCommandBase.cs:212)
UnityEngine.TestTools.BeforeAfterTestCommandBase`1/<ExecuteEnumerable>d__16<System.Reflection.MethodInfo>:MoveNext () (at ./Library/PackageCache/com.unity.test-framework@76560ee600cb/UnityEngine.TestRunner/NUnitExtensions/Commands/BeforeAfterTestCommandBase.cs:212)
UnityEngine.TestTools.BeforeAfterTestCommandBase`1/<ExecuteEnumerable>d__16<System.Reflection.MethodInfo>:MoveNext () (at ./Library/PackageCache/com.unity.test-framework@76560ee600cb/UnityEngine.TestRunner/NUnitExtensions/Commands/BeforeAfterTestCommandBase.cs:212)
UnityEngine.TestTools.BeforeAfterTestCommandBase`1/<ExecuteEnumerable>d__16<UnityEngine.TestTools.IOuterUnityTestAction>:MoveNext () (at ./Library/PackageCache/com.unity.test-framework@76560ee600cb/UnityEngine.TestRunner/NUnitExtensions/Commands/BeforeAfterTestCommandBase.cs:212)
UnityEngine.TestTools.RetryCommand/<ExecuteEnumerable>d__2:MoveNext () (at ./Library/PackageCache/com.unity.test-framework@76560ee600cb/UnityEngine.TestRunner/NUnitExtensions/Commands/RetryCommand.cs:37)
UnityEngine.TestTools.RepeatCommand/<ExecuteEnumerable>d__2:MoveNext () (at ./Library/PackageCache/com.unity.test-framework@76560ee600cb/UnityEngine.TestRunner/NUnitExtensions/Commands/RepeatCommand.cs:36)
UnityEngine.TestTools.IgnoreTestCommand/<ExecuteEnumerable>d__3:MoveNext () (at ./Library/PackageCache/com.unity.test-framework@76560ee600cb/UnityEngine.TestRunner/NUnitExtensions/Commands/IgnoreTestCommand.cs:42)
UnityEngine.TestTools.StrictCheckCommand/<ExecuteEnumerable>d__2:MoveNext () (at ./Library/PackageCache/com.unity.test-framework@76560ee600cb/UnityEngine.TestRunner/NUnitExtensions/Commands/StrictCheckCommand.cs:29)
UnityEngine.TestTools.Utils.CoroutineRunner/<WrapEnumeratorForChecks>d__8:MoveNext () (at ./Library/PackageCache/com.unity.test-framework@76560ee600cb/UnityEngine.TestRunner/Utils/CoroutineRunner.cs:58)
UnityEngine.SetupCoroutine:InvokeMoveNext (System.Collections.IEnumerator,intptr)

(Filename: Assets/Shell/Tests/PlayMode/HapticIntegrationTests.cs Line: 250)

[TestRunnerTools] Test Finished: Opus.Shell.Tests.PlayMode.HapticIntegrationTests.DemoSession_HapticsDisabled_SendsNoCues, ResultState: Passed, Duration: 3.653s
UnityEngine.Debug:ExtractStackTraceNoAlloc (byte*,int,string)
UnityEngine.StackTraceUtility:ExtractStackTrace ()
UnityEngine.DebugLogHandler:Internal_Log (UnityEngine.LogType,UnityEngine.LogOption,string,UnityEngine.Object)
UnityEngine.DebugLogHandler:LogFormat (UnityEngine.LogType,UnityEngine.Object,string,object[])
UnityEngine.Logger:Log (UnityEngine.LogType,object)
UnityEngine.Debug:Log (object)
Meta.MCPBridge.Editor.TestRunnerTools:OnTestFinished (UnityEditor.TestTools.TestRunner.Api.ITestResultAdaptor) (at ./Library/PackageCache/com.meta.xr.sdk.core@4ea2676097b9/Editor/MCPBridge/TestRunnerTools.cs:847)
Meta.MCPBridge.Editor.TestRunnerTools/TestRunnerCallbacks:TestFinished (UnityEditor.TestTools.TestRunner.Api.ITestResultAdaptor) (at ./Library/PackageCache/com.meta.xr.sdk.core@4ea2676097b9/Editor/MCPBridge/TestRunnerTools.cs:904)
UnityEditor.TestTools.TestRunner.Api.CallbacksDelegator/<>c__DisplayClass14_0:<TestFinished>b__0 (UnityEditor.TestTools.TestRunner.Api.ICallbacks) (at ./Library/PackageCache/com.unity.test-framework@76560ee600cb/UnityEditor.TestRunner/Api/CallbacksDelegator.cs:95)
UnityEditor.TestTools.TestRunner.Api.CallbacksDelegator:TryInvokeAllCallbacks (System.Action`1<UnityEditor.TestTools.TestRunner.Api.ICallbacks>) (at ./Library/PackageCache/com.unity.test-framework@76560ee600cb/UnityEditor.TestRunner/Api/CallbacksDelegator.cs:135)
UnityEditor.TestTools.TestRunner.Api.CallbacksDelegator:TestFinished (NUnit.Framework.Interfaces.ITestResult) (at ./Library/PackageCache/com.unity.test-framework@76560ee600cb/UnityEditor.TestRunner/Api/CallbacksDelegator.cs:95)
UnityEngine.Events.InvokableCall`1<NUnit.Framework.Interfaces.ITestResult>:Invoke (NUnit.Framework.Interfaces.ITestResult)
UnityEngine.Events.UnityEvent`1<NUnit.Framework.Interfaces.ITestResult>:Invoke (NUnit.Framework.Interfaces.ITestResult)
UnityEngine.Events.InvokableCall`1<NUnit.Framework.Interfaces.ITestResult>:Invoke (NUnit.Framework.Interfaces.ITestResult)
UnityEngine.Events.UnityEvent`1<NUnit.Framework.Interfaces.ITestResult>:Invoke (NUnit.Framework.Interfaces.ITestResult)
UnityEngine.TestTools.TestRunner.TestListenerWrapper:TestFinished (NUnit.Framework.Interfaces.ITestResult) (at ./Library/PackageCache/com.unity.test-framework@76560ee600cb/UnityEngine.TestRunner/TestRunner/TestListenerWrapper.cs:24)
UnityEngine.TestRunner.NUnitExtensions.Runner.UnityWorkItem:WorkItemComplete () (at ./Library/PackageCache/com.unity.test-framework@76560ee600cb/UnityEngine.TestRunner/NUnitExtensions/Runner/UnityWorkItem.cs:107)
UnityEngine.TestRunner.NUnitExtensions.Runner.CoroutineTestWorkItem/<PerformWork>d__6:<>m__Finally1 () (at ./Library/PackageCache/com.unity.test-framework@76560ee600cb/UnityEngine.TestRunner/NUnitExtensions/Runner/CoroutineTestWorkItem.cs:59)
UnityEngine.TestRunner.NUnitExtensions.Runner.CoroutineTestWorkItem/<PerformWork>d__6:MoveNext () (at ./Library/PackageCache/com.unity.test-framework@76560ee600cb/UnityEngine.TestRunner/NUnitExtensions/Runner/CoroutineTestWorkItem.cs:56)
UnityEngine.TestRunner.NUnitExtensions.Runner.CompositeWorkItem/<RunChildren>d__17:MoveNext () (at ./Library/PackageCache/com.unity.test-framework@76560ee600cb/UnityEngine.TestRunner/NUnitExtensions/Runner/CompositeWorkItem.cs:207)
UnityEngine.TestRunner.NUnitExtensions.Runner.CompositeWorkItem/<PerformWork>d__13:MoveNext () (at ./Library/PackageCache/com.unity.test-framework@76560ee600cb/UnityEngine.TestRunner/NUnitExtensions/Runner/CompositeWorkItem.cs:82)
UnityEngine.TestRunner.NUnitExtensions.Runner.CompositeWorkItem/<RunChildren>d__17:MoveNext () (at ./Library/PackageCache/com.unity.test-framework@76560ee600cb/UnityEngine.TestRunner/NUnitExtensions/Runner/CompositeWorkItem.cs:207)
UnityEngine.TestRunner.NUnitExtensions.Runner.CompositeWorkItem/<PerformWork>d__13:MoveNext () (at ./Library/PackageCache/com.unity.test-framework@76560ee600cb/UnityEngine.TestRunner/NUnitExtensions/Runner/CompositeWorkItem.cs:82)
UnityEngine.TestRunner.NUnitExtensions.Runner.CompositeWorkItem/<RunChildren>d__17:MoveNext () (at ./Library/PackageCache/com.unity.test-framework@76560ee600cb/UnityEngine.TestRunner/NUnitExtensions/Runner/CompositeWorkItem.cs:207)
UnityEngine.TestRunner.NUnitExtensions.Runner.CompositeWorkItem/<PerformWork>d__13:MoveNext () (at ./Library/PackageCache/com.unity.test-framework@76560ee600cb/UnityEngine.TestRunner/NUnitExtensions/Runner/CompositeWorkItem.cs:82)
UnityEngine.TestRunner.NUnitExtensions.Runner.CompositeWorkItem/<RunChildren>d__17:MoveNext () (at ./Library/PackageCache/com.unity.test-framework@76560ee600cb/UnityEngine.TestRunner/NUnitExtensions/Runner/CompositeWorkItem.cs:207)
UnityEngine.TestRunner.NUnitExtensions.Runner.CompositeWorkItem/<PerformWork>d__13:MoveNext () (at ./Library/PackageCache/com.unity.test-framework@76560ee600cb/UnityEngine.TestRunner/NUnitExtensions/Runner/CompositeWorkItem.cs:82)
UnityEngine.TestRunner.NUnitExtensions.Runner.CompositeWorkItem/<RunChildren>d__17:MoveNext () (at ./Library/PackageCache/com.unity.test-framework@76560ee600cb/UnityEngine.TestRunner/NUnitExtensions/Runner/CompositeWorkItem.cs:207)
UnityEngine.TestRunner.NUnitExtensions.Runner.CompositeWorkItem/<PerformWork>d__13:MoveNext () (at ./Library/PackageCache/com.unity.test-framework@76560ee600cb/UnityEngine.TestRunner/NUnitExtensions/Runner/CompositeWorkItem.cs:82)
UnityEngine.TestRunner.NUnitExtensions.Runner.CompositeWorkItem/<RunChildren>d__17:MoveNext () (at ./Library/PackageCache/com.unity.test-framework@76560ee600cb/UnityEngine.TestRunner/NUnitExtensions/Runner/CompositeWorkItem.cs:207)
UnityEngine.TestRunner.NUnitExtensions.Runner.CompositeWorkItem/<PerformWork>d__13:MoveNext () (at ./Library/PackageCache/com.unity.test-framework@76560ee600cb/UnityEngine.TestRunner/NUnitExtensions/Runner/CompositeWorkItem.cs:82)
UnityEngine.TestRunner.NUnitExtensions.Runner.CompositeWorkItem/<RunChildren>d__17:MoveNext () (at ./Library/PackageCache/com.unity.test-framework@76560ee600cb/UnityEngine.TestRunner/NUnitExtensions/Runner/CompositeWorkItem.cs:207)
UnityEngine.TestRunner.NUnitExtensions.Runner.CompositeWorkItem/<PerformWork>d__13:MoveNext () (at ./Library/PackageCache/com.unity.test-framework@76560ee600cb/UnityEngine.TestRunner/NUnitExtensions/Runner/CompositeWorkItem.cs:82)
UnityEngine.TestTools.TestRunner.PlaymodeTestsController/<TestRunnerCoroutine>d__24:MoveNext () (at ./Library/PackageCache/com.unity.test-framework@76560ee600cb/UnityEngine.TestRunner/TestRunner/PlaymodeTestsController.cs:93)
UnityEngine.SetupCoroutine:InvokeMoveNext (System.Collections.IEnumerator,intptr)

(Filename: ./Library/PackageCache/com.meta.xr.sdk.core@4ea2676097b9/Editor/MCPBridge/TestRunnerTools.cs Line: 847)

[TestRunnerTools] Test Started: Opus.Shell.Tests.PlayMode.HapticIntegrationTests.DemoSession_SleeveNeverAnswers_SessionStillCompletes
UnityEngine.Debug:ExtractStackTraceNoAlloc (byte*,int,string)
UnityEngine.StackTraceUtility:ExtractStackTrace ()
UnityEngine.DebugLogHandler:Internal_Log (UnityEngine.LogType,UnityEngine.LogOption,string,UnityEngine.Object)
UnityEngine.DebugLogHandler:LogFormat (UnityEngine.LogType,UnityEngine.Object,string,object[])
UnityEngine.Logger:Log (UnityEngine.LogType,object)
UnityEngine.Debug:Log (object)
Meta.MCPBridge.Editor.TestRunnerTools:OnTestStarted (UnityEditor.TestTools.TestRunner.Api.ITestAdaptor) (at ./Library/PackageCache/com.meta.xr.sdk.core@4ea2676097b9/Editor/MCPBridge/TestRunnerTools.cs:838)
Meta.MCPBridge.Editor.TestRunnerTools/TestRunnerCallbacks:TestStarted (UnityEditor.TestTools.TestRunner.Api.ITestAdaptor) (at ./Library/PackageCache/com.meta.xr.sdk.core@4ea2676097b9/Editor/MCPBridge/TestRunnerTools.cs:899)
UnityEditor.TestTools.TestRunner.Api.CallbacksDelegator/<>c__DisplayClass12_0:<TestStarted>b__0 (UnityEditor.TestTools.TestRunner.Api.ICallbacks) (at ./Library/PackageCache/com.unity.test-framework@76560ee600cb/UnityEditor.TestRunner/Api/CallbacksDelegator.cs:81)
UnityEditor.TestTools.TestRunner.Api.CallbacksDelegator:TryInvokeAllCallbacks (System.Action`1<UnityEditor.TestTools.TestRunner.Api.ICallbacks>) (at ./Library/PackageCache/com.unity.test-framework@76560ee600cb/UnityEditor.TestRunner/Api/CallbacksDelegator.cs:135)
UnityEditor.TestTools.TestRunner.Api.CallbacksDelegator:TestStarted (NUnit.Framework.Interfaces.ITest) (at ./Library/PackageCache/com.unity.test-framework@76560ee600cb/UnityEditor.TestRunner/Api/CallbacksDelegator.cs:81)
UnityEngine.Events.InvokableCall`1<NUnit.Framework.Interfaces.ITest>:Invoke (NUnit.Framework.Interfaces.ITest)
UnityEngine.Events.UnityEvent`1<NUnit.Framework.Interfaces.ITest>:Invoke (NUnit.Framework.Interfaces.ITest)
UnityEngine.Events.InvokableCall`1<NUnit.Framework.Interfaces.ITest>:Invoke (NUnit.Framework.Interfaces.ITest)
UnityEngine.Events.UnityEvent`1<NUnit.Framework.Interfaces.ITest>:Invoke (NUnit.Framework.Interfaces.ITest)
UnityEngine.TestTools.TestRunner.TestListenerWrapper:TestStarted (NUnit.Framework.Interfaces.ITest) (at ./Library/PackageCache/com.unity.test-framework@76560ee600cb/UnityEngine.TestRunner/TestRunner/TestListenerWrapper.cs:19)
UnityEngine.TestRunner.NUnitExtensions.Runner.UnityWorkItem:Execute () (at ./Library/PackageCache/com.unity.test-framework@76560ee600cb/UnityEngine.TestRunner/NUnitExtensions/Runner/UnityWorkItem.cs:83)
UnityEngine.TestRunner.NUnitExtensions.Runner.CompositeWorkItem/<RunChildren>d__17:MoveNext () (at ./Library/PackageCache/com.unity.test-framework@76560ee600cb/UnityEngine.TestRunner/NUnitExtensions/Runner/CompositeWorkItem.cs:203)
UnityEngine.TestRunner.NUnitExtensions.Runner.CompositeWorkItem/<PerformWork>d__13:MoveNext () (at ./Library/PackageCache/com.unity.test-framework@76560ee600cb/UnityEngine.TestRunner/NUnitExtensions/Runner/CompositeWorkItem.cs:82)
UnityEngine.TestRunner.NUnitExtensions.Runner.CompositeWorkItem/<RunChildren>d__17:MoveNext () (at ./Library/PackageCache/com.unity.test-framework@76560ee600cb/UnityEngine.TestRunner/NUnitExtensions/Runner/CompositeWorkItem.cs:207)
UnityEngine.TestRunner.NUnitExtensions.Runner.CompositeWorkItem/<PerformWork>d__13:MoveNext () (at ./Library/PackageCache/com.unity.test-framework@76560ee600cb/UnityEngine.TestRunner/NUnitExtensions/Runner/CompositeWorkItem.cs:82)
UnityEngine.TestRunner.NUnitExtensions.Runner.CompositeWorkItem/<RunChildren>d__17:MoveNext () (at ./Library/PackageCache/com.unity.test-framework@76560ee600cb/UnityEngine.TestRunner/NUnitExtensions/Runner/CompositeWorkItem.cs:207)
UnityEngine.TestRunner.NUnitExtensions.Runner.CompositeWorkItem/<PerformWork>d__13:MoveNext () (at ./Library/PackageCache/com.unity.test-framework@76560ee600cb/UnityEngine.TestRunner/NUnitExtensions/Runner/CompositeWorkItem.cs:82)
UnityEngine.TestRunner.NUnitExtensions.Runner.CompositeWorkItem/<RunChildren>d__17:MoveNext () (at ./Library/PackageCache/com.unity.test-framework@76560ee600cb/UnityEngine.TestRunner/NUnitExtensions/Runner/CompositeWorkItem.cs:207)
UnityEngine.TestRunner.NUnitExtensions.Runner.CompositeWorkItem/<PerformWork>d__13:MoveNext () (at ./Library/PackageCache/com.unity.test-framework@76560ee600cb/UnityEngine.TestRunner/NUnitExtensions/Runner/CompositeWorkItem.cs:82)
UnityEngine.TestRunner.NUnitExtensions.Runner.CompositeWorkItem/<RunChildren>d__17:MoveNext () (at ./Library/PackageCache/com.unity.test-framework@76560ee600cb/UnityEngine.TestRunner/NUnitExtensions/Runner/CompositeWorkItem.cs:207)
UnityEngine.TestRunner.NUnitExtensions.Runner.CompositeWorkItem/<PerformWork>d__13:MoveNext () (at ./Library/PackageCache/com.unity.test-framework@76560ee600cb/UnityEngine.TestRunner/NUnitExtensions/Runner/CompositeWorkItem.cs:82)
UnityEngine.TestRunner.NUnitExtensions.Runner.CompositeWorkItem/<RunChildren>d__17:MoveNext () (at ./Library/PackageCache/com.unity.test-framework@76560ee600cb/UnityEngine.TestRunner/NUnitExtensions/Runner/CompositeWorkItem.cs:207)
UnityEngine.TestRunner.NUnitExtensions.Runner.CompositeWorkItem/<PerformWork>d__13:MoveNext () (at ./Library/PackageCache/com.unity.test-framework@76560ee600cb/UnityEngine.TestRunner/NUnitExtensions/Runner/CompositeWorkItem.cs:82)
UnityEngine.TestRunner.NUnitExtensions.Runner.CompositeWorkItem/<RunChildren>d__17:MoveNext () (at ./Library/PackageCache/com.unity.test-framework@76560ee600cb/UnityEngine.TestRunner/NUnitExtensions/Runner/CompositeWorkItem.cs:207)
UnityEngine.TestRunner.NUnitExtensions.Runner.CompositeWorkItem/<PerformWork>d__13:MoveNext () (at ./Library/PackageCache/com.unity.test-framework@76560ee600cb/UnityEngine.TestRunner/NUnitExtensions/Runner/CompositeWorkItem.cs:82)
UnityEngine.TestTools.TestRunner.PlaymodeTestsController/<TestRunnerCoroutine>d__24:MoveNext () (at ./Library/PackageCache/com.unity.test-framework@76560ee600cb/UnityEngine.TestRunner/TestRunner/PlaymodeTestsController.cs:93)
UnityEngine.SetupCoroutine:InvokeMoveNext (System.Collections.IEnumerator,intptr)

(Filename: ./Library/PackageCache/com.meta.xr.sdk.core@4ea2676097b9/Editor/MCPBridge/TestRunnerTools.cs Line: 838)

Unloading 82 Unused Serialized files (Serialized files now loaded: 0)
[OVRManager] OnDestroy
UnityEngine.Debug:ExtractStackTraceNoAlloc (byte*,int,string)
UnityEngine.StackTraceUtility:ExtractStackTrace ()
UnityEngine.DebugLogHandler:Internal_Log (UnityEngine.LogType,UnityEngine.LogOption,string,UnityEngine.Object)
UnityEngine.DebugLogHandler:LogFormat (UnityEngine.LogType,UnityEngine.Object,string,object[])
UnityEngine.Logger:Log (UnityEngine.LogType,object)
UnityEngine.Debug:Log (object)
OVRManager:OnDestroy () (at ./Library/PackageCache/com.meta.xr.sdk.core@4ea2676097b9/Scripts/OVRManager.cs:3452)

(Filename: ./Library/PackageCache/com.meta.xr.sdk.core@4ea2676097b9/Scripts/OVRManager.cs Line: 3452)

[UdpHapticTransport] send failed: Cannot access a disposed object.
Object name: 'System.Net.Sockets.Socket'.
UnityEngine.Debug:ExtractStackTraceNoAlloc (byte*,int,string)
UnityEngine.StackTraceUtility:ExtractStackTrace ()
UnityEngine.DebugLogHandler:Internal_Log (UnityEngine.LogType,UnityEngine.LogOption,string,UnityEngine.Object)
UnityEngine.DebugLogHandler:LogFormat (UnityEngine.LogType,UnityEngine.Object,string,object[])
UnityEngine.Logger:Log (UnityEngine.LogType,object)
UnityEngine.Debug:LogWarning (object)
Opus.Sdk.UdpHapticTransport/<SendLoopAsync>d__22:MoveNext () (at ./Packages/com.opus.sdk/Runtime/Transport/UdpHapticTransport.cs:107)
System.Runtime.CompilerServices.AsyncTaskMethodBuilder:Start<Opus.Sdk.UdpHapticTransport/<SendLoopAsync>d__22> (Opus.Sdk.UdpHapticTransport/<SendLoopAsync>d__22&)
Opus.Sdk.UdpHapticTransport:SendLoopAsync (System.Threading.CancellationToken)
Opus.Sdk.UdpHapticTransport:<Start>b__18_1 () (at ./Packages/com.opus.sdk/Runtime/Transport/UdpHapticTransport.cs:70)
System.Threading.Tasks.Task`1<System.Threading.Tasks.Task>:InnerInvoke ()
System.Threading.Tasks.Task:Execute ()
System.Threading.Tasks.Task:ExecutionContextCallback (object)
System.Threading.ExecutionContext:RunInternal (System.Threading.ExecutionContext,System.Threading.ContextCallback,object,bool)
System.Threading.ExecutionContext:Run (System.Threading.ExecutionContext,System.Threading.ContextCallback,object,bool)
System.Threading.Tasks.Task:ExecuteWithThreadLocal (System.Threading.Tasks.Task&)
System.Threading.Tasks.Task:ExecuteEntry (bool)
System.Threading.Tasks.Task:System.Threading.IThreadPoolWorkItem.ExecuteWorkItem ()
System.Threading.ThreadPoolWorkQueue:Dispatch ()
System.Threading._ThreadPoolWaitCallback:PerformWaitCallback ()

(Filename: ./Packages/com.opus.sdk/Runtime/Transport/UdpHapticTransport.cs Line: 107)

UnloadTime: 5.612600 ms
Found IOVRSkeletonDataProvider reference in [BuildingBlock] Hand Tracking left due to unassigned field.
UnityEngine.Debug:ExtractStackTraceNoAlloc (byte*,int,string)
UnityEngine.StackTraceUtility:ExtractStackTrace ()
UnityEngine.DebugLogHandler:Internal_Log (UnityEngine.LogType,UnityEngine.LogOption,string,UnityEngine.Object)
UnityEngine.DebugLogHandler:LogFormat (UnityEngine.LogType,UnityEngine.Object,string,object[])
UnityEngine.Logger:Log (UnityEngine.LogType,object)
UnityEngine.Debug:Log (object)
OVRSkeleton:Awake () (at ./Library/PackageCache/com.meta.xr.sdk.core@4ea2676097b9/Scripts/Util/OVRSkeleton.cs:520)

(Filename: ./Library/PackageCache/com.meta.xr.sdk.core@4ea2676097b9/Scripts/Util/OVRSkeleton.cs Line: 520)

Found IOVRSkeletonDataProvider reference in [BuildingBlock] Hand Tracking right due to unassigned field.
UnityEngine.Debug:ExtractStackTraceNoAlloc (byte*,int,string)
UnityEngine.StackTraceUtility:ExtractStackTrace ()
UnityEngine.DebugLogHandler:Internal_Log (UnityEngine.LogType,UnityEngine.LogOption,string,UnityEngine.Object)
UnityEngine.DebugLogHandler:LogFormat (UnityEngine.LogType,UnityEngine.Object,string,object[])
UnityEngine.Logger:Log (UnityEngine.LogType,object)
UnityEngine.Debug:Log (object)
OVRSkeleton:Awake () (at ./Library/PackageCache/com.meta.xr.sdk.core@4ea2676097b9/Scripts/Util/OVRSkeleton.cs:520)

(Filename: ./Library/PackageCache/com.meta.xr.sdk.core@4ea2676097b9/Scripts/Util/OVRSkeleton.cs Line: 520)

Setting linear velocity of a kinematic body is not supported.
UnityEngine.Debug:ExtractStackTraceNoAlloc (byte*,int,string)
UnityEngine.StackTraceUtility:ExtractStackTrace ()
UnityEngine.Rigidbody:set_linearVelocity (UnityEngine.Vector3)
Opus.Shell.OrchardReachSceneController:HandleTrialEvent (Opus.Sdk.TrialEvent) (at Assets/Shell/Runtime/OrchardReachSceneController.cs:879)
Opus.Games.OrchardReach.OrchardReachModule:Emit (string,string,Opus.Sdk.TrialTarget,string) (at Assets/Games/OrchardReach/Runtime/OrchardReachModule.cs:212)
Opus.Games.OrchardReach.OrchardReachModule:EmitSignal (System.Nullable`1<Opus.Games.OrchardReach.TrialSignal>,string,Opus.Sdk.TrialTarget) (at Assets/Games/OrchardReach/Runtime/OrchardReachModule.cs:228)
Opus.Games.OrchardReach.OrchardReachModule:StartNextTrial (double) (at Assets/Games/OrchardReach/Runtime/OrchardReachModule.cs:117)
Opus.Games.OrchardReach.OrchardReachModule:Begin () (at Assets/Games/OrchardReach/Runtime/OrchardReachModule.cs:80)
Opus.Shell.OrchardReachSceneController:Awake () (at Assets/Shell/Runtime/OrchardReachSceneController.cs:278)

[Assets/Shell/Runtime/OrchardReachSceneController.cs line 879]

Loaded scene 'Assets/Scenes/OrchardReach.unity'
	Deserialize:            181.625 ms
	Integration:            469.836 ms
	Integration of assets:  24.575 ms
	Thread Wait Time:       -0.604 ms
	Total Operation Time:   675.431 ms
Unloading 16273 unused Assets / (9.1 MB). Loaded Objects now: 14955.
Memory consumption went from 322.3 MB to 313.3 MB.
Total: 33.830000 ms (FindLiveObjects: 1.840800 ms CreateObjectMapping: 1.331000 ms MarkObjects: 19.982300 ms  DeleteObjects: 10.674400 ms)

At GameObject <color=#3366ff><b>PlayerController</b></color>, component <b>FirstPersonLocomotor</b>. The ground could not be found below the locomotor for 10 meters. Velocity will be disabled.A) Add a ground collider under the character controller and/or adjust the CharacterController.LayerMask.
B) Set _velocityDisabled to disable movement and prevent falling without showing this warning.
C) Set _maxStartGroundDistance to 0 to disable this behaviour.
UnityEngine.Debug:ExtractStackTraceNoAlloc (byte*,int,string)
UnityEngine.StackTraceUtility:ExtractStackTrace ()
UnityEngine.DebugLogHandler:Internal_Log (UnityEngine.LogType,UnityEngine.LogOption,string,UnityEngine.Object)
UnityEngine.DebugLogHandler:LogFormat (UnityEngine.LogType,UnityEngine.Object,string,object[])
UnityEngine.Logger:Log (UnityEngine.LogType,object,UnityEngine.Object)
UnityEngine.Debug:LogWarning (object,UnityEngine.Object)
Oculus.Interaction.AssertUtils:LogWarning (UnityEngine.Component,string,string,string) (at ./Library/PackageCache/com.meta.xr.sdk.interaction@875abb30439c/Runtime/Scripts/Utils/AssertUtils.cs:252)
Oculus.Interaction.Locomotion.FirstPersonLocomotor:Start () (at ./Library/PackageCache/com.meta.xr.sdk.interaction@875abb30439c/Runtime/Scripts/Interaction/Models/Locomotion/FirstPersonLocomotor.cs:444)

(Filename: ./Library/PackageCache/com.meta.xr.sdk.interaction@875abb30439c/Runtime/Scripts/Utils/AssertUtils.cs Line: 252)

Setting linear velocity of a kinematic body is not supported.
UnityEngine.Debug:ExtractStackTraceNoAlloc (byte*,int,string)
UnityEngine.StackTraceUtility:ExtractStackTrace ()
UnityEngine.Rigidbody:set_linearVelocity (UnityEngine.Vector3)
Opus.Shell.OrchardReachSceneController:DriveDemoHandAndFruit () (at Assets/Shell/Runtime/OrchardReachSceneController.cs:677)
Opus.Shell.OrchardReachSceneController:Update () (at Assets/Shell/Runtime/OrchardReachSceneController.cs:486)

[Assets/Shell/Runtime/OrchardReachSceneController.cs line 677]

[HapticClient] cue dropped for motor 0: no haptic device known yet (HasDevice=false).
UnityEngine.Debug:ExtractStackTraceNoAlloc (byte*,int,string)
UnityEngine.StackTraceUtility:ExtractStackTrace ()
UnityEngine.DebugLogHandler:Internal_Log (UnityEngine.LogType,UnityEngine.LogOption,string,UnityEngine.Object)
UnityEngine.DebugLogHandler:LogFormat (UnityEngine.LogType,UnityEngine.Object,string,object[])
UnityEngine.Logger:Log (UnityEngine.LogType,object)
UnityEngine.Debug:Log (object)
Opus.Sdk.HapticClient:GateCue (int,double,bool) (at ./Packages/com.opus.sdk/Runtime/Transport/HapticClient.cs:198)
Opus.Sdk.HapticClient:SendTrunkLean (double,double) (at ./Packages/com.opus.sdk/Runtime/Transport/HapticClient.cs:118)
Opus.Shell.OrchardReachSceneController:HandleFormSignal (Opus.Sdk.FormWarningSignal) (at Assets/Shell/Runtime/OrchardReachSceneController.cs:567)
Opus.Sdk.FormFeedback:TickLean (double,double) (at ./Packages/com.opus.sdk/Runtime/Feedback/FormFeedback.cs:74)
Opus.Sdk.FormFeedback:Tick (double,double,bool,bool) (at ./Packages/com.opus.sdk/Runtime/Feedback/FormFeedback.cs:60)
Opus.Shell.OrchardReachSceneController:TickFormFeedbackAndHaptics (Opus.Sdk.IHandSource) (at Assets/Shell/Runtime/OrchardReachSceneController.cs:555)
Opus.Shell.OrchardReachSceneController:Update () (at Assets/Shell/Runtime/OrchardReachSceneController.cs:488)

(Filename: ./Packages/com.opus.sdk/Runtime/Transport/HapticClient.cs Line: 198)

[UdpHapticTransport] sleeve discovered at 169.254.188.98:8790 (device_id=sleeve-sim-01)
UnityEngine.Debug:ExtractStackTraceNoAlloc (byte*,int,string)
UnityEngine.StackTraceUtility:ExtractStackTrace ()
UnityEngine.DebugLogHandler:Internal_Log (UnityEngine.LogType,UnityEngine.LogOption,string,UnityEngine.Object)
UnityEngine.DebugLogHandler:LogFormat (UnityEngine.LogType,UnityEngine.Object,string,object[])
UnityEngine.Logger:Log (UnityEngine.LogType,object)
UnityEngine.Debug:Log (object)
Opus.Sdk.UdpHapticTransport/<DiscoveryLoopAsync>d__24:MoveNext () (at ./Packages/com.opus.sdk/Runtime/Transport/UdpHapticTransport.cs:191)
System.Runtime.CompilerServices.AsyncMethodBuilderCore/MoveNextRunner:InvokeMoveNext (object)
System.Threading.ExecutionContext:RunInternal (System.Threading.ExecutionContext,System.Threading.ContextCallback,object,bool)
System.Threading.ExecutionContext:Run (System.Threading.ExecutionContext,System.Threading.ContextCallback,object,bool)
System.Runtime.CompilerServices.AsyncMethodBuilderCore/MoveNextRunner:Run ()
System.Threading.Tasks.AwaitTaskContinuation:RunOrScheduleAction (System.Action,bool,System.Threading.Tasks.Task&)
System.Threading.Tasks.Task:FinishContinuations ()
System.Threading.Tasks.Task:FinishStageThree ()
System.Threading.Tasks.Task`1<System.Net.Sockets.UdpReceiveResult>:TrySetResult (System.Net.Sockets.UdpReceiveResult)
System.Threading.Tasks.TaskFactory`1<System.Net.Sockets.UdpReceiveResult>:FromAsyncCoreLogic (System.IAsyncResult,System.Func`2<System.IAsyncResult, System.Net.Sockets.UdpReceiveResult>,System.Action`1<System.IAsyncResult>,System.Threading.Tasks.Task`1<System.Net.Sockets.UdpReceiveResult>,bool)
System.Threading.Tasks.TaskFactory`1/<>c__DisplayClass35_0<System.Net.Sockets.UdpReceiveResult>:<FromAsyncImpl>b__0 (System.IAsyncResult)
System.Net.Sockets.SocketAsyncResult/<>c:<Complete>b__27_0 (object)
System.Threading.QueueUserWorkItemCallback:System.Threading.IThreadPoolWorkItem.ExecuteWorkItem ()
System.Threading.ThreadPoolWorkQueue:Dispatch ()
System.Threading._ThreadPoolWaitCallback:PerformWaitCallback ()

(Filename: ./Packages/com.opus.sdk/Runtime/Transport/UdpHapticTransport.cs Line: 191)

[HapticClient] sending cue=success motor=0 cueId=15bda60d-883a-47a2-9226-8a7e15b98676 nowMs=1435
UnityEngine.Debug:ExtractStackTraceNoAlloc (byte*,int,string)
UnityEngine.StackTraceUtility:ExtractStackTrace ()
UnityEngine.DebugLogHandler:Internal_Log (UnityEngine.LogType,UnityEngine.LogOption,string,UnityEngine.Object)
UnityEngine.DebugLogHandler:LogFormat (UnityEngine.LogType,UnityEngine.Object,string,object[])
UnityEngine.Logger:Log (UnityEngine.LogType,object)
UnityEngine.Debug:Log (object)
Opus.Sdk.HapticClient:SendDeviceCommand (Opus.Sdk.HapticDeviceCommand,string,double,bool) (at ./Packages/com.opus.sdk/Runtime/Transport/HapticClient.cs:221)
Opus.Sdk.HapticClient:SendSuccess (double) (at ./Packages/com.opus.sdk/Runtime/Transport/HapticClient.cs:149)
Opus.Shell.OrchardReachSceneController:HandleTrialEvent (Opus.Sdk.TrialEvent) (at Assets/Shell/Runtime/OrchardReachSceneController.cs:856)
Opus.Games.OrchardReach.OrchardReachModule:Emit (string,string,Opus.Sdk.TrialTarget,string) (at Assets/Games/OrchardReach/Runtime/OrchardReachModule.cs:212)
Opus.Games.OrchardReach.OrchardReachModule:ConfirmPlacedInBasket (double) (at Assets/Games/OrchardReach/Runtime/OrchardReachModule.cs:186)
Opus.Shell.OrchardReachSceneController:OnFruitEnteredBasket () (at Assets/Shell/Runtime/OrchardReachSceneController.cs:827)
Opus.Shell.OrchardReachSceneController:<Awake>b__75_1 (UnityEngine.GameObject) (at Assets/Shell/Runtime/OrchardReachSceneController.cs:258)
Opus.Shell.BasketTrigger:OnTriggerEnter (UnityEngine.Collider) (at Assets/Shell/Runtime/BasketTrigger.cs:23)

(Filename: ./Packages/com.opus.sdk/Runtime/Transport/HapticClient.cs Line: 221)

Setting linear velocity of a kinematic body is not supported.
UnityEngine.Debug:ExtractStackTraceNoAlloc (byte*,int,string)
UnityEngine.StackTraceUtility:ExtractStackTrace ()
UnityEngine.Rigidbody:set_linearVelocity (UnityEngine.Vector3)
Opus.Shell.OrchardReachSceneController:HandleTrialEvent (Opus.Sdk.TrialEvent) (at Assets/Shell/Runtime/OrchardReachSceneController.cs:879)
Opus.Games.OrchardReach.OrchardReachModule:Emit (string,string,Opus.Sdk.TrialTarget,string) (at Assets/Games/OrchardReach/Runtime/OrchardReachModule.cs:212)
Opus.Games.OrchardReach.OrchardReachModule:EmitSignal (System.Nullable`1<Opus.Games.OrchardReach.TrialSignal>,string,Opus.Sdk.TrialTarget) (at Assets/Games/OrchardReach/Runtime/OrchardReachModule.cs:228)
Opus.Games.OrchardReach.OrchardReachModule:StartNextTrial (double) (at Assets/Games/OrchardReach/Runtime/OrchardReachModule.cs:117)
Opus.Games.OrchardReach.OrchardReachModule:OnTrialFinished (Opus.Games.OrchardReach.TrialOutcome,double) (at Assets/Games/OrchardReach/Runtime/OrchardReachModule.cs:198)
Opus.Games.OrchardReach.OrchardReachModule:ConfirmPlacedInBasket (double) (at Assets/Games/OrchardReach/Runtime/OrchardReachModule.cs:189)
Opus.Shell.OrchardReachSceneController:OnFruitEnteredBasket () (at Assets/Shell/Runtime/OrchardReachSceneController.cs:827)
Opus.Shell.OrchardReachSceneController:<Awake>b__75_1 (UnityEngine.GameObject) (at Assets/Shell/Runtime/OrchardReachSceneController.cs:258)
Opus.Shell.BasketTrigger:OnTriggerEnter (UnityEngine.Collider) (at Assets/Shell/Runtime/BasketTrigger.cs:23)

[Assets/Shell/Runtime/OrchardReachSceneController.cs line 879]

Setting linear velocity of a kinematic body is not supported.
UnityEngine.Debug:ExtractStackTraceNoAlloc (byte*,int,string)
UnityEngine.StackTraceUtility:ExtractStackTrace ()
UnityEngine.Rigidbody:set_linearVelocity (UnityEngine.Vector3)
Opus.Shell.OrchardReachSceneController:DriveDemoHandAndFruit () (at Assets/Shell/Runtime/OrchardReachSceneController.cs:677)
Opus.Shell.OrchardReachSceneController:Update () (at Assets/Shell/Runtime/OrchardReachSceneController.cs:486)

[Assets/Shell/Runtime/OrchardReachSceneController.cs line 677]

[HapticClient] sending cue=success motor=0 cueId=0e60f9e4-1368-46bc-96d4-f1793a5be45d nowMs=2395
UnityEngine.Debug:ExtractStackTraceNoAlloc (byte*,int,string)
UnityEngine.StackTraceUtility:ExtractStackTrace ()
UnityEngine.DebugLogHandler:Internal_Log (UnityEngine.LogType,UnityEngine.LogOption,string,UnityEngine.Object)
UnityEngine.DebugLogHandler:LogFormat (UnityEngine.LogType,UnityEngine.Object,string,object[])
UnityEngine.Logger:Log (UnityEngine.LogType,object)
UnityEngine.Debug:Log (object)
Opus.Sdk.HapticClient:SendDeviceCommand (Opus.Sdk.HapticDeviceCommand,string,double,bool) (at ./Packages/com.opus.sdk/Runtime/Transport/HapticClient.cs:221)
Opus.Sdk.HapticClient:SendSuccess (double) (at ./Packages/com.opus.sdk/Runtime/Transport/HapticClient.cs:149)
Opus.Shell.OrchardReachSceneController:HandleTrialEvent (Opus.Sdk.TrialEvent) (at Assets/Shell/Runtime/OrchardReachSceneController.cs:856)
Opus.Games.OrchardReach.OrchardReachModule:Emit (string,string,Opus.Sdk.TrialTarget,string) (at Assets/Games/OrchardReach/Runtime/OrchardReachModule.cs:212)
Opus.Games.OrchardReach.OrchardReachModule:ConfirmPlacedInBasket (double) (at Assets/Games/OrchardReach/Runtime/OrchardReachModule.cs:186)
Opus.Shell.OrchardReachSceneController:OnFruitEnteredBasket () (at Assets/Shell/Runtime/OrchardReachSceneController.cs:827)
Opus.Shell.OrchardReachSceneController:<Awake>b__75_1 (UnityEngine.GameObject) (at Assets/Shell/Runtime/OrchardReachSceneController.cs:258)
Opus.Shell.BasketTrigger:OnTriggerEnter (UnityEngine.Collider) (at Assets/Shell/Runtime/BasketTrigger.cs:23)

(Filename: ./Packages/com.opus.sdk/Runtime/Transport/HapticClient.cs Line: 221)

Setting linear velocity of a kinematic body is not supported.
UnityEngine.Debug:ExtractStackTraceNoAlloc (byte*,int,string)
UnityEngine.StackTraceUtility:ExtractStackTrace ()
UnityEngine.Rigidbody:set_linearVelocity (UnityEngine.Vector3)
Opus.Shell.OrchardReachSceneController:HandleTrialEvent (Opus.Sdk.TrialEvent) (at Assets/Shell/Runtime/OrchardReachSceneController.cs:879)
Opus.Games.OrchardReach.OrchardReachModule:Emit (string,string,Opus.Sdk.TrialTarget,string) (at Assets/Games/OrchardReach/Runtime/OrchardReachModule.cs:212)
Opus.Games.OrchardReach.OrchardReachModule:EmitSignal (System.Nullable`1<Opus.Games.OrchardReach.TrialSignal>,string,Opus.Sdk.TrialTarget) (at Assets/Games/OrchardReach/Runtime/OrchardReachModule.cs:228)
Opus.Games.OrchardReach.OrchardReachModule:StartNextTrial (double) (at Assets/Games/OrchardReach/Runtime/OrchardReachModule.cs:117)
Opus.Games.OrchardReach.OrchardReachModule:OnTrialFinished (Opus.Games.OrchardReach.TrialOutcome,double) (at Assets/Games/OrchardReach/Runtime/OrchardReachModule.cs:198)
Opus.Games.OrchardReach.OrchardReachModule:ConfirmPlacedInBasket (double) (at Assets/Games/OrchardReach/Runtime/OrchardReachModule.cs:189)
Opus.Shell.OrchardReachSceneController:OnFruitEnteredBasket () (at Assets/Shell/Runtime/OrchardReachSceneController.cs:827)
Opus.Shell.OrchardReachSceneController:<Awake>b__75_1 (UnityEngine.GameObject) (at Assets/Shell/Runtime/OrchardReachSceneController.cs:258)
Opus.Shell.BasketTrigger:OnTriggerEnter (UnityEngine.Collider) (at Assets/Shell/Runtime/BasketTrigger.cs:23)

[Assets/Shell/Runtime/OrchardReachSceneController.cs line 879]

Setting linear velocity of a kinematic body is not supported.
UnityEngine.Debug:ExtractStackTraceNoAlloc (byte*,int,string)
UnityEngine.StackTraceUtility:ExtractStackTrace ()
UnityEngine.Rigidbody:set_linearVelocity (UnityEngine.Vector3)
Opus.Shell.OrchardReachSceneController:DriveDemoHandAndFruit () (at Assets/Shell/Runtime/OrchardReachSceneController.cs:677)
Opus.Shell.OrchardReachSceneController:Update () (at Assets/Shell/Runtime/OrchardReachSceneController.cs:486)

[Assets/Shell/Runtime/OrchardReachSceneController.cs line 677]

[HapticClient] cue dropped for motor 1: sustained-rate cap (2/s) hit.
UnityEngine.Debug:ExtractStackTraceNoAlloc (byte*,int,string)
UnityEngine.StackTraceUtility:ExtractStackTrace ()
UnityEngine.DebugLogHandler:Internal_Log (UnityEngine.LogType,UnityEngine.LogOption,string,UnityEngine.Object)
UnityEngine.DebugLogHandler:LogFormat (UnityEngine.LogType,UnityEngine.Object,string,object[])
UnityEngine.Logger:Log (UnityEngine.LogType,object)
UnityEngine.Debug:Log (object)
Opus.Sdk.HapticClient:GateCue (int,double,bool) (at ./Packages/com.opus.sdk/Runtime/Transport/HapticClient.cs:206)
Opus.Sdk.HapticClient:SendLowConfidence (double) (at ./Packages/com.opus.sdk/Runtime/Transport/HapticClient.cs:131)
Opus.Shell.OrchardReachSceneController:HandleFormSignal (Opus.Sdk.FormWarningSignal) (at Assets/Shell/Runtime/OrchardReachSceneController.cs:571)
Opus.Sdk.FormFeedback:TickTracking (double,bool) (at ./Packages/com.opus.sdk/Runtime/Feedback/FormFeedback.cs:96)
Opus.Sdk.FormFeedback:Tick (double,double,bool,bool) (at ./Packages/com.opus.sdk/Runtime/Feedback/FormFeedback.cs:61)
Opus.Shell.OrchardReachSceneController:TickFormFeedbackAndHaptics (Opus.Sdk.IHandSource) (at Assets/Shell/Runtime/OrchardReachSceneController.cs:555)
Opus.Shell.OrchardReachSceneController:Update () (at Assets/Shell/Runtime/OrchardReachSceneController.cs:488)

(Filename: ./Packages/com.opus.sdk/Runtime/Transport/HapticClient.cs Line: 206)

Setting linear velocity of a kinematic body is not supported.
UnityEngine.Debug:ExtractStackTraceNoAlloc (byte*,int,string)
UnityEngine.StackTraceUtility:ExtractStackTrace ()
UnityEngine.Rigidbody:set_linearVelocity (UnityEngine.Vector3)
Opus.Shell.OrchardReachSceneController:HandleTrialEvent (Opus.Sdk.TrialEvent) (at Assets/Shell/Runtime/OrchardReachSceneController.cs:879)
Opus.Games.OrchardReach.OrchardReachModule:Emit (string,string,Opus.Sdk.TrialTarget,string) (at Assets/Games/OrchardReach/Runtime/OrchardReachModule.cs:212)
Opus.Games.OrchardReach.OrchardReachModule:EmitSignal (System.Nullable`1<Opus.Games.OrchardReach.TrialSignal>,string,Opus.Sdk.TrialTarget) (at Assets/Games/OrchardReach/Runtime/OrchardReachModule.cs:228)
Opus.Games.OrchardReach.OrchardReachModule:StartNextTrial (double) (at Assets/Games/OrchardReach/Runtime/OrchardReachModule.cs:117)
Opus.Games.OrchardReach.OrchardReachModule:OnTrialFinished (Opus.Games.OrchardReach.TrialOutcome,double) (at Assets/Games/OrchardReach/Runtime/OrchardReachModule.cs:198)
Opus.Games.OrchardReach.OrchardReachModule:Tick (double,Opus.Sdk.IHandSource) (at Assets/Games/OrchardReach/Runtime/OrchardReachModule.cs:162)
Opus.Shell.OrchardReachSceneController:Update () (at Assets/Shell/Runtime/OrchardReachSceneController.cs:484)

[Assets/Shell/Runtime/OrchardReachSceneController.cs line 879]

Setting linear velocity of a kinematic body is not supported.
UnityEngine.Debug:ExtractStackTraceNoAlloc (byte*,int,string)
UnityEngine.StackTraceUtility:ExtractStackTrace ()
UnityEngine.Rigidbody:set_linearVelocity (UnityEngine.Vector3)
Opus.Shell.OrchardReachSceneController:DriveDemoHandAndFruit () (at Assets/Shell/Runtime/OrchardReachSceneController.cs:677)
Opus.Shell.OrchardReachSceneController:Update () (at Assets/Shell/Runtime/OrchardReachSceneController.cs:486)

[Assets/Shell/Runtime/OrchardReachSceneController.cs line 677]

Setting linear velocity of a kinematic body is not supported.
UnityEngine.Debug:ExtractStackTraceNoAlloc (byte*,int,string)
UnityEngine.StackTraceUtility:ExtractStackTrace ()
UnityEngine.Rigidbody:set_linearVelocity (UnityEngine.Vector3)
Opus.Shell.OrchardReachSceneController:HandleTrialEvent (Opus.Sdk.TrialEvent) (at Assets/Shell/Runtime/OrchardReachSceneController.cs:879)
Opus.Games.OrchardReach.OrchardReachModule:Emit (string,string,Opus.Sdk.TrialTarget,string) (at Assets/Games/OrchardReach/Runtime/OrchardReachModule.cs:212)
Opus.Games.OrchardReach.OrchardReachModule:EmitSignal (System.Nullable`1<Opus.Games.OrchardReach.TrialSignal>,string,Opus.Sdk.TrialTarget) (at Assets/Games/OrchardReach/Runtime/OrchardReachModule.cs:228)
Opus.Games.OrchardReach.OrchardReachModule:StartNextTrial (double) (at Assets/Games/OrchardReach/Runtime/OrchardReachModule.cs:117)
Opus.Games.OrchardReach.OrchardReachModule:OnTrialFinished (Opus.Games.OrchardReach.TrialOutcome,double) (at Assets/Games/OrchardReach/Runtime/OrchardReachModule.cs:198)
Opus.Games.OrchardReach.OrchardReachModule:Tick (double,Opus.Sdk.IHandSource) (at Assets/Games/OrchardReach/Runtime/OrchardReachModule.cs:162)
Opus.Shell.OrchardReachSceneController:Update () (at Assets/Shell/Runtime/OrchardReachSceneController.cs:484)

[Assets/Shell/Runtime/OrchardReachSceneController.cs line 879]

Setting linear velocity of a kinematic body is not supported.
UnityEngine.Debug:ExtractStackTraceNoAlloc (byte*,int,string)
UnityEngine.StackTraceUtility:ExtractStackTrace ()
UnityEngine.Rigidbody:set_linearVelocity (UnityEngine.Vector3)
Opus.Shell.OrchardReachSceneController:DriveDemoHandAndFruit () (at Assets/Shell/Runtime/OrchardReachSceneController.cs:677)
Opus.Shell.OrchardReachSceneController:Update () (at Assets/Shell/Runtime/OrchardReachSceneController.cs:486)

[Assets/Shell/Runtime/OrchardReachSceneController.cs line 677]

Setting linear velocity of a kinematic body is not supported.
UnityEngine.Debug:ExtractStackTraceNoAlloc (byte*,int,string)
UnityEngine.StackTraceUtility:ExtractStackTrace ()
UnityEngine.Rigidbody:set_linearVelocity (UnityEngine.Vector3)
Opus.Shell.OrchardReachSceneController:HandleTrialEvent (Opus.Sdk.TrialEvent) (at Assets/Shell/Runtime/OrchardReachSceneController.cs:879)
Opus.Games.OrchardReach.OrchardReachModule:Emit (string,string,Opus.Sdk.TrialTarget,string) (at Assets/Games/OrchardReach/Runtime/OrchardReachModule.cs:212)
Opus.Games.OrchardReach.OrchardReachModule:EmitSignal (System.Nullable`1<Opus.Games.OrchardReach.TrialSignal>,string,Opus.Sdk.TrialTarget) (at Assets/Games/OrchardReach/Runtime/OrchardReachModule.cs:228)
Opus.Games.OrchardReach.OrchardReachModule:StartNextTrial (double) (at Assets/Games/OrchardReach/Runtime/OrchardReachModule.cs:117)
Opus.Games.OrchardReach.OrchardReachModule:OnTrialFinished (Opus.Games.OrchardReach.TrialOutcome,double) (at Assets/Games/OrchardReach/Runtime/OrchardReachModule.cs:198)
Opus.Games.OrchardReach.OrchardReachModule:Tick (double,Opus.Sdk.IHandSource) (at Assets/Games/OrchardReach/Runtime/OrchardReachModule.cs:162)
Opus.Shell.OrchardReachSceneController:Update () (at Assets/Shell/Runtime/OrchardReachSceneController.cs:484)

[Assets/Shell/Runtime/OrchardReachSceneController.cs line 879]

Setting linear velocity of a kinematic body is not supported.
UnityEngine.Debug:ExtractStackTraceNoAlloc (byte*,int,string)
UnityEngine.StackTraceUtility:ExtractStackTrace ()
UnityEngine.Rigidbody:set_linearVelocity (UnityEngine.Vector3)
Opus.Shell.OrchardReachSceneController:DriveDemoHandAndFruit () (at Assets/Shell/Runtime/OrchardReachSceneController.cs:677)
Opus.Shell.OrchardReachSceneController:Update () (at Assets/Shell/Runtime/OrchardReachSceneController.cs:486)

[Assets/Shell/Runtime/OrchardReachSceneController.cs line 677]

[OPUS] HapticIntegrationTest: sleeve absent -> trialsCompleted=6 after 9.5s
UnityEngine.Debug:ExtractStackTraceNoAlloc (byte*,int,string)
UnityEngine.StackTraceUtility:ExtractStackTrace ()
UnityEngine.DebugLogHandler:Internal_Log (UnityEngine.LogType,UnityEngine.LogOption,string,UnityEngine.Object)
UnityEngine.DebugLogHandler:LogFormat (UnityEngine.LogType,UnityEngine.Object,string,object[])
UnityEngine.Logger:Log (UnityEngine.LogType,object)
UnityEngine.Debug:Log (object)
Opus.Shell.Tests.PlayMode.HapticIntegrationTests/<DemoSession_SleeveNeverAnswers_SessionStillCompletes>d__11:MoveNext () (at Assets/Shell/Tests/PlayMode/HapticIntegrationTests.cs:271)
UnityEngine.TestTools.TestEnumerator/<Execute>d__7:MoveNext () (at ./Library/PackageCache/com.unity.test-framework@76560ee600cb/UnityEngine.TestRunner/NUnitExtensions/Attributes/TestEnumerator.cs:44)
UnityEngine.TestTools.EnumerableTestMethodCommand/<ExecuteEnumerableAndRecordExceptions>d__4:MoveNext () (at ./Library/PackageCache/com.unity.test-framework@76560ee600cb/UnityEngine.TestRunner/NUnitExtensions/Commands/EnumerableTestMethodCommand.cs:79)
UnityEngine.TestTools.EnumerableTestMethodCommand:AdvanceEnumerator (System.Collections.IEnumerator) (at ./Library/PackageCache/com.unity.test-framework@76560ee600cb/UnityEngine.TestRunner/NUnitExtensions/Commands/EnumerableTestMethodCommand.cs:64)
UnityEngine.TestTools.EnumerableTestMethodCommand/<ExecuteEnumerable>d__2:MoveNext () (at ./Library/PackageCache/com.unity.test-framework@76560ee600cb/UnityEngine.TestRunner/NUnitExtensions/Commands/EnumerableTestMethodCommand.cs:47)
UnityEngine.TestRunner.NUnitExtensions.Runner.UnityLogCheckDelegatingCommand/<ExecuteEnumerable>d__3:MoveNext () (at ./Library/PackageCache/com.unity.test-framework@76560ee600cb/UnityEngine.TestRunner/NUnitExtensions/Runner/UnityLogCheckDelegatingCommand.cs:48)
UnityEngine.TestTools.BeforeAfterTestCommandBase`1/<ExecuteEnumerable>d__16<NUnit.Framework.ITestAction>:MoveNext () (at ./Library/PackageCache/com.unity.test-framework@76560ee600cb/UnityEngine.TestRunner/NUnitExtensions/Commands/BeforeAfterTestCommandBase.cs:212)
UnityEngine.TestTools.BeforeAfterTestCommandBase`1/<ExecuteEnumerable>d__16<System.Reflection.MethodInfo>:MoveNext () (at ./Library/PackageCache/com.unity.test-framework@76560ee600cb/UnityEngine.TestRunner/NUnitExtensions/Commands/BeforeAfterTestCommandBase.cs:212)
UnityEngine.TestTools.BeforeAfterTestCommandBase`1/<ExecuteEnumerable>d__16<System.Reflection.MethodInfo>:MoveNext () (at ./Library/PackageCache/com.unity.test-framework@76560ee600cb/UnityEngine.TestRunner/NUnitExtensions/Commands/BeforeAfterTestCommandBase.cs:212)
UnityEngine.TestTools.BeforeAfterTestCommandBase`1/<ExecuteEnumerable>d__16<UnityEngine.TestTools.IOuterUnityTestAction>:MoveNext () (at ./Library/PackageCache/com.unity.test-framework@76560ee600cb/UnityEngine.TestRunner/NUnitExtensions/Commands/BeforeAfterTestCommandBase.cs:212)
UnityEngine.TestTools.RetryCommand/<ExecuteEnumerable>d__2:MoveNext () (at ./Library/PackageCache/com.unity.test-framework@76560ee600cb/UnityEngine.TestRunner/NUnitExtensions/Commands/RetryCommand.cs:37)
UnityEngine.TestTools.RepeatCommand/<ExecuteEnumerable>d__2:MoveNext () (at ./Library/PackageCache/com.unity.test-framework@76560ee600cb/UnityEngine.TestRunner/NUnitExtensions/Commands/RepeatCommand.cs:36)
UnityEngine.TestTools.IgnoreTestCommand/<ExecuteEnumerable>d__3:MoveNext () (at ./Library/PackageCache/com.unity.test-framework@76560ee600cb/UnityEngine.TestRunner/NUnitExtensions/Commands/IgnoreTestCommand.cs:42)
UnityEngine.TestTools.StrictCheckCommand/<ExecuteEnumerable>d__2:MoveNext () (at ./Library/PackageCache/com.unity.test-framework@76560ee600cb/UnityEngine.TestRunner/NUnitExtensions/Commands/StrictCheckCommand.cs:29)
UnityEngine.TestTools.Utils.CoroutineRunner/<WrapEnumeratorForChecks>d__8:MoveNext () (at ./Library/PackageCache/com.unity.test-framework@76560ee600cb/UnityEngine.TestRunner/Utils/CoroutineRunner.cs:58)
UnityEngine.SetupCoroutine:InvokeMoveNext (System.Collections.IEnumerator,intptr)

(Filename: Assets/Shell/Tests/PlayMode/HapticIntegrationTests.cs Line: 271)

[TestRunnerTools] Test Finished: Opus.Shell.Tests.PlayMode.HapticIntegrationTests.DemoSession_SleeveNeverAnswers_SessionStillCompletes, ResultState: Passed, Duration: 10.259s
UnityEngine.Debug:ExtractStackTraceNoAlloc (byte*,int,string)
UnityEngine.StackTraceUtility:ExtractStackTrace ()
UnityEngine.DebugLogHandler:Internal_Log (UnityEngine.LogType,UnityEngine.LogOption,string,UnityEngine.Object)
UnityEngine.DebugLogHandler:LogFormat (UnityEngine.LogType,UnityEngine.Object,string,object[])
UnityEngine.Logger:Log (UnityEngine.LogType,object)
UnityEngine.Debug:Log (object)
Meta.MCPBridge.Editor.TestRunnerTools:OnTestFinished (UnityEditor.TestTools.TestRunner.Api.ITestResultAdaptor) (at ./Library/PackageCache/com.meta.xr.sdk.core@4ea2676097b9/Editor/MCPBridge/TestRunnerTools.cs:847)
Meta.MCPBridge.Editor.TestRunnerTools/TestRunnerCallbacks:TestFinished (UnityEditor.TestTools.TestRunner.Api.ITestResultAdaptor) (at ./Library/PackageCache/com.meta.xr.sdk.core@4ea2676097b9/Editor/MCPBridge/TestRunnerTools.cs:904)
UnityEditor.TestTools.TestRunner.Api.CallbacksDelegator/<>c__DisplayClass14_0:<TestFinished>b__0 (UnityEditor.TestTools.TestRunner.Api.ICallbacks) (at ./Library/PackageCache/com.unity.test-framework@76560ee600cb/UnityEditor.TestRunner/Api/CallbacksDelegator.cs:95)
UnityEditor.TestTools.TestRunner.Api.CallbacksDelegator:TryInvokeAllCallbacks (System.Action`1<UnityEditor.TestTools.TestRunner.Api.ICallbacks>) (at ./Library/PackageCache/com.unity.test-framework@76560ee600cb/UnityEditor.TestRunner/Api/CallbacksDelegator.cs:135)
UnityEditor.TestTools.TestRunner.Api.CallbacksDelegator:TestFinished (NUnit.Framework.Interfaces.ITestResult) (at ./Library/PackageCache/com.unity.test-framework@76560ee600cb/UnityEditor.TestRunner/Api/CallbacksDelegator.cs:95)
UnityEngine.Events.InvokableCall`1<NUnit.Framework.Interfaces.ITestResult>:Invoke (NUnit.Framework.Interfaces.ITestResult)
UnityEngine.Events.UnityEvent`1<NUnit.Framework.Interfaces.ITestResult>:Invoke (NUnit.Framework.Interfaces.ITestResult)
UnityEngine.Events.InvokableCall`1<NUnit.Framework.Interfaces.ITestResult>:Invoke (NUnit.Framework.Interfaces.ITestResult)
UnityEngine.Events.UnityEvent`1<NUnit.Framework.Interfaces.ITestResult>:Invoke (NUnit.Framework.Interfaces.ITestResult)
UnityEngine.TestTools.TestRunner.TestListenerWrapper:TestFinished (NUnit.Framework.Interfaces.ITestResult) (at ./Library/PackageCache/com.unity.test-framework@76560ee600cb/UnityEngine.TestRunner/TestRunner/TestListenerWrapper.cs:24)
UnityEngine.TestRunner.NUnitExtensions.Runner.UnityWorkItem:WorkItemComplete () (at ./Library/PackageCache/com.unity.test-framework@76560ee600cb/UnityEngine.TestRunner/NUnitExtensions/Runner/UnityWorkItem.cs:107)
UnityEngine.TestRunner.NUnitExtensions.Runner.CoroutineTestWorkItem/<PerformWork>d__6:<>m__Finally1 () (at ./Library/PackageCache/com.unity.test-framework@76560ee600cb/UnityEngine.TestRunner/NUnitExtensions/Runner/CoroutineTestWorkItem.cs:59)
UnityEngine.TestRunner.NUnitExtensions.Runner.CoroutineTestWorkItem/<PerformWork>d__6:MoveNext () (at ./Library/PackageCache/com.unity.test-framework@76560ee600cb/UnityEngine.TestRunner/NUnitExtensions/Runner/CoroutineTestWorkItem.cs:56)
UnityEngine.TestRunner.NUnitExtensions.Runner.CompositeWorkItem/<RunChildren>d__17:MoveNext () (at ./Library/PackageCache/com.unity.test-framework@76560ee600cb/UnityEngine.TestRunner/NUnitExtensions/Runner/CompositeWorkItem.cs:207)
UnityEngine.TestRunner.NUnitExtensions.Runner.CompositeWorkItem/<PerformWork>d__13:MoveNext () (at ./Library/PackageCache/com.unity.test-framework@76560ee600cb/UnityEngine.TestRunner/NUnitExtensions/Runner/CompositeWorkItem.cs:82)
UnityEngine.TestRunner.NUnitExtensions.Runner.CompositeWorkItem/<RunChildren>d__17:MoveNext () (at ./Library/PackageCache/com.unity.test-framework@76560ee600cb/UnityEngine.TestRunner/NUnitExtensions/Runner/CompositeWorkItem.cs:207)
UnityEngine.TestRunner.NUnitExtensions.Runner.CompositeWorkItem/<PerformWork>d__13:MoveNext () (at ./Library/PackageCache/com.unity.test-framework@76560ee600cb/UnityEngine.TestRunner/NUnitExtensions/Runner/CompositeWorkItem.cs:82)
UnityEngine.TestRunner.NUnitExtensions.Runner.CompositeWorkItem/<RunChildren>d__17:MoveNext () (at ./Library/PackageCache/com.unity.test-framework@76560ee600cb/UnityEngine.TestRunner/NUnitExtensions/Runner/CompositeWorkItem.cs:207)
UnityEngine.TestRunner.NUnitExtensions.Runner.CompositeWorkItem/<PerformWork>d__13:MoveNext () (at ./Library/PackageCache/com.unity.test-framework@76560ee600cb/UnityEngine.TestRunner/NUnitExtensions/Runner/CompositeWorkItem.cs:82)
UnityEngine.TestRunner.NUnitExtensions.Runner.CompositeWorkItem/<RunChildren>d__17:MoveNext () (at ./Library/PackageCache/com.unity.test-framework@76560ee600cb/UnityEngine.TestRunner/NUnitExtensions/Runner/CompositeWorkItem.cs:207)
UnityEngine.TestRunner.NUnitExtensions.Runner.CompositeWorkItem/<PerformWork>d__13:MoveNext () (at ./Library/PackageCache/com.unity.test-framework@76560ee600cb/UnityEngine.TestRunner/NUnitExtensions/Runner/CompositeWorkItem.cs:82)
UnityEngine.TestRunner.NUnitExtensions.Runner.CompositeWorkItem/<RunChildren>d__17:MoveNext () (at ./Library/PackageCache/com.unity.test-framework@76560ee600cb/UnityEngine.TestRunner/NUnitExtensions/Runner/CompositeWorkItem.cs:207)
UnityEngine.TestRunner.NUnitExtensions.Runner.CompositeWorkItem/<PerformWork>d__13:MoveNext () (at ./Library/PackageCache/com.unity.test-framework@76560ee600cb/UnityEngine.TestRunner/NUnitExtensions/Runner/CompositeWorkItem.cs:82)
UnityEngine.TestRunner.NUnitExtensions.Runner.CompositeWorkItem/<RunChildren>d__17:MoveNext () (at ./Library/PackageCache/com.unity.test-framework@76560ee600cb/UnityEngine.TestRunner/NUnitExtensions/Runner/CompositeWorkItem.cs:207)
UnityEngine.TestRunner.NUnitExtensions.Runner.CompositeWorkItem/<PerformWork>d__13:MoveNext () (at ./Library/PackageCache/com.unity.test-framework@76560ee600cb/UnityEngine.TestRunner/NUnitExtensions/Runner/CompositeWorkItem.cs:82)
UnityEngine.TestRunner.NUnitExtensions.Runner.CompositeWorkItem/<RunChildren>d__17:MoveNext () (at ./Library/PackageCache/com.unity.test-framework@76560ee600cb/UnityEngine.TestRunner/NUnitExtensions/Runner/CompositeWorkItem.cs:207)
UnityEngine.TestRunner.NUnitExtensions.Runner.CompositeWorkItem/<PerformWork>d__13:MoveNext () (at ./Library/PackageCache/com.unity.test-framework@76560ee600cb/UnityEngine.TestRunner/NUnitExtensions/Runner/CompositeWorkItem.cs:82)
UnityEngine.TestTools.TestRunner.PlaymodeTestsController/<TestRunnerCoroutine>d__24:MoveNext () (at ./Library/PackageCache/com.unity.test-framework@76560ee600cb/UnityEngine.TestRunner/TestRunner/PlaymodeTestsController.cs:93)
UnityEngine.SetupCoroutine:InvokeMoveNext (System.Collections.IEnumerator,intptr)

(Filename: ./Library/PackageCache/com.meta.xr.sdk.core@4ea2676097b9/Editor/MCPBridge/TestRunnerTools.cs Line: 847)

[TestRunnerTools] Test Started: Opus.Shell.Tests.PlayMode.HapticIntegrationTests.DemoSession_WithSleeve_ProducesOrderedCuesAndValidSession
UnityEngine.Debug:ExtractStackTraceNoAlloc (byte*,int,string)
UnityEngine.StackTraceUtility:ExtractStackTrace ()
UnityEngine.DebugLogHandler:Internal_Log (UnityEngine.LogType,UnityEngine.LogOption,string,UnityEngine.Object)
UnityEngine.DebugLogHandler:LogFormat (UnityEngine.LogType,UnityEngine.Object,string,object[])
UnityEngine.Logger:Log (UnityEngine.LogType,object)
UnityEngine.Debug:Log (object)
Meta.MCPBridge.Editor.TestRunnerTools:OnTestStarted (UnityEditor.TestTools.TestRunner.Api.ITestAdaptor) (at ./Library/PackageCache/com.meta.xr.sdk.core@4ea2676097b9/Editor/MCPBridge/TestRunnerTools.cs:838)
Meta.MCPBridge.Editor.TestRunnerTools/TestRunnerCallbacks:TestStarted (UnityEditor.TestTools.TestRunner.Api.ITestAdaptor) (at ./Library/PackageCache/com.meta.xr.sdk.core@4ea2676097b9/Editor/MCPBridge/TestRunnerTools.cs:899)
UnityEditor.TestTools.TestRunner.Api.CallbacksDelegator/<>c__DisplayClass12_0:<TestStarted>b__0 (UnityEditor.TestTools.TestRunner.Api.ICallbacks) (at ./Library/PackageCache/com.unity.test-framework@76560ee600cb/UnityEditor.TestRunner/Api/CallbacksDelegator.cs:81)
UnityEditor.TestTools.TestRunner.Api.CallbacksDelegator:TryInvokeAllCallbacks (System.Action`1<UnityEditor.TestTools.TestRunner.Api.ICallbacks>) (at ./Library/PackageCache/com.unity.test-framework@76560ee600cb/UnityEditor.TestRunner/Api/CallbacksDelegator.cs:135)
UnityEditor.TestTools.TestRunner.Api.CallbacksDelegator:TestStarted (NUnit.Framework.Interfaces.ITest) (at ./Library/PackageCache/com.unity.test-framework@76560ee600cb/UnityEditor.TestRunner/Api/CallbacksDelegator.cs:81)
UnityEngine.Events.InvokableCall`1<NUnit.Framework.Interfaces.ITest>:Invoke (NUnit.Framework.Interfaces.ITest)
UnityEngine.Events.UnityEvent`1<NUnit.Framework.Interfaces.ITest>:Invoke (NUnit.Framework.Interfaces.ITest)
UnityEngine.Events.InvokableCall`1<NUnit.Framework.Interfaces.ITest>:Invoke (NUnit.Framework.Interfaces.ITest)
UnityEngine.Events.UnityEvent`1<NUnit.Framework.Interfaces.ITest>:Invoke (NUnit.Framework.Interfaces.ITest)
UnityEngine.TestTools.TestRunner.TestListenerWrapper:TestStarted (NUnit.Framework.Interfaces.ITest) (at ./Library/PackageCache/com.unity.test-framework@76560ee600cb/UnityEngine.TestRunner/TestRunner/TestListenerWrapper.cs:19)
UnityEngine.TestRunner.NUnitExtensions.Runner.UnityWorkItem:Execute () (at ./Library/PackageCache/com.unity.test-framework@76560ee600cb/UnityEngine.TestRunner/NUnitExtensions/Runner/UnityWorkItem.cs:83)
UnityEngine.TestRunner.NUnitExtensions.Runner.CompositeWorkItem/<RunChildren>d__17:MoveNext () (at ./Library/PackageCache/com.unity.test-framework@76560ee600cb/UnityEngine.TestRunner/NUnitExtensions/Runner/CompositeWorkItem.cs:203)
UnityEngine.TestRunner.NUnitExtensions.Runner.CompositeWorkItem/<PerformWork>d__13:MoveNext () (at ./Library/PackageCache/com.unity.test-framework@76560ee600cb/UnityEngine.TestRunner/NUnitExtensions/Runner/CompositeWorkItem.cs:82)
UnityEngine.TestRunner.NUnitExtensions.Runner.CompositeWorkItem/<RunChildren>d__17:MoveNext () (at ./Library/PackageCache/com.unity.test-framework@76560ee600cb/UnityEngine.TestRunner/NUnitExtensions/Runner/CompositeWorkItem.cs:207)
UnityEngine.TestRunner.NUnitExtensions.Runner.CompositeWorkItem/<PerformWork>d__13:MoveNext () (at ./Library/PackageCache/com.unity.test-framework@76560ee600cb/UnityEngine.TestRunner/NUnitExtensions/Runner/CompositeWorkItem.cs:82)
UnityEngine.TestRunner.NUnitExtensions.Runner.CompositeWorkItem/<RunChildren>d__17:MoveNext () (at ./Library/PackageCache/com.unity.test-framework@76560ee600cb/UnityEngine.TestRunner/NUnitExtensions/Runner/CompositeWorkItem.cs:207)
UnityEngine.TestRunner.NUnitExtensions.Runner.CompositeWorkItem/<PerformWork>d__13:MoveNext () (at ./Library/PackageCache/com.unity.test-framework@76560ee600cb/UnityEngine.TestRunner/NUnitExtensions/Runner/CompositeWorkItem.cs:82)
UnityEngine.TestRunner.NUnitExtensions.Runner.CompositeWorkItem/<RunChildren>d__17:MoveNext () (at ./Library/PackageCache/com.unity.test-framework@76560ee600cb/UnityEngine.TestRunner/NUnitExtensions/Runner/CompositeWorkItem.cs:207)
UnityEngine.TestRunner.NUnitExtensions.Runner.CompositeWorkItem/<PerformWork>d__13:MoveNext () (at ./Library/PackageCache/com.unity.test-framework@76560ee600cb/UnityEngine.TestRunner/NUnitExtensions/Runner/CompositeWorkItem.cs:82)
UnityEngine.TestRunner.NUnitExtensions.Runner.CompositeWorkItem/<RunChildren>d__17:MoveNext () (at ./Library/PackageCache/com.unity.test-framework@76560ee600cb/UnityEngine.TestRunner/NUnitExtensions/Runner/CompositeWorkItem.cs:207)
UnityEngine.TestRunner.NUnitExtensions.Runner.CompositeWorkItem/<PerformWork>d__13:MoveNext () (at ./Library/PackageCache/com.unity.test-framework@76560ee600cb/UnityEngine.TestRunner/NUnitExtensions/Runner/CompositeWorkItem.cs:82)
UnityEngine.TestRunner.NUnitExtensions.Runner.CompositeWorkItem/<RunChildren>d__17:MoveNext () (at ./Library/PackageCache/com.unity.test-framework@76560ee600cb/UnityEngine.TestRunner/NUnitExtensions/Runner/CompositeWorkItem.cs:207)
UnityEngine.TestRunner.NUnitExtensions.Runner.CompositeWorkItem/<PerformWork>d__13:MoveNext () (at ./Library/PackageCache/com.unity.test-framework@76560ee600cb/UnityEngine.TestRunner/NUnitExtensions/Runner/CompositeWorkItem.cs:82)
UnityEngine.TestRunner.NUnitExtensions.Runner.CompositeWorkItem/<RunChildren>d__17:MoveNext () (at ./Library/PackageCache/com.unity.test-framework@76560ee600cb/UnityEngine.TestRunner/NUnitExtensions/Runner/CompositeWorkItem.cs:207)
UnityEngine.TestRunner.NUnitExtensions.Runner.CompositeWorkItem/<PerformWork>d__13:MoveNext () (at ./Library/PackageCache/com.unity.test-framework@76560ee600cb/UnityEngine.TestRunner/NUnitExtensions/Runner/CompositeWorkItem.cs:82)
UnityEngine.TestTools.TestRunner.PlaymodeTestsController/<TestRunnerCoroutine>d__24:MoveNext () (at ./Library/PackageCache/com.unity.test-framework@76560ee600cb/UnityEngine.TestRunner/TestRunner/PlaymodeTestsController.cs:93)
UnityEngine.SetupCoroutine:InvokeMoveNext (System.Collections.IEnumerator,intptr)

(Filename: ./Library/PackageCache/com.meta.xr.sdk.core@4ea2676097b9/Editor/MCPBridge/TestRunnerTools.cs Line: 838)

Unloading 82 Unused Serialized files (Serialized files now loaded: 0)
[fake_haptic:err] Traceback (most recent call last):
UnityEngine.Debug:ExtractStackTraceNoAlloc (byte*,int,string)
UnityEngine.StackTraceUtility:ExtractStackTrace ()
UnityEngine.DebugLogHandler:Internal_Log (UnityEngine.LogType,UnityEngine.LogOption,string,UnityEngine.Object)
UnityEngine.DebugLogHandler:LogFormat (UnityEngine.LogType,UnityEngine.Object,string,object[])
UnityEngine.Logger:Log (UnityEngine.LogType,object)
UnityEngine.Debug:Log (object)
Opus.Shell.Tests.PlayMode.HapticIntegrationTests/<>c:<StartFakeSleeve>b__7_1 (object,System.Diagnostics.DataReceivedEventArgs) (at Assets/Shell/Tests/PlayMode/HapticIntegrationTests.cs:102)
System.Diagnostics.Process:ErrorReadNotifyUser (string)
System.Diagnostics.AsyncStreamReader:FlushMessageQueue ()
System.Diagnostics.AsyncStreamReader:GetLinesFromStringBuilder ()
System.Diagnostics.AsyncStreamReader:ReadBuffer (System.IAsyncResult)
System.IO.Stream/ReadWriteTask:InvokeAsyncCallback (object)
System.Threading.ExecutionContext:RunInternal (System.Threading.ExecutionContext,System.Threading.ContextCallback,object,bool)
System.Threading.ExecutionContext:RunInternal (System.Threading.ExecutionContext,System.Threading.ContextCallback,object)
System.IO.Stream/ReadWriteTask:System.Threading.Tasks.ITaskCompletionAction.Invoke (System.Threading.Tasks.Task)
System.Threading.Tasks.Task:FinishContinuations ()
System.Threading.Tasks.Task:FinishStageThree ()
System.Threading.Tasks.Task:FinishStageTwo ()
System.Threading.Tasks.Task:Finish (bool)
System.Threading.Tasks.Task:ExecuteWithThreadLocal (System.Threading.Tasks.Task&)
System.Threading.Tasks.Task:ExecuteEntry (bool)
System.Threading.Tasks.Task:System.Threading.IThreadPoolWorkItem.ExecuteWorkItem ()
System.Threading.ThreadPoolWorkQueue:Dispatch ()
System.Threading._ThreadPoolWaitCallback:PerformWaitCallback ()

(Filename: Assets/Shell/Tests/PlayMode/HapticIntegrationTests.cs Line: 102)

[fake_haptic:err]   File "<frozen runpy>", line 198, in _run_module_as_main
UnityEngine.Debug:ExtractStackTraceNoAlloc (byte*,int,string)
UnityEngine.StackTraceUtility:ExtractStackTrace ()
UnityEngine.DebugLogHandler:Internal_Log (UnityEngine.LogType,UnityEngine.LogOption,string,UnityEngine.Object)
UnityEngine.DebugLogHandler:LogFormat (UnityEngine.LogType,UnityEngine.Object,string,object[])
UnityEngine.Logger:Log (UnityEngine.LogType,object)
UnityEngine.Debug:Log (object)
Opus.Shell.Tests.PlayMode.HapticIntegrationTests/<>c:<StartFakeSleeve>b__7_1 (object,System.Diagnostics.DataReceivedEventArgs) (at Assets/Shell/Tests/PlayMode/HapticIntegrationTests.cs:102)
System.Diagnostics.Process:ErrorReadNotifyUser (string)
System.Diagnostics.AsyncStreamReader:FlushMessageQueue ()
System.Diagnostics.AsyncStreamReader:GetLinesFromStringBuilder ()
System.Diagnostics.AsyncStreamReader:ReadBuffer (System.IAsyncResult)
System.IO.Stream/ReadWriteTask:InvokeAsyncCallback (object)
System.Threading.ExecutionContext:RunInternal (System.Threading.ExecutionContext,System.Threading.ContextCallback,object,bool)
System.Threading.ExecutionContext:RunInternal (System.Threading.ExecutionContext,System.Threading.ContextCallback,object)
System.IO.Stream/ReadWriteTask:System.Threading.Tasks.ITaskCompletionAction.Invoke (System.Threading.Tasks.Task)
System.Threading.Tasks.Task:FinishContinuations ()
System.Threading.Tasks.Task:FinishStageThree ()
System.Threading.Tasks.Task:FinishStageTwo ()
System.Threading.Tasks.Task:Finish (bool)
System.Threading.Tasks.Task:ExecuteWithThreadLocal (System.Threading.Tasks.Task&)
System.Threading.Tasks.Task:ExecuteEntry (bool)
System.Threading.Tasks.Task:System.Threading.IThreadPoolWorkItem.ExecuteWorkItem ()
System.Threading.ThreadPoolWorkQueue:Dispatch ()
System.Threading._ThreadPoolWaitCallback:PerformWaitCallback ()

(Filename: Assets/Shell/Tests/PlayMode/HapticIntegrationTests.cs Line: 102)

[fake_haptic:err]   File "<frozen runpy>", line 88, in _run_code
UnityEngine.Debug:ExtractStackTraceNoAlloc (byte*,int,string)
UnityEngine.StackTraceUtility:ExtractStackTrace ()
UnityEngine.DebugLogHandler:Internal_Log (UnityEngine.LogType,UnityEngine.LogOption,string,UnityEngine.Object)
UnityEngine.DebugLogHandler:LogFormat (UnityEngine.LogType,UnityEngine.Object,string,object[])
UnityEngine.Logger:Log (UnityEngine.LogType,object)
UnityEngine.Debug:Log (object)
Opus.Shell.Tests.PlayMode.HapticIntegrationTests/<>c:<StartFakeSleeve>b__7_1 (object,System.Diagnostics.DataReceivedEventArgs) (at Assets/Shell/Tests/PlayMode/HapticIntegrationTests.cs:102)
System.Diagnostics.Process:ErrorReadNotifyUser (string)
System.Diagnostics.AsyncStreamReader:FlushMessageQueue ()
System.Diagnostics.AsyncStreamReader:GetLinesFromStringBuilder ()
System.Diagnostics.AsyncStreamReader:ReadBuffer (System.IAsyncResult)
System.IO.Stream/ReadWriteTask:InvokeAsyncCallback (object)
System.Threading.ExecutionContext:RunInternal (System.Threading.ExecutionContext,System.Threading.ContextCallback,object,bool)
System.Threading.ExecutionContext:RunInternal (System.Threading.ExecutionContext,System.Threading.ContextCallback,object)
System.IO.Stream/ReadWriteTask:System.Threading.Tasks.ITaskCompletionAction.Invoke (System.Threading.Tasks.Task)
System.Threading.Tasks.Task:FinishContinuations ()
System.Threading.Tasks.Task:FinishStageThree ()
System.Threading.Tasks.Task:FinishStageTwo ()
System.Threading.Tasks.Task:Finish (bool)
System.Threading.Tasks.Task:ExecuteWithThreadLocal (System.Threading.Tasks.Task&)
System.Threading.Tasks.Task:ExecuteEntry (bool)
System.Threading.Tasks.Task:System.Threading.IThreadPoolWorkItem.ExecuteWorkItem ()
System.Threading.ThreadPoolWorkQueue:Dispatch ()
System.Threading._ThreadPoolWaitCallback:PerformWaitCallback ()

(Filename: Assets/Shell/Tests/PlayMode/HapticIntegrationTests.cs Line: 102)

[fake_haptic:err]   File "C:\Users\GARV BANSAL\Documents\VR_games\OPUS\sim\haptic\fake_haptic.py", line 591, in <module>
UnityEngine.Debug:ExtractStackTraceNoAlloc (byte*,int,string)
UnityEngine.StackTraceUtility:ExtractStackTrace ()
UnityEngine.DebugLogHandler:Internal_Log (UnityEngine.LogType,UnityEngine.LogOption,string,UnityEngine.Object)
UnityEngine.DebugLogHandler:LogFormat (UnityEngine.LogType,UnityEngine.Object,string,object[])
UnityEngine.Logger:Log (UnityEngine.LogType,object)
UnityEngine.Debug:Log (object)
Opus.Shell.Tests.PlayMode.HapticIntegrationTests/<>c:<StartFakeSleeve>b__7_1 (object,System.Diagnostics.DataReceivedEventArgs) (at Assets/Shell/Tests/PlayMode/HapticIntegrationTests.cs:102)
System.Diagnostics.Process:ErrorReadNotifyUser (string)
System.Diagnostics.AsyncStreamReader:FlushMessageQueue ()
System.Diagnostics.AsyncStreamReader:GetLinesFromStringBuilder ()
System.Diagnostics.AsyncStreamReader:ReadBuffer (System.IAsyncResult)
System.IO.Stream/ReadWriteTask:InvokeAsyncCallback (object)
System.Threading.ExecutionContext:RunInternal (System.Threading.ExecutionContext,System.Threading.ContextCallback,object,bool)
System.Threading.ExecutionContext:RunInternal (System.Threading.ExecutionContext,System.Threading.ContextCallback,object)
System.IO.Stream/ReadWriteTask:System.Threading.Tasks.ITaskCompletionAction.Invoke (System.Threading.Tasks.Task)
System.Threading.Tasks.Task:FinishContinuations ()
System.Threading.Tasks.Task:FinishStageThree ()
System.Threading.Tasks.Task:FinishStageTwo ()
System.Threading.Tasks.Task:Finish (bool)
System.Threading.Tasks.Task:ExecuteWithThreadLocal (System.Threading.Tasks.Task&)
System.Threading.Tasks.Task:ExecuteEntry (bool)
System.Threading.Tasks.Task:System.Threading.IThreadPoolWorkItem.ExecuteWorkItem ()
System.Threading.ThreadPoolWorkQueue:Dispatch ()
System.Threading._ThreadPoolWaitCallback:PerformWaitCallback ()

(Filename: Assets/Shell/Tests/PlayMode/HapticIntegrationTests.cs Line: 102)

[OVRManager] OnDestroy
UnityEngine.Debug:ExtractStackTraceNoAlloc (byte*,int,string)
UnityEngine.StackTraceUtility:ExtractStackTrace ()
UnityEngine.DebugLogHandler:Internal_Log (UnityEngine.LogType,UnityEngine.LogOption,string,UnityEngine.Object)
UnityEngine.DebugLogHandler:LogFormat (UnityEngine.LogType,UnityEngine.Object,string,object[])
UnityEngine.Logger:Log (UnityEngine.LogType,object)
UnityEngine.Debug:Log (object)
OVRManager:OnDestroy () (at ./Library/PackageCache/com.meta.xr.sdk.core@4ea2676097b9/Scripts/OVRManager.cs:3452)

(Filename: ./Library/PackageCache/com.meta.xr.sdk.core@4ea2676097b9/Scripts/OVRManager.cs Line: 3452)

UnloadTime: 6.830800 ms
[fake_haptic:err]     main()
UnityEngine.Debug:ExtractStackTraceNoAlloc (byte*,int,string)
UnityEngine.StackTraceUtility:ExtractStackTrace ()
UnityEngine.DebugLogHandler:Internal_Log (UnityEngine.LogType,UnityEngine.LogOption,string,UnityEngine.Object)
UnityEngine.DebugLogHandler:LogFormat (UnityEngine.LogType,UnityEngine.Object,string,object[])
UnityEngine.Logger:Log (UnityEngine.LogType,object)
UnityEngine.Debug:Log (object)
Opus.Shell.Tests.PlayMode.HapticIntegrationTests/<>c:<StartFakeSleeve>b__7_1 (object,System.Diagnostics.DataReceivedEventArgs) (at Assets/Shell/Tests/PlayMode/HapticIntegrationTests.cs:102)
System.Diagnostics.Process:ErrorReadNotifyUser (string)
System.Diagnostics.AsyncStreamReader:FlushMessageQueue ()
System.Diagnostics.AsyncStreamReader:GetLinesFromStringBuilder ()
System.Diagnostics.AsyncStreamReader:ReadBuffer (System.IAsyncResult)
System.IO.Stream/ReadWriteTask:InvokeAsyncCallback (object)
System.Threading.ExecutionContext:RunInternal (System.Threading.ExecutionContext,System.Threading.ContextCallback,object,bool)
System.Threading.ExecutionContext:RunInternal (System.Threading.ExecutionContext,System.Threading.ContextCallback,object)
System.IO.Stream/ReadWriteTask:System.Threading.Tasks.ITaskCompletionAction.Invoke (System.Threading.Tasks.Task)
System.Threading.Tasks.Task:FinishContinuations ()
System.Threading.Tasks.Task:FinishStageThree ()
System.Threading.Tasks.Task:FinishStageTwo ()
System.Threading.Tasks.Task:Finish (bool)
System.Threading.Tasks.Task:ExecuteWithThreadLocal (System.Threading.Tasks.Task&)
System.Threading.Tasks.Task:ExecuteEntry (bool)
System.Threading.Tasks.Task:System.Threading.IThreadPoolWorkItem.ExecuteWorkItem ()
System.Threading.ThreadPoolWorkQueue:Dispatch ()
System.Threading._ThreadPoolWaitCallback:PerformWaitCallback ()

(Filename: Assets/Shell/Tests/PlayMode/HapticIntegrationTests.cs Line: 102)

[fake_haptic:err]   File "C:\Users\GARV BANSAL\Documents\VR_games\OPUS\sim\haptic\fake_haptic.py", line 585, in main
UnityEngine.Debug:ExtractStackTraceNoAlloc (byte*,int,string)
UnityEngine.StackTraceUtility:ExtractStackTrace ()
UnityEngine.DebugLogHandler:Internal_Log (UnityEngine.LogType,UnityEngine.LogOption,string,UnityEngine.Object)
UnityEngine.DebugLogHandler:LogFormat (UnityEngine.LogType,UnityEngine.Object,string,object[])
UnityEngine.Logger:Log (UnityEngine.LogType,object)
UnityEngine.Debug:Log (object)
Opus.Shell.Tests.PlayMode.HapticIntegrationTests/<>c:<StartFakeSleeve>b__7_1 (object,System.Diagnostics.DataReceivedEventArgs) (at Assets/Shell/Tests/PlayMode/HapticIntegrationTests.cs:102)
System.Diagnostics.Process:ErrorReadNotifyUser (string)
System.Diagnostics.AsyncStreamReader:FlushMessageQueue ()
System.Diagnostics.AsyncStreamReader:GetLinesFromStringBuilder ()
System.Diagnostics.AsyncStreamReader:ReadBuffer (System.IAsyncResult)
System.IO.Stream/ReadWriteTask:InvokeAsyncCallback (object)
System.Threading.ExecutionContext:RunInternal (System.Threading.ExecutionContext,System.Threading.ContextCallback,object,bool)
System.Threading.ExecutionContext:RunInternal (System.Threading.ExecutionContext,System.Threading.ContextCallback,object)
System.IO.Stream/ReadWriteTask:System.Threading.Tasks.ITaskCompletionAction.Invoke (System.Threading.Tasks.Task)
System.Threading.Tasks.Task:FinishContinuations ()
System.Threading.Tasks.Task:FinishStageThree ()
System.Threading.Tasks.Task:FinishStageTwo ()
System.Threading.Tasks.Task:Finish (bool)
System.Threading.Tasks.Task:ExecuteWithThreadLocal (System.Threading.Tasks.Task&)
System.Threading.Tasks.Task:ExecuteEntry (bool)
System.Threading.Tasks.Task:System.Threading.IThreadPoolWorkItem.ExecuteWorkItem ()
System.Threading.ThreadPoolWorkQueue:Dispatch ()
System.Threading._ThreadPoolWaitCallback:PerformWaitCallback ()

(Filename: Assets/Shell/Tests/PlayMode/HapticIntegrationTests.cs Line: 102)

[fake_haptic:err]     asyncio.run(run_server(cfg))
UnityEngine.Debug:ExtractStackTraceNoAlloc (byte*,int,string)
UnityEngine.StackTraceUtility:ExtractStackTrace ()
UnityEngine.DebugLogHandler:Internal_Log (UnityEngine.LogType,UnityEngine.LogOption,string,UnityEngine.Object)
UnityEngine.DebugLogHandler:LogFormat (UnityEngine.LogType,UnityEngine.Object,string,object[])
UnityEngine.Logger:Log (UnityEngine.LogType,object)
UnityEngine.Debug:Log (object)
Opus.Shell.Tests.PlayMode.HapticIntegrationTests/<>c:<StartFakeSleeve>b__7_1 (object,System.Diagnostics.DataReceivedEventArgs) (at Assets/Shell/Tests/PlayMode/HapticIntegrationTests.cs:102)
System.Diagnostics.Process:ErrorReadNotifyUser (string)
System.Diagnostics.AsyncStreamReader:FlushMessageQueue ()
System.Diagnostics.AsyncStreamReader:GetLinesFromStringBuilder ()
System.Diagnostics.AsyncStreamReader:ReadBuffer (System.IAsyncResult)
System.IO.Stream/ReadWriteTask:InvokeAsyncCallback (object)
System.Threading.ExecutionContext:RunInternal (System.Threading.ExecutionContext,System.Threading.ContextCallback,object,bool)
System.Threading.ExecutionContext:RunInternal (System.Threading.ExecutionContext,System.Threading.ContextCallback,object)
System.IO.Stream/ReadWriteTask:System.Threading.Tasks.ITaskCompletionAction.Invoke (System.Threading.Tasks.Task)
System.Threading.Tasks.Task:FinishContinuations ()
System.Threading.Tasks.Task:FinishStageThree ()
System.Threading.Tasks.Task:FinishStageTwo ()
System.Threading.Tasks.Task:Finish (bool)
System.Threading.Tasks.Task:ExecuteWithThreadLocal (System.Threading.Tasks.Task&)
System.Threading.Tasks.Task:ExecuteEntry (bool)
System.Threading.Tasks.Task:System.Threading.IThreadPoolWorkItem.ExecuteWorkItem ()
System.Threading.ThreadPoolWorkQueue:Dispatch ()
System.Threading._ThreadPoolWaitCallback:PerformWaitCallback ()

(Filename: Assets/Shell/Tests/PlayMode/HapticIntegrationTests.cs Line: 102)

[fake_haptic:err]   File "C:\Users\GARV BANSAL\AppData\Local\Programs\Python\Python312\Lib\asyncio\runners.py", line 195, in run
UnityEngine.Debug:ExtractStackTraceNoAlloc (byte*,int,string)
UnityEngine.StackTraceUtility:ExtractStackTrace ()
UnityEngine.DebugLogHandler:Internal_Log (UnityEngine.LogType,UnityEngine.LogOption,string,UnityEngine.Object)
UnityEngine.DebugLogHandler:LogFormat (UnityEngine.LogType,UnityEngine.Object,string,object[])
UnityEngine.Logger:Log (UnityEngine.LogType,object)
UnityEngine.Debug:Log (object)
Opus.Shell.Tests.PlayMode.HapticIntegrationTests/<>c:<StartFakeSleeve>b__7_1 (object,System.Diagnostics.DataReceivedEventArgs) (at Assets/Shell/Tests/PlayMode/HapticIntegrationTests.cs:102)
System.Diagnostics.Process:ErrorReadNotifyUser (string)
System.Diagnostics.AsyncStreamReader:FlushMessageQueue ()
System.Diagnostics.AsyncStreamReader:GetLinesFromStringBuilder ()
System.Diagnostics.AsyncStreamReader:ReadBuffer (System.IAsyncResult)
System.IO.Stream/ReadWriteTask:InvokeAsyncCallback (object)
System.Threading.ExecutionContext:RunInternal (System.Threading.ExecutionContext,System.Threading.ContextCallback,object,bool)
System.Threading.ExecutionContext:RunInternal (System.Threading.ExecutionContext,System.Threading.ContextCallback,object)
System.IO.Stream/ReadWriteTask:System.Threading.Tasks.ITaskCompletionAction.Invoke (System.Threading.Tasks.Task)
System.Threading.Tasks.Task:FinishContinuations ()
System.Threading.Tasks.Task:FinishStageThree ()
System.Threading.Tasks.Task:FinishStageTwo ()
System.Threading.Tasks.Task:Finish (bool)
System.Threading.Tasks.Task:ExecuteWithThreadLocal (System.Threading.Tasks.Task&)
System.Threading.Tasks.Task:ExecuteEntry (bool)
System.Threading.Tasks.Task:System.Threading.IThreadPoolWorkItem.ExecuteWorkItem ()
System.Threading.ThreadPoolWorkQueue:Dispatch ()
System.Threading._ThreadPoolWaitCallback:PerformWaitCallback ()

(Filename: Assets/Shell/Tests/PlayMode/HapticIntegrationTests.cs Line: 102)

[fake_haptic:err]     return runner.run(main)
UnityEngine.Debug:ExtractStackTraceNoAlloc (byte*,int,string)
UnityEngine.StackTraceUtility:ExtractStackTrace ()
UnityEngine.DebugLogHandler:Internal_Log (UnityEngine.LogType,UnityEngine.LogOption,string,UnityEngine.Object)
UnityEngine.DebugLogHandler:LogFormat (UnityEngine.LogType,UnityEngine.Object,string,object[])
UnityEngine.Logger:Log (UnityEngine.LogType,object)
UnityEngine.Debug:Log (object)
Opus.Shell.Tests.PlayMode.HapticIntegrationTests/<>c:<StartFakeSleeve>b__7_1 (object,System.Diagnostics.DataReceivedEventArgs) (at Assets/Shell/Tests/PlayMode/HapticIntegrationTests.cs:102)
System.Diagnostics.Process:ErrorReadNotifyUser (string)
System.Diagnostics.AsyncStreamReader:FlushMessageQueue ()
System.Diagnostics.AsyncStreamReader:GetLinesFromStringBuilder ()
System.Diagnostics.AsyncStreamReader:ReadBuffer (System.IAsyncResult)
System.IO.Stream/ReadWriteTask:InvokeAsyncCallback (object)
System.Threading.ExecutionContext:RunInternal (System.Threading.ExecutionContext,System.Threading.ContextCallback,object,bool)
System.Threading.ExecutionContext:RunInternal (System.Threading.ExecutionContext,System.Threading.ContextCallback,object)
System.IO.Stream/ReadWriteTask:System.Threading.Tasks.ITaskCompletionAction.Invoke (System.Threading.Tasks.Task)
System.Threading.Tasks.Task:FinishContinuations ()
System.Threading.Tasks.Task:FinishStageThree ()
System.Threading.Tasks.Task:FinishStageTwo ()
System.Threading.Tasks.Task:Finish (bool)
System.Threading.Tasks.Task:ExecuteWithThreadLocal (System.Threading.Tasks.Task&)
System.Threading.Tasks.Task:ExecuteEntry (bool)
System.Threading.Tasks.Task:System.Threading.IThreadPoolWorkItem.ExecuteWorkItem ()
System.Threading.ThreadPoolWorkQueue:Dispatch ()
System.Threading._ThreadPoolWaitCallback:PerformWaitCallback ()

(Filename: Assets/Shell/Tests/PlayMode/HapticIntegrationTests.cs Line: 102)

[fake_haptic:err]            ^^^^^^^^^^^^^^^^
UnityEngine.Debug:ExtractStackTraceNoAlloc (byte*,int,string)
UnityEngine.StackTraceUtility:ExtractStackTrace ()
UnityEngine.DebugLogHandler:Internal_Log (UnityEngine.LogType,UnityEngine.LogOption,string,UnityEngine.Object)
UnityEngine.DebugLogHandler:LogFormat (UnityEngine.LogType,UnityEngine.Object,string,object[])
UnityEngine.Logger:Log (UnityEngine.LogType,object)
UnityEngine.Debug:Log (object)
Opus.Shell.Tests.PlayMode.HapticIntegrationTests/<>c:<StartFakeSleeve>b__7_1 (object,System.Diagnostics.DataReceivedEventArgs) (at Assets/Shell/Tests/PlayMode/HapticIntegrationTests.cs:102)
System.Diagnostics.Process:ErrorReadNotifyUser (string)
System.Diagnostics.AsyncStreamReader:FlushMessageQueue ()
System.Diagnostics.AsyncStreamReader:GetLinesFromStringBuilder ()
System.Diagnostics.AsyncStreamReader:ReadBuffer (System.IAsyncResult)
System.IO.Stream/ReadWriteTask:InvokeAsyncCallback (object)
System.Threading.ExecutionContext:RunInternal (System.Threading.ExecutionContext,System.Threading.ContextCallback,object,bool)
System.Threading.ExecutionContext:RunInternal (System.Threading.ExecutionContext,System.Threading.ContextCallback,object)
System.IO.Stream/ReadWriteTask:System.Threading.Tasks.ITaskCompletionAction.Invoke (System.Threading.Tasks.Task)
System.Threading.Tasks.Task:FinishContinuations ()
System.Threading.Tasks.Task:FinishStageThree ()
System.Threading.Tasks.Task:FinishStageTwo ()
System.Threading.Tasks.Task:Finish (bool)
System.Threading.Tasks.Task:ExecuteWithThreadLocal (System.Threading.Tasks.Task&)
System.Threading.Tasks.Task:ExecuteEntry (bool)
System.Threading.Tasks.Task:System.Threading.IThreadPoolWorkItem.ExecuteWorkItem ()
System.Threading.ThreadPoolWorkQueue:Dispatch ()
System.Threading._ThreadPoolWaitCallback:PerformWaitCallback ()

(Filename: Assets/Shell/Tests/PlayMode/HapticIntegrationTests.cs Line: 102)

[fake_haptic:err]   File "C:\Users\GARV BANSAL\AppData\Local\Programs\Python\Python312\Lib\asyncio\runners.py", line 118, in run
UnityEngine.Debug:ExtractStackTraceNoAlloc (byte*,int,string)
UnityEngine.StackTraceUtility:ExtractStackTrace ()
UnityEngine.DebugLogHandler:Internal_Log (UnityEngine.LogType,UnityEngine.LogOption,string,UnityEngine.Object)
UnityEngine.DebugLogHandler:LogFormat (UnityEngine.LogType,UnityEngine.Object,string,object[])
UnityEngine.Logger:Log (UnityEngine.LogType,object)
UnityEngine.Debug:Log (object)
Opus.Shell.Tests.PlayMode.HapticIntegrationTests/<>c:<StartFakeSleeve>b__7_1 (object,System.Diagnostics.DataReceivedEventArgs) (at Assets/Shell/Tests/PlayMode/HapticIntegrationTests.cs:102)
System.Diagnostics.Process:ErrorReadNotifyUser (string)
System.Diagnostics.AsyncStreamReader:FlushMessageQueue ()
System.Diagnostics.AsyncStreamReader:GetLinesFromStringBuilder ()
System.Diagnostics.AsyncStreamReader:ReadBuffer (System.IAsyncResult)
System.IO.Stream/ReadWriteTask:InvokeAsyncCallback (object)
System.Threading.ExecutionContext:RunInternal (System.Threading.ExecutionContext,System.Threading.ContextCallback,object,bool)
System.Threading.ExecutionContext:RunInternal (System.Threading.ExecutionContext,System.Threading.ContextCallback,object)
System.IO.Stream/ReadWriteTask:System.Threading.Tasks.ITaskCompletionAction.Invoke (System.Threading.Tasks.Task)
System.Threading.Tasks.Task:FinishContinuations ()
System.Threading.Tasks.Task:FinishStageThree ()
System.Threading.Tasks.Task:FinishStageTwo ()
System.Threading.Tasks.Task:Finish (bool)
System.Threading.Tasks.Task:ExecuteWithThreadLocal (System.Threading.Tasks.Task&)
System.Threading.Tasks.Task:ExecuteEntry (bool)
System.Threading.Tasks.Task:System.Threading.IThreadPoolWorkItem.ExecuteWorkItem ()
System.Threading.ThreadPoolWorkQueue:Dispatch ()
System.Threading._ThreadPoolWaitCallback:PerformWaitCallback ()

(Filename: Assets/Shell/Tests/PlayMode/HapticIntegrationTests.cs Line: 102)

[fake_haptic:err]     return self._loop.run_until_complete(task)
UnityEngine.Debug:ExtractStackTraceNoAlloc (byte*,int,string)
UnityEngine.StackTraceUtility:ExtractStackTrace ()
UnityEngine.DebugLogHandler:Internal_Log (UnityEngine.LogType,UnityEngine.LogOption,string,UnityEngine.Object)
UnityEngine.DebugLogHandler:LogFormat (UnityEngine.LogType,UnityEngine.Object,string,object[])
UnityEngine.Logger:Log (UnityEngine.LogType,object)
UnityEngine.Debug:Log (object)
Opus.Shell.Tests.PlayMode.HapticIntegrationTests/<>c:<StartFakeSleeve>b__7_1 (object,System.Diagnostics.DataReceivedEventArgs) (at Assets/Shell/Tests/PlayMode/HapticIntegrationTests.cs:102)
System.Diagnostics.Process:ErrorReadNotifyUser (string)
System.Diagnostics.AsyncStreamReader:FlushMessageQueue ()
System.Diagnostics.AsyncStreamReader:GetLinesFromStringBuilder ()
System.Diagnostics.AsyncStreamReader:ReadBuffer (System.IAsyncResult)
System.IO.Stream/ReadWriteTask:InvokeAsyncCallback (object)
System.Threading.ExecutionContext:RunInternal (System.Threading.ExecutionContext,System.Threading.ContextCallback,object,bool)
System.Threading.ExecutionContext:RunInternal (System.Threading.ExecutionContext,System.Threading.ContextCallback,object)
System.IO.Stream/ReadWriteTask:System.Threading.Tasks.ITaskCompletionAction.Invoke (System.Threading.Tasks.Task)
System.Threading.Tasks.Task:FinishContinuations ()
System.Threading.Tasks.Task:FinishStageThree ()
System.Threading.Tasks.Task:FinishStageTwo ()
System.Threading.Tasks.Task:Finish (bool)
System.Threading.Tasks.Task:ExecuteWithThreadLocal (System.Threading.Tasks.Task&)
System.Threading.Tasks.Task:ExecuteEntry (bool)
System.Threading.Tasks.Task:System.Threading.IThreadPoolWorkItem.ExecuteWorkItem ()
System.Threading.ThreadPoolWorkQueue:Dispatch ()
System.Threading._ThreadPoolWaitCallback:PerformWaitCallback ()

(Filename: Assets/Shell/Tests/PlayMode/HapticIntegrationTests.cs Line: 102)

[fake_haptic:err]            ^^^^^^^^^^^^^^^^^^^^^^^^^^^^^^^^^^^
UnityEngine.Debug:ExtractStackTraceNoAlloc (byte*,int,string)
UnityEngine.StackTraceUtility:ExtractStackTrace ()
UnityEngine.DebugLogHandler:Internal_Log (UnityEngine.LogType,UnityEngine.LogOption,string,UnityEngine.Object)
UnityEngine.DebugLogHandler:LogFormat (UnityEngine.LogType,UnityEngine.Object,string,object[])
UnityEngine.Logger:Log (UnityEngine.LogType,object)
UnityEngine.Debug:Log (object)
Opus.Shell.Tests.PlayMode.HapticIntegrationTests/<>c:<StartFakeSleeve>b__7_1 (object,System.Diagnostics.DataReceivedEventArgs) (at Assets/Shell/Tests/PlayMode/HapticIntegrationTests.cs:102)
System.Diagnostics.Process:ErrorReadNotifyUser (string)
System.Diagnostics.AsyncStreamReader:FlushMessageQueue ()
System.Diagnostics.AsyncStreamReader:GetLinesFromStringBuilder ()
System.Diagnostics.AsyncStreamReader:ReadBuffer (System.IAsyncResult)
System.IO.Stream/ReadWriteTask:InvokeAsyncCallback (object)
System.Threading.ExecutionContext:RunInternal (System.Threading.ExecutionContext,System.Threading.ContextCallback,object,bool)
System.Threading.ExecutionContext:RunInternal (System.Threading.ExecutionContext,System.Threading.ContextCallback,object)
System.IO.Stream/ReadWriteTask:System.Threading.Tasks.ITaskCompletionAction.Invoke (System.Threading.Tasks.Task)
System.Threading.Tasks.Task:FinishContinuations ()
System.Threading.Tasks.Task:FinishStageThree ()
System.Threading.Tasks.Task:FinishStageTwo ()
System.Threading.Tasks.Task:Finish (bool)
System.Threading.Tasks.Task:ExecuteWithThreadLocal (System.Threading.Tasks.Task&)
System.Threading.Tasks.Task:ExecuteEntry (bool)
System.Threading.Tasks.Task:System.Threading.IThreadPoolWorkItem.ExecuteWorkItem ()
System.Threading.ThreadPoolWorkQueue:Dispatch ()
System.Threading._ThreadPoolWaitCallback:PerformWaitCallback ()

(Filename: Assets/Shell/Tests/PlayMode/HapticIntegrationTests.cs Line: 102)

[fake_haptic:err]   File "C:\Users\GARV BANSAL\AppData\Local\Programs\Python\Python312\Lib\asyncio\base_events.py", line 691, in run_until_complete
UnityEngine.Debug:ExtractStackTraceNoAlloc (byte*,int,string)
UnityEngine.StackTraceUtility:ExtractStackTrace ()
UnityEngine.DebugLogHandler:Internal_Log (UnityEngine.LogType,UnityEngine.LogOption,string,UnityEngine.Object)
UnityEngine.DebugLogHandler:LogFormat (UnityEngine.LogType,UnityEngine.Object,string,object[])
UnityEngine.Logger:Log (UnityEngine.LogType,object)
UnityEngine.Debug:Log (object)
Opus.Shell.Tests.PlayMode.HapticIntegrationTests/<>c:<StartFakeSleeve>b__7_1 (object,System.Diagnostics.DataReceivedEventArgs) (at Assets/Shell/Tests/PlayMode/HapticIntegrationTests.cs:102)
System.Diagnostics.Process:ErrorReadNotifyUser (string)
System.Diagnostics.AsyncStreamReader:FlushMessageQueue ()
System.Diagnostics.AsyncStreamReader:GetLinesFromStringBuilder ()
System.Diagnostics.AsyncStreamReader:ReadBuffer (System.IAsyncResult)
System.IO.Stream/ReadWriteTask:InvokeAsyncCallback (object)
System.Threading.ExecutionContext:RunInternal (System.Threading.ExecutionContext,System.Threading.ContextCallback,object,bool)
System.Threading.ExecutionContext:RunInternal (System.Threading.ExecutionContext,System.Threading.ContextCallback,object)
System.IO.Stream/ReadWriteTask:System.Threading.Tasks.ITaskCompletionAction.Invoke (System.Threading.Tasks.Task)
System.Threading.Tasks.Task:FinishContinuations ()
System.Threading.Tasks.Task:FinishStageThree ()
System.Threading.Tasks.Task:FinishStageTwo ()
System.Threading.Tasks.Task:Finish (bool)
System.Threading.Tasks.Task:ExecuteWithThreadLocal (System.Threading.Tasks.Task&)
System.Threading.Tasks.Task:ExecuteEntry (bool)
System.Threading.Tasks.Task:System.Threading.IThreadPoolWorkItem.ExecuteWorkItem ()
System.Threading.ThreadPoolWorkQueue:Dispatch ()
System.Threading._ThreadPoolWaitCallback:PerformWaitCallback ()

(Filename: Assets/Shell/Tests/PlayMode/HapticIntegrationTests.cs Line: 102)

Found IOVRSkeletonDataProvider reference in [BuildingBlock] Hand Tracking left due to unassigned field.
UnityEngine.Debug:ExtractStackTraceNoAlloc (byte*,int,string)
UnityEngine.StackTraceUtility:ExtractStackTrace ()
UnityEngine.DebugLogHandler:Internal_Log (UnityEngine.LogType,UnityEngine.LogOption,string,UnityEngine.Object)
UnityEngine.DebugLogHandler:LogFormat (UnityEngine.LogType,UnityEngine.Object,string,object[])
UnityEngine.Logger:Log (UnityEngine.LogType,object)
UnityEngine.Debug:Log (object)
OVRSkeleton:Awake () (at ./Library/PackageCache/com.meta.xr.sdk.core@4ea2676097b9/Scripts/Util/OVRSkeleton.cs:520)

(Filename: ./Library/PackageCache/com.meta.xr.sdk.core@4ea2676097b9/Scripts/Util/OVRSkeleton.cs Line: 520)

Found IOVRSkeletonDataProvider reference in [BuildingBlock] Hand Tracking right due to unassigned field.
UnityEngine.Debug:ExtractStackTraceNoAlloc (byte*,int,string)
UnityEngine.StackTraceUtility:ExtractStackTrace ()
UnityEngine.DebugLogHandler:Internal_Log (UnityEngine.LogType,UnityEngine.LogOption,string,UnityEngine.Object)
UnityEngine.DebugLogHandler:LogFormat (UnityEngine.LogType,UnityEngine.Object,string,object[])
UnityEngine.Logger:Log (UnityEngine.LogType,object)
UnityEngine.Debug:Log (object)
OVRSkeleton:Awake () (at ./Library/PackageCache/com.meta.xr.sdk.core@4ea2676097b9/Scripts/Util/OVRSkeleton.cs:520)

(Filename: ./Library/PackageCache/com.meta.xr.sdk.core@4ea2676097b9/Scripts/Util/OVRSkeleton.cs Line: 520)

[fake_haptic:err]     return future.result()
UnityEngine.Debug:ExtractStackTraceNoAlloc (byte*,int,string)
UnityEngine.StackTraceUtility:ExtractStackTrace ()
UnityEngine.DebugLogHandler:Internal_Log (UnityEngine.LogType,UnityEngine.LogOption,string,UnityEngine.Object)
UnityEngine.DebugLogHandler:LogFormat (UnityEngine.LogType,UnityEngine.Object,string,object[])
UnityEngine.Logger:Log (UnityEngine.LogType,object)
UnityEngine.Debug:Log (object)
Opus.Shell.Tests.PlayMode.HapticIntegrationTests/<>c:<StartFakeSleeve>b__7_1 (object,System.Diagnostics.DataReceivedEventArgs) (at Assets/Shell/Tests/PlayMode/HapticIntegrationTests.cs:102)
System.Diagnostics.Process:ErrorReadNotifyUser (string)
System.Diagnostics.AsyncStreamReader:FlushMessageQueue ()
System.Diagnostics.AsyncStreamReader:GetLinesFromStringBuilder ()
System.Diagnostics.AsyncStreamReader:ReadBuffer (System.IAsyncResult)
System.IO.Stream/ReadWriteTask:InvokeAsyncCallback (object)
System.Threading.ExecutionContext:RunInternal (System.Threading.ExecutionContext,System.Threading.ContextCallback,object,bool)
System.Threading.ExecutionContext:RunInternal (System.Threading.ExecutionContext,System.Threading.ContextCallback,object)
System.IO.Stream/ReadWriteTask:System.Threading.Tasks.ITaskCompletionAction.Invoke (System.Threading.Tasks.Task)
System.Threading.Tasks.Task:FinishContinuations ()
System.Threading.Tasks.Task:FinishStageThree ()
System.Threading.Tasks.Task:FinishStageTwo ()
System.Threading.Tasks.Task:Finish (bool)
System.Threading.Tasks.Task:ExecuteWithThreadLocal (System.Threading.Tasks.Task&)
System.Threading.Tasks.Task:ExecuteEntry (bool)
System.Threading.Tasks.Task:System.Threading.IThreadPoolWorkItem.ExecuteWorkItem ()
System.Threading.ThreadPoolWorkQueue:Dispatch ()
System.Threading._ThreadPoolWaitCallback:PerformWaitCallback ()

(Filename: Assets/Shell/Tests/PlayMode/HapticIntegrationTests.cs Line: 102)

[fake_haptic:err]            ^^^^^^^^^^^^^^^
UnityEngine.Debug:ExtractStackTraceNoAlloc (byte*,int,string)
UnityEngine.StackTraceUtility:ExtractStackTrace ()
UnityEngine.DebugLogHandler:Internal_Log (UnityEngine.LogType,UnityEngine.LogOption,string,UnityEngine.Object)
UnityEngine.DebugLogHandler:LogFormat (UnityEngine.LogType,UnityEngine.Object,string,object[])
UnityEngine.Logger:Log (UnityEngine.LogType,object)
UnityEngine.Debug:Log (object)
Opus.Shell.Tests.PlayMode.HapticIntegrationTests/<>c:<StartFakeSleeve>b__7_1 (object,System.Diagnostics.DataReceivedEventArgs) (at Assets/Shell/Tests/PlayMode/HapticIntegrationTests.cs:102)
System.Diagnostics.Process:ErrorReadNotifyUser (string)
System.Diagnostics.AsyncStreamReader:FlushMessageQueue ()
System.Diagnostics.AsyncStreamReader:GetLinesFromStringBuilder ()
System.Diagnostics.AsyncStreamReader:ReadBuffer (System.IAsyncResult)
System.IO.Stream/ReadWriteTask:InvokeAsyncCallback (object)
System.Threading.ExecutionContext:RunInternal (System.Threading.ExecutionContext,System.Threading.ContextCallback,object,bool)
System.Threading.ExecutionContext:RunInternal (System.Threading.ExecutionContext,System.Threading.ContextCallback,object)
System.IO.Stream/ReadWriteTask:System.Threading.Tasks.ITaskCompletionAction.Invoke (System.Threading.Tasks.Task)
System.Threading.Tasks.Task:FinishContinuations ()
System.Threading.Tasks.Task:FinishStageThree ()
System.Threading.Tasks.Task:FinishStageTwo ()
System.Threading.Tasks.Task:Finish (bool)
System.Threading.Tasks.Task:ExecuteWithThreadLocal (System.Threading.Tasks.Task&)
System.Threading.Tasks.Task:ExecuteEntry (bool)
System.Threading.Tasks.Task:System.Threading.IThreadPoolWorkItem.ExecuteWorkItem ()
System.Threading.ThreadPoolWorkQueue:Dispatch ()
System.Threading._ThreadPoolWaitCallback:PerformWaitCallback ()

(Filename: Assets/Shell/Tests/PlayMode/HapticIntegrationTests.cs Line: 102)

[fake_haptic:err]   File "C:\Users\GARV BANSAL\Documents\VR_games\OPUS\sim\haptic\fake_haptic.py", line 541, in run_server
UnityEngine.Debug:ExtractStackTraceNoAlloc (byte*,int,string)
UnityEngine.StackTraceUtility:ExtractStackTrace ()
UnityEngine.DebugLogHandler:Internal_Log (UnityEngine.LogType,UnityEngine.LogOption,string,UnityEngine.Object)
UnityEngine.DebugLogHandler:LogFormat (UnityEngine.LogType,UnityEngine.Object,string,object[])
UnityEngine.Logger:Log (UnityEngine.LogType,object)
UnityEngine.Debug:Log (object)
Opus.Shell.Tests.PlayMode.HapticIntegrationTests/<>c:<StartFakeSleeve>b__7_1 (object,System.Diagnostics.DataReceivedEventArgs) (at Assets/Shell/Tests/PlayMode/HapticIntegrationTests.cs:102)
System.Diagnostics.Process:ErrorReadNotifyUser (string)
System.Diagnostics.AsyncStreamReader:FlushMessageQueue ()
System.Diagnostics.AsyncStreamReader:GetLinesFromStringBuilder ()
System.Diagnostics.AsyncStreamReader:ReadBuffer (System.IAsyncResult)
System.IO.Stream/ReadWriteTask:InvokeAsyncCallback (object)
System.Threading.ExecutionContext:RunInternal (System.Threading.ExecutionContext,System.Threading.ContextCallback,object,bool)
System.Threading.ExecutionContext:RunInternal (System.Threading.ExecutionContext,System.Threading.ContextCallback,object)
System.IO.Stream/ReadWriteTask:System.Threading.Tasks.ITaskCompletionAction.Invoke (System.Threading.Tasks.Task)
System.Threading.Tasks.Task:FinishContinuations ()
System.Threading.Tasks.Task:FinishStageThree ()
System.Threading.Tasks.Task:FinishStageTwo ()
System.Threading.Tasks.Task:Finish (bool)
System.Threading.Tasks.Task:ExecuteWithThreadLocal (System.Threading.Tasks.Task&)
System.Threading.Tasks.Task:ExecuteEntry (bool)
System.Threading.Tasks.Task:System.Threading.IThreadPoolWorkItem.ExecuteWorkItem ()
System.Threading.ThreadPoolWorkQueue:Dispatch ()
System.Threading._ThreadPoolWaitCallback:PerformWaitCallback ()

(Filename: Assets/Shell/Tests/PlayMode/HapticIntegrationTests.cs Line: 102)

[fake_haptic:err]     await sleeve.start()
UnityEngine.Debug:ExtractStackTraceNoAlloc (byte*,int,string)
UnityEngine.StackTraceUtility:ExtractStackTrace ()
UnityEngine.DebugLogHandler:Internal_Log (UnityEngine.LogType,UnityEngine.LogOption,string,UnityEngine.Object)
UnityEngine.DebugLogHandler:LogFormat (UnityEngine.LogType,UnityEngine.Object,string,object[])
UnityEngine.Logger:Log (UnityEngine.LogType,object)
UnityEngine.Debug:Log (object)
Opus.Shell.Tests.PlayMode.HapticIntegrationTests/<>c:<StartFakeSleeve>b__7_1 (object,System.Diagnostics.DataReceivedEventArgs) (at Assets/Shell/Tests/PlayMode/HapticIntegrationTests.cs:102)
System.Diagnostics.Process:ErrorReadNotifyUser (string)
System.Diagnostics.AsyncStreamReader:FlushMessageQueue ()
System.Diagnostics.AsyncStreamReader:GetLinesFromStringBuilder ()
System.Diagnostics.AsyncStreamReader:ReadBuffer (System.IAsyncResult)
System.IO.Stream/ReadWriteTask:InvokeAsyncCallback (object)
System.Threading.ExecutionContext:RunInternal (System.Threading.ExecutionContext,System.Threading.ContextCallback,object,bool)
System.Threading.ExecutionContext:RunInternal (System.Threading.ExecutionContext,System.Threading.ContextCallback,object)
System.IO.Stream/ReadWriteTask:System.Threading.Tasks.ITaskCompletionAction.Invoke (System.Threading.Tasks.Task)
System.Threading.Tasks.Task:FinishContinuations ()
System.Threading.Tasks.Task:FinishStageThree ()
System.Threading.Tasks.Task:FinishStageTwo ()
System.Threading.Tasks.Task:Finish (bool)
System.Threading.Tasks.Task:ExecuteWithThreadLocal (System.Threading.Tasks.Task&)
System.Threading.Tasks.Task:ExecuteEntry (bool)
System.Threading.Tasks.Task:System.Threading.IThreadPoolWorkItem.ExecuteWorkItem ()
System.Threading.ThreadPoolWorkQueue:Dispatch ()
System.Threading._ThreadPoolWaitCallback:PerformWaitCallback ()

(Filename: Assets/Shell/Tests/PlayMode/HapticIntegrationTests.cs Line: 102)

[fake_haptic:err]   File "C:\Users\GARV BANSAL\Documents\VR_games\OPUS\sim\haptic\fake_haptic.py", line 118, in start
UnityEngine.Debug:ExtractStackTraceNoAlloc (byte*,int,string)
UnityEngine.StackTraceUtility:ExtractStackTrace ()
UnityEngine.DebugLogHandler:Internal_Log (UnityEngine.LogType,UnityEngine.LogOption,string,UnityEngine.Object)
UnityEngine.DebugLogHandler:LogFormat (UnityEngine.LogType,UnityEngine.Object,string,object[])
UnityEngine.Logger:Log (UnityEngine.LogType,object)
UnityEngine.Debug:Log (object)
Opus.Shell.Tests.PlayMode.HapticIntegrationTests/<>c:<StartFakeSleeve>b__7_1 (object,System.Diagnostics.DataReceivedEventArgs) (at Assets/Shell/Tests/PlayMode/HapticIntegrationTests.cs:102)
System.Diagnostics.Process:ErrorReadNotifyUser (string)
System.Diagnostics.AsyncStreamReader:FlushMessageQueue ()
System.Diagnostics.AsyncStreamReader:GetLinesFromStringBuilder ()
System.Diagnostics.AsyncStreamReader:ReadBuffer (System.IAsyncResult)
System.IO.Stream/ReadWriteTask:InvokeAsyncCallback (object)
System.Threading.ExecutionContext:RunInternal (System.Threading.ExecutionContext,System.Threading.ContextCallback,object,bool)
System.Threading.ExecutionContext:RunInternal (System.Threading.ExecutionContext,System.Threading.ContextCallback,object)
System.IO.Stream/ReadWriteTask:System.Threading.Tasks.ITaskCompletionAction.Invoke (System.Threading.Tasks.Task)
System.Threading.Tasks.Task:FinishContinuations ()
System.Threading.Tasks.Task:FinishStageThree ()
System.Threading.Tasks.Task:FinishStageTwo ()
System.Threading.Tasks.Task:Finish (bool)
System.Threading.Tasks.Task:ExecuteWithThreadLocal (System.Threading.Tasks.Task&)
System.Threading.Tasks.Task:ExecuteEntry (bool)
System.Threading.Tasks.Task:System.Threading.IThreadPoolWorkItem.ExecuteWorkItem ()
System.Threading.ThreadPoolWorkQueue:Dispatch ()
System.Threading._ThreadPoolWaitCallback:PerformWaitCallback ()

(Filename: Assets/Shell/Tests/PlayMode/HapticIntegrationTests.cs Line: 102)

[fake_haptic:err]     transport, _protocol = await loop.create_datagram_endpoint(
UnityEngine.Debug:ExtractStackTraceNoAlloc (byte*,int,string)
UnityEngine.StackTraceUtility:ExtractStackTrace ()
UnityEngine.DebugLogHandler:Internal_Log (UnityEngine.LogType,UnityEngine.LogOption,string,UnityEngine.Object)
UnityEngine.DebugLogHandler:LogFormat (UnityEngine.LogType,UnityEngine.Object,string,object[])
UnityEngine.Logger:Log (UnityEngine.LogType,object)
UnityEngine.Debug:Log (object)
Opus.Shell.Tests.PlayMode.HapticIntegrationTests/<>c:<StartFakeSleeve>b__7_1 (object,System.Diagnostics.DataReceivedEventArgs) (at Assets/Shell/Tests/PlayMode/HapticIntegrationTests.cs:102)
System.Diagnostics.Process:ErrorReadNotifyUser (string)
System.Diagnostics.AsyncStreamReader:FlushMessageQueue ()
System.Diagnostics.AsyncStreamReader:GetLinesFromStringBuilder ()
System.Diagnostics.AsyncStreamReader:ReadBuffer (System.IAsyncResult)
System.IO.Stream/ReadWriteTask:InvokeAsyncCallback (object)
System.Threading.ExecutionContext:RunInternal (System.Threading.ExecutionContext,System.Threading.ContextCallback,object,bool)
System.Threading.ExecutionContext:RunInternal (System.Threading.ExecutionContext,System.Threading.ContextCallback,object)
System.IO.Stream/ReadWriteTask:System.Threading.Tasks.ITaskCompletionAction.Invoke (System.Threading.Tasks.Task)
System.Threading.Tasks.Task:FinishContinuations ()
System.Threading.Tasks.Task:FinishStageThree ()
System.Threading.Tasks.Task:FinishStageTwo ()
System.Threading.Tasks.Task:Finish (bool)
System.Threading.Tasks.Task:ExecuteWithThreadLocal (System.Threading.Tasks.Task&)
System.Threading.Tasks.Task:ExecuteEntry (bool)
System.Threading.Tasks.Task:System.Threading.IThreadPoolWorkItem.ExecuteWorkItem ()
System.Threading.ThreadPoolWorkQueue:Dispatch ()
System.Threading._ThreadPoolWaitCallback:PerformWaitCallback ()

(Filename: Assets/Shell/Tests/PlayMode/HapticIntegrationTests.cs Line: 102)

[fake_haptic:err]                            ^^^^^^^^^^^^^^^^^^^^^^^^^^^^^^^^^^^^
UnityEngine.Debug:ExtractStackTraceNoAlloc (byte*,int,string)
UnityEngine.StackTraceUtility:ExtractStackTrace ()
UnityEngine.DebugLogHandler:Internal_Log (UnityEngine.LogType,UnityEngine.LogOption,string,UnityEngine.Object)
UnityEngine.DebugLogHandler:LogFormat (UnityEngine.LogType,UnityEngine.Object,string,object[])
UnityEngine.Logger:Log (UnityEngine.LogType,object)
UnityEngine.Debug:Log (object)
Opus.Shell.Tests.PlayMode.HapticIntegrationTests/<>c:<StartFakeSleeve>b__7_1 (object,System.Diagnostics.DataReceivedEventArgs) (at Assets/Shell/Tests/PlayMode/HapticIntegrationTests.cs:102)
System.Diagnostics.Process:ErrorReadNotifyUser (string)
System.Diagnostics.AsyncStreamReader:FlushMessageQueue ()
System.Diagnostics.AsyncStreamReader:GetLinesFromStringBuilder ()
System.Diagnostics.AsyncStreamReader:ReadBuffer (System.IAsyncResult)
System.IO.Stream/ReadWriteTask:InvokeAsyncCallback (object)
System.Threading.ExecutionContext:RunInternal (System.Threading.ExecutionContext,System.Threading.ContextCallback,object,bool)
System.Threading.ExecutionContext:RunInternal (System.Threading.ExecutionContext,System.Threading.ContextCallback,object)
System.IO.Stream/ReadWriteTask:System.Threading.Tasks.ITaskCompletionAction.Invoke (System.Threading.Tasks.Task)
System.Threading.Tasks.Task:FinishContinuations ()
System.Threading.Tasks.Task:FinishStageThree ()
System.Threading.Tasks.Task:FinishStageTwo ()
System.Threading.Tasks.Task:Finish (bool)
System.Threading.Tasks.Task:ExecuteWithThreadLocal (System.Threading.Tasks.Task&)
System.Threading.Tasks.Task:ExecuteEntry (bool)
System.Threading.Tasks.Task:System.Threading.IThreadPoolWorkItem.ExecuteWorkItem ()
System.Threading.ThreadPoolWorkQueue:Dispatch ()
System.Threading._ThreadPoolWaitCallback:PerformWaitCallback ()

(Filename: Assets/Shell/Tests/PlayMode/HapticIntegrationTests.cs Line: 102)

[fake_haptic:err]   File "C:\Users\GARV BANSAL\AppData\Local\Programs\Python\Python312\Lib\asyncio\base_events.py", line 1433, in create_datagram_endpoint
UnityEngine.Debug:ExtractStackTraceNoAlloc (byte*,int,string)
UnityEngine.StackTraceUtility:ExtractStackTrace ()
UnityEngine.DebugLogHandler:Internal_Log (UnityEngine.LogType,UnityEngine.LogOption,string,UnityEngine.Object)
UnityEngine.DebugLogHandler:LogFormat (UnityEngine.LogType,UnityEngine.Object,string,object[])
UnityEngine.Logger:Log (UnityEngine.LogType,object)
UnityEngine.Debug:Log (object)
Opus.Shell.Tests.PlayMode.HapticIntegrationTests/<>c:<StartFakeSleeve>b__7_1 (object,System.Diagnostics.DataReceivedEventArgs) (at Assets/Shell/Tests/PlayMode/HapticIntegrationTests.cs:102)
System.Diagnostics.Process:ErrorReadNotifyUser (string)
System.Diagnostics.AsyncStreamReader:FlushMessageQueue ()
System.Diagnostics.AsyncStreamReader:GetLinesFromStringBuilder ()
System.Diagnostics.AsyncStreamReader:ReadBuffer (System.IAsyncResult)
System.IO.Stream/ReadWriteTask:InvokeAsyncCallback (object)
System.Threading.ExecutionContext:RunInternal (System.Threading.ExecutionContext,System.Threading.ContextCallback,object,bool)
System.Threading.ExecutionContext:RunInternal (System.Threading.ExecutionContext,System.Threading.ContextCallback,object)
System.IO.Stream/ReadWriteTask:System.Threading.Tasks.ITaskCompletionAction.Invoke (System.Threading.Tasks.Task)
System.Threading.Tasks.Task:FinishContinuations ()
System.Threading.Tasks.Task:FinishStageThree ()
System.Threading.Tasks.Task:FinishStageTwo ()
System.Threading.Tasks.Task:Finish (bool)
System.Threading.Tasks.Task:ExecuteWithThreadLocal (System.Threading.Tasks.Task&)
System.Threading.Tasks.Task:ExecuteEntry (bool)
System.Threading.Tasks.Task:System.Threading.IThreadPoolWorkItem.ExecuteWorkItem ()
System.Threading.ThreadPoolWorkQueue:Dispatch ()
System.Threading._ThreadPoolWaitCallback:PerformWaitCallback ()

(Filename: Assets/Shell/Tests/PlayMode/HapticIntegrationTests.cs Line: 102)

[fake_haptic:err]     raise exceptions[0]
UnityEngine.Debug:ExtractStackTraceNoAlloc (byte*,int,string)
UnityEngine.StackTraceUtility:ExtractStackTrace ()
UnityEngine.DebugLogHandler:Internal_Log (UnityEngine.LogType,UnityEngine.LogOption,string,UnityEngine.Object)
UnityEngine.DebugLogHandler:LogFormat (UnityEngine.LogType,UnityEngine.Object,string,object[])
UnityEngine.Logger:Log (UnityEngine.LogType,object)
UnityEngine.Debug:Log (object)
Opus.Shell.Tests.PlayMode.HapticIntegrationTests/<>c:<StartFakeSleeve>b__7_1 (object,System.Diagnostics.DataReceivedEventArgs) (at Assets/Shell/Tests/PlayMode/HapticIntegrationTests.cs:102)
System.Diagnostics.Process:ErrorReadNotifyUser (string)
System.Diagnostics.AsyncStreamReader:FlushMessageQueue ()
System.Diagnostics.AsyncStreamReader:GetLinesFromStringBuilder ()
System.Diagnostics.AsyncStreamReader:ReadBuffer (System.IAsyncResult)
System.IO.Stream/ReadWriteTask:InvokeAsyncCallback (object)
System.Threading.ExecutionContext:RunInternal (System.Threading.ExecutionContext,System.Threading.ContextCallback,object,bool)
System.Threading.ExecutionContext:RunInternal (System.Threading.ExecutionContext,System.Threading.ContextCallback,object)
System.IO.Stream/ReadWriteTask:System.Threading.Tasks.ITaskCompletionAction.Invoke (System.Threading.Tasks.Task)
System.Threading.Tasks.Task:FinishContinuations ()
System.Threading.Tasks.Task:FinishStageThree ()
System.Threading.Tasks.Task:FinishStageTwo ()
System.Threading.Tasks.Task:Finish (bool)
System.Threading.Tasks.Task:ExecuteWithThreadLocal (System.Threading.Tasks.Task&)
System.Threading.Tasks.Task:ExecuteEntry (bool)
System.Threading.Tasks.Task:System.Threading.IThreadPoolWorkItem.ExecuteWorkItem ()
System.Threading.ThreadPoolWorkQueue:Dispatch ()
System.Threading._ThreadPoolWaitCallback:PerformWaitCallback ()

(Filename: Assets/Shell/Tests/PlayMode/HapticIntegrationTests.cs Line: 102)

[fake_haptic:err]   File "C:\Users\GARV BANSAL\AppData\Local\Programs\Python\Python312\Lib\asyncio\base_events.py", line 1417, in create_datagram_endpoint
UnityEngine.Debug:ExtractStackTraceNoAlloc (byte*,int,string)
UnityEngine.StackTraceUtility:ExtractStackTrace ()
UnityEngine.DebugLogHandler:Internal_Log (UnityEngine.LogType,UnityEngine.LogOption,string,UnityEngine.Object)
UnityEngine.DebugLogHandler:LogFormat (UnityEngine.LogType,UnityEngine.Object,string,object[])
UnityEngine.Logger:Log (UnityEngine.LogType,object)
UnityEngine.Debug:Log (object)
Opus.Shell.Tests.PlayMode.HapticIntegrationTests/<>c:<StartFakeSleeve>b__7_1 (object,System.Diagnostics.DataReceivedEventArgs) (at Assets/Shell/Tests/PlayMode/HapticIntegrationTests.cs:102)
System.Diagnostics.Process:ErrorReadNotifyUser (string)
System.Diagnostics.AsyncStreamReader:FlushMessageQueue ()
System.Diagnostics.AsyncStreamReader:GetLinesFromStringBuilder ()
System.Diagnostics.AsyncStreamReader:ReadBuffer (System.IAsyncResult)
System.IO.Stream/ReadWriteTask:InvokeAsyncCallback (object)
System.Threading.ExecutionContext:RunInternal (System.Threading.ExecutionContext,System.Threading.ContextCallback,object,bool)
System.Threading.ExecutionContext:RunInternal (System.Threading.ExecutionContext,System.Threading.ContextCallback,object)
System.IO.Stream/ReadWriteTask:System.Threading.Tasks.ITaskCompletionAction.Invoke (System.Threading.Tasks.Task)
System.Threading.Tasks.Task:FinishContinuations ()
System.Threading.Tasks.Task:FinishStageThree ()
System.Threading.Tasks.Task:FinishStageTwo ()
System.Threading.Tasks.Task:Finish (bool)
System.Threading.Tasks.Task:ExecuteWithThreadLocal (System.Threading.Tasks.Task&)
System.Threading.Tasks.Task:ExecuteEntry (bool)
System.Threading.Tasks.Task:System.Threading.IThreadPoolWorkItem.ExecuteWorkItem ()
System.Threading.ThreadPoolWorkQueue:Dispatch ()
System.Threading._ThreadPoolWaitCallback:PerformWaitCallback ()

(Filename: Assets/Shell/Tests/PlayMode/HapticIntegrationTests.cs Line: 102)

[fake_haptic:err]     sock.bind(local_address)
UnityEngine.Debug:ExtractStackTraceNoAlloc (byte*,int,string)
UnityEngine.StackTraceUtility:ExtractStackTrace ()
UnityEngine.DebugLogHandler:Internal_Log (UnityEngine.LogType,UnityEngine.LogOption,string,UnityEngine.Object)
UnityEngine.DebugLogHandler:LogFormat (UnityEngine.LogType,UnityEngine.Object,string,object[])
UnityEngine.Logger:Log (UnityEngine.LogType,object)
UnityEngine.Debug:Log (object)
Opus.Shell.Tests.PlayMode.HapticIntegrationTests/<>c:<StartFakeSleeve>b__7_1 (object,System.Diagnostics.DataReceivedEventArgs) (at Assets/Shell/Tests/PlayMode/HapticIntegrationTests.cs:102)
System.Diagnostics.Process:ErrorReadNotifyUser (string)
System.Diagnostics.AsyncStreamReader:FlushMessageQueue ()
System.Diagnostics.AsyncStreamReader:GetLinesFromStringBuilder ()
System.Diagnostics.AsyncStreamReader:ReadBuffer (System.IAsyncResult)
System.IO.Stream/ReadWriteTask:InvokeAsyncCallback (object)
System.Threading.ExecutionContext:RunInternal (System.Threading.ExecutionContext,System.Threading.ContextCallback,object,bool)
System.Threading.ExecutionContext:RunInternal (System.Threading.ExecutionContext,System.Threading.ContextCallback,object)
System.IO.Stream/ReadWriteTask:System.Threading.Tasks.ITaskCompletionAction.Invoke (System.Threading.Tasks.Task)
System.Threading.Tasks.Task:FinishContinuations ()
System.Threading.Tasks.Task:FinishStageThree ()
System.Threading.Tasks.Task:FinishStageTwo ()
System.Threading.Tasks.Task:Finish (bool)
System.Threading.Tasks.Task:ExecuteWithThreadLocal (System.Threading.Tasks.Task&)
System.Threading.Tasks.Task:ExecuteEntry (bool)
System.Threading.Tasks.Task:System.Threading.IThreadPoolWorkItem.ExecuteWorkItem ()
System.Threading.ThreadPoolWorkQueue:Dispatch ()
System.Threading._ThreadPoolWaitCallback:PerformWaitCallback ()

(Filename: Assets/Shell/Tests/PlayMode/HapticIntegrationTests.cs Line: 102)

[fake_haptic:err] OSError: [WinError 10048] Only one usage of each socket address (protocol/network address/port) is normally permitted
UnityEngine.Debug:ExtractStackTraceNoAlloc (byte*,int,string)
UnityEngine.StackTraceUtility:ExtractStackTrace ()
UnityEngine.DebugLogHandler:Internal_Log (UnityEngine.LogType,UnityEngine.LogOption,string,UnityEngine.Object)
UnityEngine.DebugLogHandler:LogFormat (UnityEngine.LogType,UnityEngine.Object,string,object[])
UnityEngine.Logger:Log (UnityEngine.LogType,object)
UnityEngine.Debug:Log (object)
Opus.Shell.Tests.PlayMode.HapticIntegrationTests/<>c:<StartFakeSleeve>b__7_1 (object,System.Diagnostics.DataReceivedEventArgs) (at Assets/Shell/Tests/PlayMode/HapticIntegrationTests.cs:102)
System.Diagnostics.Process:ErrorReadNotifyUser (string)
System.Diagnostics.AsyncStreamReader:FlushMessageQueue ()
System.Diagnostics.AsyncStreamReader:GetLinesFromStringBuilder ()
System.Diagnostics.AsyncStreamReader:ReadBuffer (System.IAsyncResult)
System.IO.Stream/ReadWriteTask:InvokeAsyncCallback (object)
System.Threading.ExecutionContext:RunInternal (System.Threading.ExecutionContext,System.Threading.ContextCallback,object,bool)
System.Threading.ExecutionContext:RunInternal (System.Threading.ExecutionContext,System.Threading.ContextCallback,object)
System.IO.Stream/ReadWriteTask:System.Threading.Tasks.ITaskCompletionAction.Invoke (System.Threading.Tasks.Task)
System.Threading.Tasks.Task:FinishContinuations ()
System.Threading.Tasks.Task:FinishStageThree ()
System.Threading.Tasks.Task:FinishStageTwo ()
System.Threading.Tasks.Task:Finish (bool)
System.Threading.Tasks.Task:ExecuteWithThreadLocal (System.Threading.Tasks.Task&)
System.Threading.Tasks.Task:ExecuteEntry (bool)
System.Threading.Tasks.Task:System.Threading.IThreadPoolWorkItem.ExecuteWorkItem ()
System.Threading.ThreadPoolWorkQueue:Dispatch ()
System.Threading._ThreadPoolWaitCallback:PerformWaitCallback ()

(Filename: Assets/Shell/Tests/PlayMode/HapticIntegrationTests.cs Line: 102)

Setting linear velocity of a kinematic body is not supported.
UnityEngine.Debug:ExtractStackTraceNoAlloc (byte*,int,string)
UnityEngine.StackTraceUtility:ExtractStackTrace ()
UnityEngine.Rigidbody:set_linearVelocity (UnityEngine.Vector3)
Opus.Shell.OrchardReachSceneController:HandleTrialEvent (Opus.Sdk.TrialEvent) (at Assets/Shell/Runtime/OrchardReachSceneController.cs:879)
Opus.Games.OrchardReach.OrchardReachModule:Emit (string,string,Opus.Sdk.TrialTarget,string) (at Assets/Games/OrchardReach/Runtime/OrchardReachModule.cs:212)
Opus.Games.OrchardReach.OrchardReachModule:EmitSignal (System.Nullable`1<Opus.Games.OrchardReach.TrialSignal>,string,Opus.Sdk.TrialTarget) (at Assets/Games/OrchardReach/Runtime/OrchardReachModule.cs:228)
Opus.Games.OrchardReach.OrchardReachModule:StartNextTrial (double) (at Assets/Games/OrchardReach/Runtime/OrchardReachModule.cs:117)
Opus.Games.OrchardReach.OrchardReachModule:Begin () (at Assets/Games/OrchardReach/Runtime/OrchardReachModule.cs:80)
Opus.Shell.OrchardReachSceneController:Awake () (at Assets/Shell/Runtime/OrchardReachSceneController.cs:278)

[Assets/Shell/Runtime/OrchardReachSceneController.cs line 879]

[UdpHapticTransport] sleeve discovered at 169.254.188.98:8790 (device_id=sleeve-sim-01)
UnityEngine.Debug:ExtractStackTraceNoAlloc (byte*,int,string)
UnityEngine.StackTraceUtility:ExtractStackTrace ()
UnityEngine.DebugLogHandler:Internal_Log (UnityEngine.LogType,UnityEngine.LogOption,string,UnityEngine.Object)
UnityEngine.DebugLogHandler:LogFormat (UnityEngine.LogType,UnityEngine.Object,string,object[])
UnityEngine.Logger:Log (UnityEngine.LogType,object)
UnityEngine.Debug:Log (object)
Opus.Sdk.UdpHapticTransport/<DiscoveryLoopAsync>d__24:MoveNext () (at ./Packages/com.opus.sdk/Runtime/Transport/UdpHapticTransport.cs:191)
System.Runtime.CompilerServices.AsyncMethodBuilderCore/MoveNextRunner:InvokeMoveNext (object)
System.Threading.ExecutionContext:RunInternal (System.Threading.ExecutionContext,System.Threading.ContextCallback,object,bool)
System.Threading.ExecutionContext:Run (System.Threading.ExecutionContext,System.Threading.ContextCallback,object,bool)
System.Runtime.CompilerServices.AsyncMethodBuilderCore/MoveNextRunner:Run ()
System.Threading.Tasks.AwaitTaskContinuation:RunOrScheduleAction (System.Action,bool,System.Threading.Tasks.Task&)
System.Threading.Tasks.Task:FinishContinuations ()
System.Threading.Tasks.Task:FinishStageThree ()
System.Threading.Tasks.Task`1<System.Net.Sockets.UdpReceiveResult>:TrySetResult (System.Net.Sockets.UdpReceiveResult)
System.Threading.Tasks.TaskFactory`1<System.Net.Sockets.UdpReceiveResult>:FromAsyncCoreLogic (System.IAsyncResult,System.Func`2<System.IAsyncResult, System.Net.Sockets.UdpReceiveResult>,System.Action`1<System.IAsyncResult>,System.Threading.Tasks.Task`1<System.Net.Sockets.UdpReceiveResult>,bool)
System.Threading.Tasks.TaskFactory`1/<>c__DisplayClass35_0<System.Net.Sockets.UdpReceiveResult>:<FromAsyncImpl>b__0 (System.IAsyncResult)
System.Net.Sockets.SocketAsyncResult/<>c:<Complete>b__27_0 (object)
System.Threading.QueueUserWorkItemCallback:System.Threading.IThreadPoolWorkItem.ExecuteWorkItem ()
System.Threading.ThreadPoolWorkQueue:Dispatch ()
System.Threading._ThreadPoolWaitCallback:PerformWaitCallback ()

(Filename: ./Packages/com.opus.sdk/Runtime/Transport/UdpHapticTransport.cs Line: 191)

Loaded scene 'Assets/Scenes/OrchardReach.unity'
	Deserialize:            198.375 ms
	Integration:            435.100 ms
	Integration of assets:  28.729 ms
	Thread Wait Time:       -0.176 ms
	Total Operation Time:   662.027 ms
Unloading 16273 unused Assets / (8.0 MB). Loaded Objects now: 14955.
Memory consumption went from 320.9 MB to 312.8 MB.
Total: 30.028800 ms (FindLiveObjects: 1.407300 ms CreateObjectMapping: 0.988000 ms MarkObjects: 18.409300 ms  DeleteObjects: 9.222700 ms)

At GameObject <color=#3366ff><b>PlayerController</b></color>, component <b>FirstPersonLocomotor</b>. The ground could not be found below the locomotor for 10 meters. Velocity will be disabled.A) Add a ground collider under the character controller and/or adjust the CharacterController.LayerMask.
B) Set _velocityDisabled to disable movement and prevent falling without showing this warning.
C) Set _maxStartGroundDistance to 0 to disable this behaviour.
UnityEngine.Debug:ExtractStackTraceNoAlloc (byte*,int,string)
UnityEngine.StackTraceUtility:ExtractStackTrace ()
UnityEngine.DebugLogHandler:Internal_Log (UnityEngine.LogType,UnityEngine.LogOption,string,UnityEngine.Object)
UnityEngine.DebugLogHandler:LogFormat (UnityEngine.LogType,UnityEngine.Object,string,object[])
UnityEngine.Logger:Log (UnityEngine.LogType,object,UnityEngine.Object)
UnityEngine.Debug:LogWarning (object,UnityEngine.Object)
Oculus.Interaction.AssertUtils:LogWarning (UnityEngine.Component,string,string,string) (at ./Library/PackageCache/com.meta.xr.sdk.interaction@875abb30439c/Runtime/Scripts/Utils/AssertUtils.cs:252)
Oculus.Interaction.Locomotion.FirstPersonLocomotor:Start () (at ./Library/PackageCache/com.meta.xr.sdk.interaction@875abb30439c/Runtime/Scripts/Interaction/Models/Locomotion/FirstPersonLocomotor.cs:444)

(Filename: ./Library/PackageCache/com.meta.xr.sdk.interaction@875abb30439c/Runtime/Scripts/Utils/AssertUtils.cs Line: 252)

Setting linear velocity of a kinematic body is not supported.
UnityEngine.Debug:ExtractStackTraceNoAlloc (byte*,int,string)
UnityEngine.StackTraceUtility:ExtractStackTrace ()
UnityEngine.Rigidbody:set_linearVelocity (UnityEngine.Vector3)
Opus.Shell.OrchardReachSceneController:DriveDemoHandAndFruit () (at Assets/Shell/Runtime/OrchardReachSceneController.cs:677)
Opus.Shell.OrchardReachSceneController:Update () (at Assets/Shell/Runtime/OrchardReachSceneController.cs:486)

[Assets/Shell/Runtime/OrchardReachSceneController.cs line 677]

[HapticClient] sending cue=trunk_lean motor=0 cueId=9c833100-a41f-4a36-b033-430fb0ccf059 nowMs=749
UnityEngine.Debug:ExtractStackTraceNoAlloc (byte*,int,string)
UnityEngine.StackTraceUtility:ExtractStackTrace ()
UnityEngine.DebugLogHandler:Internal_Log (UnityEngine.LogType,UnityEngine.LogOption,string,UnityEngine.Object)
UnityEngine.DebugLogHandler:LogFormat (UnityEngine.LogType,UnityEngine.Object,string,object[])
UnityEngine.Logger:Log (UnityEngine.LogType,object)
UnityEngine.Debug:Log (object)
Opus.Sdk.HapticClient:SendDeviceCommand (Opus.Sdk.HapticDeviceCommand,string,double,bool) (at ./Packages/com.opus.sdk/Runtime/Transport/HapticClient.cs:221)
Opus.Sdk.HapticClient:SendTrunkLean (double,double) (at ./Packages/com.opus.sdk/Runtime/Transport/HapticClient.cs:121)
Opus.Shell.OrchardReachSceneController:HandleFormSignal (Opus.Sdk.FormWarningSignal) (at Assets/Shell/Runtime/OrchardReachSceneController.cs:567)
Opus.Sdk.FormFeedback:TickLean (double,double) (at ./Packages/com.opus.sdk/Runtime/Feedback/FormFeedback.cs:74)
Opus.Sdk.FormFeedback:Tick (double,double,bool,bool) (at ./Packages/com.opus.sdk/Runtime/Feedback/FormFeedback.cs:60)
Opus.Shell.OrchardReachSceneController:TickFormFeedbackAndHaptics (Opus.Sdk.IHandSource) (at Assets/Shell/Runtime/OrchardReachSceneController.cs:555)
Opus.Shell.OrchardReachSceneController:Update () (at Assets/Shell/Runtime/OrchardReachSceneController.cs:488)

(Filename: ./Packages/com.opus.sdk/Runtime/Transport/HapticClient.cs Line: 221)

[HapticClient] sending cue=success motor=0 cueId=d8a585cd-2fbb-421e-a6a7-112b5155d5a0 nowMs=1407
UnityEngine.Debug:ExtractStackTraceNoAlloc (byte*,int,string)
UnityEngine.StackTraceUtility:ExtractStackTrace ()
UnityEngine.DebugLogHandler:Internal_Log (UnityEngine.LogType,UnityEngine.LogOption,string,UnityEngine.Object)
UnityEngine.DebugLogHandler:LogFormat (UnityEngine.LogType,UnityEngine.Object,string,object[])
UnityEngine.Logger:Log (UnityEngine.LogType,object)
UnityEngine.Debug:Log (object)
Opus.Sdk.HapticClient:SendDeviceCommand (Opus.Sdk.HapticDeviceCommand,string,double,bool) (at ./Packages/com.opus.sdk/Runtime/Transport/HapticClient.cs:221)
Opus.Sdk.HapticClient:SendSuccess (double) (at ./Packages/com.opus.sdk/Runtime/Transport/HapticClient.cs:149)
Opus.Shell.OrchardReachSceneController:HandleTrialEvent (Opus.Sdk.TrialEvent) (at Assets/Shell/Runtime/OrchardReachSceneController.cs:856)
Opus.Games.OrchardReach.OrchardReachModule:Emit (string,string,Opus.Sdk.TrialTarget,string) (at Assets/Games/OrchardReach/Runtime/OrchardReachModule.cs:212)
Opus.Games.OrchardReach.OrchardReachModule:ConfirmPlacedInBasket (double) (at Assets/Games/OrchardReach/Runtime/OrchardReachModule.cs:186)
Opus.Shell.OrchardReachSceneController:OnFruitEnteredBasket () (at Assets/Shell/Runtime/OrchardReachSceneController.cs:827)
Opus.Shell.OrchardReachSceneController:<Awake>b__75_1 (UnityEngine.GameObject) (at Assets/Shell/Runtime/OrchardReachSceneController.cs:258)
Opus.Shell.BasketTrigger:OnTriggerEnter (UnityEngine.Collider) (at Assets/Shell/Runtime/BasketTrigger.cs:23)

(Filename: ./Packages/com.opus.sdk/Runtime/Transport/HapticClient.cs Line: 221)

Setting linear velocity of a kinematic body is not supported.
UnityEngine.Debug:ExtractStackTraceNoAlloc (byte*,int,string)
UnityEngine.StackTraceUtility:ExtractStackTrace ()
UnityEngine.Rigidbody:set_linearVelocity (UnityEngine.Vector3)
Opus.Shell.OrchardReachSceneController:HandleTrialEvent (Opus.Sdk.TrialEvent) (at Assets/Shell/Runtime/OrchardReachSceneController.cs:879)
Opus.Games.OrchardReach.OrchardReachModule:Emit (string,string,Opus.Sdk.TrialTarget,string) (at Assets/Games/OrchardReach/Runtime/OrchardReachModule.cs:212)
Opus.Games.OrchardReach.OrchardReachModule:EmitSignal (System.Nullable`1<Opus.Games.OrchardReach.TrialSignal>,string,Opus.Sdk.TrialTarget) (at Assets/Games/OrchardReach/Runtime/OrchardReachModule.cs:228)
Opus.Games.OrchardReach.OrchardReachModule:StartNextTrial (double) (at Assets/Games/OrchardReach/Runtime/OrchardReachModule.cs:117)
Opus.Games.OrchardReach.OrchardReachModule:OnTrialFinished (Opus.Games.OrchardReach.TrialOutcome,double) (at Assets/Games/OrchardReach/Runtime/OrchardReachModule.cs:198)
Opus.Games.OrchardReach.OrchardReachModule:ConfirmPlacedInBasket (double) (at Assets/Games/OrchardReach/Runtime/OrchardReachModule.cs:189)
Opus.Shell.OrchardReachSceneController:OnFruitEnteredBasket () (at Assets/Shell/Runtime/OrchardReachSceneController.cs:827)
Opus.Shell.OrchardReachSceneController:<Awake>b__75_1 (UnityEngine.GameObject) (at Assets/Shell/Runtime/OrchardReachSceneController.cs:258)
Opus.Shell.BasketTrigger:OnTriggerEnter (UnityEngine.Collider) (at Assets/Shell/Runtime/BasketTrigger.cs:23)

[Assets/Shell/Runtime/OrchardReachSceneController.cs line 879]

Setting linear velocity of a kinematic body is not supported.
UnityEngine.Debug:ExtractStackTraceNoAlloc (byte*,int,string)
UnityEngine.StackTraceUtility:ExtractStackTrace ()
UnityEngine.Rigidbody:set_linearVelocity (UnityEngine.Vector3)
Opus.Shell.OrchardReachSceneController:DriveDemoHandAndFruit () (at Assets/Shell/Runtime/OrchardReachSceneController.cs:677)
Opus.Shell.OrchardReachSceneController:Update () (at Assets/Shell/Runtime/OrchardReachSceneController.cs:486)

[Assets/Shell/Runtime/OrchardReachSceneController.cs line 677]

[HapticClient] cue dropped for motor 1: per-zone min gap (800ms) not elapsed (last=1407 now=1929).
UnityEngine.Debug:ExtractStackTraceNoAlloc (byte*,int,string)
UnityEngine.StackTraceUtility:ExtractStackTrace ()
UnityEngine.DebugLogHandler:Internal_Log (UnityEngine.LogType,UnityEngine.LogOption,string,UnityEngine.Object)
UnityEngine.DebugLogHandler:LogFormat (UnityEngine.LogType,UnityEngine.Object,string,object[])
UnityEngine.Logger:Log (UnityEngine.LogType,object)
UnityEngine.Debug:Log (object)
Opus.Sdk.HapticClient:GateCue (int,double,bool) (at ./Packages/com.opus.sdk/Runtime/Transport/HapticClient.cs:212)
Opus.Sdk.HapticClient:SendLowConfidence (double) (at ./Packages/com.opus.sdk/Runtime/Transport/HapticClient.cs:131)
Opus.Shell.OrchardReachSceneController:HandleFormSignal (Opus.Sdk.FormWarningSignal) (at Assets/Shell/Runtime/OrchardReachSceneController.cs:571)
Opus.Sdk.FormFeedback:TickTracking (double,bool) (at ./Packages/com.opus.sdk/Runtime/Feedback/FormFeedback.cs:96)
Opus.Sdk.FormFeedback:Tick (double,double,bool,bool) (at ./Packages/com.opus.sdk/Runtime/Feedback/FormFeedback.cs:61)
Opus.Shell.OrchardReachSceneController:TickFormFeedbackAndHaptics (Opus.Sdk.IHandSource) (at Assets/Shell/Runtime/OrchardReachSceneController.cs:555)
Opus.Shell.OrchardReachSceneController:Update () (at Assets/Shell/Runtime/OrchardReachSceneController.cs:488)

(Filename: ./Packages/com.opus.sdk/Runtime/Transport/HapticClient.cs Line: 212)

[HapticClient] sending cue=success motor=0 cueId=dddc3faf-01ee-49fe-b6b4-1e1a071d44fc nowMs=2367
UnityEngine.Debug:ExtractStackTraceNoAlloc (byte*,int,string)
UnityEngine.StackTraceUtility:ExtractStackTrace ()
UnityEngine.DebugLogHandler:Internal_Log (UnityEngine.LogType,UnityEngine.LogOption,string,UnityEngine.Object)
UnityEngine.DebugLogHandler:LogFormat (UnityEngine.LogType,UnityEngine.Object,string,object[])
UnityEngine.Logger:Log (UnityEngine.LogType,object)
UnityEngine.Debug:Log (object)
Opus.Sdk.HapticClient:SendDeviceCommand (Opus.Sdk.HapticDeviceCommand,string,double,bool) (at ./Packages/com.opus.sdk/Runtime/Transport/HapticClient.cs:221)
Opus.Sdk.HapticClient:SendSuccess (double) (at ./Packages/com.opus.sdk/Runtime/Transport/HapticClient.cs:149)
Opus.Shell.OrchardReachSceneController:HandleTrialEvent (Opus.Sdk.TrialEvent) (at Assets/Shell/Runtime/OrchardReachSceneController.cs:856)
Opus.Games.OrchardReach.OrchardReachModule:Emit (string,string,Opus.Sdk.TrialTarget,string) (at Assets/Games/OrchardReach/Runtime/OrchardReachModule.cs:212)
Opus.Games.OrchardReach.OrchardReachModule:ConfirmPlacedInBasket (double) (at Assets/Games/OrchardReach/Runtime/OrchardReachModule.cs:186)
Opus.Shell.OrchardReachSceneController:OnFruitEnteredBasket () (at Assets/Shell/Runtime/OrchardReachSceneController.cs:827)
Opus.Shell.OrchardReachSceneController:<Awake>b__75_1 (UnityEngine.GameObject) (at Assets/Shell/Runtime/OrchardReachSceneController.cs:258)
Opus.Shell.BasketTrigger:OnTriggerEnter (UnityEngine.Collider) (at Assets/Shell/Runtime/BasketTrigger.cs:23)

(Filename: ./Packages/com.opus.sdk/Runtime/Transport/HapticClient.cs Line: 221)

Setting linear velocity of a kinematic body is not supported.
UnityEngine.Debug:ExtractStackTraceNoAlloc (byte*,int,string)
UnityEngine.StackTraceUtility:ExtractStackTrace ()
UnityEngine.Rigidbody:set_linearVelocity (UnityEngine.Vector3)
Opus.Shell.OrchardReachSceneController:HandleTrialEvent (Opus.Sdk.TrialEvent) (at Assets/Shell/Runtime/OrchardReachSceneController.cs:879)
Opus.Games.OrchardReach.OrchardReachModule:Emit (string,string,Opus.Sdk.TrialTarget,string) (at Assets/Games/OrchardReach/Runtime/OrchardReachModule.cs:212)
Opus.Games.OrchardReach.OrchardReachModule:EmitSignal (System.Nullable`1<Opus.Games.OrchardReach.TrialSignal>,string,Opus.Sdk.TrialTarget) (at Assets/Games/OrchardReach/Runtime/OrchardReachModule.cs:228)
Opus.Games.OrchardReach.OrchardReachModule:StartNextTrial (double) (at Assets/Games/OrchardReach/Runtime/OrchardReachModule.cs:117)
Opus.Games.OrchardReach.OrchardReachModule:OnTrialFinished (Opus.Games.OrchardReach.TrialOutcome,double) (at Assets/Games/OrchardReach/Runtime/OrchardReachModule.cs:198)
Opus.Games.OrchardReach.OrchardReachModule:ConfirmPlacedInBasket (double) (at Assets/Games/OrchardReach/Runtime/OrchardReachModule.cs:189)
Opus.Shell.OrchardReachSceneController:OnFruitEnteredBasket () (at Assets/Shell/Runtime/OrchardReachSceneController.cs:827)
Opus.Shell.OrchardReachSceneController:<Awake>b__75_1 (UnityEngine.GameObject) (at Assets/Shell/Runtime/OrchardReachSceneController.cs:258)
Opus.Shell.BasketTrigger:OnTriggerEnter (UnityEngine.Collider) (at Assets/Shell/Runtime/BasketTrigger.cs:23)

[Assets/Shell/Runtime/OrchardReachSceneController.cs line 879]

Setting linear velocity of a kinematic body is not supported.
UnityEngine.Debug:ExtractStackTraceNoAlloc (byte*,int,string)
UnityEngine.StackTraceUtility:ExtractStackTrace ()
UnityEngine.Rigidbody:set_linearVelocity (UnityEngine.Vector3)
Opus.Shell.OrchardReachSceneController:DriveDemoHandAndFruit () (at Assets/Shell/Runtime/OrchardReachSceneController.cs:677)
Opus.Shell.OrchardReachSceneController:Update () (at Assets/Shell/Runtime/OrchardReachSceneController.cs:486)

[Assets/Shell/Runtime/OrchardReachSceneController.cs line 677]

Setting linear velocity of a kinematic body is not supported.
UnityEngine.Debug:ExtractStackTraceNoAlloc (byte*,int,string)
UnityEngine.StackTraceUtility:ExtractStackTrace ()
UnityEngine.Rigidbody:set_linearVelocity (UnityEngine.Vector3)
Opus.Shell.OrchardReachSceneController:HandleTrialEvent (Opus.Sdk.TrialEvent) (at Assets/Shell/Runtime/OrchardReachSceneController.cs:879)
Opus.Games.OrchardReach.OrchardReachModule:Emit (string,string,Opus.Sdk.TrialTarget,string) (at Assets/Games/OrchardReach/Runtime/OrchardReachModule.cs:212)
Opus.Games.OrchardReach.OrchardReachModule:EmitSignal (System.Nullable`1<Opus.Games.OrchardReach.TrialSignal>,string,Opus.Sdk.TrialTarget) (at Assets/Games/OrchardReach/Runtime/OrchardReachModule.cs:228)
Opus.Games.OrchardReach.OrchardReachModule:StartNextTrial (double) (at Assets/Games/OrchardReach/Runtime/OrchardReachModule.cs:117)
Opus.Games.OrchardReach.OrchardReachModule:OnTrialFinished (Opus.Games.OrchardReach.TrialOutcome,double) (at Assets/Games/OrchardReach/Runtime/OrchardReachModule.cs:198)
Opus.Games.OrchardReach.OrchardReachModule:Tick (double,Opus.Sdk.IHandSource) (at Assets/Games/OrchardReach/Runtime/OrchardReachModule.cs:162)
Opus.Shell.OrchardReachSceneController:Update () (at Assets/Shell/Runtime/OrchardReachSceneController.cs:484)

[Assets/Shell/Runtime/OrchardReachSceneController.cs line 879]

Setting linear velocity of a kinematic body is not supported.
UnityEngine.Debug:ExtractStackTraceNoAlloc (byte*,int,string)
UnityEngine.StackTraceUtility:ExtractStackTrace ()
UnityEngine.Rigidbody:set_linearVelocity (UnityEngine.Vector3)
Opus.Shell.OrchardReachSceneController:DriveDemoHandAndFruit () (at Assets/Shell/Runtime/OrchardReachSceneController.cs:677)
Opus.Shell.OrchardReachSceneController:Update () (at Assets/Shell/Runtime/OrchardReachSceneController.cs:486)

[Assets/Shell/Runtime/OrchardReachSceneController.cs line 677]

Setting linear velocity of a kinematic body is not supported.
UnityEngine.Debug:ExtractStackTraceNoAlloc (byte*,int,string)
UnityEngine.StackTraceUtility:ExtractStackTrace ()
UnityEngine.Rigidbody:set_linearVelocity (UnityEngine.Vector3)
Opus.Shell.OrchardReachSceneController:HandleTrialEvent (Opus.Sdk.TrialEvent) (at Assets/Shell/Runtime/OrchardReachSceneController.cs:879)
Opus.Games.OrchardReach.OrchardReachModule:Emit (string,string,Opus.Sdk.TrialTarget,string) (at Assets/Games/OrchardReach/Runtime/OrchardReachModule.cs:212)
Opus.Games.OrchardReach.OrchardReachModule:EmitSignal (System.Nullable`1<Opus.Games.OrchardReach.TrialSignal>,string,Opus.Sdk.TrialTarget) (at Assets/Games/OrchardReach/Runtime/OrchardReachModule.cs:228)
Opus.Games.OrchardReach.OrchardReachModule:StartNextTrial (double) (at Assets/Games/OrchardReach/Runtime/OrchardReachModule.cs:117)
Opus.Games.OrchardReach.OrchardReachModule:OnTrialFinished (Opus.Games.OrchardReach.TrialOutcome,double) (at Assets/Games/OrchardReach/Runtime/OrchardReachModule.cs:198)
Opus.Games.OrchardReach.OrchardReachModule:Tick (double,Opus.Sdk.IHandSource) (at Assets/Games/OrchardReach/Runtime/OrchardReachModule.cs:162)
Opus.Shell.OrchardReachSceneController:Update () (at Assets/Shell/Runtime/OrchardReachSceneController.cs:484)

[Assets/Shell/Runtime/OrchardReachSceneController.cs line 879]

Setting linear velocity of a kinematic body is not supported.
UnityEngine.Debug:ExtractStackTraceNoAlloc (byte*,int,string)
UnityEngine.StackTraceUtility:ExtractStackTrace ()
UnityEngine.Rigidbody:set_linearVelocity (UnityEngine.Vector3)
Opus.Shell.OrchardReachSceneController:DriveDemoHandAndFruit () (at Assets/Shell/Runtime/OrchardReachSceneController.cs:677)
Opus.Shell.OrchardReachSceneController:Update () (at Assets/Shell/Runtime/OrchardReachSceneController.cs:486)

[Assets/Shell/Runtime/OrchardReachSceneController.cs line 677]

E0919 00:46:11.602284 36596 TigonCurlRequestAdapter.cpp:901] [2a0966463d6a9c6f] Request failed from curl: curl (28): Timeout was reached: Resolving timed out after 5001 milliseconds
Setting linear velocity of a kinematic body is not supported.
UnityEngine.Debug:ExtractStackTraceNoAlloc (byte*,int,string)
UnityEngine.StackTraceUtility:ExtractStackTrace ()
UnityEngine.Rigidbody:set_linearVelocity (UnityEngine.Vector3)
Opus.Shell.OrchardReachSceneController:HandleTrialEvent (Opus.Sdk.TrialEvent) (at Assets/Shell/Runtime/OrchardReachSceneController.cs:879)
Opus.Games.OrchardReach.OrchardReachModule:Emit (string,string,Opus.Sdk.TrialTarget,string) (at Assets/Games/OrchardReach/Runtime/OrchardReachModule.cs:212)
Opus.Games.OrchardReach.OrchardReachModule:EmitSignal (System.Nullable`1<Opus.Games.OrchardReach.TrialSignal>,string,Opus.Sdk.TrialTarget) (at Assets/Games/OrchardReach/Runtime/OrchardReachModule.cs:228)
Opus.Games.OrchardReach.OrchardReachModule:StartNextTrial (double) (at Assets/Games/OrchardReach/Runtime/OrchardReachModule.cs:117)
Opus.Games.OrchardReach.OrchardReachModule:OnTrialFinished (Opus.Games.OrchardReach.TrialOutcome,double) (at Assets/Games/OrchardReach/Runtime/OrchardReachModule.cs:198)
Opus.Games.OrchardReach.OrchardReachModule:Tick (double,Opus.Sdk.IHandSource) (at Assets/Games/OrchardReach/Runtime/OrchardReachModule.cs:162)
Opus.Shell.OrchardReachSceneController:Update () (at Assets/Shell/Runtime/OrchardReachSceneController.cs:484)

[Assets/Shell/Runtime/OrchardReachSceneController.cs line 879]

Setting linear velocity of a kinematic body is not supported.
UnityEngine.Debug:ExtractStackTraceNoAlloc (byte*,int,string)
UnityEngine.StackTraceUtility:ExtractStackTrace ()
UnityEngine.Rigidbody:set_linearVelocity (UnityEngine.Vector3)
Opus.Shell.OrchardReachSceneController:DriveDemoHandAndFruit () (at Assets/Shell/Runtime/OrchardReachSceneController.cs:677)
Opus.Shell.OrchardReachSceneController:Update () (at Assets/Shell/Runtime/OrchardReachSceneController.cs:486)

[Assets/Shell/Runtime/OrchardReachSceneController.cs line 677]

E0919 00:46:39.216999 36596 TigonCurlRequestAdapter.cpp:901] [a73c6e9f9f003912] Request failed from curl: curl (28): Timeout was reached: Resolving timed out after 5000 milliseconds
E0919 00:46:41.632665 36596 TigonCurlRequestAdapter.cpp:901] [9fb61e81058d6a19] Request failed from curl: curl (28): Timeout was reached: Resolving timed out after 5000 milliseconds
[OPUS] HapticIntegrationTest: elapsed=40.0s trialsCompleted=6 cueOrder=[trunk_lean,trunk_lean,success,success] trunk_lean=2 low_confidence=0 success=2
UnityEngine.Debug:ExtractStackTraceNoAlloc (byte*,int,string)
UnityEngine.StackTraceUtility:ExtractStackTrace ()
UnityEngine.DebugLogHandler:Internal_Log (UnityEngine.LogType,UnityEngine.LogOption,string,UnityEngine.Object)
UnityEngine.DebugLogHandler:LogFormat (UnityEngine.LogType,UnityEngine.Object,string,object[])
UnityEngine.Logger:Log (UnityEngine.LogType,object)
UnityEngine.Debug:Log (object)
Opus.Shell.Tests.PlayMode.HapticIntegrationTests/<DemoSession_WithSleeve_ProducesOrderedCuesAndValidSession>d__9:MoveNext () (at Assets/Shell/Tests/PlayMode/HapticIntegrationTests.cs:205)
UnityEngine.TestTools.TestEnumerator/<Execute>d__7:MoveNext () (at ./Library/PackageCache/com.unity.test-framework@76560ee600cb/UnityEngine.TestRunner/NUnitExtensions/Attributes/TestEnumerator.cs:44)
UnityEngine.TestTools.EnumerableTestMethodCommand/<ExecuteEnumerableAndRecordExceptions>d__4:MoveNext () (at ./Library/PackageCache/com.unity.test-framework@76560ee600cb/UnityEngine.TestRunner/NUnitExtensions/Commands/EnumerableTestMethodCommand.cs:79)
UnityEngine.TestTools.EnumerableTestMethodCommand:AdvanceEnumerator (System.Collections.IEnumerator) (at ./Library/PackageCache/com.unity.test-framework@76560ee600cb/UnityEngine.TestRunner/NUnitExtensions/Commands/EnumerableTestMethodCommand.cs:64)
UnityEngine.TestTools.EnumerableTestMethodCommand/<ExecuteEnumerable>d__2:MoveNext () (at ./Library/PackageCache/com.unity.test-framework@76560ee600cb/UnityEngine.TestRunner/NUnitExtensions/Commands/EnumerableTestMethodCommand.cs:47)
UnityEngine.TestRunner.NUnitExtensions.Runner.UnityLogCheckDelegatingCommand/<ExecuteEnumerable>d__3:MoveNext () (at ./Library/PackageCache/com.unity.test-framework@76560ee600cb/UnityEngine.TestRunner/NUnitExtensions/Runner/UnityLogCheckDelegatingCommand.cs:48)
UnityEngine.TestTools.BeforeAfterTestCommandBase`1/<ExecuteEnumerable>d__16<NUnit.Framework.ITestAction>:MoveNext () (at ./Library/PackageCache/com.unity.test-framework@76560ee600cb/UnityEngine.TestRunner/NUnitExtensions/Commands/BeforeAfterTestCommandBase.cs:212)
UnityEngine.TestTools.BeforeAfterTestCommandBase`1/<ExecuteEnumerable>d__16<System.Reflection.MethodInfo>:MoveNext () (at ./Library/PackageCache/com.unity.test-framework@76560ee600cb/UnityEngine.TestRunner/NUnitExtensions/Commands/BeforeAfterTestCommandBase.cs:212)
UnityEngine.TestTools.BeforeAfterTestCommandBase`1/<ExecuteEnumerable>d__16<System.Reflection.MethodInfo>:MoveNext () (at ./Library/PackageCache/com.unity.test-framework@76560ee600cb/UnityEngine.TestRunner/NUnitExtensions/Commands/BeforeAfterTestCommandBase.cs:212)
UnityEngine.TestTools.BeforeAfterTestCommandBase`1/<ExecuteEnumerable>d__16<UnityEngine.TestTools.IOuterUnityTestAction>:MoveNext () (at ./Library/PackageCache/com.unity.test-framework@76560ee600cb/UnityEngine.TestRunner/NUnitExtensions/Commands/BeforeAfterTestCommandBase.cs:212)
UnityEngine.TestTools.RetryCommand/<ExecuteEnumerable>d__2:MoveNext () (at ./Library/PackageCache/com.unity.test-framework@76560ee600cb/UnityEngine.TestRunner/NUnitExtensions/Commands/RetryCommand.cs:37)
UnityEngine.TestTools.RepeatCommand/<ExecuteEnumerable>d__2:MoveNext () (at ./Library/PackageCache/com.unity.test-framework@76560ee600cb/UnityEngine.TestRunner/NUnitExtensions/Commands/RepeatCommand.cs:36)
UnityEngine.TestTools.IgnoreTestCommand/<ExecuteEnumerable>d__3:MoveNext () (at ./Library/PackageCache/com.unity.test-framework@76560ee600cb/UnityEngine.TestRunner/NUnitExtensions/Commands/IgnoreTestCommand.cs:42)
UnityEngine.TestTools.StrictCheckCommand/<ExecuteEnumerable>d__2:MoveNext () (at ./Library/PackageCache/com.unity.test-framework@76560ee600cb/UnityEngine.TestRunner/NUnitExtensions/Commands/StrictCheckCommand.cs:29)
UnityEngine.TestTools.Utils.CoroutineRunner/<WrapEnumeratorForChecks>d__8:MoveNext () (at ./Library/PackageCache/com.unity.test-framework@76560ee600cb/UnityEngine.TestRunner/Utils/CoroutineRunner.cs:58)
UnityEngine.SetupCoroutine:InvokeMoveNext (System.Collections.IEnumerator,intptr)

(Filename: Assets/Shell/Tests/PlayMode/HapticIntegrationTests.cs Line: 205)

[TestRunnerTools] Test Finished: Opus.Shell.Tests.PlayMode.HapticIntegrationTests.DemoSession_WithSleeve_ProducesOrderedCuesAndValidSession, ResultState: Failed, Duration: 41.715s, Message:   low_confidence cue never fired — demo tracking-loss trigger did not produce a cue.
  Expected: greater than 0
  But was:  0
UnityEngine.Debug:ExtractStackTraceNoAlloc (byte*,int,string)
UnityEngine.StackTraceUtility:ExtractStackTrace ()
UnityEngine.DebugLogHandler:Internal_Log (UnityEngine.LogType,UnityEngine.LogOption,string,UnityEngine.Object)
UnityEngine.DebugLogHandler:LogFormat (UnityEngine.LogType,UnityEngine.Object,string,object[])
UnityEngine.Logger:Log (UnityEngine.LogType,object)
UnityEngine.Debug:Log (object)
Meta.MCPBridge.Editor.TestRunnerTools:OnTestFinished (UnityEditor.TestTools.TestRunner.Api.ITestResultAdaptor) (at ./Library/PackageCache/com.meta.xr.sdk.core@4ea2676097b9/Editor/MCPBridge/TestRunnerTools.cs:847)
Meta.MCPBridge.Editor.TestRunnerTools/TestRunnerCallbacks:TestFinished (UnityEditor.TestTools.TestRunner.Api.ITestResultAdaptor) (at ./Library/PackageCache/com.meta.xr.sdk.core@4ea2676097b9/Editor/MCPBridge/TestRunnerTools.cs:904)
UnityEditor.TestTools.TestRunner.Api.CallbacksDelegator/<>c__DisplayClass14_0:<TestFinished>b__0 (UnityEditor.TestTools.TestRunner.Api.ICallbacks) (at ./Library/PackageCache/com.unity.test-framework@76560ee600cb/UnityEditor.TestRunner/Api/CallbacksDelegator.cs:95)
UnityEditor.TestTools.TestRunner.Api.CallbacksDelegator:TryInvokeAllCallbacks (System.Action`1<UnityEditor.TestTools.TestRunner.Api.ICallbacks>) (at ./Library/PackageCache/com.unity.test-framework@76560ee600cb/UnityEditor.TestRunner/Api/CallbacksDelegator.cs:135)
UnityEditor.TestTools.TestRunner.Api.CallbacksDelegator:TestFinished (NUnit.Framework.Interfaces.ITestResult) (at ./Library/PackageCache/com.unity.test-framework@76560ee600cb/UnityEditor.TestRunner/Api/CallbacksDelegator.cs:95)
UnityEngine.Events.InvokableCall`1<NUnit.Framework.Interfaces.ITestResult>:Invoke (NUnit.Framework.Interfaces.ITestResult)
UnityEngine.Events.UnityEvent`1<NUnit.Framework.Interfaces.ITestResult>:Invoke (NUnit.Framework.Interfaces.ITestResult)
UnityEngine.Events.InvokableCall`1<NUnit.Framework.Interfaces.ITestResult>:Invoke (NUnit.Framework.Interfaces.ITestResult)
UnityEngine.Events.UnityEvent`1<NUnit.Framework.Interfaces.ITestResult>:Invoke (NUnit.Framework.Interfaces.ITestResult)
UnityEngine.TestTools.TestRunner.TestListenerWrapper:TestFinished (NUnit.Framework.Interfaces.ITestResult) (at ./Library/PackageCache/com.unity.test-framework@76560ee600cb/UnityEngine.TestRunner/TestRunner/TestListenerWrapper.cs:24)
UnityEngine.TestRunner.NUnitExtensions.Runner.UnityWorkItem:WorkItemComplete () (at ./Library/PackageCache/com.unity.test-framework@76560ee600cb/UnityEngine.TestRunner/NUnitExtensions/Runner/UnityWorkItem.cs:107)
UnityEngine.TestRunner.NUnitExtensions.Runner.CoroutineTestWorkItem/<PerformWork>d__6:<>m__Finally1 () (at ./Library/PackageCache/com.unity.test-framework@76560ee600cb/UnityEngine.TestRunner/NUnitExtensions/Runner/CoroutineTestWorkItem.cs:59)
UnityEngine.TestRunner.NUnitExtensions.Runner.CoroutineTestWorkItem/<PerformWork>d__6:MoveNext () (at ./Library/PackageCache/com.unity.test-framework@76560ee600cb/UnityEngine.TestRunner/NUnitExtensions/Runner/CoroutineTestWorkItem.cs:56)
UnityEngine.TestRunner.NUnitExtensions.Runner.CompositeWorkItem/<RunChildren>d__17:MoveNext () (at ./Library/PackageCache/com.unity.test-framework@76560ee600cb/UnityEngine.TestRunner/NUnitExtensions/Runner/CompositeWorkItem.cs:207)
UnityEngine.TestRunner.NUnitExtensions.Runner.CompositeWorkItem/<PerformWork>d__13:MoveNext () (at ./Library/PackageCache/com.unity.test-framework@76560ee600cb/UnityEngine.TestRunner/NUnitExtensions/Runner/CompositeWorkItem.cs:82)
UnityEngine.TestRunner.NUnitExtensions.Runner.CompositeWorkItem/<RunChildren>d__17:MoveNext () (at ./Library/PackageCache/com.unity.test-framework@76560ee600cb/UnityEngine.TestRunner/NUnitExtensions/Runner/CompositeWorkItem.cs:207)
UnityEngine.TestRunner.NUnitExtensions.Runner.CompositeWorkItem/<PerformWork>d__13:MoveNext () (at ./Library/PackageCache/com.unity.test-framework@76560ee600cb/UnityEngine.TestRunner/NUnitExtensions/Runner/CompositeWorkItem.cs:82)
UnityEngine.TestRunner.NUnitExtensions.Runner.CompositeWorkItem/<RunChildren>d__17:MoveNext () (at ./Library/PackageCache/com.unity.test-framework@76560ee600cb/UnityEngine.TestRunner/NUnitExtensions/Runner/CompositeWorkItem.cs:207)
UnityEngine.TestRunner.NUnitExtensions.Runner.CompositeWorkItem/<PerformWork>d__13:MoveNext () (at ./Library/PackageCache/com.unity.test-framework@76560ee600cb/UnityEngine.TestRunner/NUnitExtensions/Runner/CompositeWorkItem.cs:82)
UnityEngine.TestRunner.NUnitExtensions.Runner.CompositeWorkItem/<RunChildren>d__17:MoveNext () (at ./Library/PackageCache/com.unity.test-framework@76560ee600cb/UnityEngine.TestRunner/NUnitExtensions/Runner/CompositeWorkItem.cs:207)
UnityEngine.TestRunner.NUnitExtensions.Runner.CompositeWorkItem/<PerformWork>d__13:MoveNext () (at ./Library/PackageCache/com.unity.test-framework@76560ee600cb/UnityEngine.TestRunner/NUnitExtensions/Runner/CompositeWorkItem.cs:82)
UnityEngine.TestRunner.NUnitExtensions.Runner.CompositeWorkItem/<RunChildren>d__17:MoveNext () (at ./Library/PackageCache/com.unity.test-framework@76560ee600cb/UnityEngine.TestRunner/NUnitExtensions/Runner/CompositeWorkItem.cs:207)
UnityEngine.TestRunner.NUnitExtensions.Runner.CompositeWorkItem/<PerformWork>d__13:MoveNext () (at ./Library/PackageCache/com.unity.test-framework@76560ee600cb/UnityEngine.TestRunner/NUnitExtensions/Runner/CompositeWorkItem.cs:82)
UnityEngine.TestRunner.NUnitExtensions.Runner.CompositeWorkItem/<RunChildren>d__17:MoveNext () (at ./Library/PackageCache/com.unity.test-framework@76560ee600cb/UnityEngine.TestRunner/NUnitExtensions/Runner/CompositeWorkItem.cs:207)
UnityEngine.TestRunner.NUnitExtensions.Runner.CompositeWorkItem/<PerformWork>d__13:MoveNext () (at ./Library/PackageCache/com.unity.test-framework@76560ee600cb/UnityEngine.TestRunner/NUnitExtensions/Runner/CompositeWorkItem.cs:82)
UnityEngine.TestRunner.NUnitExtensions.Runner.CompositeWorkItem/<RunChildren>d__17:MoveNext () (at ./Library/PackageCache/com.unity.test-framework@76560ee600cb/UnityEngine.TestRunner/NUnitExtensions/Runner/CompositeWorkItem.cs:207)
UnityEngine.TestRunner.NUnitExtensions.Runner.CompositeWorkItem/<PerformWork>d__13:MoveNext () (at ./Library/PackageCache/com.unity.test-framework@76560ee600cb/UnityEngine.TestRunner/NUnitExtensions/Runner/CompositeWorkItem.cs:82)
UnityEngine.TestTools.TestRunner.PlaymodeTestsController/<TestRunnerCoroutine>d__24:MoveNext () (at ./Library/PackageCache/com.unity.test-framework@76560ee600cb/UnityEngine.TestRunner/TestRunner/PlaymodeTestsController.cs:93)
UnityEngine.SetupCoroutine:InvokeMoveNext (System.Collections.IEnumerator,intptr)

(Filename: ./Library/PackageCache/com.meta.xr.sdk.core@4ea2676097b9/Editor/MCPBridge/TestRunnerTools.cs Line: 847)

[TestRunnerTools] Test Started: Opus.Shell.Tests.PlayMode.LeanScreenshotTest.CaptureDuringTrunkLean
UnityEngine.Debug:ExtractStackTraceNoAlloc (byte*,int,string)
UnityEngine.StackTraceUtility:ExtractStackTrace ()
UnityEngine.DebugLogHandler:Internal_Log (UnityEngine.LogType,UnityEngine.LogOption,string,UnityEngine.Object)
UnityEngine.DebugLogHandler:LogFormat (UnityEngine.LogType,UnityEngine.Object,string,object[])
UnityEngine.Logger:Log (UnityEngine.LogType,object)
UnityEngine.Debug:Log (object)
Meta.MCPBridge.Editor.TestRunnerTools:OnTestStarted (UnityEditor.TestTools.TestRunner.Api.ITestAdaptor) (at ./Library/PackageCache/com.meta.xr.sdk.core@4ea2676097b9/Editor/MCPBridge/TestRunnerTools.cs:838)
Meta.MCPBridge.Editor.TestRunnerTools/TestRunnerCallbacks:TestStarted (UnityEditor.TestTools.TestRunner.Api.ITestAdaptor) (at ./Library/PackageCache/com.meta.xr.sdk.core@4ea2676097b9/Editor/MCPBridge/TestRunnerTools.cs:899)
UnityEditor.TestTools.TestRunner.Api.CallbacksDelegator/<>c__DisplayClass12_0:<TestStarted>b__0 (UnityEditor.TestTools.TestRunner.Api.ICallbacks) (at ./Library/PackageCache/com.unity.test-framework@76560ee600cb/UnityEditor.TestRunner/Api/CallbacksDelegator.cs:81)
UnityEditor.TestTools.TestRunner.Api.CallbacksDelegator:TryInvokeAllCallbacks (System.Action`1<UnityEditor.TestTools.TestRunner.Api.ICallbacks>) (at ./Library/PackageCache/com.unity.test-framework@76560ee600cb/UnityEditor.TestRunner/Api/CallbacksDelegator.cs:135)
UnityEditor.TestTools.TestRunner.Api.CallbacksDelegator:TestStarted (NUnit.Framework.Interfaces.ITest) (at ./Library/PackageCache/com.unity.test-framework@76560ee600cb/UnityEditor.TestRunner/Api/CallbacksDelegator.cs:81)
UnityEngine.Events.InvokableCall`1<NUnit.Framework.Interfaces.ITest>:Invoke (NUnit.Framework.Interfaces.ITest)
UnityEngine.Events.UnityEvent`1<NUnit.Framework.Interfaces.ITest>:Invoke (NUnit.Framework.Interfaces.ITest)
UnityEngine.Events.InvokableCall`1<NUnit.Framework.Interfaces.ITest>:Invoke (NUnit.Framework.Interfaces.ITest)
UnityEngine.Events.UnityEvent`1<NUnit.Framework.Interfaces.ITest>:Invoke (NUnit.Framework.Interfaces.ITest)
UnityEngine.TestTools.TestRunner.TestListenerWrapper:TestStarted (NUnit.Framework.Interfaces.ITest) (at ./Library/PackageCache/com.unity.test-framework@76560ee600cb/UnityEngine.TestRunner/TestRunner/TestListenerWrapper.cs:19)
UnityEngine.TestRunner.NUnitExtensions.Runner.UnityWorkItem:Execute () (at ./Library/PackageCache/com.unity.test-framework@76560ee600cb/UnityEngine.TestRunner/NUnitExtensions/Runner/UnityWorkItem.cs:83)
UnityEngine.TestRunner.NUnitExtensions.Runner.CompositeWorkItem/<RunChildren>d__17:MoveNext () (at ./Library/PackageCache/com.unity.test-framework@76560ee600cb/UnityEngine.TestRunner/NUnitExtensions/Runner/CompositeWorkItem.cs:203)
UnityEngine.TestRunner.NUnitExtensions.Runner.CompositeWorkItem/<PerformWork>d__13:MoveNext () (at ./Library/PackageCache/com.unity.test-framework@76560ee600cb/UnityEngine.TestRunner/NUnitExtensions/Runner/CompositeWorkItem.cs:82)
UnityEngine.TestRunner.NUnitExtensions.Runner.CompositeWorkItem/<RunChildren>d__17:MoveNext () (at ./Library/PackageCache/com.unity.test-framework@76560ee600cb/UnityEngine.TestRunner/NUnitExtensions/Runner/CompositeWorkItem.cs:207)
UnityEngine.TestRunner.NUnitExtensions.Runner.CompositeWorkItem/<PerformWork>d__13:MoveNext () (at ./Library/PackageCache/com.unity.test-framework@76560ee600cb/UnityEngine.TestRunner/NUnitExtensions/Runner/CompositeWorkItem.cs:82)
UnityEngine.TestRunner.NUnitExtensions.Runner.CompositeWorkItem/<RunChildren>d__17:MoveNext () (at ./Library/PackageCache/com.unity.test-framework@76560ee600cb/UnityEngine.TestRunner/NUnitExtensions/Runner/CompositeWorkItem.cs:207)
UnityEngine.TestRunner.NUnitExtensions.Runner.CompositeWorkItem/<PerformWork>d__13:MoveNext () (at ./Library/PackageCache/com.unity.test-framework@76560ee600cb/UnityEngine.TestRunner/NUnitExtensions/Runner/CompositeWorkItem.cs:82)
UnityEngine.TestRunner.NUnitExtensions.Runner.CompositeWorkItem/<RunChildren>d__17:MoveNext () (at ./Library/PackageCache/com.unity.test-framework@76560ee600cb/UnityEngine.TestRunner/NUnitExtensions/Runner/CompositeWorkItem.cs:207)
UnityEngine.TestRunner.NUnitExtensions.Runner.CompositeWorkItem/<PerformWork>d__13:MoveNext () (at ./Library/PackageCache/com.unity.test-framework@76560ee600cb/UnityEngine.TestRunner/NUnitExtensions/Runner/CompositeWorkItem.cs:82)
UnityEngine.TestRunner.NUnitExtensions.Runner.CompositeWorkItem/<RunChildren>d__17:MoveNext () (at ./Library/PackageCache/com.unity.test-framework@76560ee600cb/UnityEngine.TestRunner/NUnitExtensions/Runner/CompositeWorkItem.cs:207)
UnityEngine.TestRunner.NUnitExtensions.Runner.CompositeWorkItem/<PerformWork>d__13:MoveNext () (at ./Library/PackageCache/com.unity.test-framework@76560ee600cb/UnityEngine.TestRunner/NUnitExtensions/Runner/CompositeWorkItem.cs:82)
UnityEngine.TestRunner.NUnitExtensions.Runner.CompositeWorkItem/<RunChildren>d__17:MoveNext () (at ./Library/PackageCache/com.unity.test-framework@76560ee600cb/UnityEngine.TestRunner/NUnitExtensions/Runner/CompositeWorkItem.cs:207)
UnityEngine.TestRunner.NUnitExtensions.Runner.CompositeWorkItem/<PerformWork>d__13:MoveNext () (at ./Library/PackageCache/com.unity.test-framework@76560ee600cb/UnityEngine.TestRunner/NUnitExtensions/Runner/CompositeWorkItem.cs:82)
UnityEngine.TestRunner.NUnitExtensions.Runner.CompositeWorkItem/<RunChildren>d__17:MoveNext () (at ./Library/PackageCache/com.unity.test-framework@76560ee600cb/UnityEngine.TestRunner/NUnitExtensions/Runner/CompositeWorkItem.cs:207)
UnityEngine.TestRunner.NUnitExtensions.Runner.CompositeWorkItem/<PerformWork>d__13:MoveNext () (at ./Library/PackageCache/com.unity.test-framework@76560ee600cb/UnityEngine.TestRunner/NUnitExtensions/Runner/CompositeWorkItem.cs:82)
UnityEngine.TestTools.TestRunner.PlaymodeTestsController/<TestRunnerCoroutine>d__24:MoveNext () (at ./Library/PackageCache/com.unity.test-framework@76560ee600cb/UnityEngine.TestRunner/TestRunner/PlaymodeTestsController.cs:93)
UnityEngine.SetupCoroutine:InvokeMoveNext (System.Collections.IEnumerator,intptr)

(Filename: ./Library/PackageCache/com.meta.xr.sdk.core@4ea2676097b9/Editor/MCPBridge/TestRunnerTools.cs Line: 838)

Unloading 82 Unused Serialized files (Serialized files now loaded: 0)
[UdpHapticTransport] send failed: Cannot access a disposed object.
Object name: 'System.Net.Sockets.Socket'.
UnityEngine.Debug:ExtractStackTraceNoAlloc (byte*,int,string)
UnityEngine.StackTraceUtility:ExtractStackTrace ()
UnityEngine.DebugLogHandler:Internal_Log (UnityEngine.LogType,UnityEngine.LogOption,string,UnityEngine.Object)
UnityEngine.DebugLogHandler:LogFormat (UnityEngine.LogType,UnityEngine.Object,string,object[])
UnityEngine.Logger:Log (UnityEngine.LogType,object)
UnityEngine.Debug:LogWarning (object)
Opus.Sdk.UdpHapticTransport/<SendLoopAsync>d__22:MoveNext () (at ./Packages/com.opus.sdk/Runtime/Transport/UdpHapticTransport.cs:107)
System.Runtime.CompilerServices.AsyncMethodBuilderCore/MoveNextRunner:InvokeMoveNext (object)
System.Threading.ExecutionContext:RunInternal (System.Threading.ExecutionContext,System.Threading.ContextCallback,object,bool)
System.Threading.ExecutionContext:Run (System.Threading.ExecutionContext,System.Threading.ContextCallback,object,bool)
System.Runtime.CompilerServices.AsyncMethodBuilderCore/MoveNextRunner:Run ()
System.Threading.Tasks.AwaitTaskContinuation:RunOrScheduleAction (System.Action,bool,System.Threading.Tasks.Task&)
System.Threading.Tasks.Task:FinishContinuations ()
System.Threading.Tasks.Task:FinishStageThree ()
System.Threading.Tasks.Task:FinishStageTwo ()
System.Threading.Tasks.Task:Finish (bool)
System.Threading.Tasks.Task:TrySetException (object)
System.Threading.Tasks.TaskFactory`1<int>:FromAsyncCoreLogic (System.IAsyncResult,System.Func`2<System.IAsyncResult, int>,System.Action`1<System.IAsyncResult>,System.Threading.Tasks.Task`1<int>,bool)
System.Threading.Tasks.TaskFactory`1/<>c__DisplayClass44_0`3<int, byte[], int, System.Net.IPEndPoint>:<FromAsyncImpl>b__0 (System.IAsyncResult)
System.Net.Sockets.SocketAsyncResult/<>c:<Complete>b__27_0 (object)
System.Threading.QueueUserWorkItemCallback:System.Threading.IThreadPoolWorkItem.ExecuteWorkItem ()
System.Threading.ThreadPoolWorkQueue:Dispatch ()
System.Threading._ThreadPoolWaitCallback:PerformWaitCallback ()

(Filename: ./Packages/com.opus.sdk/Runtime/Transport/UdpHapticTransport.cs Line: 107)

[OVRManager] OnDestroy
UnityEngine.Debug:ExtractStackTraceNoAlloc (byte*,int,string)
UnityEngine.StackTraceUtility:ExtractStackTrace ()
UnityEngine.DebugLogHandler:Internal_Log (UnityEngine.LogType,UnityEngine.LogOption,string,UnityEngine.Object)
UnityEngine.DebugLogHandler:LogFormat (UnityEngine.LogType,UnityEngine.Object,string,object[])
UnityEngine.Logger:Log (UnityEngine.LogType,object)
UnityEngine.Debug:Log (object)
OVRManager:OnDestroy () (at ./Library/PackageCache/com.meta.xr.sdk.core@4ea2676097b9/Scripts/OVRManager.cs:3452)

(Filename: ./Library/PackageCache/com.meta.xr.sdk.core@4ea2676097b9/Scripts/OVRManager.cs Line: 3452)

UnloadTime: 9.952300 ms
Found IOVRSkeletonDataProvider reference in [BuildingBlock] Hand Tracking left due to unassigned field.
UnityEngine.Debug:ExtractStackTraceNoAlloc (byte*,int,string)
UnityEngine.StackTraceUtility:ExtractStackTrace ()
UnityEngine.DebugLogHandler:Internal_Log (UnityEngine.LogType,UnityEngine.LogOption,string,UnityEngine.Object)
UnityEngine.DebugLogHandler:LogFormat (UnityEngine.LogType,UnityEngine.Object,string,object[])
UnityEngine.Logger:Log (UnityEngine.LogType,object)
UnityEngine.Debug:Log (object)
OVRSkeleton:Awake () (at ./Library/PackageCache/com.meta.xr.sdk.core@4ea2676097b9/Scripts/Util/OVRSkeleton.cs:520)

(Filename: ./Library/PackageCache/com.meta.xr.sdk.core@4ea2676097b9/Scripts/Util/OVRSkeleton.cs Line: 520)

Found IOVRSkeletonDataProvider reference in [BuildingBlock] Hand Tracking right due to unassigned field.
UnityEngine.Debug:ExtractStackTraceNoAlloc (byte*,int,string)
UnityEngine.StackTraceUtility:ExtractStackTrace ()
UnityEngine.DebugLogHandler:Internal_Log (UnityEngine.LogType,UnityEngine.LogOption,string,UnityEngine.Object)
UnityEngine.DebugLogHandler:LogFormat (UnityEngine.LogType,UnityEngine.Object,string,object[])
UnityEngine.Logger:Log (UnityEngine.LogType,object)
UnityEngine.Debug:Log (object)
OVRSkeleton:Awake () (at ./Library/PackageCache/com.meta.xr.sdk.core@4ea2676097b9/Scripts/Util/OVRSkeleton.cs:520)

(Filename: ./Library/PackageCache/com.meta.xr.sdk.core@4ea2676097b9/Scripts/Util/OVRSkeleton.cs Line: 520)

Setting linear velocity of a kinematic body is not supported.
UnityEngine.Debug:ExtractStackTraceNoAlloc (byte*,int,string)
UnityEngine.StackTraceUtility:ExtractStackTrace ()
UnityEngine.Rigidbody:set_linearVelocity (UnityEngine.Vector3)
Opus.Shell.OrchardReachSceneController:HandleTrialEvent (Opus.Sdk.TrialEvent) (at Assets/Shell/Runtime/OrchardReachSceneController.cs:879)
Opus.Games.OrchardReach.OrchardReachModule:Emit (string,string,Opus.Sdk.TrialTarget,string) (at Assets/Games/OrchardReach/Runtime/OrchardReachModule.cs:212)
Opus.Games.OrchardReach.OrchardReachModule:EmitSignal (System.Nullable`1<Opus.Games.OrchardReach.TrialSignal>,string,Opus.Sdk.TrialTarget) (at Assets/Games/OrchardReach/Runtime/OrchardReachModule.cs:228)
Opus.Games.OrchardReach.OrchardReachModule:StartNextTrial (double) (at Assets/Games/OrchardReach/Runtime/OrchardReachModule.cs:117)
Opus.Games.OrchardReach.OrchardReachModule:Begin () (at Assets/Games/OrchardReach/Runtime/OrchardReachModule.cs:80)
Opus.Shell.OrchardReachSceneController:Awake () (at Assets/Shell/Runtime/OrchardReachSceneController.cs:278)

[Assets/Shell/Runtime/OrchardReachSceneController.cs line 879]

[UdpHapticTransport] sleeve discovered at 169.254.188.98:8790 (device_id=sleeve-sim-01)
UnityEngine.Debug:ExtractStackTraceNoAlloc (byte*,int,string)
UnityEngine.StackTraceUtility:ExtractStackTrace ()
UnityEngine.DebugLogHandler:Internal_Log (UnityEngine.LogType,UnityEngine.LogOption,string,UnityEngine.Object)
UnityEngine.DebugLogHandler:LogFormat (UnityEngine.LogType,UnityEngine.Object,string,object[])
UnityEngine.Logger:Log (UnityEngine.LogType,object)
UnityEngine.Debug:Log (object)
Opus.Sdk.UdpHapticTransport/<DiscoveryLoopAsync>d__24:MoveNext () (at ./Packages/com.opus.sdk/Runtime/Transport/UdpHapticTransport.cs:191)
System.Runtime.CompilerServices.AsyncMethodBuilderCore/MoveNextRunner:InvokeMoveNext (object)
System.Threading.ExecutionContext:RunInternal (System.Threading.ExecutionContext,System.Threading.ContextCallback,object,bool)
System.Threading.ExecutionContext:Run (System.Threading.ExecutionContext,System.Threading.ContextCallback,object,bool)
System.Runtime.CompilerServices.AsyncMethodBuilderCore/MoveNextRunner:Run ()
System.Threading.Tasks.AwaitTaskContinuation:RunOrScheduleAction (System.Action,bool,System.Threading.Tasks.Task&)
System.Threading.Tasks.Task:FinishContinuations ()
System.Threading.Tasks.Task:FinishStageThree ()
System.Threading.Tasks.Task`1<System.Net.Sockets.UdpReceiveResult>:TrySetResult (System.Net.Sockets.UdpReceiveResult)
System.Threading.Tasks.TaskFactory`1<System.Net.Sockets.UdpReceiveResult>:FromAsyncCoreLogic (System.IAsyncResult,System.Func`2<System.IAsyncResult, System.Net.Sockets.UdpReceiveResult>,System.Action`1<System.IAsyncResult>,System.Threading.Tasks.Task`1<System.Net.Sockets.UdpReceiveResult>,bool)
System.Threading.Tasks.TaskFactory`1/<>c__DisplayClass35_0<System.Net.Sockets.UdpReceiveResult>:<FromAsyncImpl>b__0 (System.IAsyncResult)
System.Net.Sockets.SocketAsyncResult/<>c:<Complete>b__27_0 (object)
System.Threading.QueueUserWorkItemCallback:System.Threading.IThreadPoolWorkItem.ExecuteWorkItem ()
System.Threading.ThreadPoolWorkQueue:Dispatch ()
System.Threading._ThreadPoolWaitCallback:PerformWaitCallback ()

(Filename: ./Packages/com.opus.sdk/Runtime/Transport/UdpHapticTransport.cs Line: 191)

Loaded scene 'Assets/Scenes/OrchardReach.unity'
	Deserialize:            348.262 ms
	Integration:            497.221 ms
	Integration of assets:  34.942 ms
	Thread Wait Time:       -0.447 ms
	Total Operation Time:   879.978 ms
Unloading 16273 unused Assets / (7.9 MB). Loaded Objects now: 14955.
Memory consumption went from 321.0 MB to 313.1 MB.
Total: 47.843200 ms (FindLiveObjects: 2.907800 ms CreateObjectMapping: 1.637100 ms MarkObjects: 27.687000 ms  DeleteObjects: 15.609300 ms)

At GameObject <color=#3366ff><b>PlayerController</b></color>, component <b>FirstPersonLocomotor</b>. The ground could not be found below the locomotor for 10 meters. Velocity will be disabled.A) Add a ground collider under the character controller and/or adjust the CharacterController.LayerMask.
B) Set _velocityDisabled to disable movement and prevent falling without showing this warning.
C) Set _maxStartGroundDistance to 0 to disable this behaviour.
UnityEngine.Debug:ExtractStackTraceNoAlloc (byte*,int,string)
UnityEngine.StackTraceUtility:ExtractStackTrace ()
UnityEngine.DebugLogHandler:Internal_Log (UnityEngine.LogType,UnityEngine.LogOption,string,UnityEngine.Object)
UnityEngine.DebugLogHandler:LogFormat (UnityEngine.LogType,UnityEngine.Object,string,object[])
UnityEngine.Logger:Log (UnityEngine.LogType,object,UnityEngine.Object)
UnityEngine.Debug:LogWarning (object,UnityEngine.Object)
Oculus.Interaction.AssertUtils:LogWarning (UnityEngine.Component,string,string,string) (at ./Library/PackageCache/com.meta.xr.sdk.interaction@875abb30439c/Runtime/Scripts/Utils/AssertUtils.cs:252)
Oculus.Interaction.Locomotion.FirstPersonLocomotor:Start () (at ./Library/PackageCache/com.meta.xr.sdk.interaction@875abb30439c/Runtime/Scripts/Interaction/Models/Locomotion/FirstPersonLocomotor.cs:444)

(Filename: ./Library/PackageCache/com.meta.xr.sdk.interaction@875abb30439c/Runtime/Scripts/Utils/AssertUtils.cs Line: 252)

Setting linear velocity of a kinematic body is not supported.
UnityEngine.Debug:ExtractStackTraceNoAlloc (byte*,int,string)
UnityEngine.StackTraceUtility:ExtractStackTrace ()
UnityEngine.Rigidbody:set_linearVelocity (UnityEngine.Vector3)
Opus.Shell.OrchardReachSceneController:DriveDemoHandAndFruit () (at Assets/Shell/Runtime/OrchardReachSceneController.cs:677)
Opus.Shell.OrchardReachSceneController:Update () (at Assets/Shell/Runtime/OrchardReachSceneController.cs:486)

[Assets/Shell/Runtime/OrchardReachSceneController.cs line 677]

[HapticClient] cue dropped for motor 0: Enabled=false.
UnityEngine.Debug:ExtractStackTraceNoAlloc (byte*,int,string)
UnityEngine.StackTraceUtility:ExtractStackTrace ()
UnityEngine.DebugLogHandler:Internal_Log (UnityEngine.LogType,UnityEngine.LogOption,string,UnityEngine.Object)
UnityEngine.DebugLogHandler:LogFormat (UnityEngine.LogType,UnityEngine.Object,string,object[])
UnityEngine.Logger:Log (UnityEngine.LogType,object)
UnityEngine.Debug:Log (object)
Opus.Sdk.HapticClient:GateCue (int,double,bool) (at ./Packages/com.opus.sdk/Runtime/Transport/HapticClient.cs:189)
Opus.Sdk.HapticClient:SendTrunkLean (double,double) (at ./Packages/com.opus.sdk/Runtime/Transport/HapticClient.cs:118)
Opus.Shell.OrchardReachSceneController:HandleFormSignal (Opus.Sdk.FormWarningSignal) (at Assets/Shell/Runtime/OrchardReachSceneController.cs:567)
Opus.Sdk.FormFeedback:TickLean (double,double) (at ./Packages/com.opus.sdk/Runtime/Feedback/FormFeedback.cs:74)
Opus.Sdk.FormFeedback:Tick (double,double,bool,bool) (at ./Packages/com.opus.sdk/Runtime/Feedback/FormFeedback.cs:60)
Opus.Shell.OrchardReachSceneController:TickFormFeedbackAndHaptics (Opus.Sdk.IHandSource) (at Assets/Shell/Runtime/OrchardReachSceneController.cs:555)
Opus.Shell.OrchardReachSceneController:Update () (at Assets/Shell/Runtime/OrchardReachSceneController.cs:488)

(Filename: ./Packages/com.opus.sdk/Runtime/Transport/HapticClient.cs Line: 189)

[OPUS] VignetteDiag: quadWorld=(0.00, 1.09, 0.05) eyeWorld=(0.00, 1.15, -0.05) distance=0.120 dotForward=1.000 lossyScale=(0.58, 0.26, 1.00) rendererEnabled=True isVisible=False shader=Universal Render Pipeline/Unlit color=RGBA(1.000, 0.620, 0.150, 0.305) baseColor=RGBA(1.000, 0.620, 0.150, 0.305) renderQueue=3100 layer=0
UnityEngine.Debug:ExtractStackTraceNoAlloc (byte*,int,string)
UnityEngine.StackTraceUtility:ExtractStackTrace ()
UnityEngine.DebugLogHandler:Internal_Log (UnityEngine.LogType,UnityEngine.LogOption,string,UnityEngine.Object)
UnityEngine.DebugLogHandler:LogFormat (UnityEngine.LogType,UnityEngine.Object,string,object[])
UnityEngine.Logger:Log (UnityEngine.LogType,object)
UnityEngine.Debug:Log (object)
Opus.Shell.Tests.PlayMode.LeanScreenshotTest/<CaptureDuringTrunkLean>d__1:MoveNext () (at Assets/Shell/Tests/PlayMode/LeanScreenshotTest.cs:82)
UnityEngine.TestTools.TestEnumerator/<Execute>d__7:MoveNext () (at ./Library/PackageCache/com.unity.test-framework@76560ee600cb/UnityEngine.TestRunner/NUnitExtensions/Attributes/TestEnumerator.cs:44)
UnityEngine.TestTools.EnumerableTestMethodCommand/<ExecuteEnumerableAndRecordExceptions>d__4:MoveNext () (at ./Library/PackageCache/com.unity.test-framework@76560ee600cb/UnityEngine.TestRunner/NUnitExtensions/Commands/EnumerableTestMethodCommand.cs:79)
UnityEngine.TestTools.EnumerableTestMethodCommand:AdvanceEnumerator (System.Collections.IEnumerator) (at ./Library/PackageCache/com.unity.test-framework@76560ee600cb/UnityEngine.TestRunner/NUnitExtensions/Commands/EnumerableTestMethodCommand.cs:64)
UnityEngine.TestTools.EnumerableTestMethodCommand/<ExecuteEnumerable>d__2:MoveNext () (at ./Library/PackageCache/com.unity.test-framework@76560ee600cb/UnityEngine.TestRunner/NUnitExtensions/Commands/EnumerableTestMethodCommand.cs:47)
UnityEngine.TestRunner.NUnitExtensions.Runner.UnityLogCheckDelegatingCommand/<ExecuteEnumerable>d__3:MoveNext () (at ./Library/PackageCache/com.unity.test-framework@76560ee600cb/UnityEngine.TestRunner/NUnitExtensions/Runner/UnityLogCheckDelegatingCommand.cs:48)
UnityEngine.TestTools.BeforeAfterTestCommandBase`1/<ExecuteEnumerable>d__16<NUnit.Framework.ITestAction>:MoveNext () (at ./Library/PackageCache/com.unity.test-framework@76560ee600cb/UnityEngine.TestRunner/NUnitExtensions/Commands/BeforeAfterTestCommandBase.cs:212)
UnityEngine.TestTools.BeforeAfterTestCommandBase`1/<ExecuteEnumerable>d__16<System.Reflection.MethodInfo>:MoveNext () (at ./Library/PackageCache/com.unity.test-framework@76560ee600cb/UnityEngine.TestRunner/NUnitExtensions/Commands/BeforeAfterTestCommandBase.cs:212)
UnityEngine.TestTools.BeforeAfterTestCommandBase`1/<ExecuteEnumerable>d__16<System.Reflection.MethodInfo>:MoveNext () (at ./Library/PackageCache/com.unity.test-framework@76560ee600cb/UnityEngine.TestRunner/NUnitExtensions/Commands/BeforeAfterTestCommandBase.cs:212)
UnityEngine.TestTools.BeforeAfterTestCommandBase`1/<ExecuteEnumerable>d__16<UnityEngine.TestTools.IOuterUnityTestAction>:MoveNext () (at ./Library/PackageCache/com.unity.test-framework@76560ee600cb/UnityEngine.TestRunner/NUnitExtensions/Commands/BeforeAfterTestCommandBase.cs:212)
UnityEngine.TestTools.RetryCommand/<ExecuteEnumerable>d__2:MoveNext () (at ./Library/PackageCache/com.unity.test-framework@76560ee600cb/UnityEngine.TestRunner/NUnitExtensions/Commands/RetryCommand.cs:37)
UnityEngine.TestTools.RepeatCommand/<ExecuteEnumerable>d__2:MoveNext () (at ./Library/PackageCache/com.unity.test-framework@76560ee600cb/UnityEngine.TestRunner/NUnitExtensions/Commands/RepeatCommand.cs:36)
UnityEngine.TestTools.IgnoreTestCommand/<ExecuteEnumerable>d__3:MoveNext () (at ./Library/PackageCache/com.unity.test-framework@76560ee600cb/UnityEngine.TestRunner/NUnitExtensions/Commands/IgnoreTestCommand.cs:42)
UnityEngine.TestTools.StrictCheckCommand/<ExecuteEnumerable>d__2:MoveNext () (at ./Library/PackageCache/com.unity.test-framework@76560ee600cb/UnityEngine.TestRunner/NUnitExtensions/Commands/StrictCheckCommand.cs:29)
UnityEngine.TestTools.Utils.CoroutineRunner/<WrapEnumeratorForChecks>d__8:MoveNext () (at ./Library/PackageCache/com.unity.test-framework@76560ee600cb/UnityEngine.TestRunner/Utils/CoroutineRunner.cs:58)
UnityEngine.SetupCoroutine:InvokeMoveNext (System.Collections.IEnumerator,intptr)

(Filename: Assets/Shell/Tests/PlayMode/LeanScreenshotTest.cs Line: 82)

[OPUS] LeanScreenshotTest: wrote C:\Users\GARV BANSAL\Documents\VR_games\OPUS\logs\sessions\screens\unity\run11\during_trunk_lean.png (1035738 bytes)
UnityEngine.Debug:ExtractStackTraceNoAlloc (byte*,int,string)
UnityEngine.StackTraceUtility:ExtractStackTrace ()
UnityEngine.DebugLogHandler:Internal_Log (UnityEngine.LogType,UnityEngine.LogOption,string,UnityEngine.Object)
UnityEngine.DebugLogHandler:LogFormat (UnityEngine.LogType,UnityEngine.Object,string,object[])
UnityEngine.Logger:Log (UnityEngine.LogType,object)
UnityEngine.Debug:Log (object)
Opus.Shell.Tests.PlayMode.LeanScreenshotTest:CaptureShot (string,string) (at Assets/Shell/Tests/PlayMode/LeanScreenshotTest.cs:129)
Opus.Shell.Tests.PlayMode.LeanScreenshotTest/<CaptureDuringTrunkLean>d__1:MoveNext () (at Assets/Shell/Tests/PlayMode/LeanScreenshotTest.cs:93)
UnityEngine.TestTools.TestEnumerator/<Execute>d__7:MoveNext () (at ./Library/PackageCache/com.unity.test-framework@76560ee600cb/UnityEngine.TestRunner/NUnitExtensions/Attributes/TestEnumerator.cs:44)
UnityEngine.TestTools.EnumerableTestMethodCommand/<ExecuteEnumerableAndRecordExceptions>d__4:MoveNext () (at ./Library/PackageCache/com.unity.test-framework@76560ee600cb/UnityEngine.TestRunner/NUnitExtensions/Commands/EnumerableTestMethodCommand.cs:79)
UnityEngine.TestTools.EnumerableTestMethodCommand:AdvanceEnumerator (System.Collections.IEnumerator) (at ./Library/PackageCache/com.unity.test-framework@76560ee600cb/UnityEngine.TestRunner/NUnitExtensions/Commands/EnumerableTestMethodCommand.cs:64)
UnityEngine.TestTools.EnumerableTestMethodCommand/<ExecuteEnumerable>d__2:MoveNext () (at ./Library/PackageCache/com.unity.test-framework@76560ee600cb/UnityEngine.TestRunner/NUnitExtensions/Commands/EnumerableTestMethodCommand.cs:47)
UnityEngine.TestRunner.NUnitExtensions.Runner.UnityLogCheckDelegatingCommand/<ExecuteEnumerable>d__3:MoveNext () (at ./Library/PackageCache/com.unity.test-framework@76560ee600cb/UnityEngine.TestRunner/NUnitExtensions/Runner/UnityLogCheckDelegatingCommand.cs:48)
UnityEngine.TestTools.BeforeAfterTestCommandBase`1/<ExecuteEnumerable>d__16<NUnit.Framework.ITestAction>:MoveNext () (at ./Library/PackageCache/com.unity.test-framework@76560ee600cb/UnityEngine.TestRunner/NUnitExtensions/Commands/BeforeAfterTestCommandBase.cs:212)
UnityEngine.TestTools.BeforeAfterTestCommandBase`1/<ExecuteEnumerable>d__16<System.Reflection.MethodInfo>:MoveNext () (at ./Library/PackageCache/com.unity.test-framework@76560ee600cb/UnityEngine.TestRunner/NUnitExtensions/Commands/BeforeAfterTestCommandBase.cs:212)
UnityEngine.TestTools.BeforeAfterTestCommandBase`1/<ExecuteEnumerable>d__16<System.Reflection.MethodInfo>:MoveNext () (at ./Library/PackageCache/com.unity.test-framework@76560ee600cb/UnityEngine.TestRunner/NUnitExtensions/Commands/BeforeAfterTestCommandBase.cs:212)
UnityEngine.TestTools.BeforeAfterTestCommandBase`1/<ExecuteEnumerable>d__16<UnityEngine.TestTools.IOuterUnityTestAction>:MoveNext () (at ./Library/PackageCache/com.unity.test-framework@76560ee600cb/UnityEngine.TestRunner/NUnitExtensions/Commands/BeforeAfterTestCommandBase.cs:212)
UnityEngine.TestTools.RetryCommand/<ExecuteEnumerable>d__2:MoveNext () (at ./Library/PackageCache/com.unity.test-framework@76560ee600cb/UnityEngine.TestRunner/NUnitExtensions/Commands/RetryCommand.cs:37)
UnityEngine.TestTools.RepeatCommand/<ExecuteEnumerable>d__2:MoveNext () (at ./Library/PackageCache/com.unity.test-framework@76560ee600cb/UnityEngine.TestRunner/NUnitExtensions/Commands/RepeatCommand.cs:36)
UnityEngine.TestTools.IgnoreTestCommand/<ExecuteEnumerable>d__3:MoveNext () (at ./Library/PackageCache/com.unity.test-framework@76560ee600cb/UnityEngine.TestRunner/NUnitExtensions/Commands/IgnoreTestCommand.cs:42)
UnityEngine.TestTools.StrictCheckCommand/<ExecuteEnumerable>d__2:MoveNext () (at ./Library/PackageCache/com.unity.test-framework@76560ee600cb/UnityEngine.TestRunner/NUnitExtensions/Commands/StrictCheckCommand.cs:29)
UnityEngine.TestTools.Utils.CoroutineRunner/<WrapEnumeratorForChecks>d__8:MoveNext () (at ./Library/PackageCache/com.unity.test-framework@76560ee600cb/UnityEngine.TestRunner/Utils/CoroutineRunner.cs:58)
UnityEngine.SetupCoroutine:InvokeMoveNext (System.Collections.IEnumerator,intptr)

(Filename: Assets/Shell/Tests/PlayMode/LeanScreenshotTest.cs Line: 129)

[OPUS] LeanScreenshotTest: captured during_trunk_lean at leanCm=20.0 (active=True)
UnityEngine.Debug:ExtractStackTraceNoAlloc (byte*,int,string)
UnityEngine.StackTraceUtility:ExtractStackTrace ()
UnityEngine.DebugLogHandler:Internal_Log (UnityEngine.LogType,UnityEngine.LogOption,string,UnityEngine.Object)
UnityEngine.DebugLogHandler:LogFormat (UnityEngine.LogType,UnityEngine.Object,string,object[])
UnityEngine.Logger:Log (UnityEngine.LogType,object)
UnityEngine.Debug:Log (object)
Opus.Shell.Tests.PlayMode.LeanScreenshotTest/<CaptureDuringTrunkLean>d__1:MoveNext () (at Assets/Shell/Tests/PlayMode/LeanScreenshotTest.cs:94)
UnityEngine.TestTools.TestEnumerator/<Execute>d__7:MoveNext () (at ./Library/PackageCache/com.unity.test-framework@76560ee600cb/UnityEngine.TestRunner/NUnitExtensions/Attributes/TestEnumerator.cs:44)
UnityEngine.TestTools.EnumerableTestMethodCommand/<ExecuteEnumerableAndRecordExceptions>d__4:MoveNext () (at ./Library/PackageCache/com.unity.test-framework@76560ee600cb/UnityEngine.TestRunner/NUnitExtensions/Commands/EnumerableTestMethodCommand.cs:79)
UnityEngine.TestTools.EnumerableTestMethodCommand:AdvanceEnumerator (System.Collections.IEnumerator) (at ./Library/PackageCache/com.unity.test-framework@76560ee600cb/UnityEngine.TestRunner/NUnitExtensions/Commands/EnumerableTestMethodCommand.cs:64)
UnityEngine.TestTools.EnumerableTestMethodCommand/<ExecuteEnumerable>d__2:MoveNext () (at ./Library/PackageCache/com.unity.test-framework@76560ee600cb/UnityEngine.TestRunner/NUnitExtensions/Commands/EnumerableTestMethodCommand.cs:47)
UnityEngine.TestRunner.NUnitExtensions.Runner.UnityLogCheckDelegatingCommand/<ExecuteEnumerable>d__3:MoveNext () (at ./Library/PackageCache/com.unity.test-framework@76560ee600cb/UnityEngine.TestRunner/NUnitExtensions/Runner/UnityLogCheckDelegatingCommand.cs:48)
UnityEngine.TestTools.BeforeAfterTestCommandBase`1/<ExecuteEnumerable>d__16<NUnit.Framework.ITestAction>:MoveNext () (at ./Library/PackageCache/com.unity.test-framework@76560ee600cb/UnityEngine.TestRunner/NUnitExtensions/Commands/BeforeAfterTestCommandBase.cs:212)
UnityEngine.TestTools.BeforeAfterTestCommandBase`1/<ExecuteEnumerable>d__16<System.Reflection.MethodInfo>:MoveNext () (at ./Library/PackageCache/com.unity.test-framework@76560ee600cb/UnityEngine.TestRunner/NUnitExtensions/Commands/BeforeAfterTestCommandBase.cs:212)
UnityEngine.TestTools.BeforeAfterTestCommandBase`1/<ExecuteEnumerable>d__16<System.Reflection.MethodInfo>:MoveNext () (at ./Library/PackageCache/com.unity.test-framework@76560ee600cb/UnityEngine.TestRunner/NUnitExtensions/Commands/BeforeAfterTestCommandBase.cs:212)
UnityEngine.TestTools.BeforeAfterTestCommandBase`1/<ExecuteEnumerable>d__16<UnityEngine.TestTools.IOuterUnityTestAction>:MoveNext () (at ./Library/PackageCache/com.unity.test-framework@76560ee600cb/UnityEngine.TestRunner/NUnitExtensions/Commands/BeforeAfterTestCommandBase.cs:212)
UnityEngine.TestTools.RetryCommand/<ExecuteEnumerable>d__2:MoveNext () (at ./Library/PackageCache/com.unity.test-framework@76560ee600cb/UnityEngine.TestRunner/NUnitExtensions/Commands/RetryCommand.cs:37)
UnityEngine.TestTools.RepeatCommand/<ExecuteEnumerable>d__2:MoveNext () (at ./Library/PackageCache/com.unity.test-framework@76560ee600cb/UnityEngine.TestRunner/NUnitExtensions/Commands/RepeatCommand.cs:36)
UnityEngine.TestTools.IgnoreTestCommand/<ExecuteEnumerable>d__3:MoveNext () (at ./Library/PackageCache/com.unity.test-framework@76560ee600cb/UnityEngine.TestRunner/NUnitExtensions/Commands/IgnoreTestCommand.cs:42)
UnityEngine.TestTools.StrictCheckCommand/<ExecuteEnumerable>d__2:MoveNext () (at ./Library/PackageCache/com.unity.test-framework@76560ee600cb/UnityEngine.TestRunner/NUnitExtensions/Commands/StrictCheckCommand.cs:29)
UnityEngine.TestTools.Utils.CoroutineRunner/<WrapEnumeratorForChecks>d__8:MoveNext () (at ./Library/PackageCache/com.unity.test-framework@76560ee600cb/UnityEngine.TestRunner/Utils/CoroutineRunner.cs:58)
UnityEngine.SetupCoroutine:InvokeMoveNext (System.Collections.IEnumerator,intptr)

(Filename: Assets/Shell/Tests/PlayMode/LeanScreenshotTest.cs Line: 94)

[TestRunnerTools] Test Finished: Opus.Shell.Tests.PlayMode.LeanScreenshotTest.CaptureDuringTrunkLean, ResultState: Passed, Duration: 1.447s
UnityEngine.Debug:ExtractStackTraceNoAlloc (byte*,int,string)
UnityEngine.StackTraceUtility:ExtractStackTrace ()
UnityEngine.DebugLogHandler:Internal_Log (UnityEngine.LogType,UnityEngine.LogOption,string,UnityEngine.Object)
UnityEngine.DebugLogHandler:LogFormat (UnityEngine.LogType,UnityEngine.Object,string,object[])
UnityEngine.Logger:Log (UnityEngine.LogType,object)
UnityEngine.Debug:Log (object)
Meta.MCPBridge.Editor.TestRunnerTools:OnTestFinished (UnityEditor.TestTools.TestRunner.Api.ITestResultAdaptor) (at ./Library/PackageCache/com.meta.xr.sdk.core@4ea2676097b9/Editor/MCPBridge/TestRunnerTools.cs:847)
Meta.MCPBridge.Editor.TestRunnerTools/TestRunnerCallbacks:TestFinished (UnityEditor.TestTools.TestRunner.Api.ITestResultAdaptor) (at ./Library/PackageCache/com.meta.xr.sdk.core@4ea2676097b9/Editor/MCPBridge/TestRunnerTools.cs:904)
UnityEditor.TestTools.TestRunner.Api.CallbacksDelegator/<>c__DisplayClass14_0:<TestFinished>b__0 (UnityEditor.TestTools.TestRunner.Api.ICallbacks) (at ./Library/PackageCache/com.unity.test-framework@76560ee600cb/UnityEditor.TestRunner/Api/CallbacksDelegator.cs:95)
UnityEditor.TestTools.TestRunner.Api.CallbacksDelegator:TryInvokeAllCallbacks (System.Action`1<UnityEditor.TestTools.TestRunner.Api.ICallbacks>) (at ./Library/PackageCache/com.unity.test-framework@76560ee600cb/UnityEditor.TestRunner/Api/CallbacksDelegator.cs:135)
UnityEditor.TestTools.TestRunner.Api.CallbacksDelegator:TestFinished (NUnit.Framework.Interfaces.ITestResult) (at ./Library/PackageCache/com.unity.test-framework@76560ee600cb/UnityEditor.TestRunner/Api/CallbacksDelegator.cs:95)
UnityEngine.Events.InvokableCall`1<NUnit.Framework.Interfaces.ITestResult>:Invoke (NUnit.Framework.Interfaces.ITestResult)
UnityEngine.Events.UnityEvent`1<NUnit.Framework.Interfaces.ITestResult>:Invoke (NUnit.Framework.Interfaces.ITestResult)
UnityEngine.Events.InvokableCall`1<NUnit.Framework.Interfaces.ITestResult>:Invoke (NUnit.Framework.Interfaces.ITestResult)
UnityEngine.Events.UnityEvent`1<NUnit.Framework.Interfaces.ITestResult>:Invoke (NUnit.Framework.Interfaces.ITestResult)
UnityEngine.TestTools.TestRunner.TestListenerWrapper:TestFinished (NUnit.Framework.Interfaces.ITestResult) (at ./Library/PackageCache/com.unity.test-framework@76560ee600cb/UnityEngine.TestRunner/TestRunner/TestListenerWrapper.cs:24)
UnityEngine.TestRunner.NUnitExtensions.Runner.UnityWorkItem:WorkItemComplete () (at ./Library/PackageCache/com.unity.test-framework@76560ee600cb/UnityEngine.TestRunner/NUnitExtensions/Runner/UnityWorkItem.cs:107)
UnityEngine.TestRunner.NUnitExtensions.Runner.CoroutineTestWorkItem/<PerformWork>d__6:<>m__Finally1 () (at ./Library/PackageCache/com.unity.test-framework@76560ee600cb/UnityEngine.TestRunner/NUnitExtensions/Runner/CoroutineTestWorkItem.cs:59)
UnityEngine.TestRunner.NUnitExtensions.Runner.CoroutineTestWorkItem/<PerformWork>d__6:MoveNext () (at ./Library/PackageCache/com.unity.test-framework@76560ee600cb/UnityEngine.TestRunner/NUnitExtensions/Runner/CoroutineTestWorkItem.cs:56)
UnityEngine.TestRunner.NUnitExtensions.Runner.CompositeWorkItem/<RunChildren>d__17:MoveNext () (at ./Library/PackageCache/com.unity.test-framework@76560ee600cb/UnityEngine.TestRunner/NUnitExtensions/Runner/CompositeWorkItem.cs:207)
UnityEngine.TestRunner.NUnitExtensions.Runner.CompositeWorkItem/<PerformWork>d__13:MoveNext () (at ./Library/PackageCache/com.unity.test-framework@76560ee600cb/UnityEngine.TestRunner/NUnitExtensions/Runner/CompositeWorkItem.cs:82)
UnityEngine.TestRunner.NUnitExtensions.Runner.CompositeWorkItem/<RunChildren>d__17:MoveNext () (at ./Library/PackageCache/com.unity.test-framework@76560ee600cb/UnityEngine.TestRunner/NUnitExtensions/Runner/CompositeWorkItem.cs:207)
UnityEngine.TestRunner.NUnitExtensions.Runner.CompositeWorkItem/<PerformWork>d__13:MoveNext () (at ./Library/PackageCache/com.unity.test-framework@76560ee600cb/UnityEngine.TestRunner/NUnitExtensions/Runner/CompositeWorkItem.cs:82)
UnityEngine.TestRunner.NUnitExtensions.Runner.CompositeWorkItem/<RunChildren>d__17:MoveNext () (at ./Library/PackageCache/com.unity.test-framework@76560ee600cb/UnityEngine.TestRunner/NUnitExtensions/Runner/CompositeWorkItem.cs:207)
UnityEngine.TestRunner.NUnitExtensions.Runner.CompositeWorkItem/<PerformWork>d__13:MoveNext () (at ./Library/PackageCache/com.unity.test-framework@76560ee600cb/UnityEngine.TestRunner/NUnitExtensions/Runner/CompositeWorkItem.cs:82)
UnityEngine.TestRunner.NUnitExtensions.Runner.CompositeWorkItem/<RunChildren>d__17:MoveNext () (at ./Library/PackageCache/com.unity.test-framework@76560ee600cb/UnityEngine.TestRunner/NUnitExtensions/Runner/CompositeWorkItem.cs:207)
UnityEngine.TestRunner.NUnitExtensions.Runner.CompositeWorkItem/<PerformWork>d__13:MoveNext () (at ./Library/PackageCache/com.unity.test-framework@76560ee600cb/UnityEngine.TestRunner/NUnitExtensions/Runner/CompositeWorkItem.cs:82)
UnityEngine.TestRunner.NUnitExtensions.Runner.CompositeWorkItem/<RunChildren>d__17:MoveNext () (at ./Library/PackageCache/com.unity.test-framework@76560ee600cb/UnityEngine.TestRunner/NUnitExtensions/Runner/CompositeWorkItem.cs:207)
UnityEngine.TestRunner.NUnitExtensions.Runner.CompositeWorkItem/<PerformWork>d__13:MoveNext () (at ./Library/PackageCache/com.unity.test-framework@76560ee600cb/UnityEngine.TestRunner/NUnitExtensions/Runner/CompositeWorkItem.cs:82)
UnityEngine.TestRunner.NUnitExtensions.Runner.CompositeWorkItem/<RunChildren>d__17:MoveNext () (at ./Library/PackageCache/com.unity.test-framework@76560ee600cb/UnityEngine.TestRunner/NUnitExtensions/Runner/CompositeWorkItem.cs:207)
UnityEngine.TestRunner.NUnitExtensions.Runner.CompositeWorkItem/<PerformWork>d__13:MoveNext () (at ./Library/PackageCache/com.unity.test-framework@76560ee600cb/UnityEngine.TestRunner/NUnitExtensions/Runner/CompositeWorkItem.cs:82)
UnityEngine.TestRunner.NUnitExtensions.Runner.CompositeWorkItem/<RunChildren>d__17:MoveNext () (at ./Library/PackageCache/com.unity.test-framework@76560ee600cb/UnityEngine.TestRunner/NUnitExtensions/Runner/CompositeWorkItem.cs:207)
UnityEngine.TestRunner.NUnitExtensions.Runner.CompositeWorkItem/<PerformWork>d__13:MoveNext () (at ./Library/PackageCache/com.unity.test-framework@76560ee600cb/UnityEngine.TestRunner/NUnitExtensions/Runner/CompositeWorkItem.cs:82)
UnityEngine.TestTools.TestRunner.PlaymodeTestsController/<TestRunnerCoroutine>d__24:MoveNext () (at ./Library/PackageCache/com.unity.test-framework@76560ee600cb/UnityEngine.TestRunner/TestRunner/PlaymodeTestsController.cs:93)
UnityEngine.SetupCoroutine:InvokeMoveNext (System.Collections.IEnumerator,intptr)

(Filename: ./Library/PackageCache/com.meta.xr.sdk.core@4ea2676097b9/Editor/MCPBridge/TestRunnerTools.cs Line: 847)

[TestRunnerTools] Test Started: Opus.Shell.Tests.PlayMode.LiveLinkIntegrationTests.LiveClient_CompletesScenarioBasic_AgainstFakeHub
UnityEngine.Debug:ExtractStackTraceNoAlloc (byte*,int,string)
UnityEngine.StackTraceUtility:ExtractStackTrace ()
UnityEngine.DebugLogHandler:Internal_Log (UnityEngine.LogType,UnityEngine.LogOption,string,UnityEngine.Object)
UnityEngine.DebugLogHandler:LogFormat (UnityEngine.LogType,UnityEngine.Object,string,object[])
UnityEngine.Logger:Log (UnityEngine.LogType,object)
UnityEngine.Debug:Log (object)
Meta.MCPBridge.Editor.TestRunnerTools:OnTestStarted (UnityEditor.TestTools.TestRunner.Api.ITestAdaptor) (at ./Library/PackageCache/com.meta.xr.sdk.core@4ea2676097b9/Editor/MCPBridge/TestRunnerTools.cs:838)
Meta.MCPBridge.Editor.TestRunnerTools/TestRunnerCallbacks:TestStarted (UnityEditor.TestTools.TestRunner.Api.ITestAdaptor) (at ./Library/PackageCache/com.meta.xr.sdk.core@4ea2676097b9/Editor/MCPBridge/TestRunnerTools.cs:899)
UnityEditor.TestTools.TestRunner.Api.CallbacksDelegator/<>c__DisplayClass12_0:<TestStarted>b__0 (UnityEditor.TestTools.TestRunner.Api.ICallbacks) (at ./Library/PackageCache/com.unity.test-framework@76560ee600cb/UnityEditor.TestRunner/Api/CallbacksDelegator.cs:81)
UnityEditor.TestTools.TestRunner.Api.CallbacksDelegator:TryInvokeAllCallbacks (System.Action`1<UnityEditor.TestTools.TestRunner.Api.ICallbacks>) (at ./Library/PackageCache/com.unity.test-framework@76560ee600cb/UnityEditor.TestRunner/Api/CallbacksDelegator.cs:135)
UnityEditor.TestTools.TestRunner.Api.CallbacksDelegator:TestStarted (NUnit.Framework.Interfaces.ITest) (at ./Library/PackageCache/com.unity.test-framework@76560ee600cb/UnityEditor.TestRunner/Api/CallbacksDelegator.cs:81)
UnityEngine.Events.InvokableCall`1<NUnit.Framework.Interfaces.ITest>:Invoke (NUnit.Framework.Interfaces.ITest)
UnityEngine.Events.UnityEvent`1<NUnit.Framework.Interfaces.ITest>:Invoke (NUnit.Framework.Interfaces.ITest)
UnityEngine.Events.InvokableCall`1<NUnit.Framework.Interfaces.ITest>:Invoke (NUnit.Framework.Interfaces.ITest)
UnityEngine.Events.UnityEvent`1<NUnit.Framework.Interfaces.ITest>:Invoke (NUnit.Framework.Interfaces.ITest)
UnityEngine.TestTools.TestRunner.TestListenerWrapper:TestStarted (NUnit.Framework.Interfaces.ITest) (at ./Library/PackageCache/com.unity.test-framework@76560ee600cb/UnityEngine.TestRunner/TestRunner/TestListenerWrapper.cs:19)
UnityEngine.TestRunner.NUnitExtensions.Runner.UnityWorkItem:Execute () (at ./Library/PackageCache/com.unity.test-framework@76560ee600cb/UnityEngine.TestRunner/NUnitExtensions/Runner/UnityWorkItem.cs:83)
UnityEngine.TestRunner.NUnitExtensions.Runner.CompositeWorkItem/<RunChildren>d__17:MoveNext () (at ./Library/PackageCache/com.unity.test-framework@76560ee600cb/UnityEngine.TestRunner/NUnitExtensions/Runner/CompositeWorkItem.cs:203)
UnityEngine.TestRunner.NUnitExtensions.Runner.CompositeWorkItem/<PerformWork>d__13:MoveNext () (at ./Library/PackageCache/com.unity.test-framework@76560ee600cb/UnityEngine.TestRunner/NUnitExtensions/Runner/CompositeWorkItem.cs:82)
UnityEngine.TestRunner.NUnitExtensions.Runner.CompositeWorkItem/<RunChildren>d__17:MoveNext () (at ./Library/PackageCache/com.unity.test-framework@76560ee600cb/UnityEngine.TestRunner/NUnitExtensions/Runner/CompositeWorkItem.cs:207)
UnityEngine.TestRunner.NUnitExtensions.Runner.CompositeWorkItem/<PerformWork>d__13:MoveNext () (at ./Library/PackageCache/com.unity.test-framework@76560ee600cb/UnityEngine.TestRunner/NUnitExtensions/Runner/CompositeWorkItem.cs:82)
UnityEngine.TestRunner.NUnitExtensions.Runner.CompositeWorkItem/<RunChildren>d__17:MoveNext () (at ./Library/PackageCache/com.unity.test-framework@76560ee600cb/UnityEngine.TestRunner/NUnitExtensions/Runner/CompositeWorkItem.cs:207)
UnityEngine.TestRunner.NUnitExtensions.Runner.CompositeWorkItem/<PerformWork>d__13:MoveNext () (at ./Library/PackageCache/com.unity.test-framework@76560ee600cb/UnityEngine.TestRunner/NUnitExtensions/Runner/CompositeWorkItem.cs:82)
UnityEngine.TestRunner.NUnitExtensions.Runner.CompositeWorkItem/<RunChildren>d__17:MoveNext () (at ./Library/PackageCache/com.unity.test-framework@76560ee600cb/UnityEngine.TestRunner/NUnitExtensions/Runner/CompositeWorkItem.cs:207)
UnityEngine.TestRunner.NUnitExtensions.Runner.CompositeWorkItem/<PerformWork>d__13:MoveNext () (at ./Library/PackageCache/com.unity.test-framework@76560ee600cb/UnityEngine.TestRunner/NUnitExtensions/Runner/CompositeWorkItem.cs:82)
UnityEngine.TestRunner.NUnitExtensions.Runner.CompositeWorkItem/<RunChildren>d__17:MoveNext () (at ./Library/PackageCache/com.unity.test-framework@76560ee600cb/UnityEngine.TestRunner/NUnitExtensions/Runner/CompositeWorkItem.cs:207)
UnityEngine.TestRunner.NUnitExtensions.Runner.CompositeWorkItem/<PerformWork>d__13:MoveNext () (at ./Library/PackageCache/com.unity.test-framework@76560ee600cb/UnityEngine.TestRunner/NUnitExtensions/Runner/CompositeWorkItem.cs:82)
UnityEngine.TestRunner.NUnitExtensions.Runner.CompositeWorkItem/<RunChildren>d__17:MoveNext () (at ./Library/PackageCache/com.unity.test-framework@76560ee600cb/UnityEngine.TestRunner/NUnitExtensions/Runner/CompositeWorkItem.cs:207)
UnityEngine.TestRunner.NUnitExtensions.Runner.CompositeWorkItem/<PerformWork>d__13:MoveNext () (at ./Library/PackageCache/com.unity.test-framework@76560ee600cb/UnityEngine.TestRunner/NUnitExtensions/Runner/CompositeWorkItem.cs:82)
UnityEngine.TestRunner.NUnitExtensions.Runner.CompositeWorkItem/<RunChildren>d__17:MoveNext () (at ./Library/PackageCache/com.unity.test-framework@76560ee600cb/UnityEngine.TestRunner/NUnitExtensions/Runner/CompositeWorkItem.cs:207)
UnityEngine.TestRunner.NUnitExtensions.Runner.CompositeWorkItem/<PerformWork>d__13:MoveNext () (at ./Library/PackageCache/com.unity.test-framework@76560ee600cb/UnityEngine.TestRunner/NUnitExtensions/Runner/CompositeWorkItem.cs:82)
UnityEngine.TestTools.TestRunner.PlaymodeTestsController/<TestRunnerCoroutine>d__24:MoveNext () (at ./Library/PackageCache/com.unity.test-framework@76560ee600cb/UnityEngine.TestRunner/TestRunner/PlaymodeTestsController.cs:93)
UnityEngine.SetupCoroutine:InvokeMoveNext (System.Collections.IEnumerator,intptr)

(Filename: ./Library/PackageCache/com.meta.xr.sdk.core@4ea2676097b9/Editor/MCPBridge/TestRunnerTools.cs Line: 838)

[OPUS] LiveLinkTest: started fake_hub.py, PID=22532
UnityEngine.Debug:ExtractStackTraceNoAlloc (byte*,int,string)
UnityEngine.StackTraceUtility:ExtractStackTrace ()
UnityEngine.DebugLogHandler:Internal_Log (UnityEngine.LogType,UnityEngine.LogOption,string,UnityEngine.Object)
UnityEngine.DebugLogHandler:LogFormat (UnityEngine.LogType,UnityEngine.Object,string,object[])
UnityEngine.Logger:Log (UnityEngine.LogType,object)
UnityEngine.Debug:Log (object)
Opus.Shell.Tests.PlayMode.LiveLinkIntegrationTests/<LiveClient_CompletesScenarioBasic_AgainstFakeHub>d__4:MoveNext () (at Assets/Shell/Tests/PlayMode/LiveLinkIntegrationTests.cs:62)
UnityEngine.TestTools.TestEnumerator/<Execute>d__7:MoveNext () (at ./Library/PackageCache/com.unity.test-framework@76560ee600cb/UnityEngine.TestRunner/NUnitExtensions/Attributes/TestEnumerator.cs:44)
UnityEngine.TestTools.EnumerableTestMethodCommand/<ExecuteEnumerableAndRecordExceptions>d__4:MoveNext () (at ./Library/PackageCache/com.unity.test-framework@76560ee600cb/UnityEngine.TestRunner/NUnitExtensions/Commands/EnumerableTestMethodCommand.cs:79)
UnityEngine.TestTools.EnumerableTestMethodCommand:AdvanceEnumerator (System.Collections.IEnumerator) (at ./Library/PackageCache/com.unity.test-framework@76560ee600cb/UnityEngine.TestRunner/NUnitExtensions/Commands/EnumerableTestMethodCommand.cs:64)
UnityEngine.TestTools.EnumerableTestMethodCommand/<ExecuteEnumerable>d__2:MoveNext () (at ./Library/PackageCache/com.unity.test-framework@76560ee600cb/UnityEngine.TestRunner/NUnitExtensions/Commands/EnumerableTestMethodCommand.cs:47)
UnityEngine.TestRunner.NUnitExtensions.Runner.UnityLogCheckDelegatingCommand/<ExecuteEnumerable>d__3:MoveNext () (at ./Library/PackageCache/com.unity.test-framework@76560ee600cb/UnityEngine.TestRunner/NUnitExtensions/Runner/UnityLogCheckDelegatingCommand.cs:48)
UnityEngine.TestTools.BeforeAfterTestCommandBase`1/<ExecuteEnumerable>d__16<NUnit.Framework.ITestAction>:MoveNext () (at ./Library/PackageCache/com.unity.test-framework@76560ee600cb/UnityEngine.TestRunner/NUnitExtensions/Commands/BeforeAfterTestCommandBase.cs:212)
UnityEngine.TestTools.BeforeAfterTestCommandBase`1/<ExecuteEnumerable>d__16<System.Reflection.MethodInfo>:MoveNext () (at ./Library/PackageCache/com.unity.test-framework@76560ee600cb/UnityEngine.TestRunner/NUnitExtensions/Commands/BeforeAfterTestCommandBase.cs:212)
UnityEngine.TestTools.BeforeAfterTestCommandBase`1/<ExecuteEnumerable>d__16<System.Reflection.MethodInfo>:MoveNext () (at ./Library/PackageCache/com.unity.test-framework@76560ee600cb/UnityEngine.TestRunner/NUnitExtensions/Commands/BeforeAfterTestCommandBase.cs:212)
UnityEngine.TestTools.BeforeAfterTestCommandBase`1/<ExecuteEnumerable>d__16<UnityEngine.TestTools.IOuterUnityTestAction>:MoveNext () (at ./Library/PackageCache/com.unity.test-framework@76560ee600cb/UnityEngine.TestRunner/NUnitExtensions/Commands/BeforeAfterTestCommandBase.cs:212)
UnityEngine.TestTools.RetryCommand/<ExecuteEnumerable>d__2:MoveNext () (at ./Library/PackageCache/com.unity.test-framework@76560ee600cb/UnityEngine.TestRunner/NUnitExtensions/Commands/RetryCommand.cs:37)
UnityEngine.TestTools.RepeatCommand/<ExecuteEnumerable>d__2:MoveNext () (at ./Library/PackageCache/com.unity.test-framework@76560ee600cb/UnityEngine.TestRunner/NUnitExtensions/Commands/RepeatCommand.cs:36)
UnityEngine.TestTools.IgnoreTestCommand/<ExecuteEnumerable>d__3:MoveNext () (at ./Library/PackageCache/com.unity.test-framework@76560ee600cb/UnityEngine.TestRunner/NUnitExtensions/Commands/IgnoreTestCommand.cs:42)
UnityEngine.TestTools.StrictCheckCommand/<ExecuteEnumerable>d__2:MoveNext () (at ./Library/PackageCache/com.unity.test-framework@76560ee600cb/UnityEngine.TestRunner/NUnitExtensions/Commands/StrictCheckCommand.cs:29)
UnityEngine.TestTools.Utils.CoroutineRunner/<WrapEnumeratorForChecks>d__8:MoveNext () (at ./Library/PackageCache/com.unity.test-framework@76560ee600cb/UnityEngine.TestRunner/Utils/CoroutineRunner.cs:58)
UnityEngine.SetupCoroutine:InvokeMoveNext (System.Collections.IEnumerator,intptr)

(Filename: Assets/Shell/Tests/PlayMode/LiveLinkIntegrationTests.cs Line: 62)

[HapticClient] cue dropped for motor 0: Enabled=false.
UnityEngine.Debug:ExtractStackTraceNoAlloc (byte*,int,string)
UnityEngine.StackTraceUtility:ExtractStackTrace ()
UnityEngine.DebugLogHandler:Internal_Log (UnityEngine.LogType,UnityEngine.LogOption,string,UnityEngine.Object)
UnityEngine.DebugLogHandler:LogFormat (UnityEngine.LogType,UnityEngine.Object,string,object[])
UnityEngine.Logger:Log (UnityEngine.LogType,object)
UnityEngine.Debug:Log (object)
Opus.Sdk.HapticClient:GateCue (int,double,bool) (at ./Packages/com.opus.sdk/Runtime/Transport/HapticClient.cs:189)
Opus.Sdk.HapticClient:SendSuccess (double) (at ./Packages/com.opus.sdk/Runtime/Transport/HapticClient.cs:148)
Opus.Shell.OrchardReachSceneController:HandleTrialEvent (Opus.Sdk.TrialEvent) (at Assets/Shell/Runtime/OrchardReachSceneController.cs:856)
Opus.Games.OrchardReach.OrchardReachModule:Emit (string,string,Opus.Sdk.TrialTarget,string) (at Assets/Games/OrchardReach/Runtime/OrchardReachModule.cs:212)
Opus.Games.OrchardReach.OrchardReachModule:ConfirmPlacedInBasket (double) (at Assets/Games/OrchardReach/Runtime/OrchardReachModule.cs:186)
Opus.Shell.OrchardReachSceneController:OnFruitEnteredBasket () (at Assets/Shell/Runtime/OrchardReachSceneController.cs:827)
Opus.Shell.OrchardReachSceneController:<Awake>b__75_1 (UnityEngine.GameObject) (at Assets/Shell/Runtime/OrchardReachSceneController.cs:258)
Opus.Shell.BasketTrigger:OnTriggerEnter (UnityEngine.Collider) (at Assets/Shell/Runtime/BasketTrigger.cs:23)

(Filename: ./Packages/com.opus.sdk/Runtime/Transport/HapticClient.cs Line: 189)

Setting linear velocity of a kinematic body is not supported.
UnityEngine.Debug:ExtractStackTraceNoAlloc (byte*,int,string)
UnityEngine.StackTraceUtility:ExtractStackTrace ()
UnityEngine.Rigidbody:set_linearVelocity (UnityEngine.Vector3)
Opus.Shell.OrchardReachSceneController:HandleTrialEvent (Opus.Sdk.TrialEvent) (at Assets/Shell/Runtime/OrchardReachSceneController.cs:879)
Opus.Games.OrchardReach.OrchardReachModule:Emit (string,string,Opus.Sdk.TrialTarget,string) (at Assets/Games/OrchardReach/Runtime/OrchardReachModule.cs:212)
Opus.Games.OrchardReach.OrchardReachModule:EmitSignal (System.Nullable`1<Opus.Games.OrchardReach.TrialSignal>,string,Opus.Sdk.TrialTarget) (at Assets/Games/OrchardReach/Runtime/OrchardReachModule.cs:228)
Opus.Games.OrchardReach.OrchardReachModule:StartNextTrial (double) (at Assets/Games/OrchardReach/Runtime/OrchardReachModule.cs:117)
Opus.Games.OrchardReach.OrchardReachModule:OnTrialFinished (Opus.Games.OrchardReach.TrialOutcome,double) (at Assets/Games/OrchardReach/Runtime/OrchardReachModule.cs:198)
Opus.Games.OrchardReach.OrchardReachModule:ConfirmPlacedInBasket (double) (at Assets/Games/OrchardReach/Runtime/OrchardReachModule.cs:189)
Opus.Shell.OrchardReachSceneController:OnFruitEnteredBasket () (at Assets/Shell/Runtime/OrchardReachSceneController.cs:827)
Opus.Shell.OrchardReachSceneController:<Awake>b__75_1 (UnityEngine.GameObject) (at Assets/Shell/Runtime/OrchardReachSceneController.cs:258)
Opus.Shell.BasketTrigger:OnTriggerEnter (UnityEngine.Collider) (at Assets/Shell/Runtime/BasketTrigger.cs:23)

[Assets/Shell/Runtime/OrchardReachSceneController.cs line 879]

Setting linear velocity of a kinematic body is not supported.
UnityEngine.Debug:ExtractStackTraceNoAlloc (byte*,int,string)
UnityEngine.StackTraceUtility:ExtractStackTrace ()
UnityEngine.Rigidbody:set_linearVelocity (UnityEngine.Vector3)
Opus.Shell.OrchardReachSceneController:DriveDemoHandAndFruit () (at Assets/Shell/Runtime/OrchardReachSceneController.cs:677)
Opus.Shell.OrchardReachSceneController:Update () (at Assets/Shell/Runtime/OrchardReachSceneController.cs:486)

[Assets/Shell/Runtime/OrchardReachSceneController.cs line 677]

[OPUS] LiveLinkTest: hub health check -> True after wait
UnityEngine.Debug:ExtractStackTraceNoAlloc (byte*,int,string)
UnityEngine.StackTraceUtility:ExtractStackTrace ()
UnityEngine.DebugLogHandler:Internal_Log (UnityEngine.LogType,UnityEngine.LogOption,string,UnityEngine.Object)
UnityEngine.DebugLogHandler:LogFormat (UnityEngine.LogType,UnityEngine.Object,string,object[])
UnityEngine.Logger:Log (UnityEngine.LogType,object)
UnityEngine.Debug:Log (object)
Opus.Shell.Tests.PlayMode.LiveLinkIntegrationTests/<LiveClient_CompletesScenarioBasic_AgainstFakeHub>d__4:MoveNext () (at Assets/Shell/Tests/PlayMode/LiveLinkIntegrationTests.cs:78)
UnityEngine.TestTools.TestEnumerator/<Execute>d__7:MoveNext () (at ./Library/PackageCache/com.unity.test-framework@76560ee600cb/UnityEngine.TestRunner/NUnitExtensions/Attributes/TestEnumerator.cs:44)
UnityEngine.TestTools.EnumerableTestMethodCommand/<ExecuteEnumerableAndRecordExceptions>d__4:MoveNext () (at ./Library/PackageCache/com.unity.test-framework@76560ee600cb/UnityEngine.TestRunner/NUnitExtensions/Commands/EnumerableTestMethodCommand.cs:79)
UnityEngine.TestTools.EnumerableTestMethodCommand:AdvanceEnumerator (System.Collections.IEnumerator) (at ./Library/PackageCache/com.unity.test-framework@76560ee600cb/UnityEngine.TestRunner/NUnitExtensions/Commands/EnumerableTestMethodCommand.cs:64)
UnityEngine.TestTools.EnumerableTestMethodCommand/<ExecuteEnumerable>d__2:MoveNext () (at ./Library/PackageCache/com.unity.test-framework@76560ee600cb/UnityEngine.TestRunner/NUnitExtensions/Commands/EnumerableTestMethodCommand.cs:47)
UnityEngine.TestRunner.NUnitExtensions.Runner.UnityLogCheckDelegatingCommand/<ExecuteEnumerable>d__3:MoveNext () (at ./Library/PackageCache/com.unity.test-framework@76560ee600cb/UnityEngine.TestRunner/NUnitExtensions/Runner/UnityLogCheckDelegatingCommand.cs:48)
UnityEngine.TestTools.BeforeAfterTestCommandBase`1/<ExecuteEnumerable>d__16<NUnit.Framework.ITestAction>:MoveNext () (at ./Library/PackageCache/com.unity.test-framework@76560ee600cb/UnityEngine.TestRunner/NUnitExtensions/Commands/BeforeAfterTestCommandBase.cs:212)
UnityEngine.TestTools.BeforeAfterTestCommandBase`1/<ExecuteEnumerable>d__16<System.Reflection.MethodInfo>:MoveNext () (at ./Library/PackageCache/com.unity.test-framework@76560ee600cb/UnityEngine.TestRunner/NUnitExtensions/Commands/BeforeAfterTestCommandBase.cs:212)
UnityEngine.TestTools.BeforeAfterTestCommandBase`1/<ExecuteEnumerable>d__16<System.Reflection.MethodInfo>:MoveNext () (at ./Library/PackageCache/com.unity.test-framework@76560ee600cb/UnityEngine.TestRunner/NUnitExtensions/Commands/BeforeAfterTestCommandBase.cs:212)
UnityEngine.TestTools.BeforeAfterTestCommandBase`1/<ExecuteEnumerable>d__16<UnityEngine.TestTools.IOuterUnityTestAction>:MoveNext () (at ./Library/PackageCache/com.unity.test-framework@76560ee600cb/UnityEngine.TestRunner/NUnitExtensions/Commands/BeforeAfterTestCommandBase.cs:212)
UnityEngine.TestTools.RetryCommand/<ExecuteEnumerable>d__2:MoveNext () (at ./Library/PackageCache/com.unity.test-framework@76560ee600cb/UnityEngine.TestRunner/NUnitExtensions/Commands/RetryCommand.cs:37)
UnityEngine.TestTools.RepeatCommand/<ExecuteEnumerable>d__2:MoveNext () (at ./Library/PackageCache/com.unity.test-framework@76560ee600cb/UnityEngine.TestRunner/NUnitExtensions/Commands/RepeatCommand.cs:36)
UnityEngine.TestTools.IgnoreTestCommand/<ExecuteEnumerable>d__3:MoveNext () (at ./Library/PackageCache/com.unity.test-framework@76560ee600cb/UnityEngine.TestRunner/NUnitExtensions/Commands/IgnoreTestCommand.cs:42)
UnityEngine.TestTools.StrictCheckCommand/<ExecuteEnumerable>d__2:MoveNext () (at ./Library/PackageCache/com.unity.test-framework@76560ee600cb/UnityEngine.TestRunner/NUnitExtensions/Commands/StrictCheckCommand.cs:29)
UnityEngine.TestTools.Utils.CoroutineRunner/<WrapEnumeratorForChecks>d__8:MoveNext () (at ./Library/PackageCache/com.unity.test-framework@76560ee600cb/UnityEngine.TestRunner/Utils/CoroutineRunner.cs:58)
UnityEngine.SetupCoroutine:InvokeMoveNext (System.Collections.IEnumerator,intptr)

(Filename: Assets/Shell/Tests/PlayMode/LiveLinkIntegrationTests.cs Line: 78)

[HapticClient] cue dropped for motor 1: Enabled=false.
UnityEngine.Debug:ExtractStackTraceNoAlloc (byte*,int,string)
UnityEngine.StackTraceUtility:ExtractStackTrace ()
UnityEngine.DebugLogHandler:Internal_Log (UnityEngine.LogType,UnityEngine.LogOption,string,UnityEngine.Object)
UnityEngine.DebugLogHandler:LogFormat (UnityEngine.LogType,UnityEngine.Object,string,object[])
UnityEngine.Logger:Log (UnityEngine.LogType,object)
UnityEngine.Debug:Log (object)
Opus.Sdk.HapticClient:GateCue (int,double,bool) (at ./Packages/com.opus.sdk/Runtime/Transport/HapticClient.cs:189)
Opus.Sdk.HapticClient:SendLowConfidence (double) (at ./Packages/com.opus.sdk/Runtime/Transport/HapticClient.cs:131)
Opus.Shell.OrchardReachSceneController:HandleFormSignal (Opus.Sdk.FormWarningSignal) (at Assets/Shell/Runtime/OrchardReachSceneController.cs:571)
Opus.Sdk.FormFeedback:TickTracking (double,bool) (at ./Packages/com.opus.sdk/Runtime/Feedback/FormFeedback.cs:96)
Opus.Sdk.FormFeedback:Tick (double,double,bool,bool) (at ./Packages/com.opus.sdk/Runtime/Feedback/FormFeedback.cs:61)
Opus.Shell.OrchardReachSceneController:TickFormFeedbackAndHaptics (Opus.Sdk.IHandSource) (at Assets/Shell/Runtime/OrchardReachSceneController.cs:555)
Opus.Shell.OrchardReachSceneController:Update () (at Assets/Shell/Runtime/OrchardReachSceneController.cs:488)

(Filename: ./Packages/com.opus.sdk/Runtime/Transport/HapticClient.cs Line: 189)

[OPUS] LiveLinkTest: OnCommand 'assign_program' ackId=34455f42-1899-497a-bb44-f3c041aea2cb
UnityEngine.Debug:ExtractStackTraceNoAlloc (byte*,int,string)
UnityEngine.StackTraceUtility:ExtractStackTrace ()
UnityEngine.DebugLogHandler:Internal_Log (UnityEngine.LogType,UnityEngine.LogOption,string,UnityEngine.Object)
UnityEngine.DebugLogHandler:LogFormat (UnityEngine.LogType,UnityEngine.Object,string,object[])
UnityEngine.Logger:Log (UnityEngine.LogType,object)
UnityEngine.Debug:Log (object)
Opus.Shell.Tests.PlayMode.LiveLinkIntegrationTests/<>c__DisplayClass4_0:<LiveClient_CompletesScenarioBasic_AgainstFakeHub>b__4 (string,Newtonsoft.Json.Linq.JObject,string) (at Assets/Shell/Tests/PlayMode/LiveLinkIntegrationTests.cs:101)
Opus.Sdk.LiveClient/<>c__DisplayClass59_0:<HandleIncoming>b__1 () (at ./Packages/com.opus.sdk/Runtime/Transport/LiveClient.cs:400)
Opus.Sdk.LiveClient:Pump (double) (at ./Packages/com.opus.sdk/Runtime/Transport/LiveClient.cs:112)
Opus.Shell.Tests.PlayMode.LiveLinkIntegrationTests/<LiveClient_CompletesScenarioBasic_AgainstFakeHub>d__4:MoveNext () (at Assets/Shell/Tests/PlayMode/LiveLinkIntegrationTests.cs:127)
UnityEngine.TestTools.TestEnumerator/<Execute>d__7:MoveNext () (at ./Library/PackageCache/com.unity.test-framework@76560ee600cb/UnityEngine.TestRunner/NUnitExtensions/Attributes/TestEnumerator.cs:44)
UnityEngine.TestTools.EnumerableTestMethodCommand/<ExecuteEnumerableAndRecordExceptions>d__4:MoveNext () (at ./Library/PackageCache/com.unity.test-framework@76560ee600cb/UnityEngine.TestRunner/NUnitExtensions/Commands/EnumerableTestMethodCommand.cs:79)
UnityEngine.TestTools.EnumerableTestMethodCommand:AdvanceEnumerator (System.Collections.IEnumerator) (at ./Library/PackageCache/com.unity.test-framework@76560ee600cb/UnityEngine.TestRunner/NUnitExtensions/Commands/EnumerableTestMethodCommand.cs:64)
UnityEngine.TestTools.EnumerableTestMethodCommand/<ExecuteEnumerable>d__2:MoveNext () (at ./Library/PackageCache/com.unity.test-framework@76560ee600cb/UnityEngine.TestRunner/NUnitExtensions/Commands/EnumerableTestMethodCommand.cs:47)
UnityEngine.TestRunner.NUnitExtensions.Runner.UnityLogCheckDelegatingCommand/<ExecuteEnumerable>d__3:MoveNext () (at ./Library/PackageCache/com.unity.test-framework@76560ee600cb/UnityEngine.TestRunner/NUnitExtensions/Runner/UnityLogCheckDelegatingCommand.cs:48)
UnityEngine.TestTools.BeforeAfterTestCommandBase`1/<ExecuteEnumerable>d__16<NUnit.Framework.ITestAction>:MoveNext () (at ./Library/PackageCache/com.unity.test-framework@76560ee600cb/UnityEngine.TestRunner/NUnitExtensions/Commands/BeforeAfterTestCommandBase.cs:212)
UnityEngine.TestTools.BeforeAfterTestCommandBase`1/<ExecuteEnumerable>d__16<System.Reflection.MethodInfo>:MoveNext () (at ./Library/PackageCache/com.unity.test-framework@76560ee600cb/UnityEngine.TestRunner/NUnitExtensions/Commands/BeforeAfterTestCommandBase.cs:212)
UnityEngine.TestTools.BeforeAfterTestCommandBase`1/<ExecuteEnumerable>d__16<System.Reflection.MethodInfo>:MoveNext () (at ./Library/PackageCache/com.unity.test-framework@76560ee600cb/UnityEngine.TestRunner/NUnitExtensions/Commands/BeforeAfterTestCommandBase.cs:212)
UnityEngine.TestTools.BeforeAfterTestCommandBase`1/<ExecuteEnumerable>d__16<UnityEngine.TestTools.IOuterUnityTestAction>:MoveNext () (at ./Library/PackageCache/com.unity.test-framework@76560ee600cb/UnityEngine.TestRunner/NUnitExtensions/Commands/BeforeAfterTestCommandBase.cs:212)
UnityEngine.TestTools.RetryCommand/<ExecuteEnumerable>d__2:MoveNext () (at ./Library/PackageCache/com.unity.test-framework@76560ee600cb/UnityEngine.TestRunner/NUnitExtensions/Commands/RetryCommand.cs:37)
UnityEngine.TestTools.RepeatCommand/<ExecuteEnumerable>d__2:MoveNext () (at ./Library/PackageCache/com.unity.test-framework@76560ee600cb/UnityEngine.TestRunner/NUnitExtensions/Commands/RepeatCommand.cs:36)
UnityEngine.TestTools.IgnoreTestCommand/<ExecuteEnumerable>d__3:MoveNext () (at ./Library/PackageCache/com.unity.test-framework@76560ee600cb/UnityEngine.TestRunner/NUnitExtensions/Commands/IgnoreTestCommand.cs:42)
UnityEngine.TestTools.StrictCheckCommand/<ExecuteEnumerable>d__2:MoveNext () (at ./Library/PackageCache/com.unity.test-framework@76560ee600cb/UnityEngine.TestRunner/NUnitExtensions/Commands/StrictCheckCommand.cs:29)
UnityEngine.TestTools.Utils.CoroutineRunner/<WrapEnumeratorForChecks>d__8:MoveNext () (at ./Library/PackageCache/com.unity.test-framework@76560ee600cb/UnityEngine.TestRunner/Utils/CoroutineRunner.cs:58)
UnityEngine.SetupCoroutine:InvokeMoveNext (System.Collections.IEnumerator,intptr)

(Filename: Assets/Shell/Tests/PlayMode/LiveLinkIntegrationTests.cs Line: 101)

[HapticClient] cue dropped for motor 0: Enabled=false.
UnityEngine.Debug:ExtractStackTraceNoAlloc (byte*,int,string)
UnityEngine.StackTraceUtility:ExtractStackTrace ()
UnityEngine.DebugLogHandler:Internal_Log (UnityEngine.LogType,UnityEngine.LogOption,string,UnityEngine.Object)
UnityEngine.DebugLogHandler:LogFormat (UnityEngine.LogType,UnityEngine.Object,string,object[])
UnityEngine.Logger:Log (UnityEngine.LogType,object)
UnityEngine.Debug:Log (object)
Opus.Sdk.HapticClient:GateCue (int,double,bool) (at ./Packages/com.opus.sdk/Runtime/Transport/HapticClient.cs:189)
Opus.Sdk.HapticClient:SendSuccess (double) (at ./Packages/com.opus.sdk/Runtime/Transport/HapticClient.cs:148)
Opus.Shell.OrchardReachSceneController:HandleTrialEvent (Opus.Sdk.TrialEvent) (at Assets/Shell/Runtime/OrchardReachSceneController.cs:856)
Opus.Games.OrchardReach.OrchardReachModule:Emit (string,string,Opus.Sdk.TrialTarget,string) (at Assets/Games/OrchardReach/Runtime/OrchardReachModule.cs:212)
Opus.Games.OrchardReach.OrchardReachModule:ConfirmPlacedInBasket (double) (at Assets/Games/OrchardReach/Runtime/OrchardReachModule.cs:186)
Opus.Shell.OrchardReachSceneController:OnFruitEnteredBasket () (at Assets/Shell/Runtime/OrchardReachSceneController.cs:827)
Opus.Shell.OrchardReachSceneController:<Awake>b__75_1 (UnityEngine.GameObject) (at Assets/Shell/Runtime/OrchardReachSceneController.cs:258)
Opus.Shell.BasketTrigger:OnTriggerEnter (UnityEngine.Collider) (at Assets/Shell/Runtime/BasketTrigger.cs:23)

(Filename: ./Packages/com.opus.sdk/Runtime/Transport/HapticClient.cs Line: 189)

Setting linear velocity of a kinematic body is not supported.
UnityEngine.Debug:ExtractStackTraceNoAlloc (byte*,int,string)
UnityEngine.StackTraceUtility:ExtractStackTrace ()
UnityEngine.Rigidbody:set_linearVelocity (UnityEngine.Vector3)
Opus.Shell.OrchardReachSceneController:HandleTrialEvent (Opus.Sdk.TrialEvent) (at Assets/Shell/Runtime/OrchardReachSceneController.cs:879)
Opus.Games.OrchardReach.OrchardReachModule:Emit (string,string,Opus.Sdk.TrialTarget,string) (at Assets/Games/OrchardReach/Runtime/OrchardReachModule.cs:212)
Opus.Games.OrchardReach.OrchardReachModule:EmitSignal (System.Nullable`1<Opus.Games.OrchardReach.TrialSignal>,string,Opus.Sdk.TrialTarget) (at Assets/Games/OrchardReach/Runtime/OrchardReachModule.cs:228)
Opus.Games.OrchardReach.OrchardReachModule:StartNextTrial (double) (at Assets/Games/OrchardReach/Runtime/OrchardReachModule.cs:117)
Opus.Games.OrchardReach.OrchardReachModule:OnTrialFinished (Opus.Games.OrchardReach.TrialOutcome,double) (at Assets/Games/OrchardReach/Runtime/OrchardReachModule.cs:198)
Opus.Games.OrchardReach.OrchardReachModule:ConfirmPlacedInBasket (double) (at Assets/Games/OrchardReach/Runtime/OrchardReachModule.cs:189)
Opus.Shell.OrchardReachSceneController:OnFruitEnteredBasket () (at Assets/Shell/Runtime/OrchardReachSceneController.cs:827)
Opus.Shell.OrchardReachSceneController:<Awake>b__75_1 (UnityEngine.GameObject) (at Assets/Shell/Runtime/OrchardReachSceneController.cs:258)
Opus.Shell.BasketTrigger:OnTriggerEnter (UnityEngine.Collider) (at Assets/Shell/Runtime/BasketTrigger.cs:23)

[Assets/Shell/Runtime/OrchardReachSceneController.cs line 879]

Setting linear velocity of a kinematic body is not supported.
UnityEngine.Debug:ExtractStackTraceNoAlloc (byte*,int,string)
UnityEngine.StackTraceUtility:ExtractStackTrace ()
UnityEngine.Rigidbody:set_linearVelocity (UnityEngine.Vector3)
Opus.Shell.OrchardReachSceneController:DriveDemoHandAndFruit () (at Assets/Shell/Runtime/OrchardReachSceneController.cs:677)
Opus.Shell.OrchardReachSceneController:Update () (at Assets/Shell/Runtime/OrchardReachSceneController.cs:486)

[Assets/Shell/Runtime/OrchardReachSceneController.cs line 677]

[OPUS] LiveLinkTest: OnCommand 'start' ackId=26979ce6-0156-414e-8fbc-138c777adc79
UnityEngine.Debug:ExtractStackTraceNoAlloc (byte*,int,string)
UnityEngine.StackTraceUtility:ExtractStackTrace ()
UnityEngine.DebugLogHandler:Internal_Log (UnityEngine.LogType,UnityEngine.LogOption,string,UnityEngine.Object)
UnityEngine.DebugLogHandler:LogFormat (UnityEngine.LogType,UnityEngine.Object,string,object[])
UnityEngine.Logger:Log (UnityEngine.LogType,object)
UnityEngine.Debug:Log (object)
Opus.Shell.Tests.PlayMode.LiveLinkIntegrationTests/<>c__DisplayClass4_0:<LiveClient_CompletesScenarioBasic_AgainstFakeHub>b__4 (string,Newtonsoft.Json.Linq.JObject,string) (at Assets/Shell/Tests/PlayMode/LiveLinkIntegrationTests.cs:101)
Opus.Sdk.LiveClient/<>c__DisplayClass59_1:<HandleIncoming>b__2 () (at ./Packages/com.opus.sdk/Runtime/Transport/LiveClient.cs:407)
Opus.Sdk.LiveClient:Pump (double) (at ./Packages/com.opus.sdk/Runtime/Transport/LiveClient.cs:112)
Opus.Shell.Tests.PlayMode.LiveLinkIntegrationTests/<LiveClient_CompletesScenarioBasic_AgainstFakeHub>d__4:MoveNext () (at Assets/Shell/Tests/PlayMode/LiveLinkIntegrationTests.cs:127)
UnityEngine.TestTools.TestEnumerator/<Execute>d__7:MoveNext () (at ./Library/PackageCache/com.unity.test-framework@76560ee600cb/UnityEngine.TestRunner/NUnitExtensions/Attributes/TestEnumerator.cs:44)
UnityEngine.TestTools.EnumerableTestMethodCommand/<ExecuteEnumerableAndRecordExceptions>d__4:MoveNext () (at ./Library/PackageCache/com.unity.test-framework@76560ee600cb/UnityEngine.TestRunner/NUnitExtensions/Commands/EnumerableTestMethodCommand.cs:79)
UnityEngine.TestTools.EnumerableTestMethodCommand:AdvanceEnumerator (System.Collections.IEnumerator) (at ./Library/PackageCache/com.unity.test-framework@76560ee600cb/UnityEngine.TestRunner/NUnitExtensions/Commands/EnumerableTestMethodCommand.cs:64)
UnityEngine.TestTools.EnumerableTestMethodCommand/<ExecuteEnumerable>d__2:MoveNext () (at ./Library/PackageCache/com.unity.test-framework@76560ee600cb/UnityEngine.TestRunner/NUnitExtensions/Commands/EnumerableTestMethodCommand.cs:47)
UnityEngine.TestRunner.NUnitExtensions.Runner.UnityLogCheckDelegatingCommand/<ExecuteEnumerable>d__3:MoveNext () (at ./Library/PackageCache/com.unity.test-framework@76560ee600cb/UnityEngine.TestRunner/NUnitExtensions/Runner/UnityLogCheckDelegatingCommand.cs:48)
UnityEngine.TestTools.BeforeAfterTestCommandBase`1/<ExecuteEnumerable>d__16<NUnit.Framework.ITestAction>:MoveNext () (at ./Library/PackageCache/com.unity.test-framework@76560ee600cb/UnityEngine.TestRunner/NUnitExtensions/Commands/BeforeAfterTestCommandBase.cs:212)
UnityEngine.TestTools.BeforeAfterTestCommandBase`1/<ExecuteEnumerable>d__16<System.Reflection.MethodInfo>:MoveNext () (at ./Library/PackageCache/com.unity.test-framework@76560ee600cb/UnityEngine.TestRunner/NUnitExtensions/Commands/BeforeAfterTestCommandBase.cs:212)
UnityEngine.TestTools.BeforeAfterTestCommandBase`1/<ExecuteEnumerable>d__16<System.Reflection.MethodInfo>:MoveNext () (at ./Library/PackageCache/com.unity.test-framework@76560ee600cb/UnityEngine.TestRunner/NUnitExtensions/Commands/BeforeAfterTestCommandBase.cs:212)
UnityEngine.TestTools.BeforeAfterTestCommandBase`1/<ExecuteEnumerable>d__16<UnityEngine.TestTools.IOuterUnityTestAction>:MoveNext () (at ./Library/PackageCache/com.unity.test-framework@76560ee600cb/UnityEngine.TestRunner/NUnitExtensions/Commands/BeforeAfterTestCommandBase.cs:212)
UnityEngine.TestTools.RetryCommand/<ExecuteEnumerable>d__2:MoveNext () (at ./Library/PackageCache/com.unity.test-framework@76560ee600cb/UnityEngine.TestRunner/NUnitExtensions/Commands/RetryCommand.cs:37)
UnityEngine.TestTools.RepeatCommand/<ExecuteEnumerable>d__2:MoveNext () (at ./Library/PackageCache/com.unity.test-framework@76560ee600cb/UnityEngine.TestRunner/NUnitExtensions/Commands/RepeatCommand.cs:36)
UnityEngine.TestTools.IgnoreTestCommand/<ExecuteEnumerable>d__3:MoveNext () (at ./Library/PackageCache/com.unity.test-framework@76560ee600cb/UnityEngine.TestRunner/NUnitExtensions/Commands/IgnoreTestCommand.cs:42)
UnityEngine.TestTools.StrictCheckCommand/<ExecuteEnumerable>d__2:MoveNext () (at ./Library/PackageCache/com.unity.test-framework@76560ee600cb/UnityEngine.TestRunner/NUnitExtensions/Commands/StrictCheckCommand.cs:29)
UnityEngine.TestTools.Utils.CoroutineRunner/<WrapEnumeratorForChecks>d__8:MoveNext () (at ./Library/PackageCache/com.unity.test-framework@76560ee600cb/UnityEngine.TestRunner/Utils/CoroutineRunner.cs:58)
UnityEngine.SetupCoroutine:InvokeMoveNext (System.Collections.IEnumerator,intptr)

(Filename: Assets/Shell/Tests/PlayMode/LiveLinkIntegrationTests.cs Line: 101)

Setting linear velocity of a kinematic body is not supported.
UnityEngine.Debug:ExtractStackTraceNoAlloc (byte*,int,string)
UnityEngine.StackTraceUtility:ExtractStackTrace ()
UnityEngine.Rigidbody:set_linearVelocity (UnityEngine.Vector3)
Opus.Shell.OrchardReachSceneController:HandleTrialEvent (Opus.Sdk.TrialEvent) (at Assets/Shell/Runtime/OrchardReachSceneController.cs:879)
Opus.Games.OrchardReach.OrchardReachModule:Emit (string,string,Opus.Sdk.TrialTarget,string) (at Assets/Games/OrchardReach/Runtime/OrchardReachModule.cs:212)
Opus.Games.OrchardReach.OrchardReachModule:EmitSignal (System.Nullable`1<Opus.Games.OrchardReach.TrialSignal>,string,Opus.Sdk.TrialTarget) (at Assets/Games/OrchardReach/Runtime/OrchardReachModule.cs:228)
Opus.Games.OrchardReach.OrchardReachModule:StartNextTrial (double) (at Assets/Games/OrchardReach/Runtime/OrchardReachModule.cs:117)
Opus.Games.OrchardReach.OrchardReachModule:OnTrialFinished (Opus.Games.OrchardReach.TrialOutcome,double) (at Assets/Games/OrchardReach/Runtime/OrchardReachModule.cs:198)
Opus.Games.OrchardReach.OrchardReachModule:Tick (double,Opus.Sdk.IHandSource) (at Assets/Games/OrchardReach/Runtime/OrchardReachModule.cs:162)
Opus.Shell.OrchardReachSceneController:Update () (at Assets/Shell/Runtime/OrchardReachSceneController.cs:484)

[Assets/Shell/Runtime/OrchardReachSceneController.cs line 879]

Setting linear velocity of a kinematic body is not supported.
UnityEngine.Debug:ExtractStackTraceNoAlloc (byte*,int,string)
UnityEngine.StackTraceUtility:ExtractStackTrace ()
UnityEngine.Rigidbody:set_linearVelocity (UnityEngine.Vector3)
Opus.Shell.OrchardReachSceneController:DriveDemoHandAndFruit () (at Assets/Shell/Runtime/OrchardReachSceneController.cs:677)
Opus.Shell.OrchardReachSceneController:Update () (at Assets/Shell/Runtime/OrchardReachSceneController.cs:486)

[Assets/Shell/Runtime/OrchardReachSceneController.cs line 677]

Setting linear velocity of a kinematic body is not supported.
UnityEngine.Debug:ExtractStackTraceNoAlloc (byte*,int,string)
UnityEngine.StackTraceUtility:ExtractStackTrace ()
UnityEngine.Rigidbody:set_linearVelocity (UnityEngine.Vector3)
Opus.Shell.OrchardReachSceneController:HandleTrialEvent (Opus.Sdk.TrialEvent) (at Assets/Shell/Runtime/OrchardReachSceneController.cs:879)
Opus.Games.OrchardReach.OrchardReachModule:Emit (string,string,Opus.Sdk.TrialTarget,string) (at Assets/Games/OrchardReach/Runtime/OrchardReachModule.cs:212)
Opus.Games.OrchardReach.OrchardReachModule:EmitSignal (System.Nullable`1<Opus.Games.OrchardReach.TrialSignal>,string,Opus.Sdk.TrialTarget) (at Assets/Games/OrchardReach/Runtime/OrchardReachModule.cs:228)
Opus.Games.OrchardReach.OrchardReachModule:StartNextTrial (double) (at Assets/Games/OrchardReach/Runtime/OrchardReachModule.cs:117)
Opus.Games.OrchardReach.OrchardReachModule:OnTrialFinished (Opus.Games.OrchardReach.TrialOutcome,double) (at Assets/Games/OrchardReach/Runtime/OrchardReachModule.cs:198)
Opus.Games.OrchardReach.OrchardReachModule:Tick (double,Opus.Sdk.IHandSource) (at Assets/Games/OrchardReach/Runtime/OrchardReachModule.cs:162)
Opus.Shell.OrchardReachSceneController:Update () (at Assets/Shell/Runtime/OrchardReachSceneController.cs:484)

[Assets/Shell/Runtime/OrchardReachSceneController.cs line 879]

Setting linear velocity of a kinematic body is not supported.
UnityEngine.Debug:ExtractStackTraceNoAlloc (byte*,int,string)
UnityEngine.StackTraceUtility:ExtractStackTrace ()
UnityEngine.Rigidbody:set_linearVelocity (UnityEngine.Vector3)
Opus.Shell.OrchardReachSceneController:DriveDemoHandAndFruit () (at Assets/Shell/Runtime/OrchardReachSceneController.cs:677)
Opus.Shell.OrchardReachSceneController:Update () (at Assets/Shell/Runtime/OrchardReachSceneController.cs:486)

[Assets/Shell/Runtime/OrchardReachSceneController.cs line 677]

Setting linear velocity of a kinematic body is not supported.
UnityEngine.Debug:ExtractStackTraceNoAlloc (byte*,int,string)
UnityEngine.StackTraceUtility:ExtractStackTrace ()
UnityEngine.Rigidbody:set_linearVelocity (UnityEngine.Vector3)
Opus.Shell.OrchardReachSceneController:HandleTrialEvent (Opus.Sdk.TrialEvent) (at Assets/Shell/Runtime/OrchardReachSceneController.cs:879)
Opus.Games.OrchardReach.OrchardReachModule:Emit (string,string,Opus.Sdk.TrialTarget,string) (at Assets/Games/OrchardReach/Runtime/OrchardReachModule.cs:212)
Opus.Games.OrchardReach.OrchardReachModule:EmitSignal (System.Nullable`1<Opus.Games.OrchardReach.TrialSignal>,string,Opus.Sdk.TrialTarget) (at Assets/Games/OrchardReach/Runtime/OrchardReachModule.cs:228)
Opus.Games.OrchardReach.OrchardReachModule:StartNextTrial (double) (at Assets/Games/OrchardReach/Runtime/OrchardReachModule.cs:117)
Opus.Games.OrchardReach.OrchardReachModule:OnTrialFinished (Opus.Games.OrchardReach.TrialOutcome,double) (at Assets/Games/OrchardReach/Runtime/OrchardReachModule.cs:198)
Opus.Games.OrchardReach.OrchardReachModule:Tick (double,Opus.Sdk.IHandSource) (at Assets/Games/OrchardReach/Runtime/OrchardReachModule.cs:162)
Opus.Shell.OrchardReachSceneController:Update () (at Assets/Shell/Runtime/OrchardReachSceneController.cs:484)

[Assets/Shell/Runtime/OrchardReachSceneController.cs line 879]

Setting linear velocity of a kinematic body is not supported.
UnityEngine.Debug:ExtractStackTraceNoAlloc (byte*,int,string)
UnityEngine.StackTraceUtility:ExtractStackTrace ()
UnityEngine.Rigidbody:set_linearVelocity (UnityEngine.Vector3)
Opus.Shell.OrchardReachSceneController:DriveDemoHandAndFruit () (at Assets/Shell/Runtime/OrchardReachSceneController.cs:677)
Opus.Shell.OrchardReachSceneController:Update () (at Assets/Shell/Runtime/OrchardReachSceneController.cs:486)

[Assets/Shell/Runtime/OrchardReachSceneController.cs line 677]

[OPUS] LiveLinkTest: scenario loop ended after 25.0s, sessionStarted=True, sessionStopped=False, rttSamples=0
UnityEngine.Debug:ExtractStackTraceNoAlloc (byte*,int,string)
UnityEngine.StackTraceUtility:ExtractStackTrace ()
UnityEngine.DebugLogHandler:Internal_Log (UnityEngine.LogType,UnityEngine.LogOption,string,UnityEngine.Object)
UnityEngine.DebugLogHandler:LogFormat (UnityEngine.LogType,UnityEngine.Object,string,object[])
UnityEngine.Logger:Log (UnityEngine.LogType,object)
UnityEngine.Debug:Log (object)
Opus.Shell.Tests.PlayMode.LiveLinkIntegrationTests/<LiveClient_CompletesScenarioBasic_AgainstFakeHub>d__4:MoveNext () (at Assets/Shell/Tests/PlayMode/LiveLinkIntegrationTests.cs:149)
UnityEngine.TestTools.TestEnumerator/<Execute>d__7:MoveNext () (at ./Library/PackageCache/com.unity.test-framework@76560ee600cb/UnityEngine.TestRunner/NUnitExtensions/Attributes/TestEnumerator.cs:44)
UnityEngine.TestTools.EnumerableTestMethodCommand/<ExecuteEnumerableAndRecordExceptions>d__4:MoveNext () (at ./Library/PackageCache/com.unity.test-framework@76560ee600cb/UnityEngine.TestRunner/NUnitExtensions/Commands/EnumerableTestMethodCommand.cs:79)
UnityEngine.TestTools.EnumerableTestMethodCommand:AdvanceEnumerator (System.Collections.IEnumerator) (at ./Library/PackageCache/com.unity.test-framework@76560ee600cb/UnityEngine.TestRunner/NUnitExtensions/Commands/EnumerableTestMethodCommand.cs:64)
UnityEngine.TestTools.EnumerableTestMethodCommand/<ExecuteEnumerable>d__2:MoveNext () (at ./Library/PackageCache/com.unity.test-framework@76560ee600cb/UnityEngine.TestRunner/NUnitExtensions/Commands/EnumerableTestMethodCommand.cs:47)
UnityEngine.TestRunner.NUnitExtensions.Runner.UnityLogCheckDelegatingCommand/<ExecuteEnumerable>d__3:MoveNext () (at ./Library/PackageCache/com.unity.test-framework@76560ee600cb/UnityEngine.TestRunner/NUnitExtensions/Runner/UnityLogCheckDelegatingCommand.cs:48)
UnityEngine.TestTools.BeforeAfterTestCommandBase`1/<ExecuteEnumerable>d__16<NUnit.Framework.ITestAction>:MoveNext () (at ./Library/PackageCache/com.unity.test-framework@76560ee600cb/UnityEngine.TestRunner/NUnitExtensions/Commands/BeforeAfterTestCommandBase.cs:212)
UnityEngine.TestTools.BeforeAfterTestCommandBase`1/<ExecuteEnumerable>d__16<System.Reflection.MethodInfo>:MoveNext () (at ./Library/PackageCache/com.unity.test-framework@76560ee600cb/UnityEngine.TestRunner/NUnitExtensions/Commands/BeforeAfterTestCommandBase.cs:212)
UnityEngine.TestTools.BeforeAfterTestCommandBase`1/<ExecuteEnumerable>d__16<System.Reflection.MethodInfo>:MoveNext () (at ./Library/PackageCache/com.unity.test-framework@76560ee600cb/UnityEngine.TestRunner/NUnitExtensions/Commands/BeforeAfterTestCommandBase.cs:212)
UnityEngine.TestTools.BeforeAfterTestCommandBase`1/<ExecuteEnumerable>d__16<UnityEngine.TestTools.IOuterUnityTestAction>:MoveNext () (at ./Library/PackageCache/com.unity.test-framework@76560ee600cb/UnityEngine.TestRunner/NUnitExtensions/Commands/BeforeAfterTestCommandBase.cs:212)
UnityEngine.TestTools.RetryCommand/<ExecuteEnumerable>d__2:MoveNext () (at ./Library/PackageCache/com.unity.test-framework@76560ee600cb/UnityEngine.TestRunner/NUnitExtensions/Commands/RetryCommand.cs:37)
UnityEngine.TestTools.RepeatCommand/<ExecuteEnumerable>d__2:MoveNext () (at ./Library/PackageCache/com.unity.test-framework@76560ee600cb/UnityEngine.TestRunner/NUnitExtensions/Commands/RepeatCommand.cs:36)
UnityEngine.TestTools.IgnoreTestCommand/<ExecuteEnumerable>d__3:MoveNext () (at ./Library/PackageCache/com.unity.test-framework@76560ee600cb/UnityEngine.TestRunner/NUnitExtensions/Commands/IgnoreTestCommand.cs:42)
UnityEngine.TestTools.StrictCheckCommand/<ExecuteEnumerable>d__2:MoveNext () (at ./Library/PackageCache/com.unity.test-framework@76560ee600cb/UnityEngine.TestRunner/NUnitExtensions/Commands/StrictCheckCommand.cs:29)
UnityEngine.TestTools.Utils.CoroutineRunner/<WrapEnumeratorForChecks>d__8:MoveNext () (at ./Library/PackageCache/com.unity.test-framework@76560ee600cb/UnityEngine.TestRunner/Utils/CoroutineRunner.cs:58)
UnityEngine.SetupCoroutine:InvokeMoveNext (System.Collections.IEnumerator,intptr)

(Filename: Assets/Shell/Tests/PlayMode/LiveLinkIntegrationTests.cs Line: 149)

[TestRunnerTools] Test Finished: Opus.Shell.Tests.PlayMode.LiveLinkIntegrationTests.LiveClient_CompletesScenarioBasic_AgainstFakeHub, ResultState: Failed, Duration: 25.656s, Message:   Hub's 'stop' command was never received within the time budget.
  Expected: True
  But was:  False
UnityEngine.Debug:ExtractStackTraceNoAlloc (byte*,int,string)
UnityEngine.StackTraceUtility:ExtractStackTrace ()
UnityEngine.DebugLogHandler:Internal_Log (UnityEngine.LogType,UnityEngine.LogOption,string,UnityEngine.Object)
UnityEngine.DebugLogHandler:LogFormat (UnityEngine.LogType,UnityEngine.Object,string,object[])
UnityEngine.Logger:Log (UnityEngine.LogType,object)
UnityEngine.Debug:Log (object)
Meta.MCPBridge.Editor.TestRunnerTools:OnTestFinished (UnityEditor.TestTools.TestRunner.Api.ITestResultAdaptor) (at ./Library/PackageCache/com.meta.xr.sdk.core@4ea2676097b9/Editor/MCPBridge/TestRunnerTools.cs:847)
Meta.MCPBridge.Editor.TestRunnerTools/TestRunnerCallbacks:TestFinished (UnityEditor.TestTools.TestRunner.Api.ITestResultAdaptor) (at ./Library/PackageCache/com.meta.xr.sdk.core@4ea2676097b9/Editor/MCPBridge/TestRunnerTools.cs:904)
UnityEditor.TestTools.TestRunner.Api.CallbacksDelegator/<>c__DisplayClass14_0:<TestFinished>b__0 (UnityEditor.TestTools.TestRunner.Api.ICallbacks) (at ./Library/PackageCache/com.unity.test-framework@76560ee600cb/UnityEditor.TestRunner/Api/CallbacksDelegator.cs:95)
UnityEditor.TestTools.TestRunner.Api.CallbacksDelegator:TryInvokeAllCallbacks (System.Action`1<UnityEditor.TestTools.TestRunner.Api.ICallbacks>) (at ./Library/PackageCache/com.unity.test-framework@76560ee600cb/UnityEditor.TestRunner/Api/CallbacksDelegator.cs:135)
UnityEditor.TestTools.TestRunner.Api.CallbacksDelegator:TestFinished (NUnit.Framework.Interfaces.ITestResult) (at ./Library/PackageCache/com.unity.test-framework@76560ee600cb/UnityEditor.TestRunner/Api/CallbacksDelegator.cs:95)
UnityEngine.Events.InvokableCall`1<NUnit.Framework.Interfaces.ITestResult>:Invoke (NUnit.Framework.Interfaces.ITestResult)
UnityEngine.Events.UnityEvent`1<NUnit.Framework.Interfaces.ITestResult>:Invoke (NUnit.Framework.Interfaces.ITestResult)
UnityEngine.Events.InvokableCall`1<NUnit.Framework.Interfaces.ITestResult>:Invoke (NUnit.Framework.Interfaces.ITestResult)
UnityEngine.Events.UnityEvent`1<NUnit.Framework.Interfaces.ITestResult>:Invoke (NUnit.Framework.Interfaces.ITestResult)
UnityEngine.TestTools.TestRunner.TestListenerWrapper:TestFinished (NUnit.Framework.Interfaces.ITestResult) (at ./Library/PackageCache/com.unity.test-framework@76560ee600cb/UnityEngine.TestRunner/TestRunner/TestListenerWrapper.cs:24)
UnityEngine.TestRunner.NUnitExtensions.Runner.UnityWorkItem:WorkItemComplete () (at ./Library/PackageCache/com.unity.test-framework@76560ee600cb/UnityEngine.TestRunner/NUnitExtensions/Runner/UnityWorkItem.cs:107)
UnityEngine.TestRunner.NUnitExtensions.Runner.CoroutineTestWorkItem/<PerformWork>d__6:<>m__Finally1 () (at ./Library/PackageCache/com.unity.test-framework@76560ee600cb/UnityEngine.TestRunner/NUnitExtensions/Runner/CoroutineTestWorkItem.cs:59)
UnityEngine.TestRunner.NUnitExtensions.Runner.CoroutineTestWorkItem/<PerformWork>d__6:MoveNext () (at ./Library/PackageCache/com.unity.test-framework@76560ee600cb/UnityEngine.TestRunner/NUnitExtensions/Runner/CoroutineTestWorkItem.cs:56)
UnityEngine.TestRunner.NUnitExtensions.Runner.CompositeWorkItem/<RunChildren>d__17:MoveNext () (at ./Library/PackageCache/com.unity.test-framework@76560ee600cb/UnityEngine.TestRunner/NUnitExtensions/Runner/CompositeWorkItem.cs:207)
UnityEngine.TestRunner.NUnitExtensions.Runner.CompositeWorkItem/<PerformWork>d__13:MoveNext () (at ./Library/PackageCache/com.unity.test-framework@76560ee600cb/UnityEngine.TestRunner/NUnitExtensions/Runner/CompositeWorkItem.cs:82)
UnityEngine.TestRunner.NUnitExtensions.Runner.CompositeWorkItem/<RunChildren>d__17:MoveNext () (at ./Library/PackageCache/com.unity.test-framework@76560ee600cb/UnityEngine.TestRunner/NUnitExtensions/Runner/CompositeWorkItem.cs:207)
UnityEngine.TestRunner.NUnitExtensions.Runner.CompositeWorkItem/<PerformWork>d__13:MoveNext () (at ./Library/PackageCache/com.unity.test-framework@76560ee600cb/UnityEngine.TestRunner/NUnitExtensions/Runner/CompositeWorkItem.cs:82)
UnityEngine.TestRunner.NUnitExtensions.Runner.CompositeWorkItem/<RunChildren>d__17:MoveNext () (at ./Library/PackageCache/com.unity.test-framework@76560ee600cb/UnityEngine.TestRunner/NUnitExtensions/Runner/CompositeWorkItem.cs:207)
UnityEngine.TestRunner.NUnitExtensions.Runner.CompositeWorkItem/<PerformWork>d__13:MoveNext () (at ./Library/PackageCache/com.unity.test-framework@76560ee600cb/UnityEngine.TestRunner/NUnitExtensions/Runner/CompositeWorkItem.cs:82)
UnityEngine.TestRunner.NUnitExtensions.Runner.CompositeWorkItem/<RunChildren>d__17:MoveNext () (at ./Library/PackageCache/com.unity.test-framework@76560ee600cb/UnityEngine.TestRunner/NUnitExtensions/Runner/CompositeWorkItem.cs:207)
UnityEngine.TestRunner.NUnitExtensions.Runner.CompositeWorkItem/<PerformWork>d__13:MoveNext () (at ./Library/PackageCache/com.unity.test-framework@76560ee600cb/UnityEngine.TestRunner/NUnitExtensions/Runner/CompositeWorkItem.cs:82)
UnityEngine.TestRunner.NUnitExtensions.Runner.CompositeWorkItem/<RunChildren>d__17:MoveNext () (at ./Library/PackageCache/com.unity.test-framework@76560ee600cb/UnityEngine.TestRunner/NUnitExtensions/Runner/CompositeWorkItem.cs:207)
UnityEngine.TestRunner.NUnitExtensions.Runner.CompositeWorkItem/<PerformWork>d__13:MoveNext () (at ./Library/PackageCache/com.unity.test-framework@76560ee600cb/UnityEngine.TestRunner/NUnitExtensions/Runner/CompositeWorkItem.cs:82)
UnityEngine.TestRunner.NUnitExtensions.Runner.CompositeWorkItem/<RunChildren>d__17:MoveNext () (at ./Library/PackageCache/com.unity.test-framework@76560ee600cb/UnityEngine.TestRunner/NUnitExtensions/Runner/CompositeWorkItem.cs:207)
UnityEngine.TestRunner.NUnitExtensions.Runner.CompositeWorkItem/<PerformWork>d__13:MoveNext () (at ./Library/PackageCache/com.unity.test-framework@76560ee600cb/UnityEngine.TestRunner/NUnitExtensions/Runner/CompositeWorkItem.cs:82)
UnityEngine.TestRunner.NUnitExtensions.Runner.CompositeWorkItem/<RunChildren>d__17:MoveNext () (at ./Library/PackageCache/com.unity.test-framework@76560ee600cb/UnityEngine.TestRunner/NUnitExtensions/Runner/CompositeWorkItem.cs:207)
UnityEngine.TestRunner.NUnitExtensions.Runner.CompositeWorkItem/<PerformWork>d__13:MoveNext () (at ./Library/PackageCache/com.unity.test-framework@76560ee600cb/UnityEngine.TestRunner/NUnitExtensions/Runner/CompositeWorkItem.cs:82)
UnityEngine.TestTools.TestRunner.PlaymodeTestsController/<TestRunnerCoroutine>d__24:MoveNext () (at ./Library/PackageCache/com.unity.test-framework@76560ee600cb/UnityEngine.TestRunner/TestRunner/PlaymodeTestsController.cs:93)
UnityEngine.SetupCoroutine:InvokeMoveNext (System.Collections.IEnumerator,intptr)

(Filename: ./Library/PackageCache/com.meta.xr.sdk.core@4ea2676097b9/Editor/MCPBridge/TestRunnerTools.cs Line: 847)

Saving results to: C:/Users/GARV BANSAL/AppData/LocalLow/DefaultCompany/OPUS\TestResults.xml
Saving results to: C:/Users/GARV BANSAL/Documents/VR_games/OPUS/logs/sessions/run12_playmode_results.xml
[TestRunnerTools] Run Finished: OPUS, ResultState: Failed(Child), PassCount: 5, FailCount: 2, SkipCount: 0, Duration: 102.01s
UnityEngine.Debug:ExtractStackTraceNoAlloc (byte*,int,string)
UnityEngine.StackTraceUtility:ExtractStackTrace ()
UnityEngine.DebugLogHandler:Internal_Log (UnityEngine.LogType,UnityEngine.LogOption,string,UnityEngine.Object)
UnityEngine.DebugLogHandler:LogFormat (UnityEngine.LogType,UnityEngine.Object,string,object[])
UnityEngine.Logger:Log (UnityEngine.LogType,object)
UnityEngine.Debug:Log (object)
Meta.MCPBridge.Editor.TestRunnerTools:OnRunFinished (UnityEditor.TestTools.TestRunner.Api.ITestResultAdaptor) (at ./Library/PackageCache/com.meta.xr.sdk.core@4ea2676097b9/Editor/MCPBridge/TestRunnerTools.cs:806)
Meta.MCPBridge.Editor.TestRunnerTools/TestRunnerCallbacks:RunFinished (UnityEditor.TestTools.TestRunner.Api.ITestResultAdaptor) (at ./Library/PackageCache/com.meta.xr.sdk.core@4ea2676097b9/Editor/MCPBridge/TestRunnerTools.cs:894)
UnityEditor.TestTools.TestRunner.Api.CallbacksDelegator/<>c__DisplayClass9_0:<RunFinished>b__0 (UnityEditor.TestTools.TestRunner.Api.ICallbacks) (at ./Library/PackageCache/com.unity.test-framework@76560ee600cb/UnityEditor.TestRunner/Api/CallbacksDelegator.cs:55)
UnityEditor.TestTools.TestRunner.Api.CallbacksDelegator:TryInvokeAllCallbacks (System.Action`1<UnityEditor.TestTools.TestRunner.Api.ICallbacks>) (at ./Library/PackageCache/com.unity.test-framework@76560ee600cb/UnityEditor.TestRunner/Api/CallbacksDelegator.cs:135)
UnityEditor.TestTools.TestRunner.Api.CallbacksDelegator:RunFinished (NUnit.Framework.Interfaces.ITestResult) (at ./Library/PackageCache/com.unity.test-framework@76560ee600cb/UnityEditor.TestRunner/Api/CallbacksDelegator.cs:55)
UnityEngine.Events.InvokableCall`1<NUnit.Framework.Interfaces.ITestResult>:Invoke (NUnit.Framework.Interfaces.ITestResult)
UnityEngine.Events.UnityEvent`1<NUnit.Framework.Interfaces.ITestResult>:Invoke (NUnit.Framework.Interfaces.ITestResult)
UnityEngine.Events.InvokableCall`1<NUnit.Framework.Interfaces.ITestResult>:Invoke (NUnit.Framework.Interfaces.ITestResult)
UnityEngine.Events.UnityEvent`1<NUnit.Framework.Interfaces.ITestResult>:Invoke (NUnit.Framework.Interfaces.ITestResult)
UnityEngine.TestTools.TestRunner.PlaymodeTestsController/<TestRunnerCoroutine>d__24:MoveNext () (at ./Library/PackageCache/com.unity.test-framework@76560ee600cb/UnityEngine.TestRunner/TestRunner/PlaymodeTestsController.cs:109)
UnityEngine.SetupCoroutine:InvokeMoveNext (System.Collections.IEnumerator,intptr)

(Filename: ./Library/PackageCache/com.meta.xr.sdk.core@4ea2676097b9/Editor/MCPBridge/TestRunnerTools.cs Line: 806)

[OVRManager] OnApplicationQuit
UnityEngine.Debug:ExtractStackTraceNoAlloc (byte*,int,string)
UnityEngine.StackTraceUtility:ExtractStackTrace ()
UnityEngine.DebugLogHandler:Internal_Log (UnityEngine.LogType,UnityEngine.LogOption,string,UnityEngine.Object)
UnityEngine.DebugLogHandler:LogFormat (UnityEngine.LogType,UnityEngine.Object,string,object[])
UnityEngine.Logger:Log (UnityEngine.LogType,object)
UnityEngine.Debug:Log (object)
OVRManager:OnApplicationQuit () (at ./Library/PackageCache/com.meta.xr.sdk.core@4ea2676097b9/Scripts/OVRManager.cs:3485)

(Filename: ./Library/PackageCache/com.meta.xr.sdk.core@4ea2676097b9/Scripts/OVRManager.cs Line: 3485)

E0919 00:47:11.647917 36596 TigonCurlRequestAdapter.cpp:901] [4193c2e5592e38e0] Request failed from curl: curl (28): Timeout was reached: Resolving timed out after 5000 milliseconds
[UdpHapticTransport] send failed: Cannot access a disposed object.
Object name: 'System.Net.Sockets.Socket'.
UnityEngine.Debug:ExtractStackTraceNoAlloc (byte*,int,string)
UnityEngine.StackTraceUtility:ExtractStackTrace ()
UnityEngine.DebugLogHandler:Internal_Log (UnityEngine.LogType,UnityEngine.LogOption,string,UnityEngine.Object)
UnityEngine.DebugLogHandler:LogFormat (UnityEngine.LogType,UnityEngine.Object,string,object[])
UnityEngine.Logger:Log (UnityEngine.LogType,object)
UnityEngine.Debug:LogWarning (object)
Opus.Sdk.UdpHapticTransport/<SendLoopAsync>d__22:MoveNext () (at ./Packages/com.opus.sdk/Runtime/Transport/UdpHapticTransport.cs:107)
System.Runtime.CompilerServices.AsyncMethodBuilderCore/MoveNextRunner:InvokeMoveNext (object)
System.Threading.ExecutionContext:RunInternal (System.Threading.ExecutionContext,System.Threading.ContextCallback,object,bool)
System.Threading.ExecutionContext:Run (System.Threading.ExecutionContext,System.Threading.ContextCallback,object,bool)
System.Runtime.CompilerServices.AsyncMethodBuilderCore/MoveNextRunner:Run ()
System.Threading.Tasks.AwaitTaskContinuation:RunOrScheduleAction (System.Action,bool,System.Threading.Tasks.Task&)
System.Threading.Tasks.Task:FinishContinuations ()
System.Threading.Tasks.Task:FinishStageThree ()
System.Threading.Tasks.Task:FinishStageTwo ()
System.Threading.Tasks.Task:Finish (bool)
System.Threading.Tasks.Task:TrySetException (object)
System.Threading.Tasks.TaskFactory`1<int>:FromAsyncCoreLogic (System.IAsyncResult,System.Func`2<System.IAsyncResult, int>,System.Action`1<System.IAsyncResult>,System.Threading.Tasks.Task`1<int>,bool)
System.Threading.Tasks.TaskFactory`1/<>c__DisplayClass44_0`3<int, byte[], int, System.Net.IPEndPoint>:<FromAsyncImpl>b__0 (System.IAsyncResult)
System.Net.Sockets.SocketAsyncResult/<>c:<Complete>b__27_0 (object)
System.Threading.QueueUserWorkItemCallback:System.Threading.IThreadPoolWorkItem.ExecuteWorkItem ()
System.Threading.ThreadPoolWorkQueue:Dispatch ()
System.Threading._ThreadPoolWaitCallback:PerformWaitCallback ()

(Filename: ./Packages/com.opus.sdk/Runtime/Transport/UdpHapticTransport.cs Line: 107)

[OVRManager] OnDestroy
UnityEngine.Debug:ExtractStackTraceNoAlloc (byte*,int,string)
UnityEngine.StackTraceUtility:ExtractStackTrace ()
UnityEngine.DebugLogHandler:Internal_Log (UnityEngine.LogType,UnityEngine.LogOption,string,UnityEngine.Object)
UnityEngine.DebugLogHandler:LogFormat (UnityEngine.LogType,UnityEngine.Object,string,object[])
UnityEngine.Logger:Log (UnityEngine.LogType,object)
UnityEngine.Debug:Log (object)
OVRManager:OnDestroy () (at ./Library/PackageCache/com.meta.xr.sdk.core@4ea2676097b9/Scripts/OVRManager.cs:3452)

(Filename: ./Library/PackageCache/com.meta.xr.sdk.core@4ea2676097b9/Scripts/OVRManager.cs Line: 3452)

Unloading 1 Unused Serialized files (Serialized files now loaded: 0)
Loaded scene 'Temp/__Backupscenes/0.backup'
	Deserialize:            0.621 ms
	Integration:            332.882 ms
	Integration of assets:  0.003 ms
	Thread Wait Time:       0.014 ms
	Total Operation Time:   333.520 ms
Unloading 124 unused Assets / (238.7 KB). Loaded Objects now: 9990.
Memory consumption went from 306.6 MB to 306.4 MB.
Total: 19.270700 ms (FindLiveObjects: 0.593600 ms CreateObjectMapping: 0.323500 ms MarkObjects: 17.755000 ms  DeleteObjects: 0.596700 ms)

[Licensing::Client] Successfully resolved entitlement details
[Licensing::Client] Successfully resolved entitlement details
[MetaXROperator] XR_APILAYER_METAX_operator disabled after Play Mode.
UnityEngine.Debug:ExtractStackTraceNoAlloc (byte*,int,string)
UnityEngine.StackTraceUtility:ExtractStackTrace ()
UnityEngine.DebugLogHandler:Internal_Log (UnityEngine.LogType,UnityEngine.LogOption,string,UnityEngine.Object)
UnityEngine.DebugLogHandler:LogFormat (UnityEngine.LogType,UnityEngine.Object,string,object[])
UnityEngine.Logger:Log (UnityEngine.LogType,object)
UnityEngine.Debug:Log (object)
Meta.XR.Editor.MetaXROperatorEnabler:OnPlayModeChanged (UnityEditor.PlayModeStateChange) (at ./Library/PackageCache/com.meta.xr.sdk.core@4ea2676097b9/Editor/MetaXROperator/MetaXROperatorEnabler.cs:98)
UnityEditor.EditorApplication:Internal_PlayModeStateChanged (UnityEditor.PlayModeStateChange)

(Filename: ./Library/PackageCache/com.meta.xr.sdk.core@4ea2676097b9/Editor/MetaXROperator/MetaXROperatorEnabler.cs Line: 98)

Executing IPostBuildCleanup for: Unity.PerformanceTesting.Editor.TestRunBuilder.
UnityEngine.Debug:ExtractStackTraceNoAlloc (byte*,int,string)
UnityEngine.StackTraceUtility:ExtractStackTrace ()
UnityEngine.DebugLogHandler:Internal_Log (UnityEngine.LogType,UnityEngine.LogOption,string,UnityEngine.Object)
UnityEngine.DebugLogHandler:LogFormat (UnityEngine.LogType,UnityEngine.Object,string,object[])
UnityEngine.Logger:Log (UnityEngine.LogType,object)
UnityEngine.Debug:Log (object)
UnityEditor.TestTools.TestRunner.TestRun.Tasks.BuildActionTaskBase`1/<ExecuteMethods>d__8<UnityEngine.TestTools.IPostBuildCleanup>:MoveNext () (at ./Library/PackageCache/com.unity.test-framework@76560ee600cb/UnityEditor.TestRunner/TestRun/Tasks/BuildActionTaskBase.cs:48)
UnityEditor.TestTools.TestRunner.TestRun.Tasks.BuildActionTaskBase`1/<Execute>d__7<UnityEngine.TestTools.IPostBuildCleanup>:MoveNext () (at ./Library/PackageCache/com.unity.test-framework@76560ee600cb/UnityEditor.TestRunner/TestRun/Tasks/BuildActionTaskBase.cs:34)
UnityEditor.TestTools.TestRunner.TestRun.TestJobRunner:ExecuteStep () (at ./Library/PackageCache/com.unity.test-framework@76560ee600cb/UnityEditor.TestRunner/TestRun/TestJobRunner.cs:173)
UnityEditor.TestTools.TestRunner.TestRun.TestJobRunner:ExecuteCallback () (at ./Library/PackageCache/com.unity.test-framework@76560ee600cb/UnityEditor.TestRunner/TestRun/TestJobRunner.cs:108)
UnityEditor.EditorApplication:Internal_CallUpdateFunctions ()

(Filename: ./Library/PackageCache/com.unity.test-framework@76560ee600cb/UnityEditor.TestRunner/TestRun/Tasks/BuildActionTaskBase.cs Line: 48)

Unloading 0 Unused Serialized files (Serialized files now loaded: 0)
Unloading 0 unused Assets / (0 B). Loaded Objects now: 9995.
Memory consumption went from 301.1 MB to 301.1 MB.
Total: 20.849600 ms (FindLiveObjects: 0.826300 ms CreateObjectMapping: 0.407600 ms MarkObjects: 19.587500 ms  DeleteObjects: 0.026400 ms)

Refreshing native plugins compatible for Editor in 23.34 ms, found 12 plugins.
Asset Pipeline Refresh (id=605ff12b5c6017b4db83346cdc7f23da): Total: 0.175 seconds - Initiated by StopAssetImportingV2(NoUpdateAssetOptions)
DisplayProgressbar: Undo
Test run completed. Exiting with code 2 (Failed). One or more tests failed.
UnityEngine.Debug:ExtractStackTraceNoAlloc (byte*,int,string)
UnityEngine.StackTraceUtility:ExtractStackTrace ()
UnityEngine.DebugLogHandler:Internal_Log (UnityEngine.LogType,UnityEngine.LogOption,string,UnityEngine.Object)
UnityEngine.DebugLogHandler:LogFormat (UnityEngine.LogType,UnityEngine.Object,string,object[])
UnityEngine.Logger:Log (UnityEngine.LogType,object)
UnityEngine.Debug:Log (object)
UnityEditor.TestTools.TestRunner.CommandLineTest.Executer:ExitApplication (UnityEditor.TestTools.TestRunner.CommandLineTest.Executer/ReturnCodes,string) (at ./Library/PackageCache/com.unity.test-framework@76560ee600cb/UnityEditor.TestRunner/CommandLineTest/Executer.cs:81)
UnityEditor.TestTools.TestRunner.CommandLineTest.Executer:ExitIfRunIsCompleted () (at ./Library/PackageCache/com.unity.test-framework@76560ee600cb/UnityEditor.TestRunner/CommandLineTest/Executer.cs:74)
UnityEditor.EditorApplication:Internal_CallUpdateFunctions ()

(Filename: ./Library/PackageCache/com.unity.test-framework@76560ee600cb/UnityEditor.TestRunner/CommandLineTest/Executer.cs Line: 81)

[HttpMcpServer] Stopped
UnityEngine.Debug:ExtractStackTraceNoAlloc (byte*,int,string)
UnityEngine.StackTraceUtility:ExtractStackTrace ()
UnityEngine.DebugLogHandler:Internal_Log (UnityEngine.LogType,UnityEngine.LogOption,string,UnityEngine.Object)
UnityEngine.DebugLogHandler:LogFormat (UnityEngine.LogType,UnityEngine.Object,string,object[])
UnityEngine.Logger:Log (UnityEngine.LogType,object)
UnityEngine.Debug:Log (object)
Meta.MCPBridge.Editor.HttpMcpServer:Stop () (at ./Library/PackageCache/com.meta.xr.sdk.core@4ea2676097b9/Editor/MCPBridge/HttpMcpServer.cs:253)
Meta.MCPBridge.Editor.HttpMcpServer/<>c:<InitializeOnLoad>b__18_1 () (at ./Library/PackageCache/com.meta.xr.sdk.core@4ea2676097b9/Editor/MCPBridge/HttpMcpServer.cs:77)
UnityEditor.EditorApplication:Internal_EditorApplicationQuit ()
UnityEditor.TestTools.TestRunner.CommandLineTest.Executer:ExitApplication (UnityEditor.TestTools.TestRunner.CommandLineTest.Executer/ReturnCodes,string) (at ./Library/PackageCache/com.unity.test-framework@76560ee600cb/UnityEditor.TestRunner/CommandLineTest/Executer.cs:83)
UnityEditor.TestTools.TestRunner.CommandLineTest.Executer:ExitIfRunIsCompleted () (at ./Library/PackageCache/com.unity.test-framework@76560ee600cb/UnityEditor.TestRunner/CommandLineTest/Executer.cs:74)
UnityEditor.EditorApplication:Internal_CallUpdateFunctions ()

(Filename: ./Library/PackageCache/com.meta.xr.sdk.core@4ea2676097b9/Editor/MCPBridge/HttpMcpServer.cs Line: 253)

Killing ADB server in 2.4229194 seconds.
Start importing Assets/XR/Settings/OpenXR Package Settings.asset using Guid(0d647736f3e354044b23fb340838e9eb) (NativeFormatImporter) -> (Import Result ID: '83be3409bcbc20eef5cbae634207ea95') in 0.0053673 seconds [static dependencies only]. Details - ImportResultOutputID=c8338305546446aab4e7d26577b91671 DependenciesID=2c407465c3fa9fdae37604ba5dc1335a StaticDependenciesID=e7252c103fdb22a96e109f3b4bbed5a2 
Refreshing native plugins compatible for Editor in 30.96 ms, found 12 plugins.
Asset Pipeline Refresh (id=9b109e8af926e6c448733ff2e083f2a0): Total: 0.159 seconds - Initiated by StopAssetImportingV2(NoUpdateAssetOptions)
[Physics::Module] Cleanup current backend.
[Physics::Module] Id: 0xf2b8ea05
Input System module state changed to: ShutdownInProgress.
Input Polling Thread exited.
Input System module state changed to: Shutdown.
[Licensing::IpcConnector] LicenseClient-GARV BANSAL-notifications channel disconnected successfully.
[Licensing::IpcConnector] LicenseClient-GARV BANSAL channel disconnected successfully.
AcceleratorClientConnectionCallback - disconnected - :0
Cleanup mono
CodeReloadManager destroyed
abort_threads: Failed aborting id: 0000000000009720, mono_thread_manage will ignore it

abort_threads: Failed aborting id: 00000000000082D4, mono_thread_manage will ignore it

abort_threads: Failed aborting id: 0000000000009720, mono_thread_manage will ignore it

abort_threads: Failed aborting id: 00000000000082D4, mono_thread_manage will ignore it

debugger-agent: Unable to listen on 3928
Checking for leaked weakptr:
  Found no leaked weakptrs.
[Package Manager] Server process was shutdown
##utp:{"type":"MemoryLeaks","version":2,"phase":"Immediate","time":1789759041825,"processId":35940,"allocatedMemory":20436925,"memoryLabels":[{"Default":263495},{"Permanent":15276},{"NewDelete":65923},{"Thread":4230384},{"Manager":821133},{"VertexData":344},{"Geometry":816},{"Texture":24},{"Shader":850745},{"Material":24},{"GfxDevice":55537},{"Animation":392},{"Audio":2632},{"FreeType":8},{"FontEngine":736},{"Physics":2090},{"Physics2D":16},{"Serialization":952},{"Input":9880},{"JobScheduler":33024},{"TextLib":216},{"Mono":32},{"MonoCode":64},{"ScriptingNativeRuntime":155052},{"BaseObject":1620368},{"Resource":1184},{"Renderer":3008},{"Transform":4685},{"File":12776},{"WebCam":616},{"Culling":32},{"Terrain":11394},{"Wind":24},{"STL":40},{"String":14113},{"StaticString":6718},{"Utility":2673318},{"Curl":2478},{"PoolAlloc":2264},{"AI":80},{"TypeTree":13861},{"ScriptManager":448},{"RuntimeInitializeOnLoadManager":64},{"SpriteAtlas":120},{"GI":7792},{"Director":8320},{"CloudService":720},{"WebRequest":848},{"VR":53314},{"SceneManager":504},{"Video":208},{"LazyScriptCache":32},{"Camera":17},{"Secure":2113},{"SerializationCache":1576},{"APIUpdating":10320},{"VirtualTexturing":57888},{"StaticSafetyDebugInfo":278528},{"Analytics":336},{"Hierarchy":608},{"CoreStats":13032},{"Identifiers":12960},{"Gui":128},{"EditorUtility":180416},{"VersionControl":4},{"Undo":931},{"AssetDatabase":8880972},{"EditorGi":328},{"UnityConnect":37777},{"Upm":1912},{"UpmDiagnostics":8},{"AssetCompliance":64},{"DrivenProperties":72},{"LocalIPC":272},{"ProfilerEditor":9746},{"CoreBusinessMetrics":2641},{"Windowing":456},{"Licensing":664},{"AssetReference":32},{"IPCStream":32}]}
aXROperator] [32m[INFO][0m Telemetry session closed
[90m2026-09-19 00:45:17[0m [MetaXROperator] [32m[INFO][0m Telemetry shut down
[90m2026-09-19 00:45:17[0m [MetaXROperator] [32m[INFO][0m Destroying Agentic MCP Server...
[90m2026-09-19 00:45:27[0m [MetaXROperator] [32m[INFO][0m MCP Server stopped successfully
[90m2026-09-19 00:45:27[0m [MetaXROperator] [32m[INFO][0m AgenticLayerXrDestroyInstance succeeded
visemes
[OVRPlugin][INFO] Unavailable OpenXR extension: XR_FB_eye_tracking_social
[OVRPlugin][INFO] Unavailable OpenXR extension: XR_MSFT_hand_interaction
[OVRPlugin][INFO] Unavailable OpenXR extension: XR_META_hand_tracking_frequency_hint
[OVRPlugin][INFO] Unavailable OpenXR extension: XR_META_environment_depth
[OVRPlugin][INFO] Func_xrGetInstanceProcAddr: override xrPollEvent
[OVRPlugin][INFO] Func_xrGetInstanceProcAddr: override xrDestroySession
[OVRPlugin][INFO] Func_xrGetInstanceProcAddr: override xrBeginSession
[OVRPlugin][INFO] Func_xrGetInstanceProcAddr: override xrWaitFrame
[OVRPlugin][INFO] Func_xrGetInstanceProcAddr: override xrBeginFrame
[OVRPlugin][INFO] Func_xrGetInstanceProcAddr: override xrEndFrame
[OVRPlugin][INFO] Func_xrGetInstanceProcAddr: override xrSuggestInteractionProfileBindings
[OVRPlugin][INFO] Func_xrGetInstanceProcAddr: override xrAttachSessionActionSets
[OVRPlugin][INFO] Func_xrGetInstanceProcAddr: override xrGetCurrentInteractionProfile
[OVRPlugin][INFO] Func_xrGetInstanceProcAddr: override xrSyncActions
[OVRPlugin][INFO] Func_xrGetInstanceProcAddr: override xrGetVisibilityMaskKHR
[OVRPlugin][INFO] ovrp_UnityOpenXR_OnInstanceCreate(1)
[OVRPlugin][INFO] Use D3D11 Renderer
[OVRPlugin][INFO] OpenXR SDK version 1.1.59
[OVRPlugin][INFO] Warning: unable to bind OpenXR entry xrGetD3D12GraphicsRequirementsKHR
[OVRPlugin][INFO] OpenXR runtime name: Oculus, version 1.207.0
[OVRPlugin][INFO] xrGetSystem() retry 1 failed
[OVRPlugin][INFO] xrGetSystem() retry 2 failed
[OVRPlugin][INFO] xrGetSystem() retry 3 failed
[OVRPlugin][INFO] xrGetSystem() retry 4 failed
[OVRPlugin][INFO] xrGetSystem() retry 5 failed
[OVRPlugin][INFO] xrGetSystem() failed, which might be caused by a temporarly HMD connectivity issue. Skip the deletion of external xrInstance
