[Licensing::Module] Trying to connect to existing licensing client channel...
Built from '6000.4/staging' branch; Version is '6000.4.6f1 (0b051c2e5d54) revision 722204'; Using compiler version '194234433'; Build Type 'Release'
[Licensing::IpcConnector] Successfully connected to: "LicenseClient-GARV BANSAL" at "2026-09-17T11:55:16.3531621Z"
OS: 'Windows 11  (10.0.26200) CoreSingleLanguage' Language: 'en' Physical Memory: 16010 MB
BatchMode: 1, IsHumanControllingUs: 0, StartBugReporterOnCrash: 0, Is64bit: 1
System  architecture: x64
Process architecture: x64
Date: 2026-09-17T11:55:16Z
[Licensing::Client] Code 10 while verifying Licensing Client signature (process Id: 5116, path: "C:/Program Files/Unity Hub/UnityLicensingClient_V1/Unity.Licensing.Client.exe")
[Licensing::Module] LicensingClient has failed validation; ignoring
[Licensing::Client] Handshaking with LicensingClient:
  Version:                 1.18.3+d7ffd15
  Session Id:              00d85692cac8402c824e1351dcad7db3
  Correlation Id:          d14de35f03e99a97646a83cbbf2457fb
  External correlation Id: 5843933447361763128
  Machine Id:              kImHo2x28Ujte4rhYvWcdMgf4I8=
[Licensing::Module] Successfully connected to LicensingClient on channel: "LicenseClient-GARV BANSAL" (connect: 0.00s, validation: 0.00s, handshake: 0.08s)
[Licensing::IpcConnector] Successfully connected to: "LicenseClient-GARV BANSAL-notifications" at "2026-09-17T11:55:16.4350466Z"
[Licensing::Module] Error: Access token is unavailable; failed to update
[Licensing::Client] Successfully resolved entitlement details
[Licensing::Module] License group:
  Id: 13469799320789-UnityPersXXXX
  Product: Unity Personal
  Type: Assigned
  Expiration: Unlimited
[Licensing::Client] Successfully updated license, isAsync: True, time: 0.01
[Licensing::Module] Licensing Background thread has ended after 0.10s

COMMAND LINE ARGUMENTS:
C:\Program Files\Unity\Hub\Editor\6000.4.6f1\Editor\Unity.exe
-batchmode
-projectPath
C:\Users\GARV BANSAL\Documents\VR_games\OPUS\game
-logFile
C:\Users\GARV BANSAL\Documents\VR_games\OPUS\logs\sessions\unity_logs\run7_editmode6.log
-runTests
-testPlatform
EditMode
-testResults
C:\Users\GARV BANSAL\Documents\VR_games\OPUS\logs\sessions\unity_logs\run7_editmode6_results.xml
Successfully changed project path to: C:\Users\GARV BANSAL\Documents\VR_games\OPUS\game
C:/Users/GARV BANSAL/Documents/VR_games/OPUS/game
[UnityMemory] Configuration Parameters - Can be set up in boot.config
    "memorysetup-temp-allocator-size-gi-baking-worker=262144"
    "memorysetup-temp-allocator-size-gi-baking-worker=262144"
    "memorysetup-temp-allocator-size-gi-baking-worker=262144"
    "memorysetup-temp-allocator-size-gi-baking-worker=262144"
    "memorysetup-temp-allocator-size-gi-baking-worker=262144"
    "memorysetup-temp-allocator-size-nav-mesh-worker=65536"
    "memorysetup-temp-allocator-size-audio-worker=65536"
    "memorysetup-temp-allocator-size-cloud-worker=32768"
    "memorysetup-temp-allocator-size-gfx=262144"
    "memorysetup-temp-allocator-size-preload-manager=33554432"
    "memorysetup-temp-allocator-size-job-worker=262144"
    "memorysetup-temp-allocator-size-background-worker=32768"
    "memorysetup-allocator-temp-initial-block-size-main=262144"
    "memorysetup-allocator-temp-initial-block-size-worker=262144"
    "memorysetup-bucket-allocator-granularity=16"
    "memorysetup-bucket-allocator-bucket-count=8"
    "memorysetup-bucket-allocator-block-size=33554432"
    "memorysetup-bucket-allocator-block-count=8"
    "memorysetup-main-allocator-block-size=16777216"
    "memorysetup-thread-allocator-block-size=16777216"
    "memorysetup-gfx-main-allocator-block-size=16777216"
    "memorysetup-gfx-thread-allocator-block-size=16777216"
    "memorysetup-cache-allocator-block-size=4194304"
    "memorysetup-typetree-allocator-block-size=2097152"
    "memorysetup-profiler-bucket-allocator-granularity=16"
    "memorysetup-profiler-bucket-allocator-bucket-count=8"
    "memorysetup-profiler-bucket-allocator-block-size=33554432"
    "memorysetup-profiler-bucket-allocator-block-count=8"
    "memorysetup-profiler-allocator-block-size=16777216"
    "memorysetup-profiler-editor-allocator-block-size=1048576"
    "memorysetup-temp-allocator-size-main=16777216"
    "memorysetup-job-temp-allocator-block-size=2097152"
    "memorysetup-job-temp-allocator-block-size-background=1048576"
    "memorysetup-job-temp-allocator-reduction-small-platforms=262144"
Player connection [31092]  Target information:

Player connection [31092]  * "[IP] 169.254.83.107 [Port] 55504 [Flags] 2 [Guid] 3708137983 [EditorId] 3708137983 [Version] 1048832 [Id] WindowsEditor(7,LAPTOP-EF95960B) [Debug] 1 [PackageName] WindowsEditor [ProjectName] Editor" 

Player connection [31092]  * "[IP] 172.17.99.2 [Port] 55504 [Flags] 2 [Guid] 3708137983 [EditorId] 3708137983 [Version] 1048832 [Id] WindowsEditor(7,LAPTOP-EF95960B) [Debug] 1 [PackageName] WindowsEditor [ProjectName] Editor" 

Player connection [31092] Host joined multi-casting on [225.0.0.222:54997]...
Player connection [31092] Host joined alternative multi-casting on [225.0.0.222:34997]...
Input System module state changed to: Initialized.
[Physics::Module] Initialized fallback backend.
[Physics::Module] Id: 0xdecafbad
[Package Manager] Connected to IPC stream "Upm-28256" after 0.3 seconds.
[Licensing::Client] Successfully resolved entitlement details
Library Redirect Path: Library/
[Physics::Module] Selected backend.
[Physics::Module] Name: PhysX
[Physics::Module] Id: 0xf2b8ea05
[Physics::Module] SDK Version: 4.1.2
[Physics::Module] Integration Version: 1.0.0
[Physics::Module] Threading Mode: Multi-Threaded
[Licensing::Client] Successfully resolved entitlement details
Refreshing native plugins compatible for Editor in 4.24 ms, found 0 plugins.
Initialize engine version: 6000.4.6f1 (0b051c2e5d54)
[Subsystems] Discovering subsystems at path C:/Program Files/Unity/Hub/Editor/6000.4.6f1/Editor/Data/Resources/UnitySubsystems
[Subsystems] Discovering subsystems at path C:/Users/GARV BANSAL/Documents/VR_games/OPUS/game/Assets
GfxDevice: creating device client; kGfxThreadingModeNonThreaded
Direct3D:
    Version:  Direct3D 11.0 [level 11.1]
    Renderer: NVIDIA GeForce RTX 4050 Laptop GPU (ID=0x28a1)
    Vendor:   NVIDIA
    VRAM:     5921 MB
    Driver:   32.0.15.5597
Shader 'Oculus/OVRMRCameraFrameLit': fallback shader 'Alpha-Diffuse' not found
Initialize mono
Mono path[0] = 'C:/Program Files/Unity/Hub/Editor/6000.4.6f1/Editor/Data/Managed'
Mono path[1] = 'C:/Program Files/Unity/Hub/Editor/6000.4.6f1/Editor/Data/MonoBleedingEdge/lib/mono/unityjit-win32'
Mono config path = 'C:/Program Files/Unity/Hub/Editor/6000.4.6f1/Editor/Data/MonoBleedingEdge/etc'
Using monoOptions --debugger-agent=transport=dt_socket,embedding=1,server=y,suspend=n,address=127.0.0.1:56256
CodeReloadManager initialized
Using cacheserver namespaces - metadata:defaultmetadata, artifacts:defaultartifacts
Using cacheserver namespaces - metadata:defaultmetadata, artifacts:defaultartifacts
ImportWorker Server TCP listen port: 0
AcceleratorClientConnectionCallback - disconnected - :0
Begin MonoManager ReloadAssembly
Registering precompiled unity dll's ...
Register platform support module: C:/Program Files/Unity/Hub/Editor/6000.4.6f1/Editor/Data/PlaybackEngines/WindowsStandaloneSupport/UnityEditor.WindowsStandalone.Extensions.dll
Register platform support module: C:/Program Files/Unity/Hub/Editor/6000.4.6f1/Editor/Data/PlaybackEngines/AndroidPlayer/UnityEditor.Android.Extensions.dll
Registered in 0.003595 seconds.
Native extension for Android target not found
Native extension for WindowsStandalone target not found
Package Manager log level set to [2]
ScheduleIndexationOnStartup MainProcess:False IndexOnStartup:True
Mono: successfully reloaded assembly
- Finished resetting the current domain, in  0.530 seconds
Domain Reload Profiling: 1098ms
	BeginReloadAssembly (165ms)
		CreateAndSetChildDomain (10ms)
	RebuildCommonClasses (44ms)
	RebuildNativeTypeToScriptingClass (14ms)
	initialDomainReloadingComplete (90ms)
	LoadAllAssembliesAndSetupDomain (253ms)
		LoadAssemblies (151ms)
		AnalyzeDomain (241ms)
			TypeCache.Refresh (239ms)
				TypeCache.ScanAssembly (223ms)
	FinalizeReload (532ms)
		SetupLoadedEditorAssemblies (0ms)
			InitializePlatformSupportModulesInManaged (85ms)
			BeforeProcessingInitializeOnLoad (102ms)
			ProcessInitializeOnLoadAttributes (140ms)
			ProcessInitializeOnLoadMethodAttributes (123ms)
[Licensing::Client] Successfully resolved entitlement details
[Licensing::Client] Successfully resolved entitlement details
Application.AssetDatabase Initial Refresh Start
[Package Manager] Restoring resolved packages state from cache
[Licensing::Client] Successfully resolved entitlement details
[Package Manager] Registered 65 packages:
  Packages from [https://npm.developer.oculus.com]:
    com.meta.xr.sdk.core@205.0.0 (location: C:\Users\GARV BANSAL\Documents\VR_games\OPUS\game\Library\PackageCache\com.meta.xr.sdk.core@4ea2676097b9)
    com.meta.xr.sdk.interaction.ovr@205.0.0 (location: C:\Users\GARV BANSAL\Documents\VR_games\OPUS\game\Library\PackageCache\com.meta.xr.sdk.interaction.ovr@08728e3e2bb2)
    com.meta.xr.sdk.interaction@205.0.0 (location: C:\Users\GARV BANSAL\Documents\VR_games\OPUS\game\Library\PackageCache\com.meta.xr.sdk.interaction@875abb30439c)
  Packages from [https://packages.unity.com]:
    com.unity.xr.openxr@1.16.1 (location: C:\Users\GARV BANSAL\Documents\VR_games\OPUS\game\Library\PackageCache\com.unity.xr.openxr@ef0033a586bf)
    com.unity.xr.management@4.5.1 (location: C:\Users\GARV BANSAL\Documents\VR_games\OPUS\game\Library\PackageCache\com.unity.xr.management@20be87dea580)
    com.unity.inputsystem@1.11.2 (location: C:\Users\GARV BANSAL\Documents\VR_games\OPUS\game\Library\PackageCache\com.unity.inputsystem@3c4a97c3950f)
    com.unity.addressables@2.3.1 (location: C:\Users\GARV BANSAL\Documents\VR_games\OPUS\game\Library\PackageCache\com.unity.addressables@5d870284b3d9)
    com.unity.profiling.core@1.0.3 (location: C:\Users\GARV BANSAL\Documents\VR_games\OPUS\game\Library\PackageCache\com.unity.profiling.core@8a49f7027d06)
    com.unity.scriptablebuildpipeline@2.6.1 (location: C:\Users\GARV BANSAL\Documents\VR_games\OPUS\game\Library\PackageCache\com.unity.scriptablebuildpipeline@36e3b5898ee2)
    com.unity.xr.hands@1.7.3 (location: C:\Users\GARV BANSAL\Documents\VR_games\OPUS\game\Library\PackageCache\com.unity.xr.hands@3e241be20642)
    com.unity.xr.core-utils@2.6.0 (location: C:\Users\GARV BANSAL\Documents\VR_games\OPUS\game\Library\PackageCache\com.unity.xr.core-utils@a8b900321199)
    com.unity.xr.legacyinputhelpers@3.0.1 (location: C:\Users\GARV BANSAL\Documents\VR_games\OPUS\game\Library\PackageCache\com.unity.xr.legacyinputhelpers@3f62d634f63b)
    com.unity.nuget.newtonsoft-json@3.2.2 (location: C:\Users\GARV BANSAL\Documents\VR_games\OPUS\game\Library\PackageCache\com.unity.nuget.newtonsoft-json@4dfd81071c64)
    com.unity.mathematics@1.3.3 (location: C:\Users\GARV BANSAL\Documents\VR_games\OPUS\game\Library\PackageCache\com.unity.mathematics@19a9377c4ffa)
    com.unity.searcher@4.9.4 (location: C:\Users\GARV BANSAL\Documents\VR_games\OPUS\game\Library\PackageCache\com.unity.searcher@d45a78918735)
    com.unity.burst@1.8.29 (location: C:\Users\GARV BANSAL\Documents\VR_games\OPUS\game\Library\PackageCache\com.unity.burst@6bb9aca3ef38)
    com.unity.nuget.mono-cecil@1.11.6 (location: C:\Users\GARV BANSAL\Documents\VR_games\OPUS\game\Library\PackageCache\com.unity.nuget.mono-cecil@ecb9724e46ff)
    com.unity.test-framework.performance@3.4.0 (location: C:\Users\GARV BANSAL\Documents\VR_games\OPUS\game\Library\PackageCache\com.unity.test-framework.performance@aa81a99c4a75)
  Built-in packages:
    com.unity.multiplayer.center@1.0.1 (location: C:\Users\GARV BANSAL\Documents\VR_games\OPUS\game\Library\PackageCache\com.unity.multiplayer.center@f01f4ba8d00a)
    com.unity.render-pipelines.universal@17.4.0 (location: C:\Users\GARV BANSAL\Documents\VR_games\OPUS\game\Library\PackageCache\com.unity.render-pipelines.universal@0d0659f1368d)
    com.unity.test-framework@1.6.0 (location: C:\Users\GARV BANSAL\Documents\VR_games\OPUS\game\Library\PackageCache\com.unity.test-framework@76560ee600cb)
    com.unity.modules.accessibility@1.0.0 (location: C:\Users\GARV BANSAL\Documents\VR_games\OPUS\game\Library\PackageCache\com.unity.modules.accessibility)
    com.unity.modules.adaptiveperformance@1.0.0 (location: C:\Users\GARV BANSAL\Documents\VR_games\OPUS\game\Library\PackageCache\com.unity.modules.adaptiveperformance)
    com.unity.modules.ai@1.0.0 (location: C:\Users\GARV BANSAL\Documents\VR_games\OPUS\game\Library\PackageCache\com.unity.modules.ai)
    com.unity.modules.androidjni@1.0.0 (location: C:\Users\GARV BANSAL\Documents\VR_games\OPUS\game\Library\PackageCache\com.unity.modules.androidjni)
    com.unity.modules.animation@1.0.0 (location: C:\Users\GARV BANSAL\Documents\VR_games\OPUS\game\Library\PackageCache\com.unity.modules.animation)
    com.unity.modules.assetbundle@1.0.0 (location: C:\Users\GARV BANSAL\Documents\VR_games\OPUS\game\Library\PackageCache\com.unity.modules.assetbundle)
    com.unity.modules.audio@1.0.0 (location: C:\Users\GARV BANSAL\Documents\VR_games\OPUS\game\Library\PackageCache\com.unity.modules.audio)
    com.unity.modules.cloth@1.0.0 (location: C:\Users\GARV BANSAL\Documents\VR_games\OPUS\game\Library\PackageCache\com.unity.modules.cloth)
    com.unity.modules.director@1.0.0 (location: C:\Users\GARV BANSAL\Documents\VR_games\OPUS\game\Library\PackageCache\com.unity.modules.director)
    com.unity.modules.imageconversion@1.0.0 (location: C:\Users\GARV BANSAL\Documents\VR_games\OPUS\game\Library\PackageCache\com.unity.modules.imageconversion)
    com.unity.modules.imgui@1.0.0 (location: C:\Users\GARV BANSAL\Documents\VR_games\OPUS\game\Library\PackageCache\com.unity.modules.imgui)
    com.unity.modules.jsonserialize@1.0.0 (location: C:\Users\GARV BANSAL\Documents\VR_games\OPUS\game\Library\PackageCache\com.unity.modules.jsonserialize)
    com.unity.modules.particlesystem@1.0.0 (location: C:\Users\GARV BANSAL\Documents\VR_games\OPUS\game\Library\PackageCache\com.unity.modules.particlesystem)
    com.unity.modules.physics@1.0.0 (location: C:\Users\GARV BANSAL\Documents\VR_games\OPUS\game\Library\PackageCache\com.unity.modules.physics)
    com.unity.modules.physics2d@1.0.0 (location: C:\Users\GARV BANSAL\Documents\VR_games\OPUS\game\Library\PackageCache\com.unity.modules.physics2d)
    com.unity.modules.screencapture@1.0.0 (location: C:\Users\GARV BANSAL\Documents\VR_games\OPUS\game\Library\PackageCache\com.unity.modules.screencapture)
    com.unity.modules.terrain@1.0.0 (location: C:\Users\GARV BANSAL\Documents\VR_games\OPUS\game\Library\PackageCache\com.unity.modules.terrain)
    com.unity.modules.terrainphysics@1.0.0 (location: C:\Users\GARV BANSAL\Documents\VR_games\OPUS\game\Library\PackageCache\com.unity.modules.terrainphysics)
    com.unity.modules.tilemap@1.0.0 (location: C:\Users\GARV BANSAL\Documents\VR_games\OPUS\game\Library\PackageCache\com.unity.modules.tilemap)
    com.unity.modules.ui@1.0.0 (location: C:\Users\GARV BANSAL\Documents\VR_games\OPUS\game\Library\PackageCache\com.unity.modules.ui)
    com.unity.modules.uielements@1.0.0 (location: C:\Users\GARV BANSAL\Documents\VR_games\OPUS\game\Library\PackageCache\com.unity.modules.uielements)
    com.unity.modules.umbra@1.0.0 (location: C:\Users\GARV BANSAL\Documents\VR_games\OPUS\game\Library\PackageCache\com.unity.modules.umbra)
    com.unity.modules.unityanalytics@1.0.0 (location: C:\Users\GARV BANSAL\Documents\VR_games\OPUS\game\Library\PackageCache\com.unity.modules.unityanalytics)
    com.unity.modules.unitywebrequest@1.0.0 (location: C:\Users\GARV BANSAL\Documents\VR_games\OPUS\game\Library\PackageCache\com.unity.modules.unitywebrequest)
    com.unity.modules.unitywebrequestassetbundle@1.0.0 (location: C:\Users\GARV BANSAL\Documents\VR_games\OPUS\game\Library\PackageCache\com.unity.modules.unitywebrequestassetbundle)
    com.unity.modules.unitywebrequestaudio@1.0.0 (location: C:\Users\GARV BANSAL\Documents\VR_games\OPUS\game\Library\PackageCache\com.unity.modules.unitywebrequestaudio)
    com.unity.modules.unitywebrequesttexture@1.0.0 (location: C:\Users\GARV BANSAL\Documents\VR_games\OPUS\game\Library\PackageCache\com.unity.modules.unitywebrequesttexture)
    com.unity.modules.unitywebrequestwww@1.0.0 (location: C:\Users\GARV BANSAL\Documents\VR_games\OPUS\game\Library\PackageCache\com.unity.modules.unitywebrequestwww)
    com.unity.modules.vectorgraphics@1.0.0 (location: C:\Users\GARV BANSAL\Documents\VR_games\OPUS\game\Library\PackageCache\com.unity.modules.vectorgraphics)
    com.unity.modules.vehicles@1.0.0 (location: C:\Users\GARV BANSAL\Documents\VR_games\OPUS\game\Library\PackageCache\com.unity.modules.vehicles)
    com.unity.modules.video@1.0.0 (location: C:\Users\GARV BANSAL\Documents\VR_games\OPUS\game\Library\PackageCache\com.unity.modules.video)
    com.unity.modules.vr@1.0.0 (location: C:\Users\GARV BANSAL\Documents\VR_games\OPUS\game\Library\PackageCache\com.unity.modules.vr)
    com.unity.modules.wind@1.0.0 (location: C:\Users\GARV BANSAL\Documents\VR_games\OPUS\game\Library\PackageCache\com.unity.modules.wind)
    com.unity.modules.xr@1.0.0 (location: C:\Users\GARV BANSAL\Documents\VR_games\OPUS\game\Library\PackageCache\com.unity.modules.xr)
    com.unity.modules.subsystems@1.0.0 (location: C:\Users\GARV BANSAL\Documents\VR_games\OPUS\game\Library\PackageCache\com.unity.modules.subsystems)
    com.unity.modules.hierarchycore@1.0.0 (location: C:\Users\GARV BANSAL\Documents\VR_games\OPUS\game\Library\PackageCache\com.unity.modules.hierarchycore)
    com.unity.ext.nunit@2.0.5 (location: C:\Users\GARV BANSAL\Documents\VR_games\OPUS\game\Library\PackageCache\com.unity.ext.nunit@d8c07649098d)
    com.unity.render-pipelines.core@17.4.0 (location: C:\Users\GARV BANSAL\Documents\VR_games\OPUS\game\Library\PackageCache\com.unity.render-pipelines.core@630143bbfe2b)
    com.unity.shadergraph@17.4.0 (location: C:\Users\GARV BANSAL\Documents\VR_games\OPUS\game\Library\PackageCache\com.unity.shadergraph@04a6ef07359e)
    com.unity.render-pipelines.universal-config@17.4.0 (location: C:\Users\GARV BANSAL\Documents\VR_games\OPUS\game\Library\PackageCache\com.unity.render-pipelines.universal-config@0db4263b9e6b)
    com.unity.textmeshpro@5.0.0 (location: C:\Users\GARV BANSAL\Documents\VR_games\OPUS\game\Library\PackageCache\com.unity.textmeshpro@53f43edfd2e0)
    com.unity.ugui@2.0.0 (location: C:\Users\GARV BANSAL\Documents\VR_games\OPUS\game\Library\PackageCache\com.unity.ugui@473409526770)
    com.unity.collections@6.4.0 (location: C:\Users\GARV BANSAL\Documents\VR_games\OPUS\game\Library\PackageCache\com.unity.collections@65f499a3cc26)
  Embedded packages:
    com.opus.sdk@file:C:\Users\GARV BANSAL\Documents\VR_games\OPUS\game\Packages\com.opus.sdk (location: C:\Users\GARV BANSAL\Documents\VR_games\OPUS\game\Packages\com.opus.sdk)
[Subsystems] Looking for new subsystems at path C:\Users\GARV BANSAL\Documents\VR_games\OPUS\game\Library\PackageCache\com.unity.xr.openxr@ef0033a586bf
[Subsystems] Novel subsystem found at Library/PackageCache/com.unity.xr.openxr@ef0033a586bf/Runtime/UnitySubsystemsManifest.json
[Subsystems] Discovering subsystems at path C:/Program Files/Unity/Hub/Editor/6000.4.6f1/Editor/Data/Resources/UnitySubsystems
[Subsystems] Discovering subsystems at path C:/Users/GARV BANSAL/Documents/VR_games/OPUS/game/Assets
[Subsystems] Discovering subsystems at path C:\Users\GARV BANSAL\Documents\VR_games\OPUS\game\Library\PackageCache\com.unity.xr.openxr@ef0033a586bf
[Subsystems] No descriptors matched for  examples in Library/PackageCache/com.unity.xr.openxr@ef0033a586bf/Runtime/UnitySubsystemsManifest.json.
[Subsystems] 1 'inputs' descriptors matched in Library/PackageCache/com.unity.xr.openxr@ef0033a586bf/Runtime/UnitySubsystemsManifest.json
[Subsystems] 1 'displays' descriptors matched in Library/PackageCache/com.unity.xr.openxr@ef0033a586bf/Runtime/UnitySubsystemsManifest.json
[Subsystems] No descriptors matched for  meshings in Library/PackageCache/com.unity.xr.openxr@ef0033a586bf/Runtime/UnitySubsystemsManifest.json.
[Package Manager] Done registering packages in 0.09 seconds
[ScriptCompilation] Requested script compilation because: Assembly Definition File(s) changed
[ScriptCompilation] Requested script compilation because: AssetDatabase observed changes in script compilation related files
Assembly for Assembly Definition File 'Packages/com.opus.sdk/Editor/Opus.Sdk.Editor.asmdef' will not be compiled, because it has no scripts associated with it.
UnityEngine.Debug:ExtractStackTraceNoAlloc (byte*,int,string)
UnityEngine.StackTraceUtility:ExtractStackTrace ()
UnityEngine.DebugLogHandler:Internal_Log (UnityEngine.LogType,UnityEngine.LogOption,string,UnityEngine.Object)
UnityEngine.DebugLogHandler:LogFormat (UnityEngine.LogType,UnityEngine.Object,string,object[])
UnityEngine.Logger:LogFormat (UnityEngine.LogType,string,object[])
UnityEngine.Debug:LogWarningFormat (string,object[])
UnityEditor.Scripting.ScriptCompilation.EditorCompilation:WarnIfThereAreAssembliesWithoutAnyScripts (UnityEditor.Scripting.ScriptCompilation.ScriptAssemblySettings,UnityEditor.Scripting.ScriptCompilation.ScriptAssembly[])
UnityEditor.Scripting.ScriptCompilation.EditorCompilation:CompileScriptsWithSettings (UnityEditor.Scripting.ScriptCompilation.ScriptAssemblySettings)
UnityEditor.Scripting.ScriptCompilation.EditorCompilation:CompileScripts (UnityEditor.Scripting.ScriptCompilation.EditorScriptCompilationOptions,UnityEditor.BuildTarget,int,string[])
UnityEditor.Scripting.ScriptCompilation.EditorCompilationInterface/<>c__DisplayClass21_0:<CompileScripts>b__0 ()
UnityEditor.Scripting.ScriptCompilation.EditorCompilationInterface:EmitExceptionAsError<UnityEditor.Scripting.ScriptCompilation.EditorCompilation/CompileStatus> (System.Func`1<UnityEditor.Scripting.ScriptCompilation.EditorCompilation/CompileStatus>,UnityEditor.Scripting.ScriptCompilation.EditorCompilation/CompileStatus)
UnityEditor.Scripting.ScriptCompilation.EditorCompilationInterface:CompileScripts (UnityEditor.Scripting.ScriptCompilation.EditorScriptCompilationOptions,UnityEditor.BuildTarget,int,string[])

info: Microsoft.Hosting.Lifetime[14]
      Now listening on: http://localhost:80
info: Microsoft.Hosting.Lifetime[0]
      Application started. Press Ctrl+C to shut down.
info: Microsoft.Hosting.Lifetime[0]
      Hosting environment: Production
info: Microsoft.Hosting.Lifetime[0]
      Content root path: C:\Users\GARV BANSAL\Documents\VR_games\OPUS\game
info: Microsoft.AspNetCore.Hosting.Diagnostics[1]
      Request starting HTTP/2 POST http://ilpp/UnityILPP.PostProcessing/Ping - application/grpc -
info: Microsoft.AspNetCore.Routing.EndpointMiddleware[0]
      Executing endpoint 'gRPC - /UnityILPP.PostProcessing/Ping'
info: Microsoft.AspNetCore.Routing.EndpointMiddleware[1]
      Executed endpoint 'gRPC - /UnityILPP.PostProcessing/Ping'
info: Microsoft.AspNetCore.Hosting.Diagnostics[2]
      Request finished HTTP/2 POST http://ilpp/UnityILPP.PostProcessing/Ping - 200 - application/grpc 30.8505ms
Starting: C:\Program Files\Unity\Hub\Editor\6000.4.6f1\Editor\Data\Tools\BuildPipeline\bee_backend.exe --ipc --defer-dag-verification --dagfile="Library/Bee/1300b0aE.dag" --continue-on-failure --profile="Library/Bee/backend1.traceevents" ScriptAssemblies
WorkingDir: C:/Users/GARV BANSAL/Documents/VR_games/OPUS/game
info: Microsoft.AspNetCore.Hosting.Diagnostics[1]
      Request starting HTTP/2 POST http://ilpp/UnityILPP.PostProcessing/ConfigurePostProcessors - application/grpc -
info: Microsoft.AspNetCore.Routing.EndpointMiddleware[0]
      Executing endpoint 'gRPC - /UnityILPP.PostProcessing/ConfigurePostProcessors'
warn: Unity.ILPP.Runner.PostProcessingAssemblyLoadContext[0]
      Assembly system.runtime.interopservices.windowsruntime has duplicate hint path. Ignoring "C:\Program Files\Unity\Hub\Editor\6000.4.6f1\Editor\Data\UnityReferenceAssemblies\unity-4.8-api\Facades\System.Runtime.InteropServices.WindowsRuntime.dll" in favor of "C:\Program Files\Unity\Hub\Editor\6000.4.6f1\Editor\Data\NetStandard\Extensions\2.0.0\System.Runtime.InteropServices.WindowsRuntime.dll"
warn: Unity.ILPP.Runner.PostProcessingAssemblyLoadContext[0]
      Assembly system.componentmodel.composition has duplicate hint path. Ignoring "C:\Program Files\Unity\Hub\Editor\6000.4.6f1\Editor\Data\UnityReferenceAssemblies\unity-4.8-api\System.ComponentModel.Composition.dll" in favor of "C:\Program Files\Unity\Hub\Editor\6000.4.6f1\Editor\Data\NetStandard\compat\2.1.0\shims\netfx\System.ComponentModel.Composition.dll"
DisplayProgressbar: Compiling Scripts
info: Unity.ILPP.Runner.PostProcessingAssemblyLoadContext[0]
      Resolved Unity.Burst.Cecil, Version=0.11.6.0, Culture=neutral, PublicKeyToken=50cebf1cceb9d05e with Library\PackageCache\com.unity.burst@6bb9aca3ef38\Unity.Burst.CodeGen\Unity.Burst.Cecil.dll
info: Unity.ILPP.Runner.PostProcessingAssemblyLoadContext[0]
      Resolved Mono.Cecil, Version=0.11.5.0, Culture=neutral, PublicKeyToken=50cebf1cceb9d05e with Library\PackageCache\com.unity.nuget.mono-cecil@ecb9724e46ff\Mono.Cecil.dll
info: Microsoft.AspNetCore.Routing.EndpointMiddleware[1]
      Executed endpoint 'gRPC - /UnityILPP.PostProcessing/ConfigurePostProcessors'
info: Microsoft.AspNetCore.Hosting.Diagnostics[2]
      Request finished HTTP/2 POST http://ilpp/UnityILPP.PostProcessing/ConfigurePostProcessors - 200 - application/grpc 100.6124ms
ExitCode: 4 Duration: 0s935ms
Rebuilding DAG because FileSignature timestamp changed: Library/Bee/1300b0aE-inputdata.json
[1280/1730  0s] ILPP-Configuration Library/ilpp-configuration.nevergeneratedoutput
*** Tundra requires additional run (0.89 seconds), 3 items updated, 1279 evaluated
Starting: C:\Program Files\Unity\Hub\Editor\6000.4.6f1\Editor\Data\netcorerun\netcorerun.exe "C:\Program Files\Unity\Hub\Editor\6000.4.6f1\Editor\Data\Tools\BuildPipeline\ScriptCompilationBuildProgram.exe" "Library/Bee/1300b0aE.dag.json" "Library/Bee/1300b0aE-inputdata.json" "Library\Bee\buildprogram0.traceevents"
WorkingDir: C:/Users/GARV BANSAL/Documents/VR_games/OPUS/game
ExitCode: 0 Duration: 2s780ms
Starting: C:\Program Files\Unity\Hub\Editor\6000.4.6f1\Editor\Data\Tools\BuildPipeline\bee_backend.exe --ipc --defer-dag-verification --dagfile="Library/Bee/1300b0aE.dag" --continue-on-failure --dagfilejson="Library\Bee\1300b0aE.dag.json" --profile="Library/Bee/backend2.traceevents" ScriptAssemblies
WorkingDir: C:/Users/GARV BANSAL/Documents/VR_games/OPUS/game
info: Microsoft.AspNetCore.Hosting.Diagnostics[1]
      Request starting HTTP/2 POST http://ilpp/UnityILPP.PostProcessing/ConfigurePostProcessors - application/grpc -
info: Microsoft.AspNetCore.Routing.EndpointMiddleware[0]
      Executing endpoint 'gRPC - /UnityILPP.PostProcessing/ConfigurePostProcessors'
info: Unity.ILPP.Runner.PostProcessingAssemblyLoadContext[0]
      Current configuration matches the requested one, skipping
info: Microsoft.AspNetCore.Routing.EndpointMiddleware[1]
      Executed endpoint 'gRPC - /UnityILPP.PostProcessing/ConfigurePostProcessors'
info: Microsoft.AspNetCore.Hosting.Diagnostics[2]
      Request finished HTTP/2 POST http://ilpp/UnityILPP.PostProcessing/ConfigurePostProcessors - 200 - application/grpc 4.5418ms
ExitCode: 3 Duration: 1s471ms
Finished compiling graph: 1734 nodes, 41759 flattened edges (31233 ToBuild, 306 ToUse), maximum node priority 2978
[ 813/1730  0s] WriteText Library/Bee/artifacts/1300b0aE.dag/OrchardReach.Tests.PlayMode.dll.mvfrm.rsp
[ 827/1730  0s] WriteText Library/Bee/artifacts/1300b0aE.dag/Shell.Editor.dll.mvfrm.rsp
[ 847/1730  0s] WriteText Library/Bee/artifacts/1300b0aE.dag/Shell.Editor.rsp
[ 895/1730  0s] WriteResponseFile Library/Bee/artifacts/rsp/6156001186395120176.rsp
[ 911/1730  0s] WriteText Library/Bee/artifacts/1300b0aE.dag/OrchardReach.Tests.PlayMode.rsp
[ 916/1730  0s] WriteResponseFile Library/Bee/artifacts/rsp/8593065484113047227.rsp
[1278/1730  0s] ILPP-Configuration Library/ilpp-configuration.nevergeneratedoutput
[1720/1730  0s] MovedFromExtractor-Combine Library/Bee/artifacts/1300b0aE.dag/OrchardReach.Tests.PlayMode.dll.mvfrm
[1721/1730  0s] MovedFromExtractor-Combine Library/Bee/artifacts/1300b0aE.dag/Shell.Editor.dll.mvfrm
[1722/1730  0s] Csc Library/Bee/artifacts/1300b0aE.dag/OrchardReach.Tests.PlayMode.dll (+2 others)
##### CommandLine
"C:\Program Files\Unity\Hub\Editor\6000.4.6f1\Editor\Data\NetCoreRuntime\dotnet.exe" exec "C:/Program Files/Unity/Hub/Editor/6000.4.6f1/Editor/Data/DotNetSdkRoslyn/csc.dll" /nostdlib /noconfig /shared "@Library/Bee/artifacts/1300b0aE.dag/OrchardReach.Tests.PlayMode.rsp" "@Library/Bee/artifacts/1300b0aE.dag/OrchardReach.Tests.PlayMode.rsp2"
##### Contents of Library\Bee\artifacts\1300b0aE.dag\OrchardReach.Tests.PlayMode.rsp
-target:library
-out:"Library/Bee/artifacts/1300b0aE.dag/OrchardReach.Tests.PlayMode.dll"
-refout:"Library/Bee/artifacts/1300b0aE.dag/OrchardReach.Tests.PlayMode.ref.dll"
-define:UNITY_6000_4_6
-define:UNITY_6000_4
-define:UNITY_6000
-define:UNITY_5_3_OR_NEWER
-define:UNITY_5_4_OR_NEWER
-define:UNITY_5_5_OR_NEWER
-define:UNITY_5_6_OR_NEWER
-define:UNITY_2017_1_OR_NEWER
-define:UNITY_2017_2_OR_NEWER
-define:UNITY_2017_3_OR_NEWER
-define:UNITY_2017_4_OR_NEWER
-define:UNITY_2018_1_OR_NEWER
-define:UNITY_2018_2_OR_NEWER
-define:UNITY_2018_3_OR_NEWER
-define:UNITY_2018_4_OR_NEWER
-define:UNITY_2019_1_OR_NEWER
-define:UNITY_2019_2_OR_NEWER
-define:UNITY_2019_3_OR_NEWER
-define:UNITY_2019_4_OR_NEWER
-define:UNITY_2020_1_OR_NEWER
-define:UNITY_2020_2_OR_NEWER
-define:UNITY_2020_3_OR_NEWER
-define:UNITY_2021_1_OR_NEWER
-define:UNITY_2021_2_OR_NEWER
-define:UNITY_2021_3_OR_NEWER
-define:UNITY_2022_1_OR_NEWER
-define:UNITY_2022_2_OR_NEWER
-define:UNITY_2022_3_OR_NEWER
-define:UNITY_2023_1_OR_NEWER
-define:UNITY_2023_2_OR_NEWER
-define:UNITY_2023_3_OR_NEWER
-define:UNITY_6000_0_OR_NEWER
-define:UNITY_6000_1_OR_NEWER
-define:UNITY_6000_2_OR_NEWER
-define:UNITY_6000_3_OR_NEWER
-define:UNITY_6000_4_OR_NEWER
-define:UNITY_INCLUDE_TESTS
-define:ENABLE_AR
-define:ENABLE_AUDIO
-define:ENABLE_AUDIO_SCRIPTABLE_PIPELINE
-define:ENABLE_CACHING
-define:ENABLE_CLOTH
-define:ENABLE_EVENT_QUEUE
-define:ENABLE_MICROPHONE
-define:ENABLE_MULTIPLE_DISPLAYS
-define:ENABLE_PHYSICS
-define:ENABLE_TEXTURE_STREAMING
-define:ENABLE_LZMA
-define:ENABLE_UNITYEVENTS
-define:ENABLE_VR
-define:ENABLE_WEBCAM
-define:ENABLE_UNITYWEBREQUEST
-define:ENABLE_WWW
-define:ENABLE_CLOUD_SERVICES
-define:ENABLE_CLOUD_SERVICES_ADS
-define:ENABLE_CLOUD_SERVICES_USE_WEBREQUEST
-define:ENABLE_UNITY_CONSENT
-define:ENABLE_UNITY_CLOUD_IDENTIFIERS
-define:ENABLE_CLOUD_SERVICES_CRASH_REPORTING
-define:ENABLE_CLOUD_SERVICES_NATIVE_CRASH_REPORTING
-define:ENABLE_CLOUD_SERVICES_PURCHASING
-define:ENABLE_CLOUD_SERVICES_ANALYTICS
-define:ENABLE_CLOUD_SERVICES_BUILD
-define:ENABLE_EDITOR_GAME_SERVICES
-define:ENABLE_UNITY_GAME_SERVICES_ANALYTICS_SUPPORT
-define:ENABLE_CLOUD_LICENSE
-define:ENABLE_EDITOR_HUB_LICENSE
-define:ENABLE_WEBSOCKET_CLIENT
-define:ENABLE_GENERATE_NATIVE_PLUGINS_FOR_ASSEMBLIES_API
-define:ENABLE_DIRECTOR_AUDIO
-define:ENABLE_DIRECTOR_TEXTURE
-define:ENABLE_MANAGED_JOBS
-define:ENABLE_MANAGED_TRANSFORM_JOBS
-define:ENABLE_MANAGED_ANIMATION_JOBS
-define:ENABLE_MANAGED_AUDIO_JOBS
-define:ENABLE_ENGINE_CODE_STRIPPING
-define:ENABLE_ONSCREEN_KEYBOARD
-define:ENABLE_MANAGED_UNITYTLS
-define:INCLUDE_DYNAMIC_GI
-define:ENABLE_SCRIPTING_GC_WBARRIERS
-define:PLATFORM_SUPPORTS_MONO
-define:ENABLE_MARSHALLING_TESTS
-define:ENABLE_VIDEO
-define:ENABLE_NAVIGATION_OFFMESHLINK_TO_NAVMESHLINK
-define:ENABLE_ACCELERATOR_CLIENT_DEBUGGING
-define:ENABLE_ACCESSIBILITY_SCREEN_READER
-define:ENABLE_ACCESSIBILITY_SETTINGS
-define:TEXTCORE_1_0_OR_NEWER
-define:EDITOR_ONLY_NAVMESH_BUILDER_DEPRECATED
-define:PLATFORM_ANDROID
-define:UNITY_ANDROID
-define:UNITY_ANDROID_API
-define:ENABLE_EGL
-define:ENABLE_NETWORK
-define:ENABLE_RUNTIME_GI
-define:ENABLE_CRUNCH_TEXTURE_COMPRESSION
-define:ENABLE_CLOUD_SERVICES_ENGINE_DIAGNOSTICS
-define:ENABLE_FIREBASE_IDENTIFIERS
-define:UNITY_CAN_SHOW_SPLASH_SCREEN
-define:UNITY_HAS_GOOGLEVR
-define:UNITY_HAS_TANGO
-define:ENABLE_SPATIALTRACKING
-define:ENABLE_ETC_COMPRESSION
-define:PLATFORM_EXTENDS_VULKAN_DEVICE
-define:PLATFORM_HAS_MULTIPLE_SWAPCHAINS
-define:UNITY_ANDROID_SUPPORTS_SHADOWFILES
-define:PLATFORM_UPDATES_TIME_OUTSIDE_OF_PLAYER_LOOP
-define:PLATFORM_EXTENDS_VULKAN_PIPELINE_CACHE
-define:PLATFORM_SUPPORTS_SPLIT_GRAPHICS_JOBS
-define:PLATFORM_HAS_ADDITIONAL_API_CHECKS
-define:PLATFORM_HAS_GRAPHICS_JOBS_SUPPORT_CHECK_OVERRIDE
-define:PLATFORM_IMPLEMENTS_INSIGHTS_ANR
-define:PLATFORM_SUPPORTS_INSIGHTS_DEVICE_INFO
-define:ENABLE_ANDROID_ADVERTISING_IDS
-define:PLATFORM_HAS_BUGGY_MSAA_RESOLVE
-define:ENABLE_ANDROID_APP_SET_ID
-define:ENABLE_INSIGHTS_PLATFORM_SPECIFIC_RESOURCES
-define:PLATFORM_REQUIRES_TETHERED_VULKAN_COMMAND_POOL
-define:ENABLE_UNITYADS_RUNTIME
-define:UNITY_UNITYADS_API
-define:ENABLE_MONO
-define:NET_STANDARD_2_0
-define:NET_STANDARD
-define:NET_STANDARD_2_1
-define:NETSTANDARD
-define:NETSTANDARD2_1
-define:ENABLE_PROFILER
-define:ENABLE_PROFILER_ASSISTANT_INTEGRATION
-define:DEBUG
-define:TRACE
-define:UNITY_ASSERTIONS
-define:UNITY_EDITOR
-define:UNITY_EDITOR_64
-define:UNITY_EDITOR_WIN
-define:ENABLE_UNITY_COLLECTIONS_CHECKS
-define:ENABLE_BURST_AOT
-define:UNITY_TEAM_LICENSE
-define:ENABLE_CUSTOM_RENDER_TEXTURE
-define:ENABLE_DIRECTOR
-define:ENABLE_LOCALIZATION
-define:ENABLE_SPRITES
-define:ENABLE_TERRAIN
-define:ENABLE_TILEMAP
-define:ENABLE_TIMELINE
-define:ENABLE_INPUT_SYSTEM
-define:ENABLE_LEGACY_INPUT_MANAGER
-define:TEXTCORE_FONT_ENGINE_1_5_OR_NEWER
-define:TEXTCORE_TEXT_ENGINE_1_5_OR_NEWER
-define:TEXTCORE_FONT_ENGINE_1_6_OR_NEWER
-define:SENTIS_ANALYTICS_ENABLED
-define:OVR_DISABLE_HAND_PINCH_BUTTON_MAPPING
-define:USE_INPUT_SYSTEM_POSE_CONTROL
-define:USE_STICK_CONTROL_THUMBSTICKS
-define:APP_UI_EDITOR_ONLY
-define:CSHARP_7_OR_LATER
-define:CSHARP_7_3_OR_NEWER
-r:"C:/Program Files/Unity/Hub/Editor/6000.4.6f1/Editor/Data/Managed/UnityEngine/Unity.Scripting.dll"
-r:"C:/Program Files/Unity/Hub/Editor/6000.4.6f1/Editor/Data/Managed/UnityEngine/UnityEditor.AccessibilityModule.dll"
-r:"C:/Program Files/Unity/Hub/Editor/6000.4.6f1/Editor/Data/Managed/UnityEngine/UnityEditor.AdaptivePerformanceModule.dll"
-r:"C:/Program Files/Unity/Hub/Editor/6000.4.6f1/Editor/Data/Managed/UnityEngine/UnityEditor.AssetComplianceModule.dll"
-r:"C:/Program Files/Unity/Hub/Editor/6000.4.6f1/Editor/Data/Managed/UnityEngine/UnityEditor.BuildProfileModule.dll"
-r:"C:/Program Files/Unity/Hub/Editor/6000.4.6f1/Editor/Data/Managed/UnityEngine/UnityEditor.ClothModule.dll"
-r:"C:/Program Files/Unity/Hub/Editor/6000.4.6f1/Editor/Data/Managed/UnityEngine/UnityEditor.CoreBusinessMetricsModule.dll"
-r:"C:/Program Files/Unity/Hub/Editor/6000.4.6f1/Editor/Data/Managed/UnityEngine/UnityEditor.CoreModule.dll"
-r:"C:/Program Files/Unity/Hub/Editor/6000.4.6f1/Editor/Data/Managed/UnityEngine/UnityEditor.DeviceSimulatorModule.dll"
-r:"C:/Program Files/Unity/Hub/Editor/6000.4.6f1/Editor/Data/Managed/UnityEngine/UnityEditor.DiagnosticsModule.dll"
-r:"C:/Program Files/Unity/Hub/Editor/6000.4.6f1/Editor/Data/Managed/UnityEngine/UnityEditor.EditorToolbarModule.dll"
-r:"C:/Program Files/Unity/Hub/Editor/6000.4.6f1/Editor/Data/Managed/UnityEngine/UnityEditor.EmbreeModule.dll"
-r:"C:/Program Files/Unity/Hub/Editor/6000.4.6f1/Editor/Data/Managed/UnityEngine/UnityEditor.GIModule.dll"
-r:"C:/Program Files/Unity/Hub/Editor/6000.4.6f1/Editor/Data/Managed/UnityEngine/UnityEditor.GraphToolkitModule.dll"
-r:"C:/Program Files/Unity/Hub/Editor/6000.4.6f1/Editor/Data/Managed/UnityEngine/UnityEditor.GraphViewModule.dll"
-r:"C:/Program Files/Unity/Hub/Editor/6000.4.6f1/Editor/Data/Managed/UnityEngine/UnityEditor.GraphicsStateCollectionSerializerModule.dll"
-r:"C:/Program Files/Unity/Hub/Editor/6000.4.6f1/Editor/Data/Managed/UnityEngine/UnityEditor.GridAndSnapModule.dll"
-r:"C:/Program Files/Unity/Hub/Editor/6000.4.6f1/Editor/Data/Managed/UnityEngine/UnityEditor.GridModule.dll"
-r:"C:/Program Files/Unity/Hub/Editor/6000.4.6f1/Editor/Data/Managed/UnityEngine/UnityEditor.HierarchyModule.dll"
-r:"C:/Program Files/Unity/Hub/Editor/6000.4.6f1/Editor/Data/Managed/UnityEngine/UnityEditor.MediaModule.dll"
-r:"C:/Program Files/Unity/Hub/Editor/6000.4.6f1/Editor/Data/Managed/UnityEngine/UnityEditor.MultiplayerModule.dll"
-r:"C:/Program Files/Unity/Hub/Editor/6000.4.6f1/Editor/Data/Managed/UnityEngine/UnityEditor.Physics2DModule.dll"
-r:"C:/Program Files/Unity/Hub/Editor/6000.4.6f1/Editor/Data/Managed/UnityEngine/UnityEditor.PhysicsModule.dll"
-r:"C:/Program Files/Unity/Hub/Editor/6000.4.6f1/Editor/Data/Managed/UnityEngine/UnityEditor.PlayModeModule.dll"
-r:"C:/Program Files/Unity/Hub/Editor/6000.4.6f1/Editor/Data/Managed/UnityEngine/UnityEditor.PresetsUIModule.dll"
-r:"C:/Program Files/Unity/Hub/Editor/6000.4.6f1/Editor/Data/Managed/UnityEngine/UnityEditor.ProjectAuditorModule.dll"
-r:"C:/Program Files/Unity/Hub/Editor/6000.4.6f1/Editor/Data/Managed/UnityEngine/UnityEditor.PropertiesModule.dll"
-r:"C:/Program Files/Unity/Hub/Editor/6000.4.6f1/Editor/Data/Managed/UnityEngine/UnityEditor.QuickInstallModule.dll"
-r:"C:/Program Files/Unity/Hub/Editor/6000.4.6f1/Editor/Data/Managed/UnityEngine/UnityEditor.QuickSearchModule.dll"
-r:"C:/Program Files/Unity/Hub/Editor/6000.4.6f1/Editor/Data/Managed/UnityEngine/UnityEditor.SafeModeModule.dll"
-r:"C:/Program Files/Unity/Hub/Editor/6000.4.6f1/Editor/Data/Managed/UnityEngine/UnityEditor.SceneTemplateModule.dll"
-r:"C:/Program Files/Unity/Hub/Editor/6000.4.6f1/Editor/Data/Managed/UnityEngine/UnityEditor.SceneViewModule.dll"
-r:"C:/Program Files/Unity/Hub/Editor/6000.4.6f1/Editor/Data/Managed/UnityEngine/UnityEditor.ShaderBuildSettingsModule.dll"
-r:"C:/Program Files/Unity/Hub/Editor/6000.4.6f1/Editor/Data/Managed/UnityEngine/UnityEditor.ShaderCompilationModule.dll"
-r:"C:/Program Files/Unity/Hub/Editor/6000.4.6f1/Editor/Data/Managed/UnityEngine/UnityEditor.ShaderFoundryModule.dll"
-r:"C:/Program Files/Unity/Hub/Editor/6000.4.6f1/Editor/Data/Managed/UnityEngine/UnityEditor.SketchUpModule.dll"
-r:"C:/Program Files/Unity/Hub/Editor/6000.4.6f1/Editor/Data/Managed/UnityEngine/UnityEditor.SpriteMaskModule.dll"
-r:"C:/Program Files/Unity/Hub/Editor/6000.4.6f1/Editor/Data/Managed/UnityEngine/UnityEditor.SpriteShapeModule.dll"
-r:"C:/Program Files/Unity/Hub/Editor/6000.4.6f1/Editor/Data/Managed/UnityEngine/UnityEditor.SubstanceModule.dll"
-r:"C:/Program Files/Unity/Hub/Editor/6000.4.6f1/Editor/Data/Managed/UnityEngine/UnityEditor.TerrainModule.dll"
-r:"C:/Program Files/Unity/Hub/Editor/6000.4.6f1/Editor/Data/Managed/UnityEngine/UnityEditor.TextCoreFontEngineModule.dll"
-r:"C:/Program Files/Unity/Hub/Editor/6000.4.6f1/Editor/Data/Managed/UnityEngine/UnityEditor.TextCoreTextEngineModule.dll"
-r:"C:/Program Files/Unity/Hub/Editor/6000.4.6f1/Editor/Data/Managed/UnityEngine/UnityEditor.TextRenderingModule.dll"
-r:"C:/Program Files/Unity/Hub/Editor/6000.4.6f1/Editor/Data/Managed/UnityEngine/UnityEditor.TilemapModule.dll"
-r:"C:/Program Files/Unity/Hub/Editor/6000.4.6f1/Editor/Data/Managed/UnityEngine/UnityEditor.TreeModule.dll"
-r:"C:/Program Files/Unity/Hub/Editor/6000.4.6f1/Editor/Data/Managed/UnityEngine/UnityEditor.UIAutomationModule.dll"
-r:"C:/Program Files/Unity/Hub/Editor/6000.4.6f1/Editor/Data/Managed/UnityEngine/UnityEditor.UIBuilderModule.dll"
-r:"C:/Program Files/Unity/Hub/Editor/6000.4.6f1/Editor/Data/Managed/UnityEngine/UnityEditor.UIElementsModule.dll"
-r:"C:/Program Files/Unity/Hub/Editor/6000.4.6f1/Editor/Data/Managed/UnityEngine/UnityEditor.UIElementsSamplesModule.dll"
-r:"C:/Program Files/Unity/Hub/Editor/6000.4.6f1/Editor/Data/Managed/UnityEngine/UnityEditor.UIToolkitAuthoringModule.dll"
-r:"C:/Program Files/Unity/Hub/Editor/6000.4.6f1/Editor/Data/Managed/UnityEngine/UnityEditor.UmbraModule.dll"
-r:"C:/Program Files/Unity/Hub/Editor/6000.4.6f1/Editor/Data/Managed/UnityEngine/UnityEditor.UnityConnectModule.dll"
-r:"C:/Program Files/Unity/Hub/Editor/6000.4.6f1/Editor/Data/Managed/UnityEngine/UnityEditor.VFXModule.dll"
-r:"C:/Program Files/Unity/Hub/Editor/6000.4.6f1/Editor/Data/Managed/UnityEngine/UnityEditor.VectorGraphicsModule.dll"
-r:"C:/Program Files/Unity/Hub/Editor/6000.4.6f1/Editor/Data/Managed/UnityEngine/UnityEditor.VideoModule.dll"
-r:"C:/Program Files/Unity/Hub/Editor/6000.4.6f1/Editor/Data/Managed/UnityEngine/UnityEditor.XRModule.dll"
-r:"C:/Program Files/Unity/Hub/Editor/6000.4.6f1/Editor/Data/Managed/UnityEngine/UnityEditor.dll"
-r:"C:/Program Files/Unity/Hub/Editor/6000.4.6f1/Editor/Data/Managed/UnityEngine/UnityEngine.AIModule.dll"
-r:"C:/Program Files/Unity/Hub/Editor/6000.4.6f1/Editor/Data/Managed/UnityEngine/UnityEngine.ARModule.dll"
-r:"C:/Program Files/Unity/Hub/Editor/6000.4.6f1/Editor/Data/Managed/UnityEngine/UnityEngine.AccessibilityModule.dll"
-r:"C:/Program Files/Unity/Hub/Editor/6000.4.6f1/Editor/Data/Managed/UnityEngine/UnityEngine.AdaptivePerformanceModule.dll"
-r:"C:/Program Files/Unity/Hub/Editor/6000.4.6f1/Editor/Data/Managed/UnityEngine/UnityEngine.AndroidJNIModule.dll"
-r:"C:/Program Files/Unity/Hub/Editor/6000.4.6f1/Editor/Data/Managed/UnityEngine/UnityEngine.AnimationModule.dll"
-r:"C:/Program Files/Unity/Hub/Editor/6000.4.6f1/Editor/Data/Managed/UnityEngine/UnityEngine.AssetBundleModule.dll"
-r:"C:/Program Files/Unity/Hub/Editor/6000.4.6f1/Editor/Data/Managed/UnityEngine/UnityEngine.AudioModule.dll"
-r:"C:/Program Files/Unity/Hub/Editor/6000.4.6f1/Editor/Data/Managed/UnityEngine/UnityEngine.ClothModule.dll"
-r:"C:/Program Files/Unity/Hub/Editor/6000.4.6f1/Editor/Data/Managed/UnityEngine/UnityEngine.ContentLoadModule.dll"
-r:"C:/Program Files/Unity/Hub/Editor/6000.4.6f1/Editor/Data/Managed/UnityEngine/UnityEngine.CoreModule.dll"
-r:"C:/Program Files/Unity/Hub/Editor/6000.4.6f1/Editor/Data/Managed/UnityEngine/UnityEngine.CrashReportingModule.dll"
-r:"C:/Program Files/Unity/Hub/Editor/6000.4.6f1/Editor/Data/Managed/UnityEngine/UnityEngine.DSPGraphModule.dll"
-r:"C:/Program Files/Unity/Hub/Editor/6000.4.6f1/Editor/Data/Managed/UnityEngine/UnityEngine.DirectorModule.dll"
-r:"C:/Program Files/Unity/Hub/Editor/6000.4.6f1/Editor/Data/Managed/UnityEngine/UnityEngine.GIModule.dll"
-r:"C:/Program Files/Unity/Hub/Editor/6000.4.6f1/Editor/Data/Managed/UnityEngine/UnityEngine.GameCenterModule.dll"
-r:"C:/Program Files/Unity/Hub/Editor/6000.4.6f1/Editor/Data/Managed/UnityEngine/UnityEngine.GraphicsStateCollectionSerializerModule.dll"
-r:"C:/Program Files/Unity/Hub/Editor/6000.4.6f1/Editor/Data/Managed/UnityEngine/UnityEngine.GridModule.dll"
-r:"C:/Program Files/Unity/Hub/Editor/6000.4.6f1/Editor/Data/Managed/UnityEngine/UnityEngine.HierarchyCoreModule.dll"
-r:"C:/Program Files/Unity/Hub/Editor/6000.4.6f1/Editor/Data/Managed/UnityEngine/UnityEngine.HotReloadModule.dll"
-r:"C:/Program Files/Unity/Hub/Editor/6000.4.6f1/Editor/Data/Managed/UnityEngine/UnityEngine.IMGUIModule.dll"
-r:"C:/Program Files/Unity/Hub/Editor/6000.4.6f1/Editor/Data/Managed/UnityEngine/UnityEngine.IdentifiersModule.dll"
-r:"C:/Program Files/Unity/Hub/Editor/6000.4.6f1/Editor/Data/Managed/UnityEngine/UnityEngine.ImageConversionModule.dll"
-r:"C:/Program Files/Unity/Hub/Editor/6000.4.6f1/Editor/Data/Managed/UnityEngine/UnityEngine.InputForUIModule.dll"
-r:"C:/Program Files/Unity/Hub/Editor/6000.4.6f1/Editor/Data/Managed/UnityEngine/UnityEngine.InputLegacyModule.dll"
-r:"C:/Program Files/Unity/Hub/Editor/6000.4.6f1/Editor/Data/Managed/UnityEngine/UnityEngine.InputModule.dll"
-r:"C:/Program Files/Unity/Hub/Editor/6000.4.6f1/Editor/Data/Managed/UnityEngine/UnityEngine.InsightsModule.dll"
-r:"C:/Program Files/Unity/Hub/Editor/6000.4.6f1/Editor/Data/Managed/UnityEngine/UnityEngine.JSONSerializeModule.dll"
-r:"C:/Program Files/Unity/Hub/Editor/6000.4.6f1/Editor/Data/Managed/UnityEngine/UnityEngine.LocalizationModule.dll"
-r:"C:/Program Files/Unity/Hub/Editor/6000.4.6f1/Editor/Data/Managed/UnityEngine/UnityEngine.MarshallingModule.dll"
-r:"C:/Program Files/Unity/Hub/Editor/6000.4.6f1/Editor/Data/Managed/UnityEngine/UnityEngine.MultiplayerModule.dll"
-r:"C:/Program Files/Unity/Hub/Editor/6000.4.6f1/Editor/Data/Managed/UnityEngine/UnityEngine.ParticleSystemModule.dll"
-r:"C:/Program Files/Unity/Hub/Editor/6000.4.6f1/Editor/Data/Managed/UnityEngine/UnityEngine.PerformanceReportingModule.dll"
-r:"C:/Program Files/Unity/Hub/Editor/6000.4.6f1/Editor/Data/Managed/UnityEngine/UnityEngine.Physics2DModule.dll"
-r:"C:/Program Files/Unity/Hub/Editor/6000.4.6f1/Editor/Data/Managed/UnityEngine/UnityEngine.PhysicsBackendPhysXModule.dll"
-r:"C:/Program Files/Unity/Hub/Editor/6000.4.6f1/Editor/Data/Managed/UnityEngine/UnityEngine.PhysicsModule.dll"
-r:"C:/Program Files/Unity/Hub/Editor/6000.4.6f1/Editor/Data/Managed/UnityEngine/UnityEngine.PropertiesModule.dll"
-r:"C:/Program Files/Unity/Hub/Editor/6000.4.6f1/Editor/Data/Managed/UnityEngine/UnityEngine.RenderAs2DModule.dll"
-r:"C:/Program Files/Unity/Hub/Editor/6000.4.6f1/Editor/Data/Managed/UnityEngine/UnityEngine.RuntimeInitializeOnLoadManagerInitializerModule.dll"
-r:"C:/Program Files/Unity/Hub/Editor/6000.4.6f1/Editor/Data/Managed/UnityEngine/UnityEngine.ScreenCaptureModule.dll"
-r:"C:/Program Files/Unity/Hub/Editor/6000.4.6f1/Editor/Data/Managed/UnityEngine/UnityEngine.ScriptingModule.dll"
-r:"C:/Program Files/Unity/Hub/Editor/6000.4.6f1/Editor/Data/Managed/UnityEngine/UnityEngine.ShaderVariantAnalyticsModule.dll"
-r:"C:/Program Files/Unity/Hub/Editor/6000.4.6f1/Editor/Data/Managed/UnityEngine/UnityEngine.SharedInternalsModule.dll"
-r:"C:/Program Files/Unity/Hub/Editor/6000.4.6f1/Editor/Data/Managed/UnityEngine/UnityEngine.SpriteMaskModule.dll"
-r:"C:/Program Files/Unity/Hub/Editor/6000.4.6f1/Editor/Data/Managed/UnityEngine/UnityEngine.SpriteShapeModule.dll"
-r:"C:/Program Files/Unity/Hub/Editor/6000.4.6f1/Editor/Data/Managed/UnityEngine/UnityEngine.StreamingModule.dll"
-r:"C:/Program Files/Unity/Hub/Editor/6000.4.6f1/Editor/Data/Managed/UnityEngine/UnityEngine.SubstanceModule.dll"
-r:"C:/Program Files/Unity/Hub/Editor/6000.4.6f1/Editor/Data/Managed/UnityEngine/UnityEngine.SubsystemsModule.dll"
-r:"C:/Program Files/Unity/Hub/Editor/6000.4.6f1/Editor/Data/Managed/UnityEngine/UnityEngine.TLSModule.dll"
-r:"C:/Program Files/Unity/Hub/Editor/6000.4.6f1/Editor/Data/Managed/UnityEngine/UnityEngine.TerrainModule.dll"
-r:"C:/Program Files/Unity/Hub/Editor/6000.4.6f1/Editor/Data/Managed/UnityEngine/UnityEngine.TerrainPhysicsModule.dll"
-r:"C:/Program Files/Unity/Hub/Editor/6000.4.6f1/Editor/Data/Managed/UnityEngine/UnityEngine.TextCoreFontEngineModule.dll"
-r:"C:/Program Files/Unity/Hub/Editor/6000.4.6f1/Editor/Data/Managed/UnityEngine/UnityEngine.TextCoreTextEngineModule.dll"
-r:"C:/Program Files/Unity/Hub/Editor/6000.4.6f1/Editor/Data/Managed/UnityEngine/UnityEngine.TextRenderingModule.dll"
-r:"C:/Program Files/Unity/Hub/Editor/6000.4.6f1/Editor/Data/Managed/UnityEngine/UnityEngine.TilemapModule.dll"
-r:"C:/Program Files/Unity/Hub/Editor/6000.4.6f1/Editor/Data/Managed/UnityEngine/UnityEngine.UIElementsModule.dll"
-r:"C:/Program Files/Unity/Hub/Editor/6000.4.6f1/Editor/Data/Managed/UnityEngine/UnityEngine.UIModule.dll"
-r:"C:/Program Files/Unity/Hub/Editor/6000.4.6f1/Editor/Data/Managed/UnityEngine/UnityEngine.UmbraModule.dll"
-r:"C:/Program Files/Unity/Hub/Editor/6000.4.6f1/Editor/Data/Managed/UnityEngine/UnityEngine.UnityAnalyticsCommonModule.dll"
-r:"C:/Program Files/Unity/Hub/Editor/6000.4.6f1/Editor/Data/Managed/UnityEngine/UnityEngine.UnityAnalyticsModule.dll"
-r:"C:/Program Files/Unity/Hub/Editor/6000.4.6f1/Editor/Data/Managed/UnityEngine/UnityEngine.UnityConnectModule.dll"
-r:"C:/Program Files/Unity/Hub/Editor/6000.4.6f1/Editor/Data/Managed/UnityEngine/UnityEngine.UnityConsentModule.dll"
-r:"C:/Program Files/Unity/Hub/Editor/6000.4.6f1/Editor/Data/Managed/UnityEngine/UnityEngine.UnityCurlModule.dll"
-r:"C:/Program Files/Unity/Hub/Editor/6000.4.6f1/Editor/Data/Managed/UnityEngine/UnityEngine.UnityWebRequestAssetBundleModule.dll"
-r:"C:/Program Files/Unity/Hub/Editor/6000.4.6f1/Editor/Data/Managed/UnityEngine/UnityEngine.UnityWebRequestAudioModule.dll"
-r:"C:/Program Files/Unity/Hub/Editor/6000.4.6f1/Editor/Data/Managed/UnityEngine/UnityEngine.UnityWebRequestModule.dll"
-r:"C:/Program Files/Unity/Hub/Editor/6000.4.6f1/Editor/Data/Managed/UnityEngine/UnityEngine.UnityWebRequestTextureModule.dll"
-r:"C:/Program Files/Unity/Hub/Editor/6000.4.6f1/Editor/Data/Managed/UnityEngine/UnityEngine.UnityWebRequestWWWModule.dll"
-r:"C:/Program Files/Unity/Hub/Editor/6000.4.6f1/Editor/Data/Managed/UnityEngine/UnityEngine.VFXModule.dll"
-r:"C:/Program Files/Unity/Hub/Editor/6000.4.6f1/Editor/Data/Managed/UnityEngine/UnityEngine.VRModule.dll"
-r:"C:/Program Files/Unity/Hub/Editor/6000.4.6f1/Editor/Data/Managed/UnityEngine/UnityEngine.VectorGraphicsModule.dll"
-r:"C:/Program Files/Unity/Hub/Editor/6000.4.6f1/Editor/Data/Managed/UnityEngine/UnityEngine.VehiclesModule.dll"
-r:"C:/Program Files/Unity/Hub/Editor/6000.4.6f1/Editor/Data/Managed/UnityEngine/UnityEngine.VideoModule.dll"
-r:"C:/Program Files/Unity/Hub/Editor/6000.4.6f1/Editor/Data/Managed/UnityEngine/UnityEngine.WindModule.dll"
-r:"C:/Program Files/Unity/Hub/Editor/6000.4.6f1/Editor/Data/Managed/UnityEngine/UnityEngine.XRModule.dll"
-r:"C:/Program Files/Unity/Hub/Editor/6000.4.6f1/Editor/Data/Managed/UnityEngine/UnityEngine.dll"
-r:"C:/Program Files/Unity/Hub/Editor/6000.4.6f1/Editor/Data/NetStandard/Extensions/2.0.0/System.Runtime.InteropServices.WindowsRuntime.dll"
-r:"C:/Program Files/Unity/Hub/Editor/6000.4.6f1/Editor/Data/NetStandard/compat/2.1.0/shims/netfx/System.ComponentModel.Composition.dll"
-r:"C:/Program Files/Unity/Hub/Editor/6000.4.6f1/Editor/Data/NetStandard/compat/2.1.0/shims/netfx/System.Core.dll"
-r:"C:/Program Files/Unity/Hub/Editor/6000.4.6f1/Editor/Data/NetStandard/compat/2.1.0/shims/netfx/System.Data.dll"
-r:"C:/Program Files/Unity/Hub/Editor/6000.4.6f1/Editor/Data/NetStandard/compat/2.1.0/shims/netfx/System.Drawing.dll"
-r:"C:/Program Files/Unity/Hub/Editor/6000.4.6f1/Editor/Data/NetStandard/compat/2.1.0/shims/netfx/System.IO.Compression.FileSystem.dll"
-r:"C:/Program Files/Unity/Hub/Editor/6000.4.6f1/Editor/Data/NetStandard/compat/2.1.0/shims/netfx/System.Net.dll"
-r:"C:/Program Files/Unity/Hub/Editor/6000.4.6f1/Editor/Data/NetStandard/compat/2.1.0/shims/netfx/System.Numerics.dll"
-r:"C:/Program Files/Unity/Hub/Editor/6000.4.6f1/Editor/Data/NetStandard/compat/2.1.0/shims/netfx/System.Runtime.Serialization.dll"
-r:"C:/Program Files/Unity/Hub/Editor/6000.4.6f1/Editor/Data/NetStandard/compat/2.1.0/shims/netfx/System.ServiceModel.Web.dll"
-r:"C:/Program Files/Unity/Hub/Editor/6000.4.6f1/Editor/Data/NetStandard/compat/2.1.0/shims/netfx/System.Transactions.dll"
-r:"C:/Program Files/Unity/Hub/Editor/6000.4.6f1/Editor/Data/NetStandard/compat/2.1.0/shims/netfx/System.Web.dll"
-r:"C:/Program Files/Unity/Hub/Editor/6000.4.6f1/Editor/Data/NetStandard/compat/2.1.0/shims/netfx/System.Windows.dll"
-r:"C:/Program Files/Unity/Hub/Editor/6000.4.6f1/Editor/Data/NetStandard/compat/2.1.0/shims/netfx/System.Xml.Linq.dll"
-r:"C:/Program Files/Unity/Hub/Editor/6000.4.6f1/Editor/Data/NetStandard/compat/2.1.0/shims/netfx/System.Xml.Serialization.dll"
-r:"C:/Program Files/Unity/Hub/Editor/6000.4.6f1/Editor/Data/NetStandard/compat/2.1.0/shims/netfx/System.Xml.dll"
-r:"C:/Program Files/Unity/Hub/Editor/6000.4.6f1/Editor/Data/NetStandard/compat/2.1.0/shims/netfx/System.dll"
-r:"C:/Program Files/Unity/Hub/Editor/6000.4.6f1/Editor/Data/NetStandard/compat/2.1.0/shims/netfx/mscorlib.dll"
-r:"C:/Program Files/Unity/Hub/Editor/6000.4.6f1/Editor/Data/NetStandard/compat/2.1.0/shims/netstandard/Microsoft.Win32.Primitives.dll"
-r:"C:/Program Files/Unity/Hub/Editor/6000.4.6f1/Editor/Data/NetStandard/compat/2.1.0/shims/netstandard/System.AppContext.dll"
-r:"C:/Program Files/Unity/Hub/Editor/6000.4.6f1/Editor/Data/NetStandard/compat/2.1.0/shims/netstandard/System.Buffers.dll"
-r:"C:/Program Files/Unity/Hub/Editor/6000.4.6f1/Editor/Data/NetStandard/compat/2.1.0/shims/netstandard/System.Collections.Concurrent.dll"
-r:"C:/Program Files/Unity/Hub/Editor/6000.4.6f1/Editor/Data/NetStandard/compat/2.1.0/shims/netstandard/System.Collections.NonGeneric.dll"
-r:"C:/Program Files/Unity/Hub/Editor/6000.4.6f1/Editor/Data/NetStandard/compat/2.1.0/shims/netstandard/System.Collections.Specialized.dll"
-r:"C:/Program Files/Unity/Hub/Editor/6000.4.6f1/Editor/Data/NetStandard/compat/2.1.0/shims/netstandard/System.Collections.dll"
-r:"C:/Program Files/Unity/Hub/Editor/6000.4.6f1/Editor/Data/NetStandard/compat/2.1.0/shims/netstandard/System.ComponentModel.EventBasedAsync.dll"
-r:"C:/Program Files/Unity/Hub/Editor/6000.4.6f1/Editor/Data/NetStandard/compat/2.1.0/shims/netstandard/System.ComponentModel.Primitives.dll"
-r:"C:/Program Files/Unity/Hub/Editor/6000.4.6f1/Editor/Data/NetStandard/compat/2.1.0/shims/netstandard/System.ComponentModel.TypeConverter.dll"
-r:"C:/Program Files/Unity/Hub/Editor/6000.4.6f1/Editor/Data/NetStandard/compat/2.1.0/shims/netstandard/System.ComponentModel.dll"
-r:"C:/Program Files/Unity/Hub/Editor/6000.4.6f1/Editor/Data/NetStandard/compat/2.1.0/shims/netstandard/System.Console.dll"
-r:"C:/Program Files/Unity/Hub/Editor/6000.4.6f1/Editor/Data/NetStandard/compat/2.1.0/shims/netstandard/System.Data.Common.dll"
-r:"C:/Program Files/Unity/Hub/Editor/6000.4.6f1/Editor/Data/NetStandard/compat/2.1.0/shims/netstandard/System.Diagnostics.Contracts.dll"
-r:"C:/Program Files/Unity/Hub/Editor/6000.4.6f1/Editor/Data/NetStandard/compat/2.1.0/shims/netstandard/System.Diagnostics.Debug.dll"
-r:"C:/Program Files/Unity/Hub/Editor/6000.4.6f1/Editor/Data/NetStandard/compat/2.1.0/shims/netstandard/System.Diagnostics.FileVersionInfo.dll"
-r:"C:/Program Files/Unity/Hub/Editor/6000.4.6f1/Editor/Data/NetStandard/compat/2.1.0/shims/netstandard/System.Diagnostics.Process.dll"
-r:"C:/Program Files/Unity/Hub/Editor/6000.4.6f1/Editor/Data/NetStandard/compat/2.1.0/shims/netstandard/System.Diagnostics.StackTrace.dll"
-r:"C:/Program Files/Unity/Hub/Editor/6000.4.6f1/Editor/Data/NetStandard/compat/2.1.0/shims/netstandard/System.Diagnostics.TextWriterTraceListener.dll"
-r:"C:/Program Files/Unity/Hub/Editor/6000.4.6f1/Editor/Data/NetStandard/compat/2.1.0/shims/netstandard/System.Diagnostics.Tools.dll"
-r:"C:/Program Files/Unity/Hub/Editor/6000.4.6f1/Editor/Data/NetStandard/compat/2.1.0/shims/netstandard/System.Diagnostics.TraceSource.dll"
-r:"C:/Program Files/Unity/Hub/Editor/6000.4.6f1/Editor/Data/NetStandard/compat/2.1.0/shims/netstandard/System.Diagnostics.Tracing.dll"
-r:"C:/Program Files/Unity/Hub/Editor/6000.4.6f1/Editor/Data/NetStandard/compat/2.1.0/shims/netstandard/System.Drawing.Primitives.dll"
-r:"C:/Program Files/Unity/Hub/Editor/6000.4.6f1/Editor/Data/NetStandard/compat/2.1.0/shims/netstandard/System.Dynamic.Runtime.dll"
-r:"C:/Program Files/Unity/Hub/Editor/6000.4.6f1/Editor/Data/NetStandard/compat/2.1.0/shims/netstandard/System.Globalization.Calendars.dll"
-r:"C:/Program Files/Unity/Hub/Editor/6000.4.6f1/Editor/Data/NetStandard/compat/2.1.0/shims/netstandard/System.Globalization.Extensions.dll"
-r:"C:/Program Files/Unity/Hub/Editor/6000.4.6f1/Editor/Data/NetStandard/compat/2.1.0/shims/netstandard/System.Globalization.dll"
-r:"C:/Program Files/Unity/Hub/Editor/6000.4.6f1/Editor/Data/NetStandard/compat/2.1.0/shims/netstandard/System.IO.Compression.ZipFile.dll"
-r:"C:/Program Files/Unity/Hub/Editor/6000.4.6f1/Editor/Data/NetStandard/compat/2.1.0/shims/netstandard/System.IO.Compression.dll"
-r:"C:/Program Files/Unity/Hub/Editor/6000.4.6f1/Editor/Data/NetStandard/compat/2.1.0/shims/netstandard/System.IO.FileSystem.DriveInfo.dll"
-r:"C:/Program Files/Unity/Hub/Editor/6000.4.6f1/Editor/Data/NetStandard/compat/2.1.0/shims/netstandard/System.IO.FileSystem.Primitives.dll"
-r:"C:/Program Files/Unity/Hub/Editor/6000.4.6f1/Editor/Data/NetStandard/compat/2.1.0/shims/netstandard/System.IO.FileSystem.Watcher.dll"
-r:"C:/Program Files/Unity/Hub/Editor/6000.4.6f1/Editor/Data/NetStandard/compat/2.1.0/shims/netstandard/System.IO.FileSystem.dll"
-r:"C:/Program Files/Unity/Hub/Editor/6000.4.6f1/Editor/Data/NetStandard/compat/2.1.0/shims/netstandard/System.IO.IsolatedStorage.dll"
-r:"C:/Program Files/Unity/Hub/Editor/6000.4.6f1/Editor/Data/NetStandard/compat/2.1.0/shims/netstandard/System.IO.MemoryMappedFiles.dll"
-r:"C:/Program Files/Unity/Hub/Editor/6000.4.6f1/Editor/Data/NetStandard/compat/2.1.0/shims/netstandard/System.IO.Pipes.dll"
-r:"C:/Program Files/Unity/Hub/Editor/6000.4.6f1/Editor/Data/NetStandard/compat/2.1.0/shims/netstandard/System.IO.UnmanagedMemoryStream.dll"
-r:"C:/Program Files/Unity/Hub/Editor/6000.4.6f1/Editor/Data/NetStandard/compat/2.1.0/shims/netstandard/System.IO.dll"
-r:"C:/Program Files/Unity/Hub/Editor/6000.4.6f1/Editor/Data/NetStandard/compat/2.1.0/shims/netstandard/System.Linq.Expressions.dll"
-r:"C:/Program Files/Unity/Hub/Editor/6000.4.6f1/Editor/Data/NetStandard/compat/2.1.0/shims/netstandard/System.Linq.Parallel.dll"
-r:"C:/Program Files/Unity/Hub/Editor/6000.4.6f1/Editor/Data/NetStandard/compat/2.1.0/shims/netstandard/System.Linq.Queryable.dll"
-r:"C:/Program Files/Unity/Hub/Editor/6000.4.6f1/Editor/Data/NetStandard/compat/2.1.0/shims/netstandard/System.Linq.dll"
-r:"C:/Program Files/Unity/Hub/Editor/6000.4.6f1/Editor/Data/NetStandard/compat/2.1.0/shims/netstandard/System.Memory.dll"
-r:"C:/Program Files/Unity/Hub/Editor/6000.4.6f1/Editor/Data/NetStandard/compat/2.1.0/shims/netstandard/System.Net.Http.dll"
-r:"C:/Program Files/Unity/Hub/Editor/6000.4.6f1/Editor/Data/NetStandard/compat/2.1.0/shims/netstandard/System.Net.NameResolution.dll"
-r:"C:/Program Files/Unity/Hub/Editor/6000.4.6f1/Editor/Data/NetStandard/compat/2.1.0/shims/netstandard/System.Net.NetworkInformation.dll"
-r:"C:/Program Files/Unity/Hub/Editor/6000.4.6f1/Editor/Data/NetStandard/compat/2.1.0/shims/netstandard/System.Net.Ping.dll"
-r:"C:/Program Files/Unity/Hub/Editor/6000.4.6f1/Editor/Data/NetStandard/compat/2.1.0/shims/netstandard/System.Net.Primitives.dll"
-r:"C:/Program Files/Unity/Hub/Editor/6000.4.6f1/Editor/Data/NetStandard/compat/2.1.0/shims/netstandard/System.Net.Requests.dll"
-r:"C:/Program Files/Unity/Hub/Editor/6000.4.6f1/Editor/Data/NetStandard/compat/2.1.0/shims/netstandard/System.Net.Security.dll"
-r:"C:/Program Files/Unity/Hub/Editor/6000.4.6f1/Editor/Data/NetStandard/compat/2.1.0/shims/netstandard/System.Net.Sockets.dll"
-r:"C:/Program Files/Unity/Hub/Editor/6000.4.6f1/Editor/Data/NetStandard/compat/2.1.0/shims/netstandard/System.Net.WebHeaderCollection.dll"
-r:"C:/Program Files/Unity/Hub/Editor/6000.4.6f1/Editor/Data/NetStandard/compat/2.1.0/shims/netstandard/System.Net.WebSockets.Client.dll"
-r:"C:/Program Files/Unity/Hub/Editor/6000.4.6f1/Editor/Data/NetStandard/compat/2.1.0/shims/netstandard/System.Net.WebSockets.dll"
-r:"C:/Program Files/Unity/Hub/Editor/6000.4.6f1/Editor/Data/NetStandard/compat/2.1.0/shims/netstandard/System.Numerics.Vectors.dll"
-r:"C:/Program Files/Unity/Hub/Editor/6000.4.6f1/Editor/Data/NetStandard/compat/2.1.0/shims/netstandard/System.ObjectModel.dll"
-r:"C:/Program Files/Unity/Hub/Editor/6000.4.6f1/Editor/Data/NetStandard/compat/2.1.0/shims/netstandard/System.Reflection.DispatchProxy.dll"
-r:"C:/Program Files/Unity/Hub/Editor/6000.4.6f1/Editor/Data/NetStandard/compat/2.1.0/shims/netstandard/System.Reflection.Emit.ILGeneration.dll"
-r:"C:/Program Files/Unity/Hub/Editor/6000.4.6f1/Editor/Data/NetStandard/compat/2.1.0/shims/netstandard/System.Reflection.Emit.Lightweight.dll"
-r:"C:/Program Files/Unity/Hub/Editor/6000.4.6f1/Editor/Data/NetStandard/compat/2.1.0/shims/netstandard/System.Reflection.Emit.dll"
-r:"C:/Program Files/Unity/Hub/Editor/6000.4.6f1/Editor/Data/NetStandard/compat/2.1.0/shims/netstandard/System.Reflection.Extensions.dll"
-r:"C:/Program Files/Unity/Hub/Editor/6000.4.6f1/Editor/Data/NetStandard/compat/2.1.0/shims/netstandard/System.Reflection.Primitives.dll"
-r:"C:/Program Files/Unity/Hub/Editor/6000.4.6f1/Editor/Data/NetStandard/compat/2.1.0/shims/netstandard/System.Reflection.dll"
-r:"C:/Program Files/Unity/Hub/Editor/6000.4.6f1/Editor/Data/NetStandard/compat/2.1.0/shims/netstandard/System.Resources.Reader.dll"
-r:"C:/Program Files/Unity/Hub/Editor/6000.4.6f1/Editor/Data/NetStandard/compat/2.1.0/shims/netstandard/System.Resources.ResourceManager.dll"
-r:"C:/Program Files/Unity/Hub/Editor/6000.4.6f1/Editor/Data/NetStandard/compat/2.1.0/shims/netstandard/System.Resources.Writer.dll"
-r:"C:/Program Files/Unity/Hub/Editor/6000.4.6f1/Editor/Data/NetStandard/compat/2.1.0/shims/netstandard/System.Runtime.CompilerServices.VisualC.dll"
-r:"C:/Program Files/Unity/Hub/Editor/6000.4.6f1/Editor/Data/NetStandard/compat/2.1.0/shims/netstandard/System.Runtime.Extensions.dll"
-r:"C:/Program Files/Unity/Hub/Editor/6000.4.6f1/Editor/Data/NetStandard/compat/2.1.0/shims/netstandard/System.Runtime.Handles.dll"
-r:"C:/Program Files/Unity/Hub/Editor/6000.4.6f1/Editor/Data/NetStandard/compat/2.1.0/shims/netstandard/System.Runtime.InteropServices.RuntimeInformation.dll"
-r:"C:/Program Files/Unity/Hub/Editor/6000.4.6f1/Editor/Data/NetStandard/compat/2.1.0/shims/netstandard/System.Runtime.InteropServices.dll"
-r:"C:/Program Files/Unity/Hub/Editor/6000.4.6f1/Editor/Data/NetStandard/compat/2.1.0/shims/netstandard/System.Runtime.Numerics.dll"
-r:"C:/Program Files/Unity/Hub/Editor/6000.4.6f1/Editor/Data/NetStandard/compat/2.1.0/shims/netstandard/System.Runtime.Serialization.Formatters.dll"
-r:"C:/Program Files/Unity/Hub/Editor/6000.4.6f1/Editor/Data/NetStandard/compat/2.1.0/shims/netstandard/System.Runtime.Serialization.Json.dll"
-r:"C:/Program Files/Unity/Hub/Editor/6000.4.6f1/Editor/Data/NetStandard/compat/2.1.0/shims/netstandard/System.Runtime.Serialization.Primitives.dll"
-r:"C:/Program Files/Unity/Hub/Editor/6000.4.6f1/Editor/Data/NetStandard/compat/2.1.0/shims/netstandard/System.Runtime.Serialization.Xml.dll"
-r:"C:/Program Files/Unity/Hub/Editor/6000.4.6f1/Editor/Data/NetStandard/compat/2.1.0/shims/netstandard/System.Runtime.dll"
-r:"C:/Program Files/Unity/Hub/Editor/6000.4.6f1/Editor/Data/NetStandard/compat/2.1.0/shims/netstandard/System.Security.Claims.dll"
-r:"C:/Program Files/Unity/Hub/Editor/6000.4.6f1/Editor/Data/NetStandard/compat/2.1.0/shims/netstandard/System.Security.Cryptography.Algorithms.dll"
-r:"C:/Program Files/Unity/Hub/Editor/6000.4.6f1/Editor/Data/NetStandard/compat/2.1.0/shims/netstandard/System.Security.Cryptography.Csp.dll"
-r:"C:/Program Files/Unity/Hub/Editor/6000.4.6f1/Editor/Data/NetStandard/compat/2.1.0/shims/netstandard/System.Security.Cryptography.Encoding.dll"
-r:"C:/Program Files/Unity/Hub/Editor/6000.4.6f1/Editor/Data/NetStandard/compat/2.1.0/shims/netstandard/System.Security.Cryptography.Primitives.dll"
-r:"C:/Program Files/Unity/Hub/Editor/6000.4.6f1/Editor/Data/NetStandard/compat/2.1.0/shims/netstandard/System.Security.Cryptography.X509Certificates.dll"
-r:"C:/Program Files/Unity/Hub/Editor/6000.4.6f1/Editor/Data/NetStandard/compat/2.1.0/shims/netstandard/System.Security.Principal.dll"
-r:"C:/Program Files/Unity/Hub/Editor/6000.4.6f1/Editor/Data/NetStandard/compat/2.1.0/shims/netstandard/System.Security.SecureString.dll"
-r:"C:/Program Files/Unity/Hub/Editor/6000.4.6f1/Editor/Data/NetStandard/compat/2.1.0/shims/netstandard/System.Text.Encoding.Extensions.dll"
-r:"C:/Program Files/Unity/Hub/Editor/6000.4.6f1/Editor/Data/NetStandard/compat/2.1.0/shims/netstandard/System.Text.Encoding.dll"
-r:"C:/Program Files/Unity/Hub/Editor/6000.4.6f1/Editor/Data/NetStandard/compat/2.1.0/shims/netstandard/System.Text.RegularExpressions.dll"
-r:"C:/Program Files/Unity/Hub/Editor/6000.4.6f1/Editor/Data/NetStandard/compat/2.1.0/shims/netstandard/System.Threading.Overlapped.dll"
-r:"C:/Program Files/Unity/Hub/Editor/6000.4.6f1/Editor/Data/NetStandard/compat/2.1.0/shims/netstandard/System.Threading.Tasks.Extensions.dll"
-r:"C:/Program Files/Unity/Hub/Editor/6000.4.6f1/Editor/Data/NetStandard/compat/2.1.0/shims/netstandard/System.Threading.Tasks.Parallel.dll"
-r:"C:/Program Files/Unity/Hub/Editor/6000.4.6f1/Editor/Data/NetStandard/compat/2.1.0/shims/netstandard/System.Threading.Tasks.dll"
-r:"C:/Program Files/Unity/Hub/Editor/6000.4.6f1/Editor/Data/NetStandard/compat/2.1.0/shims/netstandard/System.Threading.Thread.dll"
-r:"C:/Program Files/Unity/Hub/Editor/6000.4.6f1/Editor/Data/NetStandard/compat/2.1.0/shims/netstandard/System.Threading.ThreadPool.dll"
-r:"C:/Program Files/Unity/Hub/Editor/6000.4.6f1/Editor/Data/NetStandard/compat/2.1.0/shims/netstandard/System.Threading.Timer.dll"
-r:"C:/Program Files/Unity/Hub/Editor/6000.4.6f1/Editor/Data/NetStandard/compat/2.1.0/shims/netstandard/System.Threading.dll"
-r:"C:/Program Files/Unity/Hub/Editor/6000.4.6f1/Editor/Data/NetStandard/compat/2.1.0/shims/netstandard/System.ValueTuple.dll"
-r:"C:/Program Files/Unity/Hub/Editor/6000.4.6f1/Editor/Data/NetStandard/compat/2.1.0/shims/netstandard/System.Xml.ReaderWriter.dll"
-r:"C:/Program Files/Unity/Hub/Editor/6000.4.6f1/Editor/Data/NetStandard/compat/2.1.0/shims/netstandard/System.Xml.XDocument.dll"
-r:"C:/Program Files/Unity/Hub/Editor/6000.4.6f1/Editor/Data/NetStandard/compat/2.1.0/shims/netstandard/System.Xml.XPath.XDocument.dll"
-r:"C:/Program Files/Unity/Hub/Editor/6000.4.6f1/Editor/Data/NetStandard/compat/2.1.0/shims/netstandard/System.Xml.XPath.dll"
-r:"C:/Program Files/Unity/Hub/Editor/6000.4.6f1/Editor/Data/NetStandard/compat/2.1.0/shims/netstandard/System.Xml.XmlDocument.dll"
-r:"C:/Program Files/Unity/Hub/Editor/6000.4.6f1/Editor/Data/NetStandard/compat/2.1.0/shims/netstandard/System.Xml.XmlSerializer.dll"
-r:"C:/Program Files/Unity/Hub/Editor/6000.4.6f1/Editor/Data/NetStandard/ref/2.1.0/netstandard.dll"
-r:"C:/Program Files/Unity/Hub/Editor/6000.4.6f1/Editor/Data/PlaybackEngines/AndroidPlayer/Unity.Android.Gradle.dll"
-r:"C:/Program Files/Unity/Hub/Editor/6000.4.6f1/Editor/Data/PlaybackEngines/AndroidPlayer/Unity.Android.Types.dll"
-r:"Library/PackageCache/com.unity.ext.nunit@d8c07649098d/net40/unity-custom/nunit.framework.dll"
-r:"Library/PackageCache/com.unity.nuget.newtonsoft-json@4dfd81071c64/Runtime/Newtonsoft.Json.dll"
-r:"Library/Bee/artifacts/1300b0aE.dag/Opus.Sdk.Runtime.ref.dll"
-r:"Library/Bee/artifacts/1300b0aE.dag/OrchardReach.Runtime.ref.dll"
-r:"Library/Bee/artifacts/1300b0aE.dag/Shell.Runtime.ref.dll"
-r:"Library/Bee/artifacts/1300b0aE.dag/Unity.RenderPipelines.Core.Runtime.ref.dll"
-r:"Library/Bee/artifacts/1300b0aE.dag/Unity.RenderPipelines.Universal.Runtime.ref.dll"
-r:"Library/Bee/artifacts/1300b0aE.dag/UnityEditor.TestRunner.ref.dll"
-r:"Library/Bee/artifacts/1300b0aE.dag/UnityEditor.UI.ref.dll"
-r:"Library/Bee/artifacts/1300b0aE.dag/UnityEngine.TestRunner.ref.dll"
-r:"Library/Bee/artifacts/1300b0aE.dag/UnityEngine.UI.ref.dll"
-analyzer:"C:/Program Files/Unity/Hub/Editor/6000.4.6f1/Editor/Data/Tools/BuildPipeline/Unity.SourceGenerators/Unity.Properties.SourceGenerator.dll"
-analyzer:"C:/Program Files/Unity/Hub/Editor/6000.4.6f1/Editor/Data/Tools/BuildPipeline/Unity.SourceGenerators/Unity.SourceGenerators.dll"
-analyzer:"C:/Program Files/Unity/Hub/Editor/6000.4.6f1/Editor/Data/Tools/BuildPipeline/Unity.SourceGenerators/Unity.UIToolkit.SourceGenerator.dll"
"Assets/Games/OrchardReach/Tests/PlayMode/OrchardReachPlayModeAuditTests.cs"
-langversion:9.0
/deterministic
/optimize+
/debug:portable
/nologo
/RuntimeMetadataVersion:v4.0.30319
/nowarn:0169
/nowarn:0649
/nowarn:0282
/nowarn:1701
/nowarn:1702
/utf8output
/preferreduilang:en-US
/additionalfile:"Library/Bee/artifacts/1300b0aE.dag/OrchardReach.Tests.PlayMode.UnityAdditionalFile.txt"
##### Custom Environment Variables
DOTNET_MULTILEVEL_LOOKUP=0
##### ExitCode
1
##### Output
Assets\Games\OrchardReach\Tests\PlayMode\OrchardReachPlayModeAuditTests.cs(37,48): error CS0012: The type 'DebugMaterialValidationMode' is defined in an assembly that is not referenced. You must add a reference to assembly 'Unity.RenderPipeline.Universal.ShaderLibrary, Version=0.0.0.0, Culture=neutral, PublicKeyToken=null'.

Assets\Games\OrchardReach\Tests\PlayMode\OrchardReachPlayModeAuditTests.cs(37,73): error CS0234: The type or namespace name 'DebugMaterialValidationMode' does not exist in the namespace 'UnityEngine.Rendering.Universal' (are you missing an assembly reference?)
[1723/1730  0s] Csc Library/Bee/artifacts/1300b0aE.dag/Shell.Editor.dll (+2 others)
##### CommandLine
"C:\Program Files\Unity\Hub\Editor\6000.4.6f1\Editor\Data\NetCoreRuntime\dotnet.exe" exec "C:/Program Files/Unity/Hub/Editor/6000.4.6f1/Editor/Data/DotNetSdkRoslyn/csc.dll" /nostdlib /noconfig /shared "@Library/Bee/artifacts/1300b0aE.dag/Shell.Editor.rsp" "@Library/Bee/artifacts/1300b0aE.dag/Shell.Editor.rsp2"
##### Contents of Library\Bee\artifacts\1300b0aE.dag\Shell.Editor.rsp
-target:library
-out:"Library/Bee/artifacts/1300b0aE.dag/Shell.Editor.dll"
-refout:"Library/Bee/artifacts/1300b0aE.dag/Shell.Editor.ref.dll"
-define:UNITY_6000_4_6
-define:UNITY_6000_4
-define:UNITY_6000
-define:UNITY_5_3_OR_NEWER
-define:UNITY_5_4_OR_NEWER
-define:UNITY_5_5_OR_NEWER
-define:UNITY_5_6_OR_NEWER
-define:UNITY_2017_1_OR_NEWER
-define:UNITY_2017_2_OR_NEWER
-define:UNITY_2017_3_OR_NEWER
-define:UNITY_2017_4_OR_NEWER
-define:UNITY_2018_1_OR_NEWER
-define:UNITY_2018_2_OR_NEWER
-define:UNITY_2018_3_OR_NEWER
-define:UNITY_2018_4_OR_NEWER
-define:UNITY_2019_1_OR_NEWER
-define:UNITY_2019_2_OR_NEWER
-define:UNITY_2019_3_OR_NEWER
-define:UNITY_2019_4_OR_NEWER
-define:UNITY_2020_1_OR_NEWER
-define:UNITY_2020_2_OR_NEWER
-define:UNITY_2020_3_OR_NEWER
-define:UNITY_2021_1_OR_NEWER
-define:UNITY_2021_2_OR_NEWER
-define:UNITY_2021_3_OR_NEWER
-define:UNITY_2022_1_OR_NEWER
-define:UNITY_2022_2_OR_NEWER
-define:UNITY_2022_3_OR_NEWER
-define:UNITY_2023_1_OR_NEWER
-define:UNITY_2023_2_OR_NEWER
-define:UNITY_2023_3_OR_NEWER
-define:UNITY_6000_0_OR_NEWER
-define:UNITY_6000_1_OR_NEWER
-define:UNITY_6000_2_OR_NEWER
-define:UNITY_6000_3_OR_NEWER
-define:UNITY_6000_4_OR_NEWER
-define:UNITY_INCLUDE_TESTS
-define:ENABLE_AR
-define:ENABLE_AUDIO
-define:ENABLE_AUDIO_SCRIPTABLE_PIPELINE
-define:ENABLE_CACHING
-define:ENABLE_CLOTH
-define:ENABLE_EVENT_QUEUE
-define:ENABLE_MICROPHONE
-define:ENABLE_MULTIPLE_DISPLAYS
-define:ENABLE_PHYSICS
-define:ENABLE_TEXTURE_STREAMING
-define:ENABLE_LZMA
-define:ENABLE_UNITYEVENTS
-define:ENABLE_VR
-define:ENABLE_WEBCAM
-define:ENABLE_UNITYWEBREQUEST
-define:ENABLE_WWW
-define:ENABLE_CLOUD_SERVICES
-define:ENABLE_CLOUD_SERVICES_ADS
-define:ENABLE_CLOUD_SERVICES_USE_WEBREQUEST
-define:ENABLE_UNITY_CONSENT
-define:ENABLE_UNITY_CLOUD_IDENTIFIERS
-define:ENABLE_CLOUD_SERVICES_CRASH_REPORTING
-define:ENABLE_CLOUD_SERVICES_NATIVE_CRASH_REPORTING
-define:ENABLE_CLOUD_SERVICES_PURCHASING
-define:ENABLE_CLOUD_SERVICES_ANALYTICS
-define:ENABLE_CLOUD_SERVICES_BUILD
-define:ENABLE_EDITOR_GAME_SERVICES
-define:ENABLE_UNITY_GAME_SERVICES_ANALYTICS_SUPPORT
-define:ENABLE_CLOUD_LICENSE
-define:ENABLE_EDITOR_HUB_LICENSE
-define:ENABLE_WEBSOCKET_CLIENT
-define:ENABLE_GENERATE_NATIVE_PLUGINS_FOR_ASSEMBLIES_API
-define:ENABLE_DIRECTOR_AUDIO
-define:ENABLE_DIRECTOR_TEXTURE
-define:ENABLE_MANAGED_JOBS
-define:ENABLE_MANAGED_TRANSFORM_JOBS
-define:ENABLE_MANAGED_ANIMATION_JOBS
-define:ENABLE_MANAGED_AUDIO_JOBS
-define:ENABLE_ENGINE_CODE_STRIPPING
-define:ENABLE_ONSCREEN_KEYBOARD
-define:ENABLE_MANAGED_UNITYTLS
-define:INCLUDE_DYNAMIC_GI
-define:ENABLE_SCRIPTING_GC_WBARRIERS
-define:PLATFORM_SUPPORTS_MONO
-define:ENABLE_MARSHALLING_TESTS
-define:ENABLE_VIDEO
-define:ENABLE_NAVIGATION_OFFMESHLINK_TO_NAVMESHLINK
-define:ENABLE_ACCELERATOR_CLIENT_DEBUGGING
-define:ENABLE_ACCESSIBILITY_SCREEN_READER
-define:ENABLE_ACCESSIBILITY_SETTINGS
-define:TEXTCORE_1_0_OR_NEWER
-define:EDITOR_ONLY_NAVMESH_BUILDER_DEPRECATED
-define:PLATFORM_ANDROID
-define:UNITY_ANDROID
-define:UNITY_ANDROID_API
-define:ENABLE_EGL
-define:ENABLE_NETWORK
-define:ENABLE_RUNTIME_GI
-define:ENABLE_CRUNCH_TEXTURE_COMPRESSION
-define:ENABLE_CLOUD_SERVICES_ENGINE_DIAGNOSTICS
-define:ENABLE_FIREBASE_IDENTIFIERS
-define:UNITY_CAN_SHOW_SPLASH_SCREEN
-define:UNITY_HAS_GOOGLEVR
-define:UNITY_HAS_TANGO
-define:ENABLE_SPATIALTRACKING
-define:ENABLE_ETC_COMPRESSION
-define:PLATFORM_EXTENDS_VULKAN_DEVICE
-define:PLATFORM_HAS_MULTIPLE_SWAPCHAINS
-define:UNITY_ANDROID_SUPPORTS_SHADOWFILES
-define:PLATFORM_UPDATES_TIME_OUTSIDE_OF_PLAYER_LOOP
-define:PLATFORM_EXTENDS_VULKAN_PIPELINE_CACHE
-define:PLATFORM_SUPPORTS_SPLIT_GRAPHICS_JOBS
-define:PLATFORM_HAS_ADDITIONAL_API_CHECKS
-define:PLATFORM_HAS_GRAPHICS_JOBS_SUPPORT_CHECK_OVERRIDE
-define:PLATFORM_IMPLEMENTS_INSIGHTS_ANR
-define:PLATFORM_SUPPORTS_INSIGHTS_DEVICE_INFO
-define:ENABLE_ANDROID_ADVERTISING_IDS
-define:PLATFORM_HAS_BUGGY_MSAA_RESOLVE
-define:ENABLE_ANDROID_APP_SET_ID
-define:ENABLE_INSIGHTS_PLATFORM_SPECIFIC_RESOURCES
-define:PLATFORM_REQUIRES_TETHERED_VULKAN_COMMAND_POOL
-define:ENABLE_UNITYADS_RUNTIME
-define:UNITY_UNITYADS_API
-define:ENABLE_MONO
-define:NET_4_6
-define:NET_UNITY_4_8
-define:ENABLE_PROFILER
-define:ENABLE_PROFILER_ASSISTANT_INTEGRATION
-define:DEBUG
-define:TRACE
-define:UNITY_ASSERTIONS
-define:UNITY_EDITOR
-define:UNITY_EDITOR_64
-define:UNITY_EDITOR_WIN
-define:ENABLE_UNITY_COLLECTIONS_CHECKS
-define:ENABLE_BURST_AOT
-define:UNITY_TEAM_LICENSE
-define:ENABLE_CUSTOM_RENDER_TEXTURE
-define:ENABLE_DIRECTOR
-define:ENABLE_LOCALIZATION
-define:ENABLE_SPRITES
-define:ENABLE_TERRAIN
-define:ENABLE_TILEMAP
-define:ENABLE_TIMELINE
-define:ENABLE_INPUT_SYSTEM
-define:ENABLE_LEGACY_INPUT_MANAGER
-define:TEXTCORE_FONT_ENGINE_1_5_OR_NEWER
-define:TEXTCORE_TEXT_ENGINE_1_5_OR_NEWER
-define:TEXTCORE_FONT_ENGINE_1_6_OR_NEWER
-define:SENTIS_ANALYTICS_ENABLED
-define:OVR_DISABLE_HAND_PINCH_BUTTON_MAPPING
-define:USE_INPUT_SYSTEM_POSE_CONTROL
-define:USE_STICK_CONTROL_THUMBSTICKS
-define:APP_UI_EDITOR_ONLY
-define:CSHARP_7_OR_LATER
-define:CSHARP_7_3_OR_NEWER
-define:UNITY_EDITOR_ONLY_COMPILATION
-r:"C:/Program Files/Unity/Hub/Editor/6000.4.6f1/Editor/Data/Managed/UnityEditor.Graphs.dll"
-r:"C:/Program Files/Unity/Hub/Editor/6000.4.6f1/Editor/Data/Managed/UnityEngine/Unity.Scripting.dll"
-r:"C:/Program Files/Unity/Hub/Editor/6000.4.6f1/Editor/Data/Managed/UnityEngine/UnityEditor.AccessibilityModule.dll"
-r:"C:/Program Files/Unity/Hub/Editor/6000.4.6f1/Editor/Data/Managed/UnityEngine/UnityEditor.AdaptivePerformanceModule.dll"
-r:"C:/Program Files/Unity/Hub/Editor/6000.4.6f1/Editor/Data/Managed/UnityEngine/UnityEditor.AssetComplianceModule.dll"
-r:"C:/Program Files/Unity/Hub/Editor/6000.4.6f1/Editor/Data/Managed/UnityEngine/UnityEditor.BuildProfileModule.dll"
-r:"C:/Program Files/Unity/Hub/Editor/6000.4.6f1/Editor/Data/Managed/UnityEngine/UnityEditor.ClothModule.dll"
-r:"C:/Program Files/Unity/Hub/Editor/6000.4.6f1/Editor/Data/Managed/UnityEngine/UnityEditor.CoreBusinessMetricsModule.dll"
-r:"C:/Program Files/Unity/Hub/Editor/6000.4.6f1/Editor/Data/Managed/UnityEngine/UnityEditor.CoreModule.dll"
-r:"C:/Program Files/Unity/Hub/Editor/6000.4.6f1/Editor/Data/Managed/UnityEngine/UnityEditor.DeviceSimulatorModule.dll"
-r:"C:/Program Files/Unity/Hub/Editor/6000.4.6f1/Editor/Data/Managed/UnityEngine/UnityEditor.DiagnosticsModule.dll"
-r:"C:/Program Files/Unity/Hub/Editor/6000.4.6f1/Editor/Data/Managed/UnityEngine/UnityEditor.EditorToolbarModule.dll"
-r:"C:/Program Files/Unity/Hub/Editor/6000.4.6f1/Editor/Data/Managed/UnityEngine/UnityEditor.EmbreeModule.dll"
-r:"C:/Program Files/Unity/Hub/Editor/6000.4.6f1/Editor/Data/Managed/UnityEngine/UnityEditor.GIModule.dll"
-r:"C:/Program Files/Unity/Hub/Editor/6000.4.6f1/Editor/Data/Managed/UnityEngine/UnityEditor.GraphToolkitModule.dll"
-r:"C:/Program Files/Unity/Hub/Editor/6000.4.6f1/Editor/Data/Managed/UnityEngine/UnityEditor.GraphViewModule.dll"
-r:"C:/Program Files/Unity/Hub/Editor/6000.4.6f1/Editor/Data/Managed/UnityEngine/UnityEditor.GraphicsStateCollectionSerializerModule.dll"
-r:"C:/Program Files/Unity/Hub/Editor/6000.4.6f1/Editor/Data/Managed/UnityEngine/UnityEditor.GridAndSnapModule.dll"
-r:"C:/Program Files/Unity/Hub/Editor/6000.4.6f1/Editor/Data/Managed/UnityEngine/UnityEditor.GridModule.dll"
-r:"C:/Program Files/Unity/Hub/Editor/6000.4.6f1/Editor/Data/Managed/UnityEngine/UnityEditor.HierarchyModule.dll"
-r:"C:/Program Files/Unity/Hub/Editor/6000.4.6f1/Editor/Data/Managed/UnityEngine/UnityEditor.MediaModule.dll"
-r:"C:/Program Files/Unity/Hub/Editor/6000.4.6f1/Editor/Data/Managed/UnityEngine/UnityEditor.MultiplayerModule.dll"
-r:"C:/Program Files/Unity/Hub/Editor/6000.4.6f1/Editor/Data/Managed/UnityEngine/UnityEditor.Physics2DModule.dll"
-r:"C:/Program Files/Unity/Hub/Editor/6000.4.6f1/Editor/Data/Managed/UnityEngine/UnityEditor.PhysicsModule.dll"
-r:"C:/Program Files/Unity/Hub/Editor/6000.4.6f1/Editor/Data/Managed/UnityEngine/UnityEditor.PlayModeModule.dll"
-r:"C:/Program Files/Unity/Hub/Editor/6000.4.6f1/Editor/Data/Managed/UnityEngine/UnityEditor.PresetsUIModule.dll"
-r:"C:/Program Files/Unity/Hub/Editor/6000.4.6f1/Editor/Data/Managed/UnityEngine/UnityEditor.ProjectAuditorModule.dll"
-r:"C:/Program Files/Unity/Hub/Editor/6000.4.6f1/Editor/Data/Managed/UnityEngine/UnityEditor.PropertiesModule.dll"
-r:"C:/Program Files/Unity/Hub/Editor/6000.4.6f1/Editor/Data/Managed/UnityEngine/UnityEditor.QuickInstallModule.dll"
-r:"C:/Program Files/Unity/Hub/Editor/6000.4.6f1/Editor/Data/Managed/UnityEngine/UnityEditor.QuickSearchModule.dll"
-r:"C:/Program Files/Unity/Hub/Editor/6000.4.6f1/Editor/Data/Managed/UnityEngine/UnityEditor.SafeModeModule.dll"
-r:"C:/Program Files/Unity/Hub/Editor/6000.4.6f1/Editor/Data/Managed/UnityEngine/UnityEditor.SceneTemplateModule.dll"
-r:"C:/Program Files/Unity/Hub/Editor/6000.4.6f1/Editor/Data/Managed/UnityEngine/UnityEditor.SceneViewModule.dll"
-r:"C:/Program Files/Unity/Hub/Editor/6000.4.6f1/Editor/Data/Managed/UnityEngine/UnityEditor.ShaderBuildSettingsModule.dll"
-r:"C:/Program Files/Unity/Hub/Editor/6000.4.6f1/Editor/Data/Managed/UnityEngine/UnityEditor.ShaderCompilationModule.dll"
-r:"C:/Program Files/Unity/Hub/Editor/6000.4.6f1/Editor/Data/Managed/UnityEngine/UnityEditor.ShaderFoundryModule.dll"
-r:"C:/Program Files/Unity/Hub/Editor/6000.4.6f1/Editor/Data/Managed/UnityEngine/UnityEditor.SketchUpModule.dll"
-r:"C:/Program Files/Unity/Hub/Editor/6000.4.6f1/Editor/Data/Managed/UnityEngine/UnityEditor.SpriteMaskModule.dll"
-r:"C:/Program Files/Unity/Hub/Editor/6000.4.6f1/Editor/Data/Managed/UnityEngine/UnityEditor.SpriteShapeModule.dll"
-r:"C:/Program Files/Unity/Hub/Editor/6000.4.6f1/Editor/Data/Managed/UnityEngine/UnityEditor.SubstanceModule.dll"
-r:"C:/Program Files/Unity/Hub/Editor/6000.4.6f1/Editor/Data/Managed/UnityEngine/UnityEditor.TerrainModule.dll"
-r:"C:/Program Files/Unity/Hub/Editor/6000.4.6f1/Editor/Data/Managed/UnityEngine/UnityEditor.TextCoreFontEngineModule.dll"
-r:"C:/Program Files/Unity/Hub/Editor/6000.4.6f1/Editor/Data/Managed/UnityEngine/UnityEditor.TextCoreTextEngineModule.dll"
-r:"C:/Program Files/Unity/Hub/Editor/6000.4.6f1/Editor/Data/Managed/UnityEngine/UnityEditor.TextRenderingModule.dll"
-r:"C:/Program Files/Unity/Hub/Editor/6000.4.6f1/Editor/Data/Managed/UnityEngine/UnityEditor.TilemapModule.dll"
-r:"C:/Program Files/Unity/Hub/Editor/6000.4.6f1/Editor/Data/Managed/UnityEngine/UnityEditor.TreeModule.dll"
-r:"C:/Program Files/Unity/Hub/Editor/6000.4.6f1/Editor/Data/Managed/UnityEngine/UnityEditor.UIAutomationModule.dll"
-r:"C:/Program Files/Unity/Hub/Editor/6000.4.6f1/Editor/Data/Managed/UnityEngine/UnityEditor.UIBuilderModule.dll"
-r:"C:/Program Files/Unity/Hub/Editor/6000.4.6f1/Editor/Data/Managed/UnityEngine/UnityEditor.UIElementsModule.dll"
-r:"C:/Program Files/Unity/Hub/Editor/6000.4.6f1/Editor/Data/Managed/UnityEngine/UnityEditor.UIElementsSamplesModule.dll"
-r:"C:/Program Files/Unity/Hub/Editor/6000.4.6f1/Editor/Data/Managed/UnityEngine/UnityEditor.UIToolkitAuthoringModule.dll"
-r:"C:/Program Files/Unity/Hub/Editor/6000.4.6f1/Editor/Data/Managed/UnityEngine/UnityEditor.UmbraModule.dll"
-r:"C:/Program Files/Unity/Hub/Editor/6000.4.6f1/Editor/Data/Managed/UnityEngine/UnityEditor.UnityConnectModule.dll"
-r:"C:/Program Files/Unity/Hub/Editor/6000.4.6f1/Editor/Data/Managed/UnityEngine/UnityEditor.VFXModule.dll"
-r:"C:/Program Files/Unity/Hub/Editor/6000.4.6f1/Editor/Data/Managed/UnityEngine/UnityEditor.VectorGraphicsModule.dll"
-r:"C:/Program Files/Unity/Hub/Editor/6000.4.6f1/Editor/Data/Managed/UnityEngine/UnityEditor.VideoModule.dll"
-r:"C:/Program Files/Unity/Hub/Editor/6000.4.6f1/Editor/Data/Managed/UnityEngine/UnityEditor.XRModule.dll"
-r:"C:/Program Files/Unity/Hub/Editor/6000.4.6f1/Editor/Data/Managed/UnityEngine/UnityEditor.dll"
-r:"C:/Program Files/Unity/Hub/Editor/6000.4.6f1/Editor/Data/Managed/UnityEngine/UnityEngine.AIModule.dll"
-r:"C:/Program Files/Unity/Hub/Editor/6000.4.6f1/Editor/Data/Managed/UnityEngine/UnityEngine.AMDModule.dll"
-r:"C:/Program Files/Unity/Hub/Editor/6000.4.6f1/Editor/Data/Managed/UnityEngine/UnityEngine.ARModule.dll"
-r:"C:/Program Files/Unity/Hub/Editor/6000.4.6f1/Editor/Data/Managed/UnityEngine/UnityEngine.AccessibilityModule.dll"
-r:"C:/Program Files/Unity/Hub/Editor/6000.4.6f1/Editor/Data/Managed/UnityEngine/UnityEngine.AdaptivePerformanceModule.dll"
-r:"C:/Program Files/Unity/Hub/Editor/6000.4.6f1/Editor/Data/Managed/UnityEngine/UnityEngine.AndroidJNIModule.dll"
-r:"C:/Program Files/Unity/Hub/Editor/6000.4.6f1/Editor/Data/Managed/UnityEngine/UnityEngine.AnimationModule.dll"
-r:"C:/Program Files/Unity/Hub/Editor/6000.4.6f1/Editor/Data/Managed/UnityEngine/UnityEngine.AssetBundleModule.dll"
-r:"C:/Program Files/Unity/Hub/Editor/6000.4.6f1/Editor/Data/Managed/UnityEngine/UnityEngine.AudioModule.dll"
-r:"C:/Program Files/Unity/Hub/Editor/6000.4.6f1/Editor/Data/Managed/UnityEngine/UnityEngine.ClothModule.dll"
-r:"C:/Program Files/Unity/Hub/Editor/6000.4.6f1/Editor/Data/Managed/UnityEngine/UnityEngine.ClusterInputModule.dll"
-r:"C:/Program Files/Unity/Hub/Editor/6000.4.6f1/Editor/Data/Managed/UnityEngine/UnityEngine.ClusterRendererModule.dll"
-r:"C:/Program Files/Unity/Hub/Editor/6000.4.6f1/Editor/Data/Managed/UnityEngine/UnityEngine.ContentLoadModule.dll"
-r:"C:/Program Files/Unity/Hub/Editor/6000.4.6f1/Editor/Data/Managed/UnityEngine/UnityEngine.CoreModule.dll"
-r:"C:/Program Files/Unity/Hub/Editor/6000.4.6f1/Editor/Data/Managed/UnityEngine/UnityEngine.CrashReportingModule.dll"
-r:"C:/Program Files/Unity/Hub/Editor/6000.4.6f1/Editor/Data/Managed/UnityEngine/UnityEngine.DSPGraphModule.dll"
-r:"C:/Program Files/Unity/Hub/Editor/6000.4.6f1/Editor/Data/Managed/UnityEngine/UnityEngine.DirectorModule.dll"
-r:"C:/Program Files/Unity/Hub/Editor/6000.4.6f1/Editor/Data/Managed/UnityEngine/UnityEngine.GIModule.dll"
-r:"C:/Program Files/Unity/Hub/Editor/6000.4.6f1/Editor/Data/Managed/UnityEngine/UnityEngine.GameCenterModule.dll"
-r:"C:/Program Files/Unity/Hub/Editor/6000.4.6f1/Editor/Data/Managed/UnityEngine/UnityEngine.GraphicsStateCollectionSerializerModule.dll"
-r:"C:/Program Files/Unity/Hub/Editor/6000.4.6f1/Editor/Data/Managed/UnityEngine/UnityEngine.GridModule.dll"
-r:"C:/Program Files/Unity/Hub/Editor/6000.4.6f1/Editor/Data/Managed/UnityEngine/UnityEngine.HierarchyCoreModule.dll"
-r:"C:/Program Files/Unity/Hub/Editor/6000.4.6f1/Editor/Data/Managed/UnityEngine/UnityEngine.HierarchyModule.dll"
-r:"C:/Program Files/Unity/Hub/Editor/6000.4.6f1/Editor/Data/Managed/UnityEngine/UnityEngine.HotReloadModule.dll"
-r:"C:/Program Files/Unity/Hub/Editor/6000.4.6f1/Editor/Data/Managed/UnityEngine/UnityEngine.IMGUIModule.dll"
-r:"C:/Program Files/Unity/Hub/Editor/6000.4.6f1/Editor/Data/Managed/UnityEngine/UnityEngine.IdentifiersModule.dll"
-r:"C:/Program Files/Unity/Hub/Editor/6000.4.6f1/Editor/Data/Managed/UnityEngine/UnityEngine.ImageConversionModule.dll"
-r:"C:/Program Files/Unity/Hub/Editor/6000.4.6f1/Editor/Data/Managed/UnityEngine/UnityEngine.InputForUIModule.dll"
-r:"C:/Program Files/Unity/Hub/Editor/6000.4.6f1/Editor/Data/Managed/UnityEngine/UnityEngine.InputLegacyModule.dll"
-r:"C:/Program Files/Unity/Hub/Editor/6000.4.6f1/Editor/Data/Managed/UnityEngine/UnityEngine.InputModule.dll"
-r:"C:/Program Files/Unity/Hub/Editor/6000.4.6f1/Editor/Data/Managed/UnityEngine/UnityEngine.InsightsModule.dll"
-r:"C:/Program Files/Unity/Hub/Editor/6000.4.6f1/Editor/Data/Managed/UnityEngine/UnityEngine.JSONSerializeModule.dll"
-r:"C:/Program Files/Unity/Hub/Editor/6000.4.6f1/Editor/Data/Managed/UnityEngine/UnityEngine.LocalizationModule.dll"
-r:"C:/Program Files/Unity/Hub/Editor/6000.4.6f1/Editor/Data/Managed/UnityEngine/UnityEngine.MarshallingModule.dll"
-r:"C:/Program Files/Unity/Hub/Editor/6000.4.6f1/Editor/Data/Managed/UnityEngine/UnityEngine.MultiplayerModule.dll"
-r:"C:/Program Files/Unity/Hub/Editor/6000.4.6f1/Editor/Data/Managed/UnityEngine/UnityEngine.NVIDIAModule.dll"
-r:"C:/Program Files/Unity/Hub/Editor/6000.4.6f1/Editor/Data/Managed/UnityEngine/UnityEngine.ParticleSystemModule.dll"
-r:"C:/Program Files/Unity/Hub/Editor/6000.4.6f1/Editor/Data/Managed/UnityEngine/UnityEngine.PerformanceReportingModule.dll"
-r:"C:/Program Files/Unity/Hub/Editor/6000.4.6f1/Editor/Data/Managed/UnityEngine/UnityEngine.Physics2DModule.dll"
-r:"C:/Program Files/Unity/Hub/Editor/6000.4.6f1/Editor/Data/Managed/UnityEngine/UnityEngine.PhysicsBackendPhysXModule.dll"
-r:"C:/Program Files/Unity/Hub/Editor/6000.4.6f1/Editor/Data/Managed/UnityEngine/UnityEngine.PhysicsModule.dll"
-r:"C:/Program Files/Unity/Hub/Editor/6000.4.6f1/Editor/Data/Managed/UnityEngine/UnityEngine.PropertiesModule.dll"
-r:"C:/Program Files/Unity/Hub/Editor/6000.4.6f1/Editor/Data/Managed/UnityEngine/UnityEngine.RenderAs2DModule.dll"
-r:"C:/Program Files/Unity/Hub/Editor/6000.4.6f1/Editor/Data/Managed/UnityEngine/UnityEngine.RuntimeInitializeOnLoadManagerInitializerModule.dll"
-r:"C:/Program Files/Unity/Hub/Editor/6000.4.6f1/Editor/Data/Managed/UnityEngine/UnityEngine.ScreenCaptureModule.dll"
-r:"C:/Program Files/Unity/Hub/Editor/6000.4.6f1/Editor/Data/Managed/UnityEngine/UnityEngine.ScriptingModule.dll"
-r:"C:/Program Files/Unity/Hub/Editor/6000.4.6f1/Editor/Data/Managed/UnityEngine/UnityEngine.ShaderVariantAnalyticsModule.dll"
-r:"C:/Program Files/Unity/Hub/Editor/6000.4.6f1/Editor/Data/Managed/UnityEngine/UnityEngine.SharedInternalsModule.dll"
-r:"C:/Program Files/Unity/Hub/Editor/6000.4.6f1/Editor/Data/Managed/UnityEngine/UnityEngine.SpriteMaskModule.dll"
-r:"C:/Program Files/Unity/Hub/Editor/6000.4.6f1/Editor/Data/Managed/UnityEngine/UnityEngine.SpriteShapeModule.dll"
-r:"C:/Program Files/Unity/Hub/Editor/6000.4.6f1/Editor/Data/Managed/UnityEngine/UnityEngine.StreamingModule.dll"
-r:"C:/Program Files/Unity/Hub/Editor/6000.4.6f1/Editor/Data/Managed/UnityEngine/UnityEngine.SubstanceModule.dll"
-r:"C:/Program Files/Unity/Hub/Editor/6000.4.6f1/Editor/Data/Managed/UnityEngine/UnityEngine.SubsystemsModule.dll"
-r:"C:/Program Files/Unity/Hub/Editor/6000.4.6f1/Editor/Data/Managed/UnityEngine/UnityEngine.TLSModule.dll"
-r:"C:/Program Files/Unity/Hub/Editor/6000.4.6f1/Editor/Data/Managed/UnityEngine/UnityEngine.TerrainModule.dll"
-r:"C:/Program Files/Unity/Hub/Editor/6000.4.6f1/Editor/Data/Managed/UnityEngine/UnityEngine.TerrainPhysicsModule.dll"
-r:"C:/Program Files/Unity/Hub/Editor/6000.4.6f1/Editor/Data/Managed/UnityEngine/UnityEngine.TextCoreFontEngineModule.dll"
-r:"C:/Program Files/Unity/Hub/Editor/6000.4.6f1/Editor/Data/Managed/UnityEngine/UnityEngine.TextCoreTextEngineModule.dll"
-r:"C:/Program Files/Unity/Hub/Editor/6000.4.6f1/Editor/Data/Managed/UnityEngine/UnityEngine.TextRenderingModule.dll"
-r:"C:/Program Files/Unity/Hub/Editor/6000.4.6f1/Editor/Data/Managed/UnityEngine/UnityEngine.TilemapModule.dll"
-r:"C:/Program Files/Unity/Hub/Editor/6000.4.6f1/Editor/Data/Managed/UnityEngine/UnityEngine.UIElementsModule.dll"
-r:"C:/Program Files/Unity/Hub/Editor/6000.4.6f1/Editor/Data/Managed/UnityEngine/UnityEngine.UIModule.dll"
-r:"C:/Program Files/Unity/Hub/Editor/6000.4.6f1/Editor/Data/Managed/UnityEngine/UnityEngine.UmbraModule.dll"
-r:"C:/Program Files/Unity/Hub/Editor/6000.4.6f1/Editor/Data/Managed/UnityEngine/UnityEngine.UnityAnalyticsCommonModule.dll"
-r:"C:/Program Files/Unity/Hub/Editor/6000.4.6f1/Editor/Data/Managed/UnityEngine/UnityEngine.UnityAnalyticsModule.dll"
-r:"C:/Program Files/Unity/Hub/Editor/6000.4.6f1/Editor/Data/Managed/UnityEngine/UnityEngine.UnityConnectModule.dll"
-r:"C:/Program Files/Unity/Hub/Editor/6000.4.6f1/Editor/Data/Managed/UnityEngine/UnityEngine.UnityConsentModule.dll"
-r:"C:/Program Files/Unity/Hub/Editor/6000.4.6f1/Editor/Data/Managed/UnityEngine/UnityEngine.UnityCurlModule.dll"
-r:"C:/Program Files/Unity/Hub/Editor/6000.4.6f1/Editor/Data/Managed/UnityEngine/UnityEngine.UnityWebRequestAssetBundleModule.dll"
-r:"C:/Program Files/Unity/Hub/Editor/6000.4.6f1/Editor/Data/Managed/UnityEngine/UnityEngine.UnityWebRequestAudioModule.dll"
-r:"C:/Program Files/Unity/Hub/Editor/6000.4.6f1/Editor/Data/Managed/UnityEngine/UnityEngine.UnityWebRequestModule.dll"
-r:"C:/Program Files/Unity/Hub/Editor/6000.4.6f1/Editor/Data/Managed/UnityEngine/UnityEngine.UnityWebRequestTextureModule.dll"
-r:"C:/Program Files/Unity/Hub/Editor/6000.4.6f1/Editor/Data/Managed/UnityEngine/UnityEngine.UnityWebRequestWWWModule.dll"
-r:"C:/Program Files/Unity/Hub/Editor/6000.4.6f1/Editor/Data/Managed/UnityEngine/UnityEngine.VFXModule.dll"
-r:"C:/Program Files/Unity/Hub/Editor/6000.4.6f1/Editor/Data/Managed/UnityEngine/UnityEngine.VRModule.dll"
-r:"C:/Program Files/Unity/Hub/Editor/6000.4.6f1/Editor/Data/Managed/UnityEngine/UnityEngine.VectorGraphicsModule.dll"
-r:"C:/Program Files/Unity/Hub/Editor/6000.4.6f1/Editor/Data/Managed/UnityEngine/UnityEngine.VehiclesModule.dll"
-r:"C:/Program Files/Unity/Hub/Editor/6000.4.6f1/Editor/Data/Managed/UnityEngine/UnityEngine.VideoModule.dll"
-r:"C:/Program Files/Unity/Hub/Editor/6000.4.6f1/Editor/Data/Managed/UnityEngine/UnityEngine.VirtualTexturingModule.dll"
-r:"C:/Program Files/Unity/Hub/Editor/6000.4.6f1/Editor/Data/Managed/UnityEngine/UnityEngine.WindModule.dll"
-r:"C:/Program Files/Unity/Hub/Editor/6000.4.6f1/Editor/Data/Managed/UnityEngine/UnityEngine.XRModule.dll"
-r:"C:/Program Files/Unity/Hub/Editor/6000.4.6f1/Editor/Data/Managed/UnityEngine/UnityEngine.dll"
-r:"C:/Program Files/Unity/Hub/Editor/6000.4.6f1/Editor/Data/PlaybackEngines/AndroidPlayer/Unity.Android.Gradle.dll"
-r:"C:/Program Files/Unity/Hub/Editor/6000.4.6f1/Editor/Data/PlaybackEngines/AndroidPlayer/Unity.Android.Types.dll"
-r:"C:/Program Files/Unity/Hub/Editor/6000.4.6f1/Editor/Data/PlaybackEngines/AndroidPlayer/UnityEditor.Android.Extensions.dll"
-r:"C:/Program Files/Unity/Hub/Editor/6000.4.6f1/Editor/Data/PlaybackEngines/WindowsStandaloneSupport/UnityEditor.WindowsStandalone.Extensions.dll"
-r:"C:/Program Files/Unity/Hub/Editor/6000.4.6f1/Editor/Data/UnityReferenceAssemblies/unity-4.8-api/Facades/Microsoft.Win32.Primitives.dll"
-r:"C:/Program Files/Unity/Hub/Editor/6000.4.6f1/Editor/Data/UnityReferenceAssemblies/unity-4.8-api/Facades/System.AppContext.dll"
-r:"C:/Program Files/Unity/Hub/Editor/6000.4.6f1/Editor/Data/UnityReferenceAssemblies/unity-4.8-api/Facades/System.Buffers.dll"
-r:"C:/Program Files/Unity/Hub/Editor/6000.4.6f1/Editor/Data/UnityReferenceAssemblies/unity-4.8-api/Facades/System.Collections.Concurrent.dll"
-r:"C:/Program Files/Unity/Hub/Editor/6000.4.6f1/Editor/Data/UnityReferenceAssemblies/unity-4.8-api/Facades/System.Collections.NonGeneric.dll"
-r:"C:/Program Files/Unity/Hub/Editor/6000.4.6f1/Editor/Data/UnityReferenceAssemblies/unity-4.8-api/Facades/System.Collections.Specialized.dll"
-r:"C:/Program Files/Unity/Hub/Editor/6000.4.6f1/Editor/Data/UnityReferenceAssemblies/unity-4.8-api/Facades/System.Collections.dll"
-r:"C:/Program Files/Unity/Hub/Editor/6000.4.6f1/Editor/Data/UnityReferenceAssemblies/unity-4.8-api/Facades/System.ComponentModel.Annotations.dll"
-r:"C:/Program Files/Unity/Hub/Editor/6000.4.6f1/Editor/Data/UnityReferenceAssemblies/unity-4.8-api/Facades/System.ComponentModel.EventBasedAsync.dll"
-r:"C:/Program Files/Unity/Hub/Editor/6000.4.6f1/Editor/Data/UnityReferenceAssemblies/unity-4.8-api/Facades/System.ComponentModel.Primitives.dll"
-r:"C:/Program Files/Unity/Hub/Editor/6000.4.6f1/Editor/Data/UnityReferenceAssemblies/unity-4.8-api/Facades/System.ComponentModel.TypeConverter.dll"
-r:"C:/Program Files/Unity/Hub/Editor/6000.4.6f1/Editor/Data/UnityReferenceAssemblies/unity-4.8-api/Facades/System.ComponentModel.dll"
-r:"C:/Program Files/Unity/Hub/Editor/6000.4.6f1/Editor/Data/UnityReferenceAssemblies/unity-4.8-api/Facades/System.Console.dll"
-r:"C:/Program Files/Unity/Hub/Editor/6000.4.6f1/Editor/Data/UnityReferenceAssemblies/unity-4.8-api/Facades/System.Data.Common.dll"
-r:"C:/Program Files/Unity/Hub/Editor/6000.4.6f1/Editor/Data/UnityReferenceAssemblies/unity-4.8-api/Facades/System.Diagnostics.Contracts.dll"
-r:"C:/Program Files/Unity/Hub/Editor/6000.4.6f1/Editor/Data/UnityReferenceAssemblies/unity-4.8-api/Facades/System.Diagnostics.Debug.dll"
-r:"C:/Program Files/Unity/Hub/Editor/6000.4.6f1/Editor/Data/UnityReferenceAssemblies/unity-4.8-api/Facades/System.Diagnostics.FileVersionInfo.dll"
-r:"C:/Program Files/Unity/Hub/Editor/6000.4.6f1/Editor/Data/UnityReferenceAssemblies/unity-4.8-api/Facades/System.Diagnostics.Process.dll"
-r:"C:/Program Files/Unity/Hub/Editor/6000.4.6f1/Editor/Data/UnityReferenceAssemblies/unity-4.8-api/Facades/System.Diagnostics.StackTrace.dll"
-r:"C:/Program Files/Unity/Hub/Editor/6000.4.6f1/Editor/Data/UnityReferenceAssemblies/unity-4.8-api/Facades/System.Diagnostics.TextWriterTraceListener.dll"
-r:"C:/Program Files/Unity/Hub/Editor/6000.4.6f1/Editor/Data/UnityReferenceAssemblies/unity-4.8-api/Facades/System.Diagnostics.Tools.dll"
-r:"C:/Program Files/Unity/Hub/Editor/6000.4.6f1/Editor/Data/UnityReferenceAssemblies/unity-4.8-api/Facades/System.Diagnostics.TraceSource.dll"
-r:"C:/Program Files/Unity/Hub/Editor/6000.4.6f1/Editor/Data/UnityReferenceAssemblies/unity-4.8-api/Facades/System.Drawing.Primitives.dll"
-r:"C:/Program Files/Unity/Hub/Editor/6000.4.6f1/Editor/Data/UnityReferenceAssemblies/unity-4.8-api/Facades/System.Dynamic.Runtime.dll"
-r:"C:/Program Files/Unity/Hub/Editor/6000.4.6f1/Editor/Data/UnityReferenceAssemblies/unity-4.8-api/Facades/System.Globalization.Calendars.dll"
-r:"C:/Program Files/Unity/Hub/Editor/6000.4.6f1/Editor/Data/UnityReferenceAssemblies/unity-4.8-api/Facades/System.Globalization.Extensions.dll"
-r:"C:/Program Files/Unity/Hub/Editor/6000.4.6f1/Editor/Data/UnityReferenceAssemblies/unity-4.8-api/Facades/System.Globalization.dll"
-r:"C:/Program Files/Unity/Hub/Editor/6000.4.6f1/Editor/Data/UnityReferenceAssemblies/unity-4.8-api/Facades/System.IO.Compression.ZipFile.dll"
-r:"C:/Program Files/Unity/Hub/Editor/6000.4.6f1/Editor/Data/UnityReferenceAssemblies/unity-4.8-api/Facades/System.IO.FileSystem.DriveInfo.dll"
-r:"C:/Program Files/Unity/Hub/Editor/6000.4.6f1/Editor/Data/UnityReferenceAssemblies/unity-4.8-api/Facades/System.IO.FileSystem.Primitives.dll"
-r:"C:/Program Files/Unity/Hub/Editor/6000.4.6f1/Editor/Data/UnityReferenceAssemblies/unity-4.8-api/Facades/System.IO.FileSystem.Watcher.dll"
-r:"C:/Program Files/Unity/Hub/Editor/6000.4.6f1/Editor/Data/UnityReferenceAssemblies/unity-4.8-api/Facades/System.IO.FileSystem.dll"
-r:"C:/Program Files/Unity/Hub/Editor/6000.4.6f1/Editor/Data/UnityReferenceAssemblies/unity-4.8-api/Facades/System.IO.IsolatedStorage.dll"
-r:"C:/Program Files/Unity/Hub/Editor/6000.4.6f1/Editor/Data/UnityReferenceAssemblies/unity-4.8-api/Facades/System.IO.MemoryMappedFiles.dll"
-r:"C:/Program Files/Unity/Hub/Editor/6000.4.6f1/Editor/Data/UnityReferenceAssemblies/unity-4.8-api/Facades/System.IO.Pipes.dll"
-r:"C:/Program Files/Unity/Hub/Editor/6000.4.6f1/Editor/Data/UnityReferenceAssemblies/unity-4.8-api/Facades/System.IO.UnmanagedMemoryStream.dll"
-r:"C:/Program Files/Unity/Hub/Editor/6000.4.6f1/Editor/Data/UnityReferenceAssemblies/unity-4.8-api/Facades/System.IO.dll"
-r:"C:/Program Files/Unity/Hub/Editor/6000.4.6f1/Editor/Data/UnityReferenceAssemblies/unity-4.8-api/Facades/System.Linq.Expressions.dll"
-r:"C:/Program Files/Unity/Hub/Editor/6000.4.6f1/Editor/Data/UnityReferenceAssemblies/unity-4.8-api/Facades/System.Linq.Parallel.dll"
-r:"C:/Program Files/Unity/Hub/Editor/6000.4.6f1/Editor/Data/UnityReferenceAssemblies/unity-4.8-api/Facades/System.Linq.Queryable.dll"
-r:"C:/Program Files/Unity/Hub/Editor/6000.4.6f1/Editor/Data/UnityReferenceAssemblies/unity-4.8-api/Facades/System.Linq.dll"
-r:"C:/Program Files/Unity/Hub/Editor/6000.4.6f1/Editor/Data/UnityReferenceAssemblies/unity-4.8-api/Facades/System.Memory.dll"
-r:"C:/Program Files/Unity/Hub/Editor/6000.4.6f1/Editor/Data/UnityReferenceAssemblies/unity-4.8-api/Facades/System.Net.Http.Rtc.dll"
-r:"C:/Program Files/Unity/Hub/Editor/6000.4.6f1/Editor/Data/UnityReferenceAssemblies/unity-4.8-api/Facades/System.Net.NameResolution.dll"
-r:"C:/Program Files/Unity/Hub/Editor/6000.4.6f1/Editor/Data/UnityReferenceAssemblies/unity-4.8-api/Facades/System.Net.NetworkInformation.dll"
-r:"C:/Program Files/Unity/Hub/Editor/6000.4.6f1/Editor/Data/UnityReferenceAssemblies/unity-4.8-api/Facades/System.Net.Ping.dll"
-r:"C:/Program Files/Unity/Hub/Editor/6000.4.6f1/Editor/Data/UnityReferenceAssemblies/unity-4.8-api/Facades/System.Net.Primitives.dll"
-r:"C:/Program Files/Unity/Hub/Editor/6000.4.6f1/Editor/Data/UnityReferenceAssemblies/unity-4.8-api/Facades/System.Net.Requests.dll"
-r:"C:/Program Files/Unity/Hub/Editor/6000.4.6f1/Editor/Data/UnityReferenceAssemblies/unity-4.8-api/Facades/System.Net.Security.dll"
-r:"C:/Program Files/Unity/Hub/Editor/6000.4.6f1/Editor/Data/UnityReferenceAssemblies/unity-4.8-api/Facades/System.Net.Sockets.dll"
-r:"C:/Program Files/Unity/Hub/Editor/6000.4.6f1/Editor/Data/UnityReferenceAssemblies/unity-4.8-api/Facades/System.Net.WebHeaderCollection.dll"
-r:"C:/Program Files/Unity/Hub/Editor/6000.4.6f1/Editor/Data/UnityReferenceAssemblies/unity-4.8-api/Facades/System.Net.WebSockets.Client.dll"
-r:"C:/Program Files/Unity/Hub/Editor/6000.4.6f1/Editor/Data/UnityReferenceAssemblies/unity-4.8-api/Facades/System.Net.WebSockets.dll"
-r:"C:/Program Files/Unity/Hub/Editor/6000.4.6f1/Editor/Data/UnityReferenceAssemblies/unity-4.8-api/Facades/System.ObjectModel.dll"
-r:"C:/Program Files/Unity/Hub/Editor/6000.4.6f1/Editor/Data/UnityReferenceAssemblies/unity-4.8-api/Facades/System.Reflection.DispatchProxy.dll"
-r:"C:/Program Files/Unity/Hub/Editor/6000.4.6f1/Editor/Data/UnityReferenceAssemblies/unity-4.8-api/Facades/System.Reflection.Emit.ILGeneration.dll"
-r:"C:/Program Files/Unity/Hub/Editor/6000.4.6f1/Editor/Data/UnityReferenceAssemblies/unity-4.8-api/Facades/System.Reflection.Emit.Lightweight.dll"
-r:"C:/Program Files/Unity/Hub/Editor/6000.4.6f1/Editor/Data/UnityReferenceAssemblies/unity-4.8-api/Facades/System.Reflection.Emit.dll"
-r:"C:/Program Files/Unity/Hub/Editor/6000.4.6f1/Editor/Data/UnityReferenceAssemblies/unity-4.8-api/Facades/System.Reflection.Extensions.dll"
-r:"C:/Program Files/Unity/Hub/Editor/6000.4.6f1/Editor/Data/UnityReferenceAssemblies/unity-4.8-api/Facades/System.Reflection.Primitives.dll"
-r:"C:/Program Files/Unity/Hub/Editor/6000.4.6f1/Editor/Data/UnityReferenceAssemblies/unity-4.8-api/Facades/System.Reflection.dll"
-r:"C:/Program Files/Unity/Hub/Editor/6000.4.6f1/Editor/Data/UnityReferenceAssemblies/unity-4.8-api/Facades/System.Resources.Reader.dll"
-r:"C:/Program Files/Unity/Hub/Editor/6000.4.6f1/Editor/Data/UnityReferenceAssemblies/unity-4.8-api/Facades/System.Resources.ResourceManager.dll"
-r:"C:/Program Files/Unity/Hub/Editor/6000.4.6f1/Editor/Data/UnityReferenceAssemblies/unity-4.8-api/Facades/System.Resources.Writer.dll"
-r:"C:/Program Files/Unity/Hub/Editor/6000.4.6f1/Editor/Data/UnityReferenceAssemblies/unity-4.8-api/Facades/System.Runtime.CompilerServices.VisualC.dll"
-r:"C:/Program Files/Unity/Hub/Editor/6000.4.6f1/Editor/Data/UnityReferenceAssemblies/unity-4.8-api/Facades/System.Runtime.Extensions.dll"
-r:"C:/Program Files/Unity/Hub/Editor/6000.4.6f1/Editor/Data/UnityReferenceAssemblies/unity-4.8-api/Facades/System.Runtime.Handles.dll"
-r:"C:/Program Files/Unity/Hub/Editor/6000.4.6f1/Editor/Data/UnityReferenceAssemblies/unity-4.8-api/Facades/System.Runtime.InteropServices.RuntimeInformation.dll"
-r:"C:/Program Files/Unity/Hub/Editor/6000.4.6f1/Editor/Data/UnityReferenceAssemblies/unity-4.8-api/Facades/System.Runtime.InteropServices.WindowsRuntime.dll"
-r:"C:/Program Files/Unity/Hub/Editor/6000.4.6f1/Editor/Data/UnityReferenceAssemblies/unity-4.8-api/Facades/System.Runtime.InteropServices.dll"
-r:"C:/Program Files/Unity/Hub/Editor/6000.4.6f1/Editor/Data/UnityReferenceAssemblies/unity-4.8-api/Facades/System.Runtime.Numerics.dll"
-r:"C:/Program Files/Unity/Hub/Editor/6000.4.6f1/Editor/Data/UnityReferenceAssemblies/unity-4.8-api/Facades/System.Runtime.Serialization.Formatters.dll"
-r:"C:/Program Files/Unity/Hub/Editor/6000.4.6f1/Editor/Data/UnityReferenceAssemblies/unity-4.8-api/Facades/System.Runtime.Serialization.Json.dll"
-r:"C:/Program Files/Unity/Hub/Editor/6000.4.6f1/Editor/Data/UnityReferenceAssemblies/unity-4.8-api/Facades/System.Runtime.Serialization.Primitives.dll"
-r:"C:/Program Files/Unity/Hub/Editor/6000.4.6f1/Editor/Data/UnityReferenceAssemblies/unity-4.8-api/Facades/System.Runtime.Serialization.Xml.dll"
-r:"C:/Program Files/Unity/Hub/Editor/6000.4.6f1/Editor/Data/UnityReferenceAssemblies/unity-4.8-api/Facades/System.Runtime.dll"
-r:"C:/Program Files/Unity/Hub/Editor/6000.4.6f1/Editor/Data/UnityReferenceAssemblies/unity-4.8-api/Facades/System.Security.Claims.dll"
-r:"C:/Program Files/Unity/Hub/Editor/6000.4.6f1/Editor/Data/UnityReferenceAssemblies/unity-4.8-api/Facades/System.Security.Cryptography.Algorithms.dll"
-r:"C:/Program Files/Unity/Hub/Editor/6000.4.6f1/Editor/Data/UnityReferenceAssemblies/unity-4.8-api/Facades/System.Security.Cryptography.Csp.dll"
-r:"C:/Program Files/Unity/Hub/Editor/6000.4.6f1/Editor/Data/UnityReferenceAssemblies/unity-4.8-api/Facades/System.Security.Cryptography.Encoding.dll"
-r:"C:/Program Files/Unity/Hub/Editor/6000.4.6f1/Editor/Data/UnityReferenceAssemblies/unity-4.8-api/Facades/System.Security.Cryptography.Primitives.dll"
-r:"C:/Program Files/Unity/Hub/Editor/6000.4.6f1/Editor/Data/UnityReferenceAssemblies/unity-4.8-api/Facades/System.Security.Cryptography.X509Certificates.dll"
-r:"C:/Program Files/Unity/Hub/Editor/6000.4.6f1/Editor/Data/UnityReferenceAssemblies/unity-4.8-api/Facades/System.Security.Principal.dll"
-r:"C:/Program Files/Unity/Hub/Editor/6000.4.6f1/Editor/Data/UnityReferenceAssemblies/unity-4.8-api/Facades/System.Security.SecureString.dll"
-r:"C:/Program Files/Unity/Hub/Editor/6000.4.6f1/Editor/Data/UnityReferenceAssemblies/unity-4.8-api/Facades/System.ServiceModel.Duplex.dll"
-r:"C:/Program Files/Unity/Hub/Editor/6000.4.6f1/Editor/Data/UnityReferenceAssemblies/unity-4.8-api/Facades/System.ServiceModel.Http.dll"
-r:"C:/Program Files/Unity/Hub/Editor/6000.4.6f1/Editor/Data/UnityReferenceAssemblies/unity-4.8-api/Facades/System.ServiceModel.NetTcp.dll"
-r:"C:/Program Files/Unity/Hub/Editor/6000.4.6f1/Editor/Data/UnityReferenceAssemblies/unity-4.8-api/Facades/System.ServiceModel.Primitives.dll"
-r:"C:/Program Files/Unity/Hub/Editor/6000.4.6f1/Editor/Data/UnityReferenceAssemblies/unity-4.8-api/Facades/System.ServiceModel.Security.dll"
-r:"C:/Program Files/Unity/Hub/Editor/6000.4.6f1/Editor/Data/UnityReferenceAssemblies/unity-4.8-api/Facades/System.Text.Encoding.Extensions.dll"
-r:"C:/Program Files/Unity/Hub/Editor/6000.4.6f1/Editor/Data/UnityReferenceAssemblies/unity-4.8-api/Facades/System.Text.Encoding.dll"
-r:"C:/Program Files/Unity/Hub/Editor/6000.4.6f1/Editor/Data/UnityReferenceAssemblies/unity-4.8-api/Facades/System.Text.RegularExpressions.dll"
-r:"C:/Program Files/Unity/Hub/Editor/6000.4.6f1/Editor/Data/UnityReferenceAssemblies/unity-4.8-api/Facades/System.Threading.Overlapped.dll"
-r:"C:/Program Files/Unity/Hub/Editor/6000.4.6f1/Editor/Data/UnityReferenceAssemblies/unity-4.8-api/Facades/System.Threading.Tasks.Extensions.dll"
-r:"C:/Program Files/Unity/Hub/Editor/6000.4.6f1/Editor/Data/UnityReferenceAssemblies/unity-4.8-api/Facades/System.Threading.Tasks.Parallel.dll"
-r:"C:/Program Files/Unity/Hub/Editor/6000.4.6f1/Editor/Data/UnityReferenceAssemblies/unity-4.8-api/Facades/System.Threading.Tasks.dll"
-r:"C:/Program Files/Unity/Hub/Editor/6000.4.6f1/Editor/Data/UnityReferenceAssemblies/unity-4.8-api/Facades/System.Threading.Thread.dll"
-r:"C:/Program Files/Unity/Hub/Editor/6000.4.6f1/Editor/Data/UnityReferenceAssemblies/unity-4.8-api/Facades/System.Threading.ThreadPool.dll"
-r:"C:/Program Files/Unity/Hub/Editor/6000.4.6f1/Editor/Data/UnityReferenceAssemblies/unity-4.8-api/Facades/System.Threading.Timer.dll"
-r:"C:/Program Files/Unity/Hub/Editor/6000.4.6f1/Editor/Data/UnityReferenceAssemblies/unity-4.8-api/Facades/System.Threading.dll"
-r:"C:/Program Files/Unity/Hub/Editor/6000.4.6f1/Editor/Data/UnityReferenceAssemblies/unity-4.8-api/Facades/System.ValueTuple.dll"
-r:"C:/Program Files/Unity/Hub/Editor/6000.4.6f1/Editor/Data/UnityReferenceAssemblies/unity-4.8-api/Facades/System.Xml.ReaderWriter.dll"
-r:"C:/Program Files/Unity/Hub/Editor/6000.4.6f1/Editor/Data/UnityReferenceAssemblies/unity-4.8-api/Facades/System.Xml.XDocument.dll"
-r:"C:/Program Files/Unity/Hub/Editor/6000.4.6f1/Editor/Data/UnityReferenceAssemblies/unity-4.8-api/Facades/System.Xml.XPath.XDocument.dll"
-r:"C:/Program Files/Unity/Hub/Editor/6000.4.6f1/Editor/Data/UnityReferenceAssemblies/unity-4.8-api/Facades/System.Xml.XPath.dll"
-r:"C:/Program Files/Unity/Hub/Editor/6000.4.6f1/Editor/Data/UnityReferenceAssemblies/unity-4.8-api/Facades/System.Xml.XmlDocument.dll"
-r:"C:/Program Files/Unity/Hub/Editor/6000.4.6f1/Editor/Data/UnityReferenceAssemblies/unity-4.8-api/Facades/System.Xml.XmlSerializer.dll"
-r:"C:/Program Files/Unity/Hub/Editor/6000.4.6f1/Editor/Data/UnityReferenceAssemblies/unity-4.8-api/Facades/netstandard.dll"
-r:"C:/Program Files/Unity/Hub/Editor/6000.4.6f1/Editor/Data/UnityReferenceAssemblies/unity-4.8-api/Microsoft.CSharp.dll"
-r:"C:/Program Files/Unity/Hub/Editor/6000.4.6f1/Editor/Data/UnityReferenceAssemblies/unity-4.8-api/System.ComponentModel.Composition.dll"
-r:"C:/Program Files/Unity/Hub/Editor/6000.4.6f1/Editor/Data/UnityReferenceAssemblies/unity-4.8-api/System.Core.dll"
-r:"C:/Program Files/Unity/Hub/Editor/6000.4.6f1/Editor/Data/UnityReferenceAssemblies/unity-4.8-api/System.Data.DataSetExtensions.dll"
-r:"C:/Program Files/Unity/Hub/Editor/6000.4.6f1/Editor/Data/UnityReferenceAssemblies/unity-4.8-api/System.Data.dll"
-r:"C:/Program Files/Unity/Hub/Editor/6000.4.6f1/Editor/Data/UnityReferenceAssemblies/unity-4.8-api/System.Drawing.dll"
-r:"C:/Program Files/Unity/Hub/Editor/6000.4.6f1/Editor/Data/UnityReferenceAssemblies/unity-4.8-api/System.IO.Compression.FileSystem.dll"
-r:"C:/Program Files/Unity/Hub/Editor/6000.4.6f1/Editor/Data/UnityReferenceAssemblies/unity-4.8-api/System.IO.Compression.dll"
-r:"C:/Program Files/Unity/Hub/Editor/6000.4.6f1/Editor/Data/UnityReferenceAssemblies/unity-4.8-api/System.Net.Http.dll"
-r:"C:/Program Files/Unity/Hub/Editor/6000.4.6f1/Editor/Data/UnityReferenceAssemblies/unity-4.8-api/System.Numerics.Vectors.dll"
-r:"C:/Program Files/Unity/Hub/Editor/6000.4.6f1/Editor/Data/UnityReferenceAssemblies/unity-4.8-api/System.Numerics.dll"
-r:"C:/Program Files/Unity/Hub/Editor/6000.4.6f1/Editor/Data/UnityReferenceAssemblies/unity-4.8-api/System.Runtime.Serialization.dll"
-r:"C:/Program Files/Unity/Hub/Editor/6000.4.6f1/Editor/Data/UnityReferenceAssemblies/unity-4.8-api/System.Transactions.dll"
-r:"C:/Program Files/Unity/Hub/Editor/6000.4.6f1/Editor/Data/UnityReferenceAssemblies/unity-4.8-api/System.Xml.Linq.dll"
-r:"C:/Program Files/Unity/Hub/Editor/6000.4.6f1/Editor/Data/UnityReferenceAssemblies/unity-4.8-api/System.Xml.dll"
-r:"C:/Program Files/Unity/Hub/Editor/6000.4.6f1/Editor/Data/UnityReferenceAssemblies/unity-4.8-api/System.dll"
-r:"C:/Program Files/Unity/Hub/Editor/6000.4.6f1/Editor/Data/UnityReferenceAssemblies/unity-4.8-api/mscorlib.dll"
-r:"Library/PackageCache/com.unity.ext.nunit@d8c07649098d/net40/unity-custom/nunit.framework.dll"
-r:"Library/PackageCache/com.unity.nuget.newtonsoft-json@4dfd81071c64/Runtime/Newtonsoft.Json.dll"
-r:"Library/Bee/artifacts/1300b0aE.dag/Oculus.Interaction.OVR.ref.dll"
-r:"Library/Bee/artifacts/1300b0aE.dag/Oculus.Interaction.ref.dll"
-r:"Library/Bee/artifacts/1300b0aE.dag/Opus.Art.Runtime.ref.dll"
-r:"Library/Bee/artifacts/1300b0aE.dag/Opus.Sdk.Runtime.ref.dll"
-r:"Library/Bee/artifacts/1300b0aE.dag/OrchardReach.Runtime.ref.dll"
-r:"Library/Bee/artifacts/1300b0aE.dag/Shell.Runtime.ref.dll"
-r:"Library/Bee/artifacts/1300b0aE.dag/Unity.RenderPipelines.Core.Runtime.ref.dll"
-r:"Library/Bee/artifacts/1300b0aE.dag/Unity.RenderPipelines.Universal.Editor.ref.dll"
-r:"Library/Bee/artifacts/1300b0aE.dag/Unity.RenderPipelines.Universal.Runtime.ref.dll"
-r:"Library/Bee/artifacts/1300b0aE.dag/UnityEditor.TestRunner.ref.dll"
-r:"Library/Bee/artifacts/1300b0aE.dag/UnityEditor.UI.ref.dll"
-r:"Library/Bee/artifacts/1300b0aE.dag/UnityEngine.TestRunner.ref.dll"
-r:"Library/Bee/artifacts/1300b0aE.dag/UnityEngine.UI.ref.dll"
-analyzer:"C:/Program Files/Unity/Hub/Editor/6000.4.6f1/Editor/Data/Tools/BuildPipeline/Unity.SourceGenerators/Unity.Properties.SourceGenerator.dll"
-analyzer:"C:/Program Files/Unity/Hub/Editor/6000.4.6f1/Editor/Data/Tools/BuildPipeline/Unity.SourceGenerators/Unity.SourceGenerators.dll"
-analyzer:"C:/Program Files/Unity/Hub/Editor/6000.4.6f1/Editor/Data/Tools/BuildPipeline/Unity.SourceGenerators/Unity.UIToolkit.SourceGenerator.dll"
"Assets/Shell/Editor/OpusBuildScript.cs"
"Assets/Shell/Editor/OpusMaterialDiagTool.cs"
"Assets/Shell/Editor/OpusRenderPipelineSetupTool.cs"
"Assets/Shell/Editor/OpusScreenshotTool.cs"
"Assets/Shell/Editor/OrchardSceneDressingTool.cs"
-langversion:9.0
/deterministic
/optimize+
/debug:portable
/nologo
/RuntimeMetadataVersion:v4.0.30319
/nowarn:0169
/nowarn:0649
/nowarn:0282
/nowarn:1701
/nowarn:1702
/utf8output
/preferreduilang:en-US
/additionalfile:"Library/Bee/artifacts/1300b0aE.dag/Shell.Editor.UnityAdditionalFile.txt"
##### Custom Environment Variables
DOTNET_MULTILEVEL_LOOKUP=0
##### ExitCode
1
##### Output
Assets\Shell\Editor\OpusScreenshotTool.cs(110,56): error CS0012: The type 'DebugMaterialValidationMode' is defined in an assembly that is not referenced. You must add a reference to assembly 'Unity.RenderPipeline.Universal.ShaderLibrary, Version=0.0.0.0, Culture=neutral, PublicKeyToken=null'.

Assets\Shell\Editor\OpusScreenshotTool.cs(111,43): error CS0012: The type 'DebugMaterialValidationMode' is defined in an assembly that is not referenced. You must add a reference to assembly 'Unity.RenderPipeline.Universal.ShaderLibrary, Version=0.0.0.0, Culture=neutral, PublicKeyToken=null'.

Assets\Shell\Editor\OpusScreenshotTool.cs(111,68): error CS0234: The type or namespace name 'DebugMaterialValidationMode' does not exist in the namespace 'UnityEngine.Rendering.Universal' (are you missing an assembly reference?)

Assets\Shell\Editor\OpusScreenshotTool.cs(175,64): warning CS0618: 'FindObjectsSortMode' is obsolete: 'FindObjectsSortMode has been deprecated. Use the FindObjectsByType overloads that do not take a FindObjectsSortMode parameter.'

Assets\Shell\Editor\OpusScreenshotTool.cs(175,29): warning CS0618: 'Object.FindObjectsByType<T>(FindObjectsSortMode)' is obsolete: 'FindObjectsByType with FindObjectsSortMode parameter has been deprecated. Use FindObjectsByType<T>() or FindObjectsByType<T>(FindObjectsInactive) instead. InstanceID will be replaced in the future with EntityId and previous sort order cannot be maintained.'

Assets\Shell\Editor\OrchardSceneDressingTool.cs(342,53): warning CS0618: 'OneGrabFreeTransformer' is obsolete: 'Use GrabFreeTransformer instead'

Assets\Shell\Editor\OrchardSceneDressingTool.cs(343,74): warning CS0618: 'OneGrabFreeTransformer' is obsolete: 'Use GrabFreeTransformer instead'
*** Tundra build failed (1.44 seconds), 11 items updated, 1730 evaluated
## Script Compilation Error for: Csc Library/Bee/artifacts/1300b0aE.dag/OrchardReach.Tests.PlayMode.dll (+2 others)
## CmdLine: "C:\Program Files\Unity\Hub\Editor\6000.4.6f1\Editor\Data\NetCoreRuntime\dotnet.exe" exec "C:/Program Files/Unity/Hub/Editor/6000.4.6f1/Editor/Data/DotNetSdkRoslyn/csc.dll" /nostdlib /noconfig /shared "@Library/Bee/artifacts/1300b0aE.dag/OrchardReach.Tests.PlayMode.rsp" "@Library/Bee/artifacts/1300b0aE.dag/OrchardReach.Tests.PlayMode.rsp2"
## Output:
Assets\Games\OrchardReach\Tests\PlayMode\OrchardReachPlayModeAuditTests.cs(37,48): error CS0012: The type 'DebugMaterialValidationMode' is defined in an assembly that is not referenced. You must add a reference to assembly 'Unity.RenderPipeline.Universal.ShaderLibrary, Version=0.0.0.0, Culture=neutral, PublicKeyToken=null'.
Assets\Games\OrchardReach\Tests\PlayMode\OrchardReachPlayModeAuditTests.cs(37,73): error CS0234: The type or namespace name 'DebugMaterialValidationMode' does not exist in the namespace 'UnityEngine.Rendering.Universal' (are you missing an assembly reference?)

## Script Compilation Error for: Csc Library/Bee/artifacts/1300b0aE.dag/Shell.Editor.dll (+2 others)
## CmdLine: "C:\Program Files\Unity\Hub\Editor\6000.4.6f1\Editor\Data\NetCoreRuntime\dotnet.exe" exec "C:/Program Files/Unity/Hub/Editor/6000.4.6f1/Editor/Data/DotNetSdkRoslyn/csc.dll" /nostdlib /noconfig /shared "@Library/Bee/artifacts/1300b0aE.dag/Shell.Editor.rsp" "@Library/Bee/artifacts/1300b0aE.dag/Shell.Editor.rsp2"
## Output:
Assets\Shell\Editor\OpusScreenshotTool.cs(110,56): error CS0012: The type 'DebugMaterialValidationMode' is defined in an assembly that is not referenced. You must add a reference to assembly 'Unity.RenderPipeline.Universal.ShaderLibrary, Version=0.0.0.0, Culture=neutral, PublicKeyToken=null'.
Assets\Shell\Editor\OpusScreenshotTool.cs(111,43): error CS0012: The type 'DebugMaterialValidationMode' is defined in an assembly that is not referenced. You must add a reference to assembly 'Unity.RenderPipeline.Universal.ShaderLibrary, Version=0.0.0.0, Culture=neutral, PublicKeyToken=null'.
Assets\Shell\Editor\OpusScreenshotTool.cs(111,68): error CS0234: The type or namespace name 'DebugMaterialValidationMode' does not exist in the namespace 'UnityEngine.Rendering.Universal' (are you missing an assembly reference?)
Assets\Shell\Editor\OpusScreenshotTool.cs(175,64): warning CS0618: 'FindObjectsSortMode' is obsolete: 'FindObjectsSortMode has been deprecated. Use the FindObjectsByType overloads that do not take a FindObjectsSortMode parameter.'
Assets\Shell\Editor\OpusScreenshotTool.cs(175,29): warning CS0618: 'Object.FindObjectsByType<T>(FindObjectsSortMode)' is obsolete: 'FindObjectsByType with FindObjectsSortMode parameter has been deprecated. Use FindObjectsByType<T>() or FindObjectsByType<T>(FindObjectsInactive) instead. InstanceID will be replaced in the future with EntityId and previous sort order cannot be maintained.'
Assets\Shell\Editor\OrchardSceneDressingTool.cs(342,53): warning CS0618: 'OneGrabFreeTransformer' is obsolete: 'Use GrabFreeTransformer instead'
Assets\Shell\Editor\OrchardSceneDressingTool.cs(343,74): warning CS0618: 'OneGrabFreeTransformer' is obsolete: 'Use GrabFreeTransformer instead'

Assets\Games\OrchardReach\Tests\PlayMode\OrchardReachPlayModeAuditTests.cs(37,48): error CS0012: The type 'DebugMaterialValidationMode' is defined in an assembly that is not referenced. You must add a reference to assembly 'Unity.RenderPipeline.Universal.ShaderLibrary, Version=0.0.0.0, Culture=neutral, PublicKeyToken=null'.
Assets\Games\OrchardReach\Tests\PlayMode\OrchardReachPlayModeAuditTests.cs(37,73): error CS0234: The type or namespace name 'DebugMaterialValidationMode' does not exist in the namespace 'UnityEngine.Rendering.Universal' (are you missing an assembly reference?)
Assets\Shell\Editor\OpusScreenshotTool.cs(110,56): error CS0012: The type 'DebugMaterialValidationMode' is defined in an assembly that is not referenced. You must add a reference to assembly 'Unity.RenderPipeline.Universal.ShaderLibrary, Version=0.0.0.0, Culture=neutral, PublicKeyToken=null'.
Assets\Shell\Editor\OpusScreenshotTool.cs(111,43): error CS0012: The type 'DebugMaterialValidationMode' is defined in an assembly that is not referenced. You must add a reference to assembly 'Unity.RenderPipeline.Universal.ShaderLibrary, Version=0.0.0.0, Culture=neutral, PublicKeyToken=null'.
Assets\Shell\Editor\OpusScreenshotTool.cs(111,68): error CS0234: The type or namespace name 'DebugMaterialValidationMode' does not exist in the namespace 'UnityEngine.Rendering.Universal' (are you missing an assembly reference?)
Assets\Shell\Editor\OpusScreenshotTool.cs(175,64): warning CS0618: 'FindObjectsSortMode' is obsolete: 'FindObjectsSortMode has been deprecated. Use the FindObjectsByType overloads that do not take a FindObjectsSortMode parameter.'
Assets\Shell\Editor\OpusScreenshotTool.cs(175,29): warning CS0618: 'Object.FindObjectsByType<T>(FindObjectsSortMode)' is obsolete: 'FindObjectsByType with FindObjectsSortMode parameter has been deprecated. Use FindObjectsByType<T>() or FindObjectsByType<T>(FindObjectsInactive) instead. InstanceID will be replaced in the future with EntityId and previous sort order cannot be maintained.'
Assets\Shell\Editor\OrchardSceneDressingTool.cs(342,53): warning CS0618: 'OneGrabFreeTransformer' is obsolete: 'Use GrabFreeTransformer instead'
Assets\Shell\Editor\OrchardSceneDressingTool.cs(343,74): warning CS0618: 'OneGrabFreeTransformer' is obsolete: 'Use GrabFreeTransformer instead'
AssetDatabase: script compilation time: 5.696797s
Scripts have compiler errors.
Exiting without the bug reporter. Application will terminate with return code 1