[Licensing::Module] Trying to connect to existing licensing client channel...
Built from '6000.4/staging' branch; Version is '6000.4.6f1 (0b051c2e5d54) revision 722204'; Using compiler version '194234433'; Build Type 'Release'
OS: 'Windows 11  (10.0.26200) CoreSingleLanguage' Language: 'en' Physical Memory: 16010 MB
[Licensing::IpcConnector] Successfully connected to: "LicenseClient-GARV BANSAL" at "2026-09-17T11:50:48.0047818Z"
BatchMode: 1, IsHumanControllingUs: 0, StartBugReporterOnCrash: 0, Is64bit: 1
System  architecture: x64
Process architecture: x64
Date: 2026-09-17T11:50:48Z
[Licensing::Client] Code 10 while verifying Licensing Client signature (process Id: 5116, path: "C:/Program Files/Unity Hub/UnityLicensingClient_V1/Unity.Licensing.Client.exe")
[Licensing::Module] LicensingClient has failed validation; ignoring
[Licensing::Client] Handshaking with LicensingClient:
  Version:                 1.18.3+d7ffd15
  Session Id:              76f77b7381a945fb862f77bb201ee991
  Correlation Id:          d14de35f03e99a97646a83cbbf2457fb
  External correlation Id: 5965181073967658134
  Machine Id:              kImHo2x28Ujte4rhYvWcdMgf4I8=
[Licensing::Module] Successfully connected to LicensingClient on channel: "LicenseClient-GARV BANSAL" (connect: 0.00s, validation: 0.00s, handshake: 0.09s)
[Licensing::IpcConnector] Successfully connected to: "LicenseClient-GARV BANSAL-notifications" at "2026-09-17T11:50:48.100473Z"
[Licensing::Module] Error: Access token is unavailable; failed to update
[Licensing::Client] Successfully resolved entitlement details
[Licensing::Module] License group:
  Id: 13469799320789-UnityPersXXXX
  Product: Unity Personal
  Type: Assigned
  Expiration: Unlimited
[Licensing::Client] Successfully updated license, isAsync: True, time: 0.02
[Licensing::Module] Licensing Background thread has ended after 0.15s

COMMAND LINE ARGUMENTS:
C:\Program Files\Unity\Hub\Editor\6000.4.6f1\Editor\Unity.exe
-batchmode
-projectPath
C:\Users\GARV BANSAL\Documents\VR_games\OPUS\game
-logFile
C:\Users\GARV BANSAL\Documents\VR_games\OPUS\logs\sessions\unity_logs\run7_playmode.log
-runTests
-testPlatform
PlayMode
-testResults
C:\Users\GARV BANSAL\Documents\VR_games\OPUS\logs\sessions\unity_logs\run7_playmode_results.xml
-testFilter
DemoDriver_ProducesAllFourAuditStates
Successfully changed project path to: C:\Users\GARV BANSAL\Documents\VR_games\OPUS\game
C:/Users/GARV BANSAL/Documents/VR_games/OPUS/game
[UnityMemory] Configuration Parameters - Can be set up in boot.config
    "memorysetup-temp-allocator-size-gi-baking-worker=262144"
    "memorysetup-temp-allocator-size-gi-baking-worker=262144"
    "memorysetup-temp-allocator-size-gi-baking-worker=262144"
    "memorysetup-temp-allocator-size-gi-baking-worker=262144"
    "memorysetup-temp-allocator-size-gi-baking-worker=262144"
    "memorysetup-temp-allocator-size-nav-mesh-worker=65536"
    "memorysetup-temp-allocator-size-audio-worker=65536"
    "memorysetup-temp-allocator-size-cloud-worker=32768"
    "memorysetup-temp-allocator-size-gfx=262144"
    "memorysetup-temp-allocator-size-preload-manager=33554432"
    "memorysetup-temp-allocator-size-job-worker=262144"
    "memorysetup-temp-allocator-size-background-worker=32768"
    "memorysetup-allocator-temp-initial-block-size-main=262144"
    "memorysetup-allocator-temp-initial-block-size-worker=262144"
    "memorysetup-bucket-allocator-granularity=16"
    "memorysetup-bucket-allocator-bucket-count=8"
    "memorysetup-bucket-allocator-block-size=33554432"
    "memorysetup-bucket-allocator-block-count=8"
    "memorysetup-main-allocator-block-size=16777216"
    "memorysetup-thread-allocator-block-size=16777216"
    "memorysetup-gfx-main-allocator-block-size=16777216"
    "memorysetup-gfx-thread-allocator-block-size=16777216"
    "memorysetup-cache-allocator-block-size=4194304"
    "memorysetup-typetree-allocator-block-size=2097152"
    "memorysetup-profiler-bucket-allocator-granularity=16"
    "memorysetup-profiler-bucket-allocator-bucket-count=8"
    "memorysetup-profiler-bucket-allocator-block-size=33554432"
    "memorysetup-profiler-bucket-allocator-block-count=8"
    "memorysetup-profiler-allocator-block-size=16777216"
    "memorysetup-profiler-editor-allocator-block-size=1048576"
    "memorysetup-temp-allocator-size-main=16777216"
    "memorysetup-job-temp-allocator-block-size=2097152"
    "memorysetup-job-temp-allocator-block-size-background=1048576"
    "memorysetup-job-temp-allocator-reduction-small-platforms=262144"
Player connection [30712]  Target information:

Player connection [30712]  * "[IP] 169.254.83.107 [Port] 55504 [Flags] 2 [Guid] 1820748980 [EditorId] 1820748980 [Version] 1048832 [Id] WindowsEditor(7,LAPTOP-EF95960B) [Debug] 1 [PackageName] WindowsEditor [ProjectName] Editor" 

Player connection [30712]  * "[IP] 172.17.99.2 [Port] 55504 [Flags] 2 [Guid] 1820748980 [EditorId] 1820748980 [Version] 1048832 [Id] WindowsEditor(7,LAPTOP-EF95960B) [Debug] 1 [PackageName] WindowsEditor [ProjectName] Editor" 

Player connection [30712] Host joined multi-casting on [225.0.0.222:54997]...
Player connection [30712] Host joined alternative multi-casting on [225.0.0.222:34997]...
Input System module state changed to: Initialized.
[Physics::Module] Initialized fallback backend.
[Physics::Module] Id: 0xdecafbad
[Package Manager] Connected to IPC stream "Upm-28708" after 0.3 seconds.
[Licensing::Client] Successfully resolved entitlement details
Library Redirect Path: Library/
[Physics::Module] Selected backend.
[Physics::Module] Name: PhysX
[Physics::Module] Id: 0xf2b8ea05
[Physics::Module] SDK Version: 4.1.2
[Physics::Module] Integration Version: 1.0.0
[Physics::Module] Threading Mode: Multi-Threaded
[Licensing::Client] Successfully resolved entitlement details
Refreshing native plugins compatible for Editor in 3.61 ms, found 0 plugins.
Initialize engine version: 6000.4.6f1 (0b051c2e5d54)
[Subsystems] Discovering subsystems at path C:/Program Files/Unity/Hub/Editor/6000.4.6f1/Editor/Data/Resources/UnitySubsystems
[Subsystems] Discovering subsystems at path C:/Users/GARV BANSAL/Documents/VR_games/OPUS/game/Assets
GfxDevice: creating device client; kGfxThreadingModeNonThreaded
Direct3D:
    Version:  Direct3D 11.0 [level 11.1]
    Renderer: NVIDIA GeForce RTX 4050 Laptop GPU (ID=0x28a1)
    Vendor:   NVIDIA
    VRAM:     5921 MB
    Driver:   32.0.15.5597
Shader 'Oculus/OVRMRCameraFrameLit': fallback shader 'Alpha-Diffuse' not found
Initialize mono
Mono path[0] = 'C:/Program Files/Unity/Hub/Editor/6000.4.6f1/Editor/Data/Managed'
Mono path[1] = 'C:/Program Files/Unity/Hub/Editor/6000.4.6f1/Editor/Data/MonoBleedingEdge/lib/mono/unityjit-win32'
Mono config path = 'C:/Program Files/Unity/Hub/Editor/6000.4.6f1/Editor/Data/MonoBleedingEdge/etc'
Using monoOptions --debugger-agent=transport=dt_socket,embedding=1,server=y,suspend=n,address=127.0.0.1:56708
CodeReloadManager initialized
Using cacheserver namespaces - metadata:defaultmetadata, artifacts:defaultartifacts
Using cacheserver namespaces - metadata:defaultmetadata, artifacts:defaultartifacts
ImportWorker Server TCP listen port: 0
AcceleratorClientConnectionCallback - disconnected - :0
Begin MonoManager ReloadAssembly
Registering precompiled unity dll's ...
Register platform support module: C:/Program Files/Unity/Hub/Editor/6000.4.6f1/Editor/Data/PlaybackEngines/WindowsStandaloneSupport/UnityEditor.WindowsStandalone.Extensions.dll
Register platform support module: C:/Program Files/Unity/Hub/Editor/6000.4.6f1/Editor/Data/PlaybackEngines/AndroidPlayer/UnityEditor.Android.Extensions.dll
Registered in 0.004199 seconds.
Native extension for Android target not found
Native extension for WindowsStandalone target not found
Package Manager log level set to [2]
ScheduleIndexationOnStartup MainProcess:False IndexOnStartup:True
Mono: successfully reloaded assembly
- Finished resetting the current domain, in  0.408 seconds
Domain Reload Profiling: 865ms
	BeginReloadAssembly (143ms)
		CreateAndSetChildDomain (19ms)
	RebuildCommonClasses (35ms)
	RebuildNativeTypeToScriptingClass (11ms)
	initialDomainReloadingComplete (69ms)
	LoadAllAssembliesAndSetupDomain (196ms)
		LoadAssemblies (121ms)
		AnalyzeDomain (187ms)
			TypeCache.Refresh (185ms)
				TypeCache.ScanAssembly (172ms)
	FinalizeReload (410ms)
		SetupLoadedEditorAssemblies (0ms)
			InitializePlatformSupportModulesInManaged (54ms)
			BeforeProcessingInitializeOnLoad (81ms)
			ProcessInitializeOnLoadAttributes (107ms)
			ProcessInitializeOnLoadMethodAttributes (102ms)
[Licensing::Client] Successfully resolved entitlement details
[Licensing::Client] Successfully resolved entitlement details
Application.AssetDatabase Initial Refresh Start
[Package Manager] Restoring resolved packages state from cache
[Licensing::Client] Successfully resolved entitlement details
[Package Manager] Registered 65 packages:
  Packages from [https://npm.developer.oculus.com]:
    com.meta.xr.sdk.core@205.0.0 (location: C:\Users\GARV BANSAL\Documents\VR_games\OPUS\game\Library\PackageCache\com.meta.xr.sdk.core@4ea2676097b9)
    com.meta.xr.sdk.interaction.ovr@205.0.0 (location: C:\Users\GARV BANSAL\Documents\VR_games\OPUS\game\Library\PackageCache\com.meta.xr.sdk.interaction.ovr@08728e3e2bb2)
    com.meta.xr.sdk.interaction@205.0.0 (location: C:\Users\GARV BANSAL\Documents\VR_games\OPUS\game\Library\PackageCache\com.meta.xr.sdk.interaction@875abb30439c)
  Packages from [https://packages.unity.com]:
    com.unity.xr.openxr@1.16.1 (location: C:\Users\GARV BANSAL\Documents\VR_games\OPUS\game\Library\PackageCache\com.unity.xr.openxr@ef0033a586bf)
    com.unity.xr.management@4.5.1 (location: C:\Users\GARV BANSAL\Documents\VR_games\OPUS\game\Library\PackageCache\com.unity.xr.management@20be87dea580)
    com.unity.inputsystem@1.11.2 (location: C:\Users\GARV BANSAL\Documents\VR_games\OPUS\game\Library\PackageCache\com.unity.inputsystem@3c4a97c3950f)
    com.unity.addressables@2.3.1 (location: C:\Users\GARV BANSAL\Documents\VR_games\OPUS\game\Library\PackageCache\com.unity.addressables@5d870284b3d9)
    com.unity.profiling.core@1.0.3 (location: C:\Users\GARV BANSAL\Documents\VR_games\OPUS\game\Library\PackageCache\com.unity.profiling.core@8a49f7027d06)
    com.unity.scriptablebuildpipeline@2.6.1 (location: C:\Users\GARV BANSAL\Documents\VR_games\OPUS\game\Library\PackageCache\com.unity.scriptablebuildpipeline@36e3b5898ee2)
    com.unity.xr.hands@1.7.3 (location: C:\Users\GARV BANSAL\Documents\VR_games\OPUS\game\Library\PackageCache\com.unity.xr.hands@3e241be20642)
    com.unity.xr.core-utils@2.6.0 (location: C:\Users\GARV BANSAL\Documents\VR_games\OPUS\game\Library\PackageCache\com.unity.xr.core-utils@a8b900321199)
    com.unity.xr.legacyinputhelpers@3.0.1 (location: C:\Users\GARV BANSAL\Documents\VR_games\OPUS\game\Library\PackageCache\com.unity.xr.legacyinputhelpers@3f62d634f63b)
    com.unity.nuget.newtonsoft-json@3.2.2 (location: C:\Users\GARV BANSAL\Documents\VR_games\OPUS\game\Library\PackageCache\com.unity.nuget.newtonsoft-json@4dfd81071c64)
    com.unity.mathematics@1.3.3 (location: C:\Users\GARV BANSAL\Documents\VR_games\OPUS\game\Library\PackageCache\com.unity.mathematics@19a9377c4ffa)
    com.unity.searcher@4.9.4 (location: C:\Users\GARV BANSAL\Documents\VR_games\OPUS\game\Library\PackageCache\com.unity.searcher@d45a78918735)
    com.unity.burst@1.8.29 (location: C:\Users\GARV BANSAL\Documents\VR_games\OPUS\game\Library\PackageCache\com.unity.burst@6bb9aca3ef38)
    com.unity.nuget.mono-cecil@1.11.6 (location: C:\Users\GARV BANSAL\Documents\VR_games\OPUS\game\Library\PackageCache\com.unity.nuget.mono-cecil@ecb9724e46ff)
    com.unity.test-framework.performance@3.4.0 (location: C:\Users\GARV BANSAL\Documents\VR_games\OPUS\game\Library\PackageCache\com.unity.test-framework.performance@aa81a99c4a75)
  Built-in packages:
    com.unity.multiplayer.center@1.0.1 (location: C:\Users\GARV BANSAL\Documents\VR_games\OPUS\game\Library\PackageCache\com.unity.multiplayer.center@f01f4ba8d00a)
    com.unity.render-pipelines.universal@17.4.0 (location: C:\Users\GARV BANSAL\Documents\VR_games\OPUS\game\Library\PackageCache\com.unity.render-pipelines.universal@0d0659f1368d)
    com.unity.test-framework@1.6.0 (location: C:\Users\GARV BANSAL\Documents\VR_games\OPUS\game\Library\PackageCache\com.unity.test-framework@76560ee600cb)
    com.unity.modules.accessibility@1.0.0 (location: C:\Users\GARV BANSAL\Documents\VR_games\OPUS\game\Library\PackageCache\com.unity.modules.accessibility)
    com.unity.modules.adaptiveperformance@1.0.0 (location: C:\Users\GARV BANSAL\Documents\VR_games\OPUS\game\Library\PackageCache\com.unity.modules.adaptiveperformance)
    com.unity.modules.ai@1.0.0 (location: C:\Users\GARV BANSAL\Documents\VR_games\OPUS\game\Library\PackageCache\com.unity.modules.ai)
    com.unity.modules.androidjni@1.0.0 (location: C:\Users\GARV BANSAL\Documents\VR_games\OPUS\game\Library\PackageCache\com.unity.modules.androidjni)
    com.unity.modules.animation@1.0.0 (location: C:\Users\GARV BANSAL\Documents\VR_games\OPUS\game\Library\PackageCache\com.unity.modules.animation)
    com.unity.modules.assetbundle@1.0.0 (location: C:\Users\GARV BANSAL\Documents\VR_games\OPUS\game\Library\PackageCache\com.unity.modules.assetbundle)
    com.unity.modules.audio@1.0.0 (location: C:\Users\GARV BANSAL\Documents\VR_games\OPUS\game\Library\PackageCache\com.unity.modules.audio)
    com.unity.modules.cloth@1.0.0 (location: C:\Users\GARV BANSAL\Documents\VR_games\OPUS\game\Library\PackageCache\com.unity.modules.cloth)
    com.unity.modules.director@1.0.0 (location: C:\Users\GARV BANSAL\Documents\VR_games\OPUS\game\Library\PackageCache\com.unity.modules.director)
    com.unity.modules.imageconversion@1.0.0 (location: C:\Users\GARV BANSAL\Documents\VR_games\OPUS\game\Library\PackageCache\com.unity.modules.imageconversion)
    com.unity.modules.imgui@1.0.0 (location: C:\Users\GARV BANSAL\Documents\VR_games\OPUS\game\Library\PackageCache\com.unity.modules.imgui)
    com.unity.modules.jsonserialize@1.0.0 (location: C:\Users\GARV BANSAL\Documents\VR_games\OPUS\game\Library\PackageCache\com.unity.modules.jsonserialize)
    com.unity.modules.particlesystem@1.0.0 (location: C:\Users\GARV BANSAL\Documents\VR_games\OPUS\game\Library\PackageCache\com.unity.modules.particlesystem)
    com.unity.modules.physics@1.0.0 (location: C:\Users\GARV BANSAL\Documents\VR_games\OPUS\game\Library\PackageCache\com.unity.modules.physics)
    com.unity.modules.physics2d@1.0.0 (location: C:\Users\GARV BANSAL\Documents\VR_games\OPUS\game\Library\PackageCache\com.unity.modules.physics2d)
    com.unity.modules.screencapture@1.0.0 (location: C:\Users\GARV BANSAL\Documents\VR_games\OPUS\game\Library\PackageCache\com.unity.modules.screencapture)
    com.unity.modules.terrain@1.0.0 (location: C:\Users\GARV BANSAL\Documents\VR_games\OPUS\game\Library\PackageCache\com.unity.modules.terrain)
    com.unity.modules.terrainphysics@1.0.0 (location: C:\Users\GARV BANSAL\Documents\VR_games\OPUS\game\Library\PackageCache\com.unity.modules.terrainphysics)
    com.unity.modules.tilemap@1.0.0 (location: C:\Users\GARV BANSAL\Documents\VR_games\OPUS\game\Library\PackageCache\com.unity.modules.tilemap)
    com.unity.modules.ui@1.0.0 (location: C:\Users\GARV BANSAL\Documents\VR_games\OPUS\game\Library\PackageCache\com.unity.modules.ui)
    com.unity.modules.uielements@1.0.0 (location: C:\Users\GARV BANSAL\Documents\VR_games\OPUS\game\Library\PackageCache\com.unity.modules.uielements)
    com.unity.modules.umbra@1.0.0 (location: C:\Users\GARV BANSAL\Documents\VR_games\OPUS\game\Library\PackageCache\com.unity.modules.umbra)
    com.unity.modules.unityanalytics@1.0.0 (location: C:\Users\GARV BANSAL\Documents\VR_games\OPUS\game\Library\PackageCache\com.unity.modules.unityanalytics)
    com.unity.modules.unitywebrequest@1.0.0 (location: C:\Users\GARV BANSAL\Documents\VR_games\OPUS\game\Library\PackageCache\com.unity.modules.unitywebrequest)
    com.unity.modules.unitywebrequestassetbundle@1.0.0 (location: C:\Users\GARV BANSAL\Documents\VR_games\OPUS\game\Library\PackageCache\com.unity.modules.unitywebrequestassetbundle)
    com.unity.modules.unitywebrequestaudio@1.0.0 (location: C:\Users\GARV BANSAL\Documents\VR_games\OPUS\game\Library\PackageCache\com.unity.modules.unitywebrequestaudio)
    com.unity.modules.unitywebrequesttexture@1.0.0 (location: C:\Users\GARV BANSAL\Documents\VR_games\OPUS\game\Library\PackageCache\com.unity.modules.unitywebrequesttexture)
    com.unity.modules.unitywebrequestwww@1.0.0 (location: C:\Users\GARV BANSAL\Documents\VR_games\OPUS\game\Library\PackageCache\com.unity.modules.unitywebrequestwww)
    com.unity.modules.vectorgraphics@1.0.0 (location: C:\Users\GARV BANSAL\Documents\VR_games\OPUS\game\Library\PackageCache\com.unity.modules.vectorgraphics)
    com.unity.modules.vehicles@1.0.0 (location: C:\Users\GARV BANSAL\Documents\VR_games\OPUS\game\Library\PackageCache\com.unity.modules.vehicles)
    com.unity.modules.video@1.0.0 (location: C:\Users\GARV BANSAL\Documents\VR_games\OPUS\game\Library\PackageCache\com.unity.modules.video)
    com.unity.modules.vr@1.0.0 (location: C:\Users\GARV BANSAL\Documents\VR_games\OPUS\game\Library\PackageCache\com.unity.modules.vr)
    com.unity.modules.wind@1.0.0 (location: C:\Users\GARV BANSAL\Documents\VR_games\OPUS\game\Library\PackageCache\com.unity.modules.wind)
    com.unity.modules.xr@1.0.0 (location: C:\Users\GARV BANSAL\Documents\VR_games\OPUS\game\Library\PackageCache\com.unity.modules.xr)
    com.unity.modules.subsystems@1.0.0 (location: C:\Users\GARV BANSAL\Documents\VR_games\OPUS\game\Library\PackageCache\com.unity.modules.subsystems)
    com.unity.modules.hierarchycore@1.0.0 (location: C:\Users\GARV BANSAL\Documents\VR_games\OPUS\game\Library\PackageCache\com.unity.modules.hierarchycore)
    com.unity.ext.nunit@2.0.5 (location: C:\Users\GARV BANSAL\Documents\VR_games\OPUS\game\Library\PackageCache\com.unity.ext.nunit@d8c07649098d)
    com.unity.render-pipelines.core@17.4.0 (location: C:\Users\GARV BANSAL\Documents\VR_games\OPUS\game\Library\PackageCache\com.unity.render-pipelines.core@630143bbfe2b)
    com.unity.shadergraph@17.4.0 (location: C:\Users\GARV BANSAL\Documents\VR_games\OPUS\game\Library\PackageCache\com.unity.shadergraph@04a6ef07359e)
    com.unity.render-pipelines.universal-config@17.4.0 (location: C:\Users\GARV BANSAL\Documents\VR_games\OPUS\game\Library\PackageCache\com.unity.render-pipelines.universal-config@0db4263b9e6b)
    com.unity.textmeshpro@5.0.0 (location: C:\Users\GARV BANSAL\Documents\VR_games\OPUS\game\Library\PackageCache\com.unity.textmeshpro@53f43edfd2e0)
    com.unity.ugui@2.0.0 (location: C:\Users\GARV BANSAL\Documents\VR_games\OPUS\game\Library\PackageCache\com.unity.ugui@473409526770)
    com.unity.collections@6.4.0 (location: C:\Users\GARV BANSAL\Documents\VR_games\OPUS\game\Library\PackageCache\com.unity.collections@65f499a3cc26)
  Embedded packages:
    com.opus.sdk@file:C:\Users\GARV BANSAL\Documents\VR_games\OPUS\game\Packages\com.opus.sdk (location: C:\Users\GARV BANSAL\Documents\VR_games\OPUS\game\Packages\com.opus.sdk)
[Subsystems] Looking for new subsystems at path C:\Users\GARV BANSAL\Documents\VR_games\OPUS\game\Library\PackageCache\com.unity.xr.openxr@ef0033a586bf
[Subsystems] Novel subsystem found at Library/PackageCache/com.unity.xr.openxr@ef0033a586bf/Runtime/UnitySubsystemsManifest.json
[Subsystems] Discovering subsystems at path C:/Program Files/Unity/Hub/Editor/6000.4.6f1/Editor/Data/Resources/UnitySubsystems
[Subsystems] Discovering subsystems at path C:/Users/GARV BANSAL/Documents/VR_games/OPUS/game/Assets
[Subsystems] Discovering subsystems at path C:\Users\GARV BANSAL\Documents\VR_games\OPUS\game\Library\PackageCache\com.unity.xr.openxr@ef0033a586bf
[Subsystems] No descriptors matched for  examples in Library/PackageCache/com.unity.xr.openxr@ef0033a586bf/Runtime/UnitySubsystemsManifest.json.
[Subsystems] 1 'inputs' descriptors matched in Library/PackageCache/com.unity.xr.openxr@ef0033a586bf/Runtime/UnitySubsystemsManifest.json
[Subsystems] 1 'displays' descriptors matched in Library/PackageCache/com.unity.xr.openxr@ef0033a586bf/Runtime/UnitySubsystemsManifest.json
[Subsystems] No descriptors matched for  meshings in Library/PackageCache/com.unity.xr.openxr@ef0033a586bf/Runtime/UnitySubsystemsManifest.json.
[Package Manager] Done registering packages in 0.07 seconds
Assembly for Assembly Definition File 'Packages/com.opus.sdk/Editor/Opus.Sdk.Editor.asmdef' will not be compiled, because it has no scripts associated with it.
UnityEngine.Debug:ExtractStackTraceNoAlloc (byte*,int,string)
UnityEngine.StackTraceUtility:ExtractStackTrace ()
UnityEngine.DebugLogHandler:Internal_Log (UnityEngine.LogType,UnityEngine.LogOption,string,UnityEngine.Object)
UnityEngine.DebugLogHandler:LogFormat (UnityEngine.LogType,UnityEngine.Object,string,object[])
UnityEngine.Logger:LogFormat (UnityEngine.LogType,string,object[])
UnityEngine.Debug:LogWarningFormat (string,object[])
UnityEditor.Scripting.ScriptCompilation.EditorCompilation:WarnIfThereAreAssembliesWithoutAnyScripts (UnityEditor.Scripting.ScriptCompilation.ScriptAssemblySettings,UnityEditor.Scripting.ScriptCompilation.ScriptAssembly[])
UnityEditor.Scripting.ScriptCompilation.EditorCompilation:CompileScriptsWithSettings (UnityEditor.Scripting.ScriptCompilation.ScriptAssemblySettings)
UnityEditor.Scripting.ScriptCompilation.EditorCompilation:CompileScripts (UnityEditor.Scripting.ScriptCompilation.EditorScriptCompilationOptions,UnityEditor.BuildTarget,int,string[])
UnityEditor.Scripting.ScriptCompilation.EditorCompilationInterface/<>c__DisplayClass21_0:<CompileScripts>b__0 ()
UnityEditor.Scripting.ScriptCompilation.EditorCompilationInterface:EmitExceptionAsError<UnityEditor.Scripting.ScriptCompilation.EditorCompilation/CompileStatus> (System.Func`1<UnityEditor.Scripting.ScriptCompilation.EditorCompilation/CompileStatus>,UnityEditor.Scripting.ScriptCompilation.EditorCompilation/CompileStatus)
UnityEditor.Scripting.ScriptCompilation.EditorCompilationInterface:CompileScripts (UnityEditor.Scripting.ScriptCompilation.EditorScriptCompilationOptions,UnityEditor.BuildTarget,int,string[])

info: Microsoft.Hosting.Lifetime[14]
      Now listening on: http://localhost:80
info: Microsoft.Hosting.Lifetime[0]
      Application started. Press Ctrl+C to shut down.
info: Microsoft.Hosting.Lifetime[0]
      Hosting environment: Production
info: Microsoft.Hosting.Lifetime[0]
      Content root path: C:\Users\GARV BANSAL\Documents\VR_games\OPUS\game
info: Microsoft.AspNetCore.Hosting.Diagnostics[1]
      Request starting HTTP/2 POST http://ilpp/UnityILPP.PostProcessing/Ping - application/grpc -
info: Microsoft.AspNetCore.Routing.EndpointMiddleware[0]
      Executing endpoint 'gRPC - /UnityILPP.PostProcessing/Ping'
info: Microsoft.AspNetCore.Routing.EndpointMiddleware[1]
      Executed endpoint 'gRPC - /UnityILPP.PostProcessing/Ping'
info: Microsoft.AspNetCore.Hosting.Diagnostics[2]
      Request finished HTTP/2 POST http://ilpp/UnityILPP.PostProcessing/Ping - 200 - application/grpc 29.3113ms
Starting: C:\Program Files\Unity\Hub\Editor\6000.4.6f1\Editor\Data\Tools\BuildPipeline\bee_backend.exe --ipc --defer-dag-verification --dagfile="Library/Bee/1300b0aE.dag" --continue-on-failure --profile="Library/Bee/backend1.traceevents" ScriptAssemblies
WorkingDir: C:/Users/GARV BANSAL/Documents/VR_games/OPUS/game
info: Microsoft.AspNetCore.Hosting.Diagnostics[1]
      Request starting HTTP/2 POST http://ilpp/UnityILPP.PostProcessing/ConfigurePostProcessors - application/grpc -
info: Microsoft.AspNetCore.Routing.EndpointMiddleware[0]
      Executing endpoint 'gRPC - /UnityILPP.PostProcessing/ConfigurePostProcessors'
DisplayProgressbar: Compiling Scripts
warn: Unity.ILPP.Runner.PostProcessingAssemblyLoadContext[0]
      Assembly system.runtime.interopservices.windowsruntime has duplicate hint path. Ignoring "C:\Program Files\Unity\Hub\Editor\6000.4.6f1\Editor\Data\UnityReferenceAssemblies\unity-4.8-api\Facades\System.Runtime.InteropServices.WindowsRuntime.dll" in favor of "C:\Program Files\Unity\Hub\Editor\6000.4.6f1\Editor\Data\NetStandard\Extensions\2.0.0\System.Runtime.InteropServices.WindowsRuntime.dll"
warn: Unity.ILPP.Runner.PostProcessingAssemblyLoadContext[0]
      Assembly system.componentmodel.composition has duplicate hint path. Ignoring "C:\Program Files\Unity\Hub\Editor\6000.4.6f1\Editor\Data\UnityReferenceAssemblies\unity-4.8-api\System.ComponentModel.Composition.dll" in favor of "C:\Program Files\Unity\Hub\Editor\6000.4.6f1\Editor\Data\NetStandard\compat\2.1.0\shims\netfx\System.ComponentModel.Composition.dll"
info: Unity.ILPP.Runner.PostProcessingAssemblyLoadContext[0]
      Resolved Unity.Burst.Cecil, Version=0.11.6.0, Culture=neutral, PublicKeyToken=50cebf1cceb9d05e with Library\PackageCache\com.unity.burst@6bb9aca3ef38\Unity.Burst.CodeGen\Unity.Burst.Cecil.dll
info: Unity.ILPP.Runner.PostProcessingAssemblyLoadContext[0]
      Resolved Mono.Cecil, Version=0.11.5.0, Culture=neutral, PublicKeyToken=50cebf1cceb9d05e with Library\PackageCache\com.unity.nuget.mono-cecil@ecb9724e46ff\Mono.Cecil.dll
info: Microsoft.AspNetCore.Routing.EndpointMiddleware[1]
      Executed endpoint 'gRPC - /UnityILPP.PostProcessing/ConfigurePostProcessors'
info: Microsoft.AspNetCore.Hosting.Diagnostics[2]
      Request finished HTTP/2 POST http://ilpp/UnityILPP.PostProcessing/ConfigurePostProcessors - 200 - application/grpc 59.1141ms
ExitCode: 0 Duration: 0s534ms
[1282/1730  0s] ILPP-Configuration Library/ilpp-configuration.nevergeneratedoutput
*** Tundra build success (0.50 seconds), 1 items updated, 1730 evaluated
AssetDatabase: script compilation time: 0.985270s
Begin MonoManager ReloadAssembly
Assembly Assembly-CSharp-Editor-firstpass.dll at Library/ScriptAssemblies/Assembly-CSharp-Editor-firstpass.dll not valid. Loading of assembly skipped.
Assembly Assembly-CSharp-Editor.dll at Library/ScriptAssemblies/Assembly-CSharp-Editor.dll not valid. Loading of assembly skipped.
Assembly Assembly-CSharp-firstpass.dll at Library/ScriptAssemblies/Assembly-CSharp-firstpass.dll not valid. Loading of assembly skipped.
Assembly Assembly-CSharp.dll at Library/ScriptAssemblies/Assembly-CSharp.dll not valid. Loading of assembly skipped.
Assembly Meta.XR.Editor.Reflection.Tests.dll at Library/ScriptAssemblies/Meta.XR.Editor.Reflection.Tests.dll not valid. Loading of assembly skipped.
Assembly meta.xr.hand.readiness.tests.editmode.dll at Library/ScriptAssemblies/meta.xr.hand.readiness.tests.editmode.dll not valid. Loading of assembly skipped.
Assembly Meta.XR.Input.Editor.Tests.dll at Library/ScriptAssemblies/Meta.XR.Input.Editor.Tests.dll not valid. Loading of assembly skipped.
Assembly Meta.XR.MultiplayerBlocks.Fusion.dll at Library/ScriptAssemblies/Meta.XR.MultiplayerBlocks.Fusion.dll not valid. Loading of assembly skipped.
Assembly Meta.XR.MultiplayerBlocks.NGO.dll at Library/ScriptAssemblies/Meta.XR.MultiplayerBlocks.NGO.dll not valid. Loading of assembly skipped.
Assembly Opus.Sdk.Editor.dll at Library/ScriptAssemblies/Opus.Sdk.Editor.dll not valid. Loading of assembly skipped.
Assembly TestNewCustomAssembly.dll at Library/ScriptAssemblies/TestNewCustomAssembly.dll not valid. Loading of assembly skipped.
Assembly Unity.Addressables.Editor.Tests.dll at Library/ScriptAssemblies/Unity.Addressables.Editor.Tests.dll not valid. Loading of assembly skipped.
Assembly Unity.Addressables.Tests.dll at Library/ScriptAssemblies/Unity.Addressables.Tests.dll not valid. Loading of assembly skipped.
Assembly Unity.Collections.BurstCompatibilityGen.dll at Library/ScriptAssemblies/Unity.Collections.BurstCompatibilityGen.dll not valid. Loading of assembly skipped.
Assembly Unity.Collections.DocCodeSamples.dll at Library/ScriptAssemblies/Unity.Collections.DocCodeSamples.dll not valid. Loading of assembly skipped.
Assembly Unity.Collections.PerformanceTests.dll at Library/ScriptAssemblies/Unity.Collections.PerformanceTests.dll not valid. Loading of assembly skipped.
Assembly Unity.Collections.Tests.dll at Library/ScriptAssemblies/Unity.Collections.Tests.dll not valid. Loading of assembly skipped.
Assembly Unity.Collections.Tests.Playmode.dll at Library/ScriptAssemblies/Unity.Collections.Tests.Playmode.dll not valid. Loading of assembly skipped.
Assembly Unity.InputSystem.IntegrationTests.dll at Library/ScriptAssemblies/Unity.InputSystem.IntegrationTests.dll not valid. Loading of assembly skipped.
Assembly Unity.Mathematics.Tests.dll at Library/ScriptAssemblies/Unity.Mathematics.Tests.dll not valid. Loading of assembly skipped.
Assembly Unity.Multiplayer.Center.Editor.Tests.dll at Library/ScriptAssemblies/Unity.Multiplayer.Center.Editor.Tests.dll not valid. Loading of assembly skipped.
Assembly Unity.Multiplayer.Center.Tests.dll at Library/ScriptAssemblies/Unity.Multiplayer.Center.Tests.dll not valid. Loading of assembly skipped.
Assembly Unity.Nuget.Mono-Cecil.dll at Library/ScriptAssemblies/Unity.Nuget.Mono-Cecil.dll not valid. Loading of assembly skipped.
Assembly Unity.PathTracing.Editor.Tests.dll at Library/ScriptAssemblies/Unity.PathTracing.Editor.Tests.dll not valid. Loading of assembly skipped.
Assembly Unity.PathTracing.Runtime.Tests.dll at Library/ScriptAssemblies/Unity.PathTracing.Runtime.Tests.dll not valid. Loading of assembly skipped.
Assembly Unity.RenderPipelines.Core.Editor.Tests.dll at Library/ScriptAssemblies/Unity.RenderPipelines.Core.Editor.Tests.dll not valid. Loading of assembly skipped.
Assembly Unity.RenderPipelines.Core.Runtime.Tests.dll at Library/ScriptAssemblies/Unity.RenderPipelines.Core.Runtime.Tests.dll not valid. Loading of assembly skipped.
Assembly Unity.RenderPipelines.Universal.Config.Editor.Tests.dll at Library/ScriptAssemblies/Unity.RenderPipelines.Universal.Config.Editor.Tests.dll not valid. Loading of assembly skipped.
Assembly Unity.RenderPipelines.Universal.Editor.Tests.dll at Library/ScriptAssemblies/Unity.RenderPipelines.Universal.Editor.Tests.dll not valid. Loading of assembly skipped.
Assembly Unity.RenderPipelines.Universal.Runtime.Tests.dll at Library/ScriptAssemblies/Unity.RenderPipelines.Universal.Runtime.Tests.dll not valid. Loading of assembly skipped.
Assembly Unity.ResourceManager.Tests.dll at Library/ScriptAssemblies/Unity.ResourceManager.Tests.dll not valid. Loading of assembly skipped.
Assembly Unity.ScriptableBuildPipeline.Editor.Tests.dll at Library/ScriptAssemblies/Unity.ScriptableBuildPipeline.Editor.Tests.dll not valid. Loading of assembly skipped.
Assembly Unity.ScriptableBuildPipeline.Tests.dll at Library/ScriptAssemblies/Unity.ScriptableBuildPipeline.Tests.dll not valid. Loading of assembly skipped.
Assembly Unity.ScriptableBuildPipelineTests.Runtime.Tests.dll at Library/ScriptAssemblies/Unity.ScriptableBuildPipelineTests.Runtime.Tests.dll not valid. Loading of assembly skipped.
Assembly Unity.Searcher.EditorTests.dll at Library/ScriptAssemblies/Unity.Searcher.EditorTests.dll not valid. Loading of assembly skipped.
Assembly Unity.ShaderGraph.Editor.Tests.dll at Library/ScriptAssemblies/Unity.ShaderGraph.Editor.Tests.dll not valid. Loading of assembly skipped.
Assembly Unity.TextMeshPro.Editor.Tests.dll at Library/ScriptAssemblies/Unity.TextMeshPro.Editor.Tests.dll not valid. Loading of assembly skipped.
Assembly Unity.TextMeshPro.Tests.dll at Library/ScriptAssemblies/Unity.TextMeshPro.Tests.dll not valid. Loading of assembly skipped.
Assembly Unity.UnifiedRayTracing.Editor.Tests.dll at Library/ScriptAssemblies/Unity.UnifiedRayTracing.Editor.Tests.dll not valid. Loading of assembly skipped.
Assembly Unity.XR.CoreUtils.CodeSamples.Tests.dll at Library/ScriptAssemblies/Unity.XR.CoreUtils.CodeSamples.Tests.dll not valid. Loading of assembly skipped.
Assembly Unity.XR.CoreUtils.Editor.Tests.dll at Library/ScriptAssemblies/Unity.XR.CoreUtils.Editor.Tests.dll not valid. Loading of assembly skipped.
Assembly Unity.XR.CoreUtils.Tests.dll at Library/ScriptAssemblies/Unity.XR.CoreUtils.Tests.dll not valid. Loading of assembly skipped.
Assembly Unity.XR.Hands.Editor.Tests.dll at Library/ScriptAssemblies/Unity.XR.Hands.Editor.Tests.dll not valid. Loading of assembly skipped.
Assembly Unity.XR.Hands.Tests.dll at Library/ScriptAssemblies/Unity.XR.Hands.Tests.dll not valid. Loading of assembly skipped.
Assembly Unity.XR.Management.EditorTests.dll at Library/ScriptAssemblies/Unity.XR.Management.EditorTests.dll not valid. Loading of assembly skipped.
Assembly Unity.XR.Management.TestPackage.dll at Library/ScriptAssemblies/Unity.XR.Management.TestPackage.dll not valid. Loading of assembly skipped.
Assembly Unity.XR.Management.TestPackage.Editor.dll at Library/ScriptAssemblies/Unity.XR.Management.TestPackage.Editor.dll not valid. Loading of assembly skipped.
Assembly Unity.XR.Management.Tests.dll at Library/ScriptAssemblies/Unity.XR.Management.Tests.dll not valid. Loading of assembly skipped.
Assembly Unity.XR.Management.Tests.Standalone.dll at Library/ScriptAssemblies/Unity.XR.Management.Tests.Standalone.dll not valid. Loading of assembly skipped.
Assembly Unity.XR.OpenXR.Editor.Tests.dll at Library/ScriptAssemblies/Unity.XR.OpenXR.Editor.Tests.dll not valid. Loading of assembly skipped.
Assembly Unity.XR.OpenXR.Tests.dll at Library/ScriptAssemblies/Unity.XR.OpenXR.Tests.dll not valid. Loading of assembly skipped.
Assembly Unity.XR.OpenXR.Ubuntu.Tests.dll at Library/ScriptAssemblies/Unity.XR.OpenXR.Ubuntu.Tests.dll not valid. Loading of assembly skipped.
Assembly Unity.XR.TestSupport.dll at Library/ScriptAssemblies/Unity.XR.TestSupport.dll not valid. Loading of assembly skipped.
Assembly UnityEditor.UI.Common.Tests.dll at Library/ScriptAssemblies/UnityEditor.UI.Common.Tests.dll not valid. Loading of assembly skipped.
Assembly UnityEditor.UI.EditorTests.dll at Library/ScriptAssemblies/UnityEditor.UI.EditorTests.dll not valid. Loading of assembly skipped.
Assembly UnityEditor.XR.LegacyInputHelpers.Tests.dll at Library/ScriptAssemblies/UnityEditor.XR.LegacyInputHelpers.Tests.dll not valid. Loading of assembly skipped.
Assembly UnityEngine.SpatialTracking.Tests.dll at Library/ScriptAssemblies/UnityEngine.SpatialTracking.Tests.dll not valid. Loading of assembly skipped.
Assembly UnityEngine.UI.Tests.dll at Library/ScriptAssemblies/UnityEngine.UI.Tests.dll not valid. Loading of assembly skipped.
Assembly UnityEngine.XR.OpenXR.CodeSamples.Editor.Tests.dll at Library/ScriptAssemblies/UnityEngine.XR.OpenXR.CodeSamples.Editor.Tests.dll not valid. Loading of assembly skipped.
Symbol file LoadedFromMemory is not a mono symbol file
Script 'CharacterController' has the same name as built-in Unity component.
AddComponent and GetComponent will not work with this script.
'Packages/com.meta.xr.sdk.core/Editor/BuildingBlocks/BlocksWindowDetailsExtension.cs' contains partial class of Unity.Object, exactly 1 of the partial classes needs to be in a file with the same filename. This is to know the one that can be referenced from ie. GameObjects
'Packages/com.meta.xr.sdk.core/Editor/RuntimeOptimizer/RuntimeOptimizer.cs' contains partial class of Unity.Object, exactly 1 of the partial classes needs to be in a file with the same filename. This is to know the one that can be referenced from ie. GameObjects
'Packages/com.meta.xr.sdk.core/Editor/BuildingBlocks/BlocksWindow.cs' contains partial class of Unity.Object, exactly 1 of the partial classes needs to be in a file with the same filename. This is to know the one that can be referenced from ie. GameObjects
'Packages/com.meta.xr.sdk.core/Editor/BuildingBlocks/BlocksWindowCollectionsPageExtension.cs' contains partial class of Unity.Object, exactly 1 of the partial classes needs to be in a file with the same filename. This is to know the one that can be referenced from ie. GameObjects
'Packages/com.meta.xr.sdk.core/Editor/RuntimeOptimizer/RuntimeOptimizerNetworking.cs' contains partial class of Unity.Object, exactly 1 of the partial classes needs to be in a file with the same filename. This is to know the one that can be referenced from ie. GameObjects
'Packages/com.meta.xr.sdk.core/Editor/RuntimeOptimizer/RuntimeOptimizerStyles.cs' contains partial class of Unity.Object, exactly 1 of the partial classes needs to be in a file with the same filename. This is to know the one that can be referenced from ie. GameObjects
Refreshing native plugins compatible for Editor in 14.37 ms, found 12 plugins.
Native extension for Android target not found
Native extension for WindowsStandalone target not found
Refreshing native plugins compatible for Editor in 12.23 ms, found 12 plugins.
I0917 17:20:56.466827 30712 OVRTelemetry.cpp:57] Telemetry_Init: calling startSession with engineName=Unity, pluginVersion=1.205.0
* daemon not running; starting now at tcp:5037
* daemon started successfully
I0917 17:20:58.754670 30712 OVRTelemetry.cpp:61] Telemetry_Init: startSession completed successfully
I0917 17:20:58.913149 30712 OVRTelemetry.cpp:57] Telemetry_Init: calling startSession with engineName=Unity, pluginVersion=1.204.0
* daemon not running; starting now at tcp:5037
* daemon started successfully
I0917 17:21:01.284966 30712 OVRTelemetry.cpp:61] Telemetry_Init: startSession completed successfully
ScheduleIndexationOnStartup MainProcess:True IndexOnStartup:True
Mono: successfully reloaded assembly
- Finished resetting the current domain, in  8.699 seconds
Domain Reload Profiling: 9710ms
	BeginReloadAssembly (336ms)
		DisableScriptedObjects (24ms)
		CreateAndSetChildDomain (151ms)
	RebuildCommonClasses (34ms)
	RebuildNativeTypeToScriptingClass (11ms)
	initialDomainReloadingComplete (72ms)
	LoadAllAssembliesAndSetupDomain (558ms)
		LoadAssemblies (396ms)
		AnalyzeDomain (265ms)
			TypeCache.Refresh (169ms)
				TypeCache.ScanAssembly (152ms)
			BuildScriptInfoCaches (74ms)
			ResolveRequiredComponents (19ms)
	FinalizeReload (8699ms)
		SetupLoadedEditorAssemblies (0ms)
			InitializePlatformSupportModulesInManaged (31ms)
			BeforeProcessingInitializeOnLoad (202ms)
			ProcessInitializeOnLoadAttributes (8048ms)
			ProcessInitializeOnLoadMethodAttributes (102ms)
			AfterProcessingInitializeOnLoad (7ms)
		AwakeInstancesAfterBackupRestoration (22ms)
(Values over 0.050ms)
Asset Pipeline Refresh (id=5b98032fcdce7054889a2a55a61ead47): Total: 12.440 seconds - Initiated by InitialRefreshV2(ForceSynchronousImport)
	Summary:
		Imports: total=0 (actual=0, local cache=0, cache server=0)
		Asset DB Process Time: managed=0 ms, native=9406 ms
		Asset DB Callback time: managed=872 ms, native=69 ms
		Scripting: domain reloads=1, domain reload time=1020 ms, compile time=987 ms, other=83 ms
		Project Asset Count: scripts=2186, non-scripts=3853
		Asset File Changes: new=0, changed=0, moved=0, deleted=0
		Scan Filter Count: 0
	InvokePackagesCallback: 73.043ms
	ApplyChangesToAssetFolders: 1.499ms
	Scan: 230.329ms
	CategorizeScriptCompilationAssets: 52.015ms
	ProcessAssetsWithTransientArtifactChanges: 91.626ms
	CategorizeAssets: 100.215ms
	CompileScripts: 986.924ms
	ImportOutOfDateAssets: 8742.749ms (8738.285ms without children)
		UnloadImportedAssets: 2.257ms
		EnsureUptoDateAssetsAreRegisteredWithGuidPM: 1.139ms
		OnDemandSchedulerStart: 1.024ms
	PostProcessAllAssets: 872.572ms
		MonoPostProcessAllAssets: 872.486ms
			UniversalRenderPipelineGlobalSettingsPostprocessor.OnPostprocessAllAssets 11.773ms
			SyncVS.PostprocessSyncProject 2.990ms
			SpeedTree9Postprocessor.OnPostprocessAllAssets 2.935ms
			WindowAssetPostprocessingWatcher.OnPostprocessAllAssets 2.028ms
			RenderPipelineGlobalSettingsPostprocessor.OnPostprocessAllAssets 0.846ms
			AssetPostProcessor.OnPostprocessAllAssets 0.682ms
			ReferencedClipsPostProcessor.OnPostprocessAllAssets 0.383ms
			InputActionAssetPostprocessor.OnPostprocessAllAssets 0.323ms
			TerrainToolbarOverlayPostProcessor.OnPostprocessAllAssets 0.248ms
			AssetDatabaseCallbacks.OnPostprocessAllAssets 0.177ms
			ProjectSettingsPostprocessor.OnPostprocessAllAssets 0.135ms
			InputActionJsonNameModifierAssetProcessor.OnPostprocessAllAssets 0.111ms
	UnloadStreamsBegin: 4.173ms
	PersistCurrentRevisions: 0.257ms
	GenerateScriptTypeHashes: 11.941ms
	GenerateScriptTypeSerializationHashes: 17.342ms
	Untracked: 1277.407ms

Application.AssetDatabase Initial Refresh End
Launched and connected shader compiler UnityShaderCompiler.exe after 0.01 seconds
Shader 'Oculus/OVRMRCameraFrameLit': fallback shader 'Alpha-Diffuse' not found
Scanning for USB devices : 1.800ms
Initializing Unity extensions:
[MODES] ModeService[none].Initialize
[MODES] ModeService[none].LoadModes
[MODES] Loading mode Default (0) for mode-current-id-OPUS
[HRT] RulesProvider: loaded 4 remote rule(s) (schema v1).
UnityEngine.Debug:ExtractStackTraceNoAlloc (byte*,int,string)
UnityEngine.StackTraceUtility:ExtractStackTrace ()
UnityEngine.DebugLogHandler:Internal_Log (UnityEngine.LogType,UnityEngine.LogOption,string,UnityEngine.Object)
UnityEngine.DebugLogHandler:LogFormat (UnityEngine.LogType,UnityEngine.Object,string,object[])
UnityEngine.Logger:Log (UnityEngine.LogType,object)
UnityEngine.Debug:Log (object)
Meta.HandReadinessTool.Editor.HandReadinessRulesProvider:EmitSuccess (int,int) (at ./Library/PackageCache/com.meta.xr.sdk.core@4ea2676097b9/Editor/HandReadinessTool/HandReadinessRulesProvider.cs:175)
Meta.HandReadinessTool.Editor.HandReadinessRulesProvider/<FetchAndSwap>d__11:MoveNext () (at ./Library/PackageCache/com.meta.xr.sdk.core@4ea2676097b9/Editor/HandReadinessTool/HandReadinessRulesProvider.cs:125)
System.Runtime.CompilerServices.AsyncMethodBuilderCore/MoveNextRunner:InvokeMoveNext (object)
System.Threading.ExecutionContext:RunInternal (System.Threading.ExecutionContext,System.Threading.ContextCallback,object,bool)
System.Threading.ExecutionContext:Run (System.Threading.ExecutionContext,System.Threading.ContextCallback,object,bool)
System.Runtime.CompilerServices.AsyncMethodBuilderCore/MoveNextRunner:Run ()
System.Threading.Tasks.AwaitTaskContinuation:InvokeAction (object)
System.Threading.Tasks.AwaitTaskContinuation:RunCallback (System.Threading.ContextCallback,object,System.Threading.Tasks.Task&)
System.Threading.Tasks.SynchronizationContextAwaitTaskContinuation:Run (System.Threading.Tasks.Task,bool)
System.Threading.Tasks.Task:FinishContinuations ()
System.Threading.Tasks.Task:FinishStageThree ()
System.Threading.Tasks.Task`1<Meta.XR.Editor.RemoteContent.DownloadResult`1<Meta.HandReadinessTool.Editor.HandReadinessRulesProvider/RulesPayload>>:TrySetResult (Meta.XR.Editor.RemoteContent.DownloadResult`1<Meta.HandReadinessTool.Editor.HandReadinessRulesProvider/RulesPayload>)
System.Runtime.CompilerServices.AsyncTaskMethodBuilder`1<Meta.XR.Editor.RemoteContent.DownloadResult`1<Meta.HandReadinessTool.Editor.HandReadinessRulesProvider/RulesPayload>>:SetResult (Meta.XR.Editor.RemoteContent.DownloadResult`1<Meta.HandReadinessTool.Editor.HandReadinessRulesProvider/RulesPayload>)
Meta.XR.Editor.UserInterface.RemoteJsonContent`1/<Create>d__1<Meta.HandReadinessTool.Editor.HandReadinessRulesProvider/RulesPayload>:MoveNext () (at ./Library/PackageCache/com.meta.xr.sdk.core@4ea2676097b9/Editor/Utils/UserInterface/RemoteJsonContent.cs:56)
System.Runtime.CompilerServices.AsyncMethodBuilderCore/MoveNextRunner:InvokeMoveNext (object)
System.Threading.ExecutionContext:RunInternal (System.Threading.ExecutionContext,System.Threading.ContextCallback,object,bool)
System.Threading.ExecutionContext:Run (System.Threading.ExecutionContext,System.Threading.ContextCallback,object,bool)
System.Runtime.CompilerServices.AsyncMethodBuilderCore/MoveNextRunner:Run ()
System.Threading.Tasks.AwaitTaskContinuation:InvokeAction (object)
System.Threading.Tasks.AwaitTaskContinuation:RunCallback (System.Threading.ContextCallback,object,System.Threading.Tasks.Task&)
System.Threading.Tasks.SynchronizationContextAwaitTaskContinuation:Run (System.Threading.Tasks.Task,bool)
System.Threading.Tasks.Task:FinishContinuations ()
System.Threading.Tasks.Task:FinishStageThree ()
System.Threading.Tasks.Task`1<Meta.XR.Editor.RemoteContent.DownloadResult`1<string>>:TrySetResult (Meta.XR.Editor.RemoteContent.DownloadResult`1<string>)
System.Runtime.CompilerServices.AsyncTaskMethodBuilder`1<Meta.XR.Editor.RemoteContent.DownloadResult`1<string>>:SetResult (Meta.XR.Editor.RemoteContent.DownloadResult`1<string>)
Meta.XR.Editor.RemoteContent.RemoteJsonContentDownloader/<Fetch>d__3:MoveNext () (at ./Library/PackageCache/com.meta.xr.sdk.core@4ea2676097b9/Editor/Utils/RemoteContent/RemoteContentDownloader.cs:374)
System.Runtime.CompilerServices.AsyncMethodBuilderCore/MoveNextRunner:InvokeMoveNext (object)
System.Threading.ExecutionContext:RunInternal (System.Threading.ExecutionContext,System.Threading.ContextCallback,object,bool)
System.Threading.ExecutionContext:Run (System.Threading.ExecutionContext,System.Threading.ContextCallback,object,bool)
System.Runtime.CompilerServices.AsyncMethodBuilderCore/MoveNextRunner:Run ()
System.Threading.Tasks.AwaitTaskContinuation:InvokeAction (object)
System.Threading.Tasks.AwaitTaskContinuation:RunCallback (System.Threading.ContextCallback,object,System.Threading.Tasks.Task&)
System.Threading.Tasks.SynchronizationContextAwaitTaskContinuation:Run (System.Threading.Tasks.Task,bool)
System.Threading.Tasks.Task:FinishContinuations ()
System.Threading.Tasks.Task:FinishStageThree ()
System.Threading.Tasks.Task`1<Meta.XR.Editor.RemoteContent.DownloadResult`1<string>>:TrySetResult (Meta.XR.Editor.RemoteContent.DownloadResult`1<string>)
System.Runtime.CompilerServices.AsyncTaskMethodBuilder`1<Meta.XR.Editor.RemoteContent.DownloadResult`1<string>>:SetResult (Meta.XR.Editor.RemoteContent.DownloadResult`1<string>)
Meta.XR.Editor.RemoteContent.RemoteContentDownloader`1/<Fetch>d__31`1<Meta.XR.Editor.RemoteContent.RemoteJsonContentDownloader, string>:MoveNext () (at ./Library/PackageCache/com.meta.xr.sdk.core@4ea2676097b9/Editor/Utils/RemoteContent/RemoteContentDownloader.cs:309)
System.Runtime.CompilerServices.AsyncMethodBuilderCore/MoveNextRunner:InvokeMoveNext (object)
System.Threading.ExecutionContext:RunInternal (System.Threading.ExecutionContext,System.Threading.ContextCallback,object,bool)
System.Threading.ExecutionContext:Run (System.Threading.ExecutionContext,System.Threading.ContextCallback,object,bool)
System.Runtime.CompilerServices.AsyncMethodBuilderCore/MoveNextRunner:Run ()
System.Threading.Tasks.AwaitTaskContinuation:InvokeAction (object)
System.Threading.Tasks.AwaitTaskContinuation:RunCallback (System.Threading.ContextCallback,object,System.Threading.Tasks.Task&)
System.Threading.Tasks.SynchronizationContextAwaitTaskContinuation:Run (System.Threading.Tasks.Task,bool)
System.Threading.Tasks.Task:FinishContinuations ()
System.Threading.Tasks.Task:FinishStageThree ()
System.Threading.Tasks.Task`1<string>:TrySetResult (string)
System.Runtime.CompilerServices.AsyncTaskMethodBuilder`1<string>:SetResult (string)
Meta.XR.Editor.RemoteContent.RemoteJsonContentDownloader/<ReadFromCache>d__5`1<string>:MoveNext () (at ./Library/PackageCache/com.meta.xr.sdk.core@4ea2676097b9/Editor/Utils/RemoteContent/RemoteContentDownloader.cs:401)
System.Runtime.CompilerServices.AsyncMethodBuilderCore/MoveNextRunner:InvokeMoveNext (object)
System.Threading.ExecutionContext:RunInternal (System.Threading.ExecutionContext,System.Threading.ContextCallback,object,bool)
System.Threading.ExecutionContext:Run (System.Threading.ExecutionContext,System.Threading.ContextCallback,object,bool)
System.Runtime.CompilerServices.AsyncMethodBuilderCore/MoveNextRunner:Run ()
System.Threading.Tasks.SynchronizationContextAwaitTaskContinuation/<>c:<.cctor>b__7_0 (object)
UnityEngine.UnitySynchronizationContext/WorkRequest:Invoke ()
UnityEngine.UnitySynchronizationContext:Exec ()
UnityEngine.UnitySynchronizationContext:ExecuteTasks ()

(Filename: ./Library/PackageCache/com.meta.xr.sdk.core@4ea2676097b9/Editor/HandReadinessTool/HandReadinessRulesProvider.cs Line: 175)

[HRT] PromptProvider: loaded remote prompt (systemPrompt=4925c, references=2, schema v1).
UnityEngine.Debug:ExtractStackTraceNoAlloc (byte*,int,string)
UnityEngine.StackTraceUtility:ExtractStackTrace ()
UnityEngine.DebugLogHandler:Internal_Log (UnityEngine.LogType,UnityEngine.LogOption,string,UnityEngine.Object)
UnityEngine.DebugLogHandler:LogFormat (UnityEngine.LogType,UnityEngine.Object,string,object[])
UnityEngine.Logger:Log (UnityEngine.LogType,object)
UnityEngine.Debug:Log (object)
Meta.HandReadinessTool.Editor.HandReadinessPromptProvider:EmitSuccess (int,int,int) (at ./Library/PackageCache/com.meta.xr.sdk.core@4ea2676097b9/Editor/HandReadinessTool/HandReadinessPromptProvider.cs:159)
Meta.HandReadinessTool.Editor.HandReadinessPromptProvider/<FetchAndSwap>d__11:MoveNext () (at ./Library/PackageCache/com.meta.xr.sdk.core@4ea2676097b9/Editor/HandReadinessTool/HandReadinessPromptProvider.cs:122)
System.Runtime.CompilerServices.AsyncMethodBuilderCore/MoveNextRunner:InvokeMoveNext (object)
System.Threading.ExecutionContext:RunInternal (System.Threading.ExecutionContext,System.Threading.ContextCallback,object,bool)
System.Threading.ExecutionContext:Run (System.Threading.ExecutionContext,System.Threading.ContextCallback,object,bool)
System.Runtime.CompilerServices.AsyncMethodBuilderCore/MoveNextRunner:Run ()
System.Threading.Tasks.AwaitTaskContinuation:InvokeAction (object)
System.Threading.Tasks.AwaitTaskContinuation:RunCallback (System.Threading.ContextCallback,object,System.Threading.Tasks.Task&)
System.Threading.Tasks.SynchronizationContextAwaitTaskContinuation:Run (System.Threading.Tasks.Task,bool)
System.Threading.Tasks.Task:FinishContinuations ()
System.Threading.Tasks.Task:FinishStageThree ()
System.Threading.Tasks.Task`1<Meta.XR.Editor.RemoteContent.DownloadResult`1<Meta.HandReadinessTool.Editor.HandReadinessPromptProvider/PromptPayload>>:TrySetResult (Meta.XR.Editor.RemoteContent.DownloadResult`1<Meta.HandReadinessTool.Editor.HandReadinessPromptProvider/PromptPayload>)
System.Runtime.CompilerServices.AsyncTaskMethodBuilder`1<Meta.XR.Editor.RemoteContent.DownloadResult`1<Meta.HandReadinessTool.Editor.HandReadinessPromptProvider/PromptPayload>>:SetResult (Meta.XR.Editor.RemoteContent.DownloadResult`1<Meta.HandReadinessTool.Editor.HandReadinessPromptProvider/PromptPayload>)
Meta.XR.Editor.UserInterface.RemoteJsonContent`1/<Create>d__1<Meta.HandReadinessTool.Editor.HandReadinessPromptProvider/PromptPayload>:MoveNext () (at ./Library/PackageCache/com.meta.xr.sdk.core@4ea2676097b9/Editor/Utils/UserInterface/RemoteJsonContent.cs:56)
System.Runtime.CompilerServices.AsyncMethodBuilderCore/MoveNextRunner:InvokeMoveNext (object)
System.Threading.ExecutionContext:RunInternal (System.Threading.ExecutionContext,System.Threading.ContextCallback,object,bool)
System.Threading.ExecutionContext:Run (System.Threading.ExecutionContext,System.Threading.ContextCallback,object,bool)
System.Runtime.CompilerServices.AsyncMethodBuilderCore/MoveNextRunner:Run ()
System.Threading.Tasks.AwaitTaskContinuation:InvokeAction (object)
System.Threading.Tasks.AwaitTaskContinuation:RunCallback (System.Threading.ContextCallback,object,System.Threading.Tasks.Task&)
System.Threading.Tasks.SynchronizationContextAwaitTaskContinuation:Run (System.Threading.Tasks.Task,bool)
System.Threading.Tasks.Task:FinishContinuations ()
System.Threading.Tasks.Task:FinishStageThree ()
System.Threading.Tasks.Task`1<Meta.XR.Editor.RemoteContent.DownloadResult`1<string>>:TrySetResult (Meta.XR.Editor.RemoteContent.DownloadResult`1<string>)
System.Runtime.CompilerServices.AsyncTaskMethodBuilder`1<Meta.XR.Editor.RemoteContent.DownloadResult`1<string>>:SetResult (Meta.XR.Editor.RemoteContent.DownloadResult`1<string>)
Meta.XR.Editor.RemoteContent.RemoteJsonContentDownloader/<Fetch>d__3:MoveNext () (at ./Library/PackageCache/com.meta.xr.sdk.core@4ea2676097b9/Editor/Utils/RemoteContent/RemoteContentDownloader.cs:374)
System.Runtime.CompilerServices.AsyncMethodBuilderCore/MoveNextRunner:InvokeMoveNext (object)
System.Threading.ExecutionContext:RunInternal (System.Threading.ExecutionContext,System.Threading.ContextCallback,object,bool)
System.Threading.ExecutionContext:Run (System.Threading.ExecutionContext,System.Threading.ContextCallback,object,bool)
System.Runtime.CompilerServices.AsyncMethodBuilderCore/MoveNextRunner:Run ()
System.Threading.Tasks.AwaitTaskContinuation:InvokeAction (object)
System.Threading.Tasks.AwaitTaskContinuation:RunCallback (System.Threading.ContextCallback,object,System.Threading.Tasks.Task&)
System.Threading.Tasks.SynchronizationContextAwaitTaskContinuation:Run (System.Threading.Tasks.Task,bool)
System.Threading.Tasks.Task:FinishContinuations ()
System.Threading.Tasks.Task:FinishStageThree ()
System.Threading.Tasks.Task`1<Meta.XR.Editor.RemoteContent.DownloadResult`1<string>>:TrySetResult (Meta.XR.Editor.RemoteContent.DownloadResult`1<string>)
System.Runtime.CompilerServices.AsyncTaskMethodBuilder`1<Meta.XR.Editor.RemoteContent.DownloadResult`1<string>>:SetResult (Meta.XR.Editor.RemoteContent.DownloadResult`1<string>)
Meta.XR.Editor.RemoteContent.RemoteContentDownloader`1/<Fetch>d__31`1<Meta.XR.Editor.RemoteContent.RemoteJsonContentDownloader, string>:MoveNext () (at ./Library/PackageCache/com.meta.xr.sdk.core@4ea2676097b9/Editor/Utils/RemoteContent/RemoteContentDownloader.cs:309)
System.Runtime.CompilerServices.AsyncMethodBuilderCore/MoveNextRunner:InvokeMoveNext (object)
System.Threading.ExecutionContext:RunInternal (System.Threading.ExecutionContext,System.Threading.ContextCallback,object,bool)
System.Threading.ExecutionContext:Run (System.Threading.ExecutionContext,System.Threading.ContextCallback,object,bool)
System.Runtime.CompilerServices.AsyncMethodBuilderCore/MoveNextRunner:Run ()
System.Threading.Tasks.AwaitTaskContinuation:InvokeAction (object)
System.Threading.Tasks.AwaitTaskContinuation:RunCallback (System.Threading.ContextCallback,object,System.Threading.Tasks.Task&)
System.Threading.Tasks.SynchronizationContextAwaitTaskContinuation:Run (System.Threading.Tasks.Task,bool)
System.Threading.Tasks.Task:FinishContinuations ()
System.Threading.Tasks.Task:FinishStageThree ()
System.Threading.Tasks.Task`1<string>:TrySetResult (string)
System.Runtime.CompilerServices.AsyncTaskMethodBuilder`1<string>:SetResult (string)
Meta.XR.Editor.RemoteContent.RemoteJsonContentDownloader/<ReadFromCache>d__5`1<string>:MoveNext () (at ./Library/PackageCache/com.meta.xr.sdk.core@4ea2676097b9/Editor/Utils/RemoteContent/RemoteContentDownloader.cs:401)
System.Runtime.CompilerServices.AsyncMethodBuilderCore/MoveNextRunner:InvokeMoveNext (object)
System.Threading.ExecutionContext:RunInternal (System.Threading.ExecutionContext,System.Threading.ContextCallback,object,bool)
System.Threading.ExecutionContext:Run (System.Threading.ExecutionContext,System.Threading.ContextCallback,object,bool)
System.Runtime.CompilerServices.AsyncMethodBuilderCore/MoveNextRunner:Run ()
System.Threading.Tasks.SynchronizationContextAwaitTaskContinuation/<>c:<.cctor>b__7_0 (object)
UnityEngine.UnitySynchronizationContext/WorkRequest:Invoke ()
UnityEngine.UnitySynchronizationContext:Exec ()
UnityEngine.UnitySynchronizationContext:ExecuteTasks ()

(Filename: ./Library/PackageCache/com.meta.xr.sdk.core@4ea2676097b9/Editor/HandReadinessTool/HandReadinessPromptProvider.cs Line: 159)

Unloading 146 Unused Serialized files (Serialized files now loaded: 0)
Unloading 6883 unused Assets / (6.8 MB). Loaded Objects now: 8996.
Memory consumption went from 266.0 MB to 259.2 MB.
Total: 15.348700 ms (FindLiveObjects: 0.627000 ms CreateObjectMapping: 0.584300 ms MarkObjects: 11.196300 ms  DeleteObjects: 2.936600 ms)

[Project] Loading completed in 16.795 seconds
	Project init time: 				14.769 seconds
		Template init time: 		0.000 seconds
		Package Manager init time: 		0.314 seconds
		Asset Database init time: 		0.394 seconds
		Global illumination init time: 	0.002 seconds
		Assemblies load time: 			0.911 seconds
		Unity extensions init time: 	0.032 seconds
		Asset Database refresh time: 	12.441 seconds
	Scene opening time: 			1.749 seconds
##utp:{"type":"ProjectInfo","version":2,"phase":"Immediate","time":1789645864790,"processId":28708,"projectLoad":16.7945565,"projectInit":14.769207,"templateInit":0.0,"packageManagerInit":0.313795,"assetDatabaseInit":0.3936681,"globalIlluminationInit":0.0024562,"assembliesLoad":0.9106236,"unityExtensionsInit":0.0320815,"assetDatabaseRefresh":12.440843,"sceneOpening":1.7487408}
##utp:{"type":"EditorInfo","version":2,"phase":"Immediate","time":1789645864790,"processId":28708,"editorVersion":"6000.4.6f1 (0b051c2e5d54)","branch":"6000.4/staging","buildType":"Release","platform":"Windows"}
[Licensing::Client] Successfully resolved entitlement details
[Licensing::Client] Successfully resolved entitlement details
Start importing Assets/XR/Settings/OpenXR Package Settings.asset using Guid(0d647736f3e354044b23fb340838e9eb) (NativeFormatImporter) -> (Import Result ID: '83be3409bcbc20eef5cbae634207ea95') in 0.0084119 seconds [static dependencies only]. Details - ImportResultOutputID=c8338305546446aab4e7d26577b91671 DependenciesID=2c407465c3fa9fdae37604ba5dc1335a StaticDependenciesID=e7252c103fdb22a96e109f3b4bbed5a2 
Refreshing native plugins compatible for Editor in 10.51 ms, found 12 plugins.
Asset Pipeline Refresh (id=dadf5b7f0d833bc4795492c30994a905): Total: 0.258 seconds - Initiated by StopAssetImportingV2(NoUpdateAssetOptions)
Start importing Assets/XR/Settings/OpenXR Package Settings.asset using Guid(0d647736f3e354044b23fb340838e9eb) (NativeFormatImporter) -> (Import Result ID: '83be3409bcbc20eef5cbae634207ea95') in 0.0023623 seconds [static dependencies only]. Details - ImportResultOutputID=c8338305546446aab4e7d26577b91671 DependenciesID=2c407465c3fa9fdae37604ba5dc1335a StaticDependenciesID=e7252c103fdb22a96e109f3b4bbed5a2 
Refreshing native plugins compatible for Editor in 10.92 ms, found 12 plugins.
Asset Pipeline Refresh (id=4af19f3a977d06f46a0f95f2c595f369): Total: 0.037 seconds - Initiated by StopAssetImportingV2(NoUpdateAssetOptions)
Running tests for ExecutionSettings with details:
targetPlatform = 
playerHeartbeatTimeout = 600
filters[0] = 
   Filter with settings:
   testMode = PlayMode
   targetPlatform = 
   testNames = null
   groupNames = DemoDriver_ProducesAllFourAuditStates
   categoryNames = null
   assemblyNames = null
ignoreTests = {}
featureFlags = null

UnityEngine.Debug:ExtractStackTraceNoAlloc (byte*,int,string)
UnityEngine.StackTraceUtility:ExtractStackTrace ()
UnityEngine.DebugLogHandler:Internal_Log (UnityEngine.LogType,UnityEngine.LogOption,string,UnityEngine.Object)
UnityEngine.DebugLogHandler:LogFormat (UnityEngine.LogType,UnityEngine.Object,string,object[])
UnityEngine.Logger:Log (UnityEngine.LogType,object)
UnityEngine.Debug:Log (object)
UnityEditor.TestTools.TestRunner.CommandLineTest.Executer:InitializeAndExecuteRun (string[]) (at ./Library/PackageCache/com.unity.test-framework@76560ee600cb/UnityEditor.TestRunner/CommandLineTest/Executer.cs:53)
UnityEditor.TestTools.TestRunner.CommandLineTest.TestStarter:InitializeAndExecuteRun () (at ./Library/PackageCache/com.unity.test-framework@76560ee600cb/UnityEditor.TestRunner/CommandLineTest/TestStarter.cs:64)
UnityEditor.EditorApplication:Internal_CallUpdateFunctions ()

(Filename: ./Library/PackageCache/com.unity.test-framework@76560ee600cb/UnityEditor.TestRunner/CommandLineTest/Executer.cs Line: 53)

DisplayProgressbar: Material Upgrader re-import
ConsistencyChecker - guid: c3ba18e9fa5e9104098cbdbb3e23a5b4, dependenciesHash.value: 2d8909d39449d449e2e91d1caaf5dbff, importResultID: f143c0a325e646e873404f7e44f72bd5, producedFiles[0].extension: , producedFiles[0].contentHash: 6bccdc326a1e2118b6bf33959b3df033
ConsistencyChecker - guid: c3ba18e9fa5e9104098cbdbb3e23a5b4, dependenciesHash.value: 2d8909d39449d449e2e91d1caaf5dbff, importResultID: 0d71ad9cbdec4e9a30b06607bae37740, producedFiles[0].extension: , producedFiles[0].contentHash: a78c83d2a6c22826ab52b8fe999ebe7b
Importer(FBXImporter) generated inconsistent result for asset(guid:c3ba18e9fa5e9104098cbdbb3e23a5b4) "Packages/com.meta.xr.sdk.core/Meshes/OculusTouchForRift/left_touch_controller_model_skel.fbx"
UnityEngine.Debug:ExtractStackTraceNoAlloc (byte*,int,string)
UnityEngine.StackTraceUtility:ExtractStackTrace ()
UnityEditor.AssetDatabase:ImportAsset (string,UnityEditor.ImportAssetOptions)
UnityEditor.AssetDatabase:ImportAsset (string)
UnityEditor.Rendering.AssetReimportUtils:ReimportAll<UnityEngine.Material> (double&,uint&,System.Func`2<string, bool>) (at ./Library/PackageCache/com.unity.render-pipelines.core@630143bbfe2b/Editor/Material/AssetReimportUtils.cs:36)
UnityEditor.Rendering.Universal.MaterialReimporter:ReimportAllMaterials () (at ./Library/PackageCache/com.unity.render-pipelines.universal@0d0659f1368d/Editor/AssetPostProcessors/MaterialPostprocessor.cs:37)
UnityEditor.Rendering.Universal.MaterialReimporter/<>c:<RegisterUpgraderReimport>b__2_0 () (at ./Library/PackageCache/com.unity.render-pipelines.universal@0d0659f1368d/Editor/AssetPostProcessors/MaterialPostprocessor.cs:76)
UnityEditor.EditorApplication:Internal_CallUpdateFunctions ()

[./Library/PackageCache/com.unity.render-pipelines.universal@0d0659f1368d/Editor/AssetPostProcessors/MaterialPostprocessor.cs line 37]

Start importing Packages/com.meta.xr.sdk.interaction/Runtime/Sample/Materials/InteractionLabelMaterial.mat using Guid(30f92f92e33677c4fb334dc96f67e6ac) (NativeFormatImporter) -> (Import Result ID: '8585e6a82c05aff8d96b98ce9fd59370') in 0.0025637 seconds [static dependencies only]. Details - ImportResultOutputID=8c3c8fc0136fae93faa1795d9cdce918 DependenciesID=6d30b29681e5692ec9cf7bb6ba668157 StaticDependenciesID=5806f9f6c6924d1c352cc840db9a127b 
Start importing Packages/com.meta.xr.sdk.interaction/Runtime/Sample/Objects/Props/MapWithPins/Materials/MapFrameMat.mat using Guid(40fece458fc28b244be0f13bec5a2975) (NativeFormatImporter) -> (Import Result ID: '1ba76a66e4e2e452d371f03438f4d5ef') in 0.0020396 seconds [static dependencies only]. Details - ImportResultOutputID=08b09391ecd750905c986568d798e6ec DependenciesID=d0d46fdaaf58b75fa1491b0f3c7b2825 StaticDependenciesID=5d652c235525d74f9a2fbdbc44a5ba9e 
Start importing Packages/com.meta.xr.sdk.core/Scripts/ImmersiveDebugger/UserInterface/Resources/Materials/TextureDiffused.mat using Guid(502ec803763e1e841b7b3f6075bd1da6) (NativeFormatImporter) -> (Import Result ID: 'eb6f8002de2eebbf4d8060fffa56c58e') in 0.0017154 seconds [static dependencies only]. Details - ImportResultOutputID=fa8ce484f4d9e72e8881bfc3abae356b DependenciesID=8f2cd13ea34412ba1bc4162b91141b86 StaticDependenciesID=41903b33d0853342447c3991b771b7ad 
Start importing Packages/com.meta.xr.sdk.interaction/Runtime/Sample/Objects/Props/WaterParticles/Materials/ParticleStreamMat.mat using Guid(70b1ef2f08272984eb0d645c1a858744) (NativeFormatImporter) -> (Import Result ID: '8792c1fa313123eab86bbb518cf2a2d1') in 0.0020328 seconds [static dependencies only]. Details - ImportResultOutputID=552710c131f845c7fd3020435a71a167 DependenciesID=7da5cc5243b2dc5eebfc5b4ec8af9b97 StaticDependenciesID=596592f9af2c26e9fc200ae266bda4ea 
Start importing Packages/com.meta.xr.sdk.interaction/Runtime/Sample/Materials/MultiGradientUI.mat using Guid(80ed8b4728ea41d4482d3c5528a2660f) (NativeFormatImporter) -> (Import Result ID: '3a01da8cff14b4737a23eca2f4d9d77b') in 0.0018368 seconds [static dependencies only]. Details - ImportResultOutputID=6d11695c4558c241050cad3c7220434d DependenciesID=ca69fe7c6c5c617d8b655bdef1d6f6a5 StaticDependenciesID=999b85f1661f245222bcbb81000e732e 
Start importing Assets/MetaAssets/Materials/43333/43333_L.mat using Guid(90264275742e3724b9956b2dbd115bce) (NativeFormatImporter) -> (Import Result ID: '9ef63c9200fba31db3fcd3fe2a34ef35') in 0.0018344 seconds [static dependencies only]. Details - ImportResultOutputID=e8a1f50d3ab104040bc4bb1b835a4d3e DependenciesID=c2d495c3ea5e443265a86470e43db18f StaticDependenciesID=91afd4ccfb1dd18d542c912940b4f5b2 
Start importing Packages/com.meta.xr.sdk.interaction/Runtime/Sample/Materials/PanelAffordanceMaterial.mat using Guid(b05405039f3d8ed4d9d92ac82fccddfe) (NativeFormatImporter) -> (Import Result ID: 'a3c50018362720de1cf9f73262839ddf') in 0.0019639 seconds [static dependencies only]. Details - ImportResultOutputID=687dce9f942ee25a8624620607505d9a DependenciesID=5350f29cf8239411bc333a6b81ae546a StaticDependenciesID=17bd68570121fbed20128d8de1dbae55 
Start importing Packages/com.meta.xr.sdk.interaction/Runtime/Sample/Objects/Props/IconBox/Materials/iconBoxMaterial.mat using Guid(d07b4fe945f100f4494504db069cf356) (NativeFormatImporter) -> (Import Result ID: '7fd97fe2f337a354035fb6ac255eb33d') in 0.0017361 seconds [static dependencies only]. Details - ImportResultOutputID=83b1c94d57a1ba119ddb1d805299736f DependenciesID=28eac9ac8e9a1ccba9555243afc736fe StaticDependenciesID=9640f533b66dc9cdf99bfed37b01b219 
Start importing Packages/com.meta.xr.sdk.interaction/Runtime/Sample/Objects/Environment/Locomotion/Models/Materials/LocomotionRoomMat.mat using Guid(e01361b17470e4e48bbd0a322bcd94ea) (NativeFormatImporter) -> (Import Result ID: '3bad6d0f94246b4e9445f1fe03f90d31') in 0.0020944 seconds [static dependencies only]. Details - ImportResultOutputID=eca0ffbade5e3a49281778559fafb3c0 DependenciesID=cf90f711a0d13d910da87fe0bbf9c89e StaticDependenciesID=87e9cdcf283ea18fd51d3e9ec72ff3e0 
Start importing Packages/com.meta.xr.sdk.interaction/Runtime/Materials/LocomotionIndicatorMaterial.mat using Guid(e0c493fb22c458946bd44e502efbecd7) (NativeFormatImporter) -> (Import Result ID: '9a57febd5d3549cf7af89f3df9bbe484') in 0.0019591 seconds [static dependencies only]. Details - ImportResultOutputID=075982a605d0d090dd88fdf6a00fc922 DependenciesID=3837666ddafb5b3cada9719de67d1aaf StaticDependenciesID=ca733b5d903295b5e5973406ed2eada8 
Start importing Packages/com.meta.xr.sdk.interaction/Runtime/Materials/Unlit Material.mat using Guid(f0d16396e840d534aa085e8f2c700786) (NativeFormatImporter) -> (Import Result ID: 'c016eeeef466ce57c68545f67a1377dd') in 0.0017291 seconds [static dependencies only]. Details - ImportResultOutputID=5780e91d6aec1f3da3c4af2eb4165072 DependenciesID=d4712a263db347eb5cf23eefd8f57f85 StaticDependenciesID=e2dd0ea6688ce294d01610ee9b9c7267 
Start importing Assets/MetaAssets/Materials/12913/12913_S.mat using Guid(f0d94a8c243dd43498f5fe37672535d2) (NativeFormatImporter) -> (Import Result ID: '3c1a4155b2925ae41c5be86d119b6703') in 0.001787 seconds [static dependencies only]. Details - ImportResultOutputID=b94c0125116102982e367e0533f6b647 DependenciesID=25d4e55c36d3757da1c6f31d6efaa811 StaticDependenciesID=e9db8126f4883b3296de1b8027ae027b 
Start importing Packages/com.meta.xr.sdk.core/Meshes/OculusTouchForQuestAndRiftS/Materials/OculusTouchForQuestAndRiftS_Material.mat using Guid(01ac879f6ce09924e9c26663f798beaf) (NativeFormatImporter) -> (Import Result ID: 'ee9d22e4e6ad93cca13cfd27e90686fa') in 0.0021081 seconds [static dependencies only]. Details - ImportResultOutputID=275747dca6d4c162fa5b94057d1c141a DependenciesID=a195fb95ce771998ca7fff4531487ecc StaticDependenciesID=055816ee7480d5d0886b1d9db9220659 
Start importing Packages/com.meta.xr.sdk.interaction/Runtime/Sample/Materials/PanelCanvasBackdropMaterial.mat using Guid(11996382e8bb2a240883bd49e19c49d1) (NativeFormatImporter) -> (Import Result ID: 'a77a06d0119a93dd3fb261a6f051e61d') in 0.0017854 seconds [static dependencies only]. Details - ImportResultOutputID=4ec0b3fb32467178759b9a494c475bec DependenciesID=88890df5cd5cfc3020c29f475ab16eda StaticDependenciesID=a0d8fa7654a58b9a9df68242d0d43057 
Start importing Packages/com.meta.xr.sdk.interaction/Runtime/Sample/Objects/Environment/Locomotion/Models/Materials/LocomotionMirrorMat.mat using Guid(116ea48a5d0307d4b99006d38bafbb80) (NativeFormatImporter) -> (Import Result ID: 'f1f9aae42ac2a0a919b919164edd9c8c') in 0.0022103 seconds [static dependencies only]. Details - ImportResultOutputID=08695cd1b1f33fc3d55971a48d6e5175 DependenciesID=4d93ef9db1eb636d9dc3813b1cba1343 StaticDependenciesID=56bb8584517fa1dd9e371980b3f4c6d2 
Start importing Packages/com.meta.xr.sdk.interaction/Runtime/Sample/Objects/Props/StonePolyhedra/Materials/StonePolyhedraMat.mat using Guid(21e2d1ccfb56a1742b755a638f627ee7) (NativeFormatImporter) -> (Import Result ID: 'a37cb22d701d128d103ac6f8b710da47') in 0.0020258 seconds [static dependencies only]. Details - ImportResultOutputID=eed56b5538103a6f00b2fee0ad3f5aea DependenciesID=381a462bacad958a0fe056f63c31846f StaticDependenciesID=4d6ceb4ae9a3de0f39fb4f5c2cd0e663 
Start importing Packages/com.unity.render-pipelines.universal/Runtime/Materials/Decal.mat using Guid(31d0dcc6f2dd4e4408d18036a2c93862) (NativeFormatImporter) -> (Import Result ID: '2f087c68a09831bfc3e224c771dc4b3b') in 0.0021247 seconds [static dependencies only]. Details - ImportResultOutputID=7981e750e4a0a0381d2f3a6ab3f482cb DependenciesID=f44d78de89c86686005c45d701dcb169 StaticDependenciesID=a737e2f554d88d839173bcd2d07a2d7f 
Start importing Packages/com.unity.render-pipelines.universal/Runtime/Materials/Lit.mat using Guid(31321ba15b8f8eb4c954353edc038b1d) (NativeFormatImporter) -> (Import Result ID: 'e253e2e063e486d23477a7d6015ff76c') in 0.0024459 seconds [static dependencies only]. Details - ImportResultOutputID=0bda2be740cfa1757b896643206cac1f DependenciesID=f7304b3ae95f0f10a70359685e7fef79 StaticDependenciesID=a989d18b31397dfa71d5926b4c05dcc7 
Start importing Packages/com.meta.xr.sdk.interaction/Runtime/Sample/Materials/PanelBorderAffordanceSimplified.mat using Guid(31bae555d91c37c47a1181868917e61d) (NativeFormatImporter) -> (Import Result ID: 'ae01aeaeb00e3e14bbb9a278cb53c42f') in 0.0018206 seconds [static dependencies only]. Details - ImportResultOutputID=59b4cc30782cf4f328c9b93d0097a91e DependenciesID=215d7a11cd4849a10ff209e09a5df2f0 StaticDependenciesID=1ce58fede5ec5df7e2295c52cfc9aef5 
Start importing Packages/com.meta.xr.sdk.interaction/Runtime/Sample/Materials/RockParticle.mat using Guid(31ff569f83d7a3b46b1d8a0a65000e8d) (NativeFormatImporter) -> (Import Result ID: '20aecabe577294b8a048fd0ef2bcd12d') in 0.0026465 seconds [static dependencies only]. Details - ImportResultOutputID=2ae0ee62f8fbc65f2918697d2e4ab0a3 DependenciesID=2ccc4aa46dc16f5a703ced003f78cef7 StaticDependenciesID=b4b4fe9a7f331e5689218a8926fa2982 
Start importing Packages/com.meta.xr.sdk.interaction/Runtime/Sample/Objects/Props/ToyBox/ToyBoxesMat.mat using Guid(5196470282bc7c34bb12d13caa9bccaa) (NativeFormatImporter) -> (Import Result ID: 'cb729b93b19620fb7a0354d5eb5aabf2') in 0.0020444 seconds [static dependencies only]. Details - ImportResultOutputID=57ec4ad6cd2831da7a87826162bab6a6 DependenciesID=0ef17dd194f19f7394e67300297b3a07 StaticDependenciesID=b078480c44684f98ace1eb3f571e1d94 
Start importing Assets/Art/Materials/URP/43333/43333_L_URP.mat using Guid(611810a0574dd9c4baac3ade7c6091b1) (NativeFormatImporter) -> (Import Result ID: '8a3f452e8fa4c2d5de9ce8d60b0fa305') in 0.0021237 seconds [static dependencies only]. Details - ImportResultOutputID=ef232d3f17e93907800508dea8fb688e DependenciesID=7152fd29b127296d18add7b9341d0c42 StaticDependenciesID=e5451972d8692abff1a63b6ca47428ba 
Start importing Packages/com.unity.render-pipelines.universal/Runtime/Materials/Mesh2D-Unlit-Default.mat using Guid(71942363c5608a64bb62421349d39c9c) (NativeFormatImporter) -> (Import Result ID: '5be33f4ab45b5fad22f3c270adc852b0') in 0.0021455 seconds [static dependencies only]. Details - ImportResultOutputID=4ad68ed565a0bb13fbb47ea1d5059f77 DependenciesID=894a8a46a4fa8cb92d1406a53e8b5949 StaticDependenciesID=546c6e1245aa151fdc91b2f53b058863 
Start importing Packages/com.meta.xr.sdk.interaction/Runtime/Sample/Materials/SurfaceRippleCursor.mat using Guid(816b6c4fa93584f4d83a15c2ea1161e0) (NativeFormatImporter) -> (Import Result ID: '4b54203edef1b3e6509f06128a2e2c6c') in 0.001836 seconds [static dependencies only]. Details - ImportResultOutputID=09338bc0cb83066e0f7f3faf7df2e90e DependenciesID=7edac77672db5d6c877f375abaad2810 StaticDependenciesID=998041a28ef747242a042f8da6352903 
Start importing Packages/com.meta.xr.sdk.core/Editor/BuildingBlocks/BlockData/RoomModel/Materials/Blue.mat using Guid(a1c25e8e73c7f8f42a98e91dd31d27d8) (NativeFormatImporter) -> (Import Result ID: 'fcb83a3872ead2add206886019670c2e') in 0.001865 seconds [static dependencies only]. Details - ImportResultOutputID=2eb1edcf6140f9f06fce9167024ea309 DependenciesID=60759cab614e68445a8ec43c02ea85c6 StaticDependenciesID=0ad559231364e7b8f4f54faf01c3e0c7 
Start importing Packages/com.meta.xr.sdk.interaction/Runtime/Sample/Objects/Props/Plants/Materials/PlantShelvesMat.mat using Guid(a13e8526653289447b7bcf8d6ae4121e) (NativeFormatImporter) -> (Import Result ID: '4736c7d652a1e29608e0340bd980dbe0') in 0.0020067 seconds [static dependencies only]. Details - ImportResultOutputID=5b185dccff644919d4d0f83332495c1c DependenciesID=254fff2826ca5a5607d0a0d04bf83c90 StaticDependenciesID=e07344c7a62aab2e50296adad190ed30 
Start importing Packages/com.meta.xr.sdk.interaction/Runtime/Sample/Objects/Environment/Room/Materials/SmallRoomFabricMat.mat using Guid(c1c10f2101e20344ca2214d6db2724bb) (NativeFormatImporter) -> (Import Result ID: 'ad1a07122e24d972afca21846d56d99f') in 0.0019696 seconds [static dependencies only]. Details - ImportResultOutputID=7ed75da3c9b4a1469a0ecd4d97460572 DependenciesID=20b97d2001365bb2fd4d999bfbfd3025 StaticDependenciesID=e06eb8f54004bb0c06519105bc52895d 
Start importing Packages/com.meta.xr.sdk.interaction/Runtime/Sample/Objects/Environment/Locomotion/Models/Materials/LocomotionBalconyFloorMat.mat using Guid(f1bc20df7daafdc4bbab1a66d96ccfce) (NativeFormatImporter) -> (Import Result ID: '80768c8ac80a71f71d107c738e6d6922') in 0.0019246 seconds [static dependencies only]. Details - ImportResultOutputID=97992e341f7e41460fb17728c45f82e4 DependenciesID=c3ee25395ae93a97ce353f790bf361c1 StaticDependenciesID=fa9b70a71386de0940e4ceeb36112d8b 
Start importing Packages/com.meta.xr.sdk.core/Materials/SelectionRay.mat using Guid(02f4d91e963f1e74d8bee0002c24efe7) (NativeFormatImporter) -> (Import Result ID: '200a36e8560a908632d869f36c845fce') in 0.0020178 seconds [static dependencies only]. Details - ImportResultOutputID=ad845a8c4a41c6f31fdca153e427403d DependenciesID=7ebff2b2ad6f6bb57f4e473de88f2e6d StaticDependenciesID=3e53b809623f48c499525110605998cf 
Start importing Assets/MetaAssets/Materials/808342/808342_L.mat using Guid(223776ba5307976468a4744ffef25923) (NativeFormatImporter) -> (Import Result ID: '332c0d52326b29b0be7651eadb05aa44') in 0.0019554 seconds [static dependencies only]. Details - ImportResultOutputID=b8f97da560ee190ca176745960ee3d50 DependenciesID=7c4a7dc62bafde61023e23bff45092c1 StaticDependenciesID=58452e159bb3020478a77838f19a5756 
Start importing Packages/com.meta.xr.sdk.interaction/Runtime/Sample/Objects/Environment/Locomotion/Models/Materials/LocomotionGardenMat.mat using Guid(32e0f3fc945e5eb41a11daceb28df255) (NativeFormatImporter) -> (Import Result ID: 'd8a1673fcf8ff845a66d73f122ec3f89') in 0.0023145 seconds [static dependencies only]. Details - ImportResultOutputID=d609f1c90759ef93f2df6b785dc1621c DependenciesID=33490a1c4eabbdfad962847331a431a7 StaticDependenciesID=3d17566d4e2447c6232fc235cb9172fa 
Start importing Packages/com.meta.xr.sdk.interaction/Runtime/Sample/Materials/MRDeskTransparent.mat using Guid(32f3c3c2771c8c8419bbb708b84b1eb5) (NativeFormatImporter) -> (Import Result ID: 'e0f2be52b68606bec2df83aeaa8ed09d') in 0.0023267 seconds [static dependencies only]. Details - ImportResultOutputID=c8f31e6acecd3bb87abe963f9d5280cc DependenciesID=e2ebf79980495d171057ec3dc1f4beab StaticDependenciesID=56c042118f835b866e3b649ab073d15b 
Start importing Packages/com.meta.xr.sdk.interaction/Runtime/Materials/DebugUnlitMaterial.mat using Guid(32c9cae82fc27e4429ecd48a7c3ea496) (NativeFormatImporter) -> (Import Result ID: 'e8569c31e1938e4f75bdd792bc37c310') in 0.0021648 seconds [static dependencies only]. Details - ImportResultOutputID=87c893900013a6b75bf84ffe886f519d DependenciesID=19d5eb5413034cf2a559eed079ed701b StaticDependenciesID=37c1e0f9b3735f3bf03f831dbd898233 
Start importing Packages/com.meta.xr.sdk.interaction/Runtime/Sample/Objects/Environment/Room/Materials/StencilSkydome.mat using Guid(329d9504ef0f5ac4ea9293df32d97c5c) (NativeFormatImporter) -> (Import Result ID: '6d762ad5a590ea61d89166ddc3bfd789') in 0.0021592 seconds [static dependencies only]. Details - ImportResultOutputID=e490693dfca315bb1189b6bbf3686664 DependenciesID=7411241f94a9cbb56099ab4f7e84ec71 StaticDependenciesID=49fbb3c814d0340f81ec30397f7ec487 
Start importing Packages/com.meta.xr.sdk.interaction/Runtime/Sample/Objects/Environment/Locomotion/Models/Materials/LocomotionRugMat.mat using Guid(62dbb38de162ebe4a8477298e58468be) (NativeFormatImporter) -> (Import Result ID: '4a3cc50f204f3ccec8b9250d94e1105a') in 0.0022018 seconds [static dependencies only]. Details - ImportResultOutputID=02cb95ff7cafdf74094947acb8d70aaf DependenciesID=c080a07981d66ad411251ac9807188a3 StaticDependenciesID=5d8adafba869e9b6908fcf71fe17d565 
Start importing Packages/com.meta.xr.sdk.core/Materials/CubeMaterial.mat using Guid(62db2d638434d5a488dfb1e789e34b37) (NativeFormatImporter) -> (Import Result ID: '7f04a6ad24e5dc18e68e06630afd4663') in 0.0023386 seconds [static dependencies only]. Details - ImportResultOutputID=7474fb9ba6c96337cca070f4c88689aa DependenciesID=b54e1fc316ac4cd8072b009224cee31f StaticDependenciesID=76b5a16f920b4f877d4a9a9365242b9d 
Start importing Packages/com.meta.xr.sdk.interaction/Runtime/Sample/Objects/Environment/Room/Materials/SmallRoomFloorMat.mat using Guid(92f0022fa20e9dc4fb42f0e6d09a2317) (NativeFormatImporter) -> (Import Result ID: '30b6dcc29d265a7ed380a17517fc6614') in 0.0020829 seconds [static dependencies only]. Details - ImportResultOutputID=3806ecabba253f8a44af64c9e19189e5 DependenciesID=a44975fe7d6a429534d11c669c548aa5 StaticDependenciesID=a895dd9670c2ba174079d2aa9f77e2da 
Start importing Packages/com.unity.render-pipelines.universal/Editor/SceneTemplates/Materials/Emissive.mat using Guid(92f845725428c954b878da352f657fe5) (NativeFormatImporter) -> (Import Result ID: '846f44a7f41240f28ecb582c363b188b') in 0.002444 seconds [static dependencies only]. Details - ImportResultOutputID=b80fa26cee763ca527a6d4b2e2988b0d DependenciesID=b67ee74993de15ba154cfa3ecf892cc1 StaticDependenciesID=f0ce67ea5991b1e0ed1d6c6a58213c39 
Start importing Packages/com.meta.xr.sdk.interaction/Runtime/Sample/Objects/Environment/Locomotion/Models/Materials/BalconyViewBoxMat.mat using Guid(92f8857f77aa21b4a84ddcd592201dbd) (NativeFormatImporter) -> (Import Result ID: 'b997b32efb9f0b052644ae54fcf7eb2c') in 0.0020273 seconds [static dependencies only]. Details - ImportResultOutputID=85b6f47782ec575b5617fdeec6af479d DependenciesID=4b79cb62067701fe3b616852ee883f17 StaticDependenciesID=fc0564155f2c72df2e754bee8365a810 
Start importing Packages/com.unity.render-pipelines.universal/Editor/SceneTemplates/Materials/Gold.mat using Guid(c2e40fa84d53ccd428f640eac126b1fb) (NativeFormatImporter) -> (Import Result ID: 'fa5e543bf18680c08c4f980e2138e747') in 0.0022418 seconds [static dependencies only]. Details - ImportResultOutputID=5ac116db96b2c61bd1025ff0f4691532 DependenciesID=8e21166efb29649511dbb20eb787b6f8 StaticDependenciesID=16a2384753d27ae79419d63755cefba6 
Start importing Packages/com.meta.xr.sdk.interaction/Runtime/Materials/TransparentStandard.mat using Guid(c2ace68b1ed79454a8d2febfb98c4a2b) (NativeFormatImporter) -> (Import Result ID: '68e6ce0e202588f272101ad695858bb4') in 0.0021193 seconds [static dependencies only]. Details - ImportResultOutputID=fc46c3761969efa65f65683b015f9dc3 DependenciesID=45b0a7ee8d29e7ce5c7f5e78430b0ef0 StaticDependenciesID=2573fb70b555c85b4f83250196f84446 
Start importing Assets/MetaAssets/Materials/286115/286115_S.mat using Guid(c2fec796c6d39c841a7f112fbbae4f1c) (NativeFormatImporter) -> (Import Result ID: 'a05722103860ca93bdec912baeda8e13') in 0.0017456 seconds [static dependencies only]. Details - ImportResultOutputID=442ef899e4bee9e169fc9da8b8f95053 DependenciesID=b221bf5ffaf7721f9bbe38e6961df424 StaticDependenciesID=0a130bc80fa3843951d63b28b4395fee 
Start importing Packages/com.meta.xr.sdk.interaction/Runtime/Sample/Objects/Environment/Locomotion/Models/Materials/LocomotionBalconyMat.mat using Guid(d2751e02626388b43bb696f2f991d08a) (NativeFormatImporter) -> (Import Result ID: 'c9397a3a7866b750e4b424b7ce4d19bd') in 0.0021574 seconds [static dependencies only]. Details - ImportResultOutputID=75fda1bc82245d6d5af793e7866259cc DependenciesID=9e9a5c57a3445540fd1d9cdfb719d80a StaticDependenciesID=1f3c7d959c7db0947d9f05d0364632df 
Start importing Packages/com.meta.xr.sdk.interaction/Runtime/Sample/Objects/Environment/Locomotion/Models/Materials/LocomotionSlidingDoorMat.mat using Guid(d25913b42605b06438cb4c4909128209) (NativeFormatImporter) -> (Import Result ID: '1adebaadde9429a8073fe207001e7a60') in 0.0020382 seconds [static dependencies only]. Details - ImportResultOutputID=b250d51994b3fe1b44ed19e69a8d03b8 DependenciesID=0cfdefee1c9e5f205e1374c4460d55aa StaticDependenciesID=4ea787f64656be8ac62131f5f5702ac0 
Start importing Packages/com.meta.xr.sdk.core/Editor/BuildingBlocks/BlockData/SurfaceProjectedPassthrough/Materials/QuadOutline.mat using Guid(e20eab681d30ee74cb1f0951de06ae7b) (NativeFormatImporter) -> (Import Result ID: 'b3b22f27793f7c7f82bd4ea7a85aafe8') in 0.0017352 seconds [static dependencies only]. Details - ImportResultOutputID=42041c5e0c4a2fbf369278f43dd059b7 DependenciesID=60141b90d87bef62346b0c91a7f3d24f StaticDependenciesID=031d7dca73d618042b42075e5308ed41 
Start importing Assets/MetaAssets/Materials/632623/632623_S.mat using Guid(130599cc17fdcf541a0d57365f1cbc8e) (NativeFormatImporter) -> (Import Result ID: '60f5a7037f47e5dc42d24b165e79d608') in 0.0019257 seconds [static dependencies only]. Details - ImportResultOutputID=4a34b99cea015164f757a0b3608f8a24 DependenciesID=e068ac942a96663d51a68fc09c44dd3d StaticDependenciesID=b5ad5509055df5a39cbd0624b9b391a8 
Start importing Packages/com.meta.xr.sdk.interaction/Runtime/Sample/Objects/Environment/SmallRoom/Materials/SmallRoomRugMat.mat using Guid(23e1dde719fbf8d47a9d537057eea96d) (NativeFormatImporter) -> (Import Result ID: 'd67d345590a5af2f18f9cb8b29df6985') in 0.0020202 seconds [static dependencies only]. Details - ImportResultOutputID=892c158ee8e019196f98215fb14aa481 DependenciesID=ab8e36b1a8702ba8e390301d5443915c StaticDependenciesID=51578bec9a091c5067ff796642bdba37 
Start importing Packages/com.meta.xr.sdk.interaction/Runtime/Materials/CrossMaterial.mat using Guid(23530cc4d61a63f4c946ccd1b0315b38) (NativeFormatImporter) -> (Import Result ID: '47d1aa51a2662f6cb969e9a4c8209eb8') in 0.0019784 seconds [static dependencies only]. Details - ImportResultOutputID=65cef14c35b3c9614027d36e08094f25 DependenciesID=ab058cc7c294631743f3bb9c92aa1ec1 StaticDependenciesID=afcfc13c720498b332e8754f54b61c8f 
Start importing Packages/com.meta.xr.sdk.interaction/Runtime/Sample/Objects/Environment/Room/Materials/SmallRoomFurnitureMat.mat using Guid(33b6566958c82294a880d2361ebcf5e8) (NativeFormatImporter) -> (Import Result ID: '23b2b3fc3eb49eb68e73efe5be137716') in 0.0025855 seconds [static dependencies only]. Details - ImportResultOutputID=621151ffa47ad63afde939d5170efeb7 DependenciesID=cfc89511f1a2fe3e9aff47d61dec7197 StaticDependenciesID=a453cf71bc333fe23553a460be6811ca 
Start importing Assets/Art/Materials/URP/808342/808342_S_URP.mat using Guid(435f2d83327ebf74495a1bfc7487fb07) (NativeFormatImporter) -> (Import Result ID: '215d80e05f2a4ad3311c7058d13ff414') in 0.0020359 seconds [static dependencies only]. Details - ImportResultOutputID=2e9765a11bc39912f633479956f3e68a DependenciesID=695424be34c6bf6f849f70059bdaa2a6 StaticDependenciesID=7b558b1ce4dac4524696d5ce56a4a8de 
Start importing Packages/com.meta.xr.sdk.interaction/Runtime/Sample/Objects/Props/TennisBall/TennisBallMat.mat using Guid(53012a4d0e99aa04896d0e03bb07287f) (NativeFormatImporter) -> (Import Result ID: 'c1100c706923da2e29dcbc616650aa3f') in 0.0025382 seconds [static dependencies only]. Details - ImportResultOutputID=a3659cbdabaa87c18e88970e38b2e16d DependenciesID=8b6e5d7746c34bf3ef425440b07897ef StaticDependenciesID=7046de5c2a7f0b4a4236b70d12b5938e 
Start importing Packages/com.meta.xr.sdk.core/Editor/BuildingBlocks/BlockData/AIBlocks/ImageSegmentation/Materials/3DBoundingBoxes.mat using Guid(53e3d264818da91478e5d067bc71a07f) (NativeFormatImporter) -> (Import Result ID: '77492170c7f710dd5186117b45e53268') in 0.0022002 seconds [static dependencies only]. Details - ImportResultOutputID=659718ee76a16c5728bee742042e082e DependenciesID=618da1ff76aa0775368e82a35a114d72 StaticDependenciesID=729825037e945eb7551dd5d140119449 
Start importing Packages/com.meta.xr.sdk.core/Scripts/BuildingBlocks/MultiplayerBlocks/Shared/Colocation/ColocationPackage/Prefabs/AnchorForward.mat using Guid(53d7b51a76eae92499f850ffcad17189) (NativeFormatImporter) -> (Import Result ID: '3df9108b38aa51b666295d82bac4e0e2') in 0.0021715 seconds [static dependencies only]. Details - ImportResultOutputID=93468487fcbad1acce385ad84fe9084f DependenciesID=65ea92c90778bf8c95038167882799fd StaticDependenciesID=50c328853bf4c6f2ca552f61b1f9cc70 
Start importing Packages/com.meta.xr.sdk.interaction/Runtime/Sample/Objects/Props/SprayBottle/Materials/SprayBottleMat.mat using Guid(a3c7c28078c767c4d99a4ef2cdfad045) (NativeFormatImporter) -> (Import Result ID: '96f4be936cb56c08990512afd6d9e38b') in 0.0020012 seconds [static dependencies only]. Details - ImportResultOutputID=10a7a5eabf116d3e76f16f51c14d5aee DependenciesID=a298338d381d668f85bdbfe23b875374 StaticDependenciesID=00fb32342dffb8015943f3df615e052f 
Start importing Packages/com.unity.render-pipelines.universal/Editor/SceneTemplates/Materials/Metal_Black.mat using Guid(b34b07a45ba63ce47896c9e674f3a7a7) (NativeFormatImporter) -> (Import Result ID: '6fdccde0e12770cc1423be3af06a050c') in 0.0019452 seconds [static dependencies only]. Details - ImportResultOutputID=7f085cc3e5d97af6d8465cf9023c288e DependenciesID=27f980df3e8ba557cc8a4f24eb5a8f1f StaticDependenciesID=7566ced6c16a61d261bceebee62f8181 
Start importing Packages/com.meta.xr.sdk.core/Materials/UI Default Correct.mat using Guid(c303ccfd63b005d4bbdb8f0bbf9e834b) (NativeFormatImporter) -> (Import Result ID: '0320d53913662e0ed3995ad066d3f39b') in 0.00226 seconds [static dependencies only]. Details - ImportResultOutputID=8595f6caf6c13dfb0419d439a7f80893 DependenciesID=ecf5a2cbd69029c755aee21ce74aa3b6 StaticDependenciesID=a6283e12ce238aefc9c639adbc67f328 
Start importing Packages/com.meta.xr.sdk.interaction/Runtime/Sample/Objects/Props/MapWithPins/Materials/MapPointerMat.mat using Guid(c37ac7b36a67bf44886b168381204b8b) (NativeFormatImporter) -> (Import Result ID: '1adc79521da26bdbc96e85b10fd87877') in 0.0018767 seconds [static dependencies only]. Details - ImportResultOutputID=c022ad3572c90c3334eb97a140174712 DependenciesID=919e1cfcf18ffbd3c7e1b01bd4e3de8a StaticDependenciesID=5f529f77ae416787d20daf9bed9b5708 
Start importing Packages/com.meta.xr.sdk.interaction/Runtime/Sample/Objects/Environment/Locomotion/Models/Materials/LocomotionRoomWindowMat.mat using Guid(e311537507979e24c829c79f61253c50) (NativeFormatImporter) -> (Import Result ID: '4f6e510f33642552b853e7501964e272') in 0.0017676 seconds [static dependencies only]. Details - ImportResultOutputID=a16e5c348e03326c7895ae360b10f8b8 DependenciesID=92839b81ec5c49b65f9e3a1816306b95 StaticDependenciesID=200263b684cdb09996838338baacd622 
Start importing Packages/com.meta.xr.sdk.interaction/Runtime/Sample/Objects/Environment/Room/Materials/SmallRoomRugMat.mat using Guid(e3eadacbd4e650b4dbd950729cd19602) (NativeFormatImporter) -> (Import Result ID: '6019d05b328d859e1098e4cd09575497') in 0.0021309 seconds [static dependencies only]. Details - ImportResultOutputID=5d7a735706ec0b2e254105c4f5af3b49 DependenciesID=3300917ce66835ffd0c425882e3c7018 StaticDependenciesID=b9150da54586068e4a7d8cf77304d0e9 
Start importing Assets/MetaAssets/Materials/808342/808342_S.mat using Guid(24c4f2a70cd482f449528cfbef33c6b4) (NativeFormatImporter) -> (Import Result ID: '41b5c0b9a3001d936415cf68720e1d19') in 0.0018729 seconds [static dependencies only]. Details - ImportResultOutputID=8c3e96ddf67aa850964b065440548567 DependenciesID=3370f0577b49e9742d1329774ce4cfcc StaticDependenciesID=af8b837030efdafece138c114bea5f41 
Start importing Packages/com.meta.xr.sdk.interaction/Runtime/Sample/Scripts/HandGrabUse/Effects/WaterSpray/WaterSpray.mat using Guid(44092c54cacca1046ac25e52c878a0c7) (NativeFormatImporter) -> (Import Result ID: '6385fca4ef66324d66e85a60541a1c9c') in 0.0018132 seconds [static dependencies only]. Details - ImportResultOutputID=f90d259bf028f0b72b7edf96ed917fc4 DependenciesID=fafab2a9c7d7c1b1e60076c7da89a411 StaticDependenciesID=49f9fbd2d76d2c26957438ce134d1b70 
Start importing Assets/Art/Materials/URP/286115/286115_L_URP.mat using Guid(44fee52c0362a394990a79de3582ce79) (NativeFormatImporter) -> (Import Result ID: '808d45e3799ef8938ffbe5b72033654a') in 0.0021819 seconds [static dependencies only]. Details - ImportResultOutputID=1a6462bd17783e50c7935391476e83ea DependenciesID=556f62318297ed7b693afbdcd63c2585 StaticDependenciesID=6187847ff930fe4298b45caa833c2cd5 
Start importing Packages/com.meta.xr.sdk.core/Meshes/MetaQuestTouchPlus/Materials/MetaQuestTouchPlusMATphong_left.mat using Guid(5487a7af70ff7364996d8da93d056fa9) (NativeFormatImporter) -> (Import Result ID: '3920de029cde5ce910e30aa4fe788ff9') in 0.0020751 seconds [static dependencies only]. Details - ImportResultOutputID=8dcabaac0d2e0426c01a8b9d976e1e45 DependenciesID=675fed3ed21695e44a4b6b13ccea89b0 StaticDependenciesID=51ecf46d64987715101ac39c26f79d57 
Start importing Assets/Art/Materials/URP/632623/632623_M_URP.mat using Guid(64f20dbe7ce481a4f95fe178b48b8f0a) (NativeFormatImporter) -> (Import Result ID: '7896b21e8796e94f92c6d4eb0dbf21f8') in 0.0024424 seconds [static dependencies only]. Details - ImportResultOutputID=041ae6bee6ef78aa588a286cdb708067 DependenciesID=3ad5eb4971c633e56f49b5e6c1b1cd18 StaticDependenciesID=dd146e5e7fa5685fb3c0f571d9684f2d 
Start importing Packages/com.meta.xr.sdk.interaction/Runtime/Sample/Objects/Props/Box/Materials/BoxMat.mat using Guid(64a4f62f5089fb64cad9a5aef7953fac) (NativeFormatImporter) -> (Import Result ID: '3e5c8ea103cc97770bf114e9ab251221') in 0.0022834 seconds [static dependencies only]. Details - ImportResultOutputID=875d3c2e9ce888ab819f9bc0f3de2aa4 DependenciesID=ef1c2d05fc5687fed8f4373cafb59c16 StaticDependenciesID=f443e78d649aa5265eb937bfdfd02d3e 
Start importing Packages/com.meta.xr.sdk.interaction/Runtime/Sample/Objects/Props/Torch/Materials/torchMaterial.mat using Guid(6485f550455d7cf4e8f106db5d5a3057) (NativeFormatImporter) -> (Import Result ID: 'ade3022a59b0ad27b55b9f2f4420fd43') in 0.0023385 seconds [static dependencies only]. Details - ImportResultOutputID=56a6cef01179dda2f38e5ce23df0eef7 DependenciesID=06eff7a496d42fdc24e10a789d48929e StaticDependenciesID=9e45fb6df99be8d98fafc594f7899bdd 
Start importing Packages/com.meta.xr.sdk.interaction/Runtime/Sample/Materials/SprayParticle.mat using Guid(649668eba513a3b43be157d790bdcd84) (NativeFormatImporter) -> (Import Result ID: 'af2d8ee47dcd2c8a45ea9ca14394f943') in 0.002406 seconds [static dependencies only]. Details - ImportResultOutputID=d42975010eb4f95b844a4e5626cb1769 DependenciesID=c21a6cb18744b727b7c734a0ab9cc0a0 StaticDependenciesID=b23e42be1ae3d9e876675b3c51e573d8 
Start importing Packages/com.meta.xr.sdk.core/Materials/OVRHandRaySelected.mat using Guid(64bd7edbafa17d24383f5cab92452c88) (NativeFormatImporter) -> (Import Result ID: 'e312d696965be858f10d4d298eee7cb2') in 0.0020727 seconds [static dependencies only]. Details - ImportResultOutputID=1fa606e0cafe8b3f03943e5dbae8f073 DependenciesID=4b0a4e07c6b03eb5805a6b39b7145dda StaticDependenciesID=ec7583041d1cc759aaae60db94fe3cc2 
Start importing Assets/Art/Materials/URP/12913/12913_S_URP.mat using Guid(844501eb2dde3594ea757b7bbf0ab7f4) (NativeFormatImporter) -> (Import Result ID: '03628eb6b20603ac5b8621097d0448c3') in 0.0023961 seconds [static dependencies only]. Details - ImportResultOutputID=22c376306919f030077bf937bfdc4356 DependenciesID=b05f5b723f3153466a46d61e16a983f1 StaticDependenciesID=d3c7f9ab85e97b6b95c1a482b0b10bad 
Start importing Packages/com.unity.render-pipelines.universal/Runtime/Materials/Mesh2D-Lit-Default.mat using Guid(9452ae1262a74094f8a68013fbcd1834) (NativeFormatImporter) -> (Import Result ID: '92690a1ab6dbcdeab9b3e701596d4cdf') in 0.0020792 seconds [static dependencies only]. Details - ImportResultOutputID=d6424f44ea9a6cc5996a332ce9c4c257 DependenciesID=3a63220fc51fdf040b30d253722d9bc2 StaticDependenciesID=6405a766761e3b91b65a79155ce635d3 
Start importing Packages/com.meta.xr.sdk.interaction/Runtime/Sample/Materials/ThumbsUp.mat using Guid(a4c9f2c1fbaa2df4b96621830e060af2) (NativeFormatImporter) -> (Import Result ID: '13f6a6b95e472cb8682d294ba7098c23') in 0.0020565 seconds [static dependencies only]. Details - ImportResultOutputID=111d724a12caae159ba0a7b0165a4377 DependenciesID=366d6c15aa18131820bbb84147b5aba2 StaticDependenciesID=cbfb0281ababdd537fdc67b4b5a0ddc6 
Start importing Assets/MetaAssets/Materials/12913/12913_M.mat using Guid(a42d9ab2bcf959547b7a43038b326a8b) (NativeFormatImporter) -> (Import Result ID: 'dd6874dbd79972178cfc7536b3135c47') in 0.002063 seconds [static dependencies only]. Details - ImportResultOutputID=108d10d8347705a2ce5eafbe30a37a26 DependenciesID=4b1a5a4d1f70d761bc1aa3ef5eb11015 StaticDependenciesID=9abff1f4095004b7c02e5e0b4d72eb89 
Start importing Packages/com.meta.xr.sdk.interaction/Runtime/Sample/Objects/Props/CoffeeCup/CoffeeCupMat.mat using Guid(b456eb5028a92da499e79da1ac0eccdb) (NativeFormatImporter) -> (Import Result ID: '2b7376eab61a5b6042f49dc8a19083b6') in 0.0018869 seconds [static dependencies only]. Details - ImportResultOutputID=72b8adf73d22b28e6842abffd82fdbc9 DependenciesID=de9560cca8a70405cccf7d56d468cccd StaticDependenciesID=c57eae6f4f67b41b8f14770cf60c226c 
Start importing Packages/com.meta.xr.sdk.interaction/Runtime/Sample/Objects/Props/Locomotion/Materials/MetaLocoTutorialUIMat.mat using Guid(b458680bd9803bc44b42ff539bff31a9) (NativeFormatImporter) -> (Import Result ID: '6670c531454a96dcdc884f481abb4cd0') in 0.0021201 seconds [static dependencies only]. Details - ImportResultOutputID=5e0f39071030dce1a9f80826dd8f5f4d DependenciesID=2d952970cbec10080cd3fae36c79e714 StaticDependenciesID=644e8addd36d2a6b02c54bd77b2de323 
Start importing Packages/com.meta.xr.sdk.interaction/Runtime/Sample/Materials/AffordanceHandleMaterial.mat using Guid(c445a32ed5ecf43439655d6f588f7e4a) (NativeFormatImporter) -> (Import Result ID: '33afbb937611fa8c599adca2d7e745f7') in 0.0019135 seconds [static dependencies only]. Details - ImportResultOutputID=62e43bbbaf04b5f827a9f7f3ab5ea2bc DependenciesID=1bce2de5b6c207a94304936057e01ea6 StaticDependenciesID=c03426ed7cf8de847dad23d4566348a7 
Start importing Packages/com.meta.xr.sdk.interaction/Runtime/Meshes/Locomotion/Materials/MetaCrossMat.mat using Guid(c488f540b43d29f499ff5b09a9584dd1) (NativeFormatImporter) -> (Import Result ID: 'a67454bf7fbf8ee31de4d3400201948e') in 0.0019974 seconds [static dependencies only]. Details - ImportResultOutputID=b021b86bea838d76ac50e47420e3520e DependenciesID=a176989b32e3b0bc5d53c086811b123a StaticDependenciesID=a0aece62cb4f45ec969b74b0276f5869 
Start importing Packages/com.meta.xr.sdk.interaction/Runtime/Sample/Objects/Props/Materials/CubeMaterialBlue.mat using Guid(d4b438dc8ad501b49a2690e746518b8e) (NativeFormatImporter) -> (Import Result ID: '360ac8456530c5c6cea6541ca64582a9') in 0.0020754 seconds [static dependencies only]. Details - ImportResultOutputID=a778d3798cb9fdc93fedb29efa013556 DependenciesID=8f5c56128d884347509036532b1ecda7 StaticDependenciesID=6f71df8fb2bf3ca7f4656f35ca02a72b 
Start importing Packages/com.meta.xr.sdk.interaction/Runtime/Sample/Materials/HandStopParticle.mat using Guid(e42185d31895c2d4cbbcd05d29a4c115) (NativeFormatImporter) -> (Import Result ID: 'f4d31606a635f229fa775b8688fb7a45') in 0.0018605 seconds [static dependencies only]. Details - ImportResultOutputID=1c66cba0dd9b4e5d89659a3028e77034 DependenciesID=371c07bd75a277ff0b6f8b2cc972827c StaticDependenciesID=f9227fa79ddb6fdccbb9037ef29aa50b 
Start importing Packages/com.meta.xr.sdk.interaction/Runtime/Sample/Materials/RoundedBoxUI_ButtonHover.mat using Guid(f4e012bf31c928b4b8291fea83fe5b96) (NativeFormatImporter) -> (Import Result ID: '4823fab4b2323883bd61219d54b6e819') in 0.0017965 seconds [static dependencies only]. Details - ImportResultOutputID=80f4b6fc63f59b9e8f7cb081347a7c1f DependenciesID=2434fc1135a4d158d52cadfd75153971 StaticDependenciesID=eee27fcf38eb2f44900945f2c4bd41f5 
Start importing Packages/com.meta.xr.sdk.interaction/Runtime/Materials/GrabDebugSphere.mat using Guid(f4b49debff9d269449879fc6f5991a83) (NativeFormatImporter) -> (Import Result ID: 'f4362740db377961e56559d8e4bea3fe') in 0.0019597 seconds [static dependencies only]. Details - ImportResultOutputID=7e354b1f6ca2d64afe9b682b17906737 DependenciesID=6023cc4c25439cd75189331f13fff908 StaticDependenciesID=d0f5d6f3e09568654a2e4e6a880075fc 
Start importing Packages/com.unity.render-pipelines.universal/Runtime/Materials/SpriteMask-Default.mat using Guid(15d0c3709176029428a0da2f8cecf0b5) (NativeFormatImporter) -> (Import Result ID: '73caccb945914696629707c92cbeb039') in 0.0018774 seconds [static dependencies only]. Details - ImportResultOutputID=260823e111e6f265612accf074a57c13 DependenciesID=8ff072fce1fda839a496886d297f8177 StaticDependenciesID=0556106f4462357022893424c782ebb4 
Start importing Packages/com.meta.xr.sdk.core/Editor/BuildingBlocks/BlockData/Shared/Material/SharedMaterial.mat using Guid(15b1d5ff3d274694e8d0c6cb466a4ae6) (NativeFormatImporter) -> (Import Result ID: 'fca88d37acd10bc0be21017f0e450300') in 0.002362 seconds [static dependencies only]. Details - ImportResultOutputID=af4b3e9712a08d58fdf3df4b37c3e755 DependenciesID=df371bf1b5cabed7c2e88acb539df120 StaticDependenciesID=8e8c3527e778fc63ef458aaedf46e85c 
Start importing Assets/Art/Materials/URP/808342/808342_L_URP.mat using Guid(150956b590550d542b8dc9cb685c192c) (NativeFormatImporter) -> (Import Result ID: 'e7518028326d33de3f811e30f9ba99de') in 0.0021884 seconds [static dependencies only]. Details - ImportResultOutputID=b7823cb079876d9116a4c46d18b8672e DependenciesID=dcb904a63f04535af81500d594da27d0 StaticDependenciesID=aa9b5f1a5fef7bbad39920f379da7e48 
Start importing Assets/MetaAssets/Materials/632623/632623_L.mat using Guid(15dcb3de7d28f614abdf0533f3502b93) (NativeFormatImporter) -> (Import Result ID: '0d31cbd350e16c5de4926bb48ff50cb0') in 0.0018591 seconds [static dependencies only]. Details - ImportResultOutputID=9ad9649a2db9961554115a38ab32a1ae DependenciesID=04a68cb99559ed1332de691e179bfd7e StaticDependenciesID=5583a9f89d112303ac082d537374de4c 
Start importing Assets/MetaAssets/Materials/1777303/1777303_M.mat using Guid(25775e6714d315e4d89a336bdd06f96b) (NativeFormatImporter) -> (Import Result ID: 'cedb173bf0a6a3d04d0b5bb8d3020be5') in 0.00202 seconds [static dependencies only]. Details - ImportResultOutputID=5a05f166f9c34558395b4f92eed4b635 DependenciesID=0e6c4e5f7e2e168035e796ab77657aa6 StaticDependenciesID=7878ef61deba330ba5ff7c61447b9f2c 
Start importing Packages/com.meta.xr.sdk.interaction/Runtime/Materials/TunnelingEffect.mat using Guid(4586bbc8f000620428a7a2c0ff17013b) (NativeFormatImporter) -> (Import Result ID: 'cebd119ba46c7cb0ca90457f29623f36') in 0.0017601 seconds [static dependencies only]. Details - ImportResultOutputID=8852bd2640924649274f2812c21d329d DependenciesID=bab6d60f98ee756b99d6d27954455a23 StaticDependenciesID=aef939a77f267af4f90b5f58b1631eb5 
Start importing Assets/MetaAssets/Materials/286115/286115_M.mat using Guid(454dc886f208be64e96ac32f73e23007) (NativeFormatImporter) -> (Import Result ID: '04a012eab92c21a506eab2b02e3ade29') in 0.0017384 seconds [static dependencies only]. Details - ImportResultOutputID=70a33b29a6ab557895495a3bdaed9ec7 DependenciesID=dd623853cbf723e224f101863c7cb683 StaticDependenciesID=176eac608b27b543ab88f42513dea654 
Start importing Packages/com.meta.xr.sdk.interaction/Runtime/Sample/Materials/RoundedBoxGradientUICustom1.mat using Guid(6530d9980ee10234e89fb35dbedf2bd4) (NativeFormatImporter) -> (Import Result ID: 'f437a9408f23d9731c6b590c90974a09') in 0.0019627 seconds [static dependencies only]. Details - ImportResultOutputID=33e4e4e2fa2003716e1df4bcc9d7aede DependenciesID=1059db4f88a5b61ef2b90bbd7e4193dd StaticDependenciesID=4c289d22ae3be03d6b1c1a1cc6fe8140 
Start importing Packages/com.meta.xr.sdk.interaction/Runtime/Sample/Objects/Props/MapWithPins/Materials/MapMat.mat using Guid(75c836cb04e7d124b9c2829fd90ab362) (NativeFormatImporter) -> (Import Result ID: 'f68f5ae5526f3424fc8df47121d58206') in 0.0017934 seconds [static dependencies only]. Details - ImportResultOutputID=20b618413b9047fc52dd4edc6d074b1e DependenciesID=4425805108e98071246ec6953d562ad5 StaticDependenciesID=ce8443ec7003f5f9fb06a360002bedad 
Start importing Packages/com.meta.xr.sdk.core/Materials/cursor_timer_material.mat using Guid(9531aa878fd5c4749b288b72024e8d2f) (NativeFormatImporter) -> (Import Result ID: '334aac5756a3af48bd33a86e17031c5c') in 0.0022578 seconds [static dependencies only]. Details - ImportResultOutputID=8ef69fe2889e77681f536e6896644d1f DependenciesID=afad34ee25346abf92fc03f7de5ed48d StaticDependenciesID=a8f34babf5ee194b018bb394516b273d 
Start importing Packages/com.meta.xr.sdk.interaction/Runtime/Materials/OculusControllerRayMaterial.mat using Guid(953296ab6b035654b8377b21ca2f64e2) (NativeFormatImporter) -> (Import Result ID: '68d45107c5fbbe7c81a169fabf0af81f') in 0.0020764 seconds [static dependencies only]. Details - ImportResultOutputID=bfa7bea054dc60b845b93549f07b2dc6 DependenciesID=114f6a65828a18c4f80f3886b9282b8e StaticDependenciesID=6c06c63baf61de3e17a2bfbc05524f8b 
Start importing Packages/com.meta.xr.sdk.interaction/Runtime/Materials/OculusHandDebug.mat using Guid(955dc62c6d15d7940a00920925eab81c) (NativeFormatImporter) -> (Import Result ID: 'b19ac2b9ff896fbeaecec6f5d5ad11db') in 0.0020623 seconds [static dependencies only]. Details - ImportResultOutputID=f0ee511360b97874467ff605bf75de3b DependenciesID=608bce89c5f66d3d5b70f2bb968389e6 StaticDependenciesID=efe277841b87946e525cfeb71c8932f9 
Start importing Packages/com.meta.xr.sdk.interaction/Runtime/Sample/Objects/Environment/Room/Materials/SmallRoomWoodMat.mat using Guid(957e835e5d1982f45ae4cc85d0d79c8e) (NativeFormatImporter) -> (Import Result ID: '7eaa0c2e619997ef5049d7ce121486bc') in 0.0023238 seconds [static dependencies only]. Details - ImportResultOutputID=771de1f1bf8d0070b7cc99bae44f0907 DependenciesID=bbe0bb2c3b1cec5b77f856be7ffa4ac5 StaticDependenciesID=4d14c86b7127b87e2c8f17eee9b79cce 
Start importing Assets/Art/Materials/URP/808342/808342_M_URP.mat using Guid(a53adadcd898e6547a83a4d49111717b) (NativeFormatImporter) -> (Import Result ID: 'e39347dc117d3942c044e60e46f8948b') in 0.0022266 seconds [static dependencies only]. Details - ImportResultOutputID=6655e74b74d4b1f043b51c871a71a4df DependenciesID=1ec229058987d4f9467ad0eb28461d34 StaticDependenciesID=c2f2d222467cdfec46abc82b8fa65a83 
Start importing Packages/com.meta.xr.sdk.interaction/Runtime/Materials/PointerMaterial.mat using Guid(a5ab67b9bab162c4c991a6570b62c2ed) (NativeFormatImporter) -> (Import Result ID: 'd423e1808153d59167bc2251a66bd82c') in 0.0020552 seconds [static dependencies only]. Details - ImportResultOutputID=52705c53f9cc15b0cb4d77e057745105 DependenciesID=face4e06aeb91d75413ac4e96efe9cc3 StaticDependenciesID=8313ce4da386317735a256a0d65e2e93 
Start importing Packages/com.unity.render-pipelines.universal/Runtime/Materials/SpatialMappingOcclusion.mat using Guid(b51db210fe78df745a372851b3db949e) (NativeFormatImporter) -> (Import Result ID: '9db051ca72a4084b1e69d6c53f14e210') in 0.0023578 seconds [static dependencies only]. Details - ImportResultOutputID=83353b00b09944d7180623fca15f223f DependenciesID=383ccbb238c795b18cc584ad20dc7c12 StaticDependenciesID=ccd68a74522cf02aad41eb9e1c4cfb85 
Start importing Packages/com.meta.xr.sdk.core/Meshes/MetaQuestTouchPro/Materials/MetaQuestProLeft_Material.mat using Guid(b58fdf466c162d447913b955fc10ad96) (NativeFormatImporter) -> (Import Result ID: 'd629516835f32f642fb177db84803f01') in 0.0020086 seconds [static dependencies only]. Details - ImportResultOutputID=f11d9c49594449310e4198a343fe7926 DependenciesID=5fe1734a191cbaeb8ba79000b4b3a300 StaticDependenciesID=2404ad779635661f34122207684f1774 
Start importing Packages/com.meta.xr.sdk.interaction/Runtime/Sample/Objects/Environment/SmallRoom/Materials/SmallRoomFurnitureMat.mat using Guid(c5f016c75329b6944b4f8f8141620a3e) (NativeFormatImporter) -> (Import Result ID: '03fdf0df1017c2669928e2a9845dc66f') in 0.0023526 seconds [static dependencies only]. Details - ImportResultOutputID=9fbb0a55e3b971e0e88286b12c6553e8 DependenciesID=3b6f6ddbf83fe963505ae467e49304f2 StaticDependenciesID=5131241730a43b8c01de39daa68071c9 
Start importing Packages/com.meta.xr.sdk.interaction.ovr/Editor/Blocks/RealHands/Materials/HandMaterial.mat using Guid(d5e2ab92e53f69e40a760f658d55cb3d) (NativeFormatImporter) -> (Import Result ID: 'd87181a94589a272d285dfc6a1d54fd9') in 0.0020104 seconds [static dependencies only]. Details - ImportResultOutputID=21accfe04ff159782e54aec72b64c94d DependenciesID=f962025d23efc0fd76cee5dce03b75a3 StaticDependenciesID=e22bf7a87fb2d8459e17afcc646c3c3d 
Start importing Packages/com.meta.xr.sdk.interaction/Runtime/Sample/Objects/Environment/Screen/Materials/ScreenMaterial.mat using Guid(e5fb989c2cb62ef468f6537caf5190f2) (NativeFormatImporter) -> (Import Result ID: '4b4beae71a55ce2154493536eb317bf7') in 0.0022113 seconds [static dependencies only]. Details - ImportResultOutputID=a3ef0640711be744ff91c7a2e9e0023e DependenciesID=90e58de803d13d7ace6700eb9ed5f46d StaticDependenciesID=a4570a860761229977ebd875346cdd1d 
Start importing Assets/MetaAssets/Materials/808342/808342_M.mat using Guid(e5cfe16826d492a46b2f91c2b8e6ab37) (NativeFormatImporter) -> (Import Result ID: '9187c2c4b693f530508c60d121a95ba2') in 0.002146 seconds [static dependencies only]. Details - ImportResultOutputID=a3417792fb6ee3870a28fe4b15472e1b DependenciesID=97687fa1c78d1c537101e12ad12fc421 StaticDependenciesID=80d975d30702a43552573411afc623aa 
Start importing Packages/com.meta.xr.sdk.interaction/Runtime/Sample/Objects/Props/BigRedButton/Materials/PodiumMat.mat using Guid(2665a46fdc61fb243a123d127f576148) (NativeFormatImporter) -> (Import Result ID: '0ff95b906a272fa1a822633a12f85024') in 0.0036629 seconds [static dependencies only]. Details - ImportResultOutputID=e97fea2a6ad3b67023abfc27ca5911e2 DependenciesID=4b71cea69d385a9b2dcac699badbb0a8 StaticDependenciesID=8ebdf9b83bd24e6f93a27e414efaa7f4 
Start importing Packages/com.meta.xr.sdk.core/Materials/PlainMaterial.mat using Guid(26cadeeaa29498d4889f43542f3add58) (NativeFormatImporter) -> (Import Result ID: '5668e1a8a9f1f0f4cb55de17395f9a04') in 0.0020656 seconds [static dependencies only]. Details - ImportResultOutputID=28269ab13f62d9c67e114c7f09cc97b8 DependenciesID=4eff3379a796bfcc5c58a1bec6fa146b StaticDependenciesID=81ae9e7c75bb34e0fb09ed899ecd1e04 
Start importing Assets/MetaAssets/Materials/12913/12913_L.mat using Guid(363228a5e4d211f4380ccfa8cf6e73b7) (NativeFormatImporter) -> (Import Result ID: '328729d72b56c24dec0cb6d72972268f') in 0.0017849 seconds [static dependencies only]. Details - ImportResultOutputID=8249532f3393794fd446ddc79bfbc980 DependenciesID=0a7b6c6971f5eaa52b518c211ec3c13b StaticDependenciesID=65de0730a12d823ef206a4294b8bb3b0 
Start importing Packages/com.meta.xr.sdk.interaction/Runtime/Sample/Objects/Props/Mug/Materials/mugMaterial.mat using Guid(366990c8ba6b89445b9c0c7b2c017466) (NativeFormatImporter) -> (Import Result ID: '7e1c4827186f82ef9e83bfbf091aa3c7') in 0.0020683 seconds [static dependencies only]. Details - ImportResultOutputID=6eeb7981ab022c5556bd7b1cf543f24a DependenciesID=8226b1a257530077c1202c9ddf3c5dc9 StaticDependenciesID=d6cdb31316117a966bf22a572100c3b4 
Start importing Packages/com.meta.xr.sdk.core/Materials/Arrow.mat using Guid(669025377795b574da66d9bb2472fcab) (NativeFormatImporter) -> (Import Result ID: '55f6cd37c6ff3e89811212b3ec9ed18d') in 0.0036413 seconds [static dependencies only]. Details - ImportResultOutputID=0891b0cc9e9b68813f02198ace174883 DependenciesID=ecc92f33fd0435a37497a15e67c729d0 StaticDependenciesID=7e66c79002f683db4b273d1ac3c2ddec 
Start importing Packages/com.meta.xr.sdk.interaction/Runtime/Sample/Objects/Environment/Screen/Materials/FrameMaterial.mat using Guid(66ad1818cc27f3840b0350726d52fa3d) (NativeFormatImporter) -> (Import Result ID: '99f6f88ae7dd09617a1287fc8a873ee5') in 0.0020728 seconds [static dependencies only]. Details - ImportResultOutputID=9319f733683de8ef00befbd968de429b DependenciesID=f1ce744a4e8b964c8501baef48c4297c StaticDependenciesID=099e651b0b1992544c857d63f42728fb 
Start importing Packages/com.unity.render-pipelines.universal/Editor/SceneTemplates/Materials/Ground.mat using Guid(761d8e1f988ed2345a28312145c79c6e) (NativeFormatImporter) -> (Import Result ID: 'a38ee28884d1137a2a02eaf4e3194c8d') in 0.0021621 seconds [static dependencies only]. Details - ImportResultOutputID=b8f60ed9c50f78d44872eea32efd7219 DependenciesID=0644c30c3f3e243c39318f12570325b8 StaticDependenciesID=e1857c112f6f13f3ca972d5725a8f58c 
Start importing Packages/com.meta.xr.sdk.interaction/Runtime/Sample/Objects/Environment/MRDesk/Materials/MRDeskShadow.mat using Guid(860aad55b8752784ea44bdafaae4dbc7) (NativeFormatImporter) -> (Import Result ID: '9611ded03c7ccbc5331886ce28bc3ee7') in 0.002113 seconds [static dependencies only]. Details - ImportResultOutputID=fd359fbd7b623a8f9e4b164c3c135e9d DependenciesID=1b0c84028a85adbc6454b347e6fdce14 StaticDependenciesID=0d7108c8bb89d34d3ca5e096482c6674 
Start importing Packages/com.meta.xr.sdk.interaction/Runtime/Materials/OculusHandPinchMaterial.mat using Guid(861c253c01be7f7489f64e9ac001a10c) (NativeFormatImporter) -> (Import Result ID: '69ae0dd454b12a175ea0971decd143df') in 0.0025003 seconds [static dependencies only]. Details - ImportResultOutputID=e03439b205e2c0cce59483b082b6f3bc DependenciesID=226779db7700b5ca3f4d525bdaf8950e StaticDependenciesID=ecc339012194ee552e7ae40b2d9ef7fa 
Start importing Packages/com.meta.xr.sdk.interaction/Runtime/Sample/Materials/UIDepthWriter.mat using Guid(866df31c809e8b543923ab44ec395e01) (NativeFormatImporter) -> (Import Result ID: '5437a7bb88917878124d59ac68483779') in 0.0019054 seconds [static dependencies only]. Details - ImportResultOutputID=2ca61729254fe3c803e07f1e8a0c1727 DependenciesID=d18fe170d3b4db190fa32a2d8b690bfc StaticDependenciesID=b87e77e1830cb888ef9539001f762f75 
Start importing Packages/com.unity.render-pipelines.universal/Runtime/Materials/RenderAs2D-Flattening.mat using Guid(b697f6a938056384e968ccf6527dac83) (NativeFormatImporter) -> (Import Result ID: '88c8a3c50a98789afe0a92853b42db5a') in 0.0025025 seconds [static dependencies only]. Details - ImportResultOutputID=89dd966e79ab646fa1a2f2638f32c56a DependenciesID=84a065630863848525e8e6a3438e5289 StaticDependenciesID=08a1c81039f5e1f5a9bb8c795a16aae0 
Start importing Packages/com.meta.xr.sdk.interaction/Runtime/Materials/OculusHand.mat using Guid(d641a50c4fe4ee3489a64cf52b76ae79) (NativeFormatImporter) -> (Import Result ID: 'e7757522e398df23af2c7f8578fd8eac') in 0.0020128 seconds [static dependencies only]. Details - ImportResultOutputID=bec920392c02cf9b78e7288a2b7f43d5 DependenciesID=acf25fa3fbc85ff3f1d506b8da8b6fae StaticDependenciesID=9c0aa48061f71386003aed4d105c9178 
Start importing Packages/com.meta.xr.sdk.interaction/Runtime/Sample/Materials/RoundedBoxGradientUIDark.mat using Guid(d6e192b5359c267428b5fe9a29ea1010) (NativeFormatImporter) -> (Import Result ID: '6f17e6ff68fba0ab70966afcb5e838bd') in 0.0020391 seconds [static dependencies only]. Details - ImportResultOutputID=a764193799985975bbb2d91a2c8289cd DependenciesID=177929faa4beba9711e4838bfec57ff8 StaticDependenciesID=a4a77ccb5ed36693239cb5861672c5c9 
Start importing Packages/com.meta.xr.sdk.interaction/Runtime/Sample/Materials/PaperParticle.mat using Guid(e616a4eb1b541bc498887ab3e34dfd70) (NativeFormatImporter) -> (Import Result ID: 'fac7f4ba1ac7e79c6d3b1100ac403461') in 0.0021176 seconds [static dependencies only]. Details - ImportResultOutputID=a0685df03807793a23a248427736b6c4 DependenciesID=3247400da96e4c6493edad43d98c9d8b StaticDependenciesID=086ad0683974cdbf3f3468e367ec2465 
Start importing Packages/com.meta.xr.sdk.core/Editor/BuildingBlocks/BlockData/RoomModel/Materials/Plane.mat using Guid(f6602475aaec734419a2c47b17d62531) (NativeFormatImporter) -> (Import Result ID: '61691303bb0901bd2825c28665dc32aa') in 0.0019274 seconds [static dependencies only]. Details - ImportResultOutputID=c9e7d61691eeb80d8907a55bdefc7bdf DependenciesID=72482d753725060d4efd8cb5f02c256e StaticDependenciesID=8b0d48c0fb4aed804d4069379af357fd 
Start importing Packages/com.meta.xr.sdk.core/Editor/BuildingBlocks/BlockData/RoomModel/Materials/Volume.mat using Guid(0782a5e8bf9913b4abc8036e1ac4c3a5) (NativeFormatImporter) -> (Import Result ID: 'f4ae9fb7f2f85acbc0918d7821d82f03') in 0.0018928 seconds [static dependencies only]. Details - ImportResultOutputID=6d043596a6d319e2e78ff87a6207bfd0 DependenciesID=311e56d4d84ea7829643e94b31989363 StaticDependenciesID=799bc439bdf791ed66f4f3c5d04538ec 
Start importing Packages/com.meta.xr.sdk.core/Editor/BuildingBlocks/BlockData/RoomModel/Materials/Green.mat using Guid(074f7ca1cb31a2541a295200f16705d9) (NativeFormatImporter) -> (Import Result ID: '63ee60ae4754556ddbc43d3a42344a41') in 0.0019591 seconds [static dependencies only]. Details - ImportResultOutputID=b25b4d874ac51ce49bccf666f5572575 DependenciesID=561baa49f6fc428b8aa08e0ad9f8b774 StaticDependenciesID=92f1a783927ea0244048dcccf03ee82d 
Start importing Assets/Art/Materials/URP/286115/286115_M_URP.mat using Guid(175253de092c5f14babcf81a9263b7b6) (NativeFormatImporter) -> (Import Result ID: '16391abaa1cae97cb4de35b021e5b904') in 0.0018532 seconds [static dependencies only]. Details - ImportResultOutputID=6cd8a0478aea515b101524109f208f17 DependenciesID=91589f05306c1e7d244121a410755809 StaticDependenciesID=3d1712b8fbe577d651f7ade01236601f 
Start importing Packages/com.meta.xr.sdk.interaction/Runtime/Sample/Objects/Environment/SmallRoom/Materials/SmallRoomFloorMat.mat using Guid(1765db5883653554594ef4bac4534af9) (NativeFormatImporter) -> (Import Result ID: '883c72c034312cb8ae779407341e0cba') in 0.002094 seconds [static dependencies only]. Details - ImportResultOutputID=4eb68a84ce510c719141883990c50f2a DependenciesID=01ede2adb8b0b3fab272066335873792 StaticDependenciesID=fb65f27a26967fe62411ceadca510a1b 
Start importing Packages/com.meta.xr.sdk.core/Editor/BuildingBlocks/BlockData/SampleSpatialAnchorController/Materials/Green.mat using Guid(275b2c99765ede142919b05d8a0a22b0) (NativeFormatImporter) -> (Import Result ID: 'a72eab28041fe2712c65ba389e76d735') in 0.0019459 seconds [static dependencies only]. Details - ImportResultOutputID=1f811a37a826582d71f9dd3347d0b6ab DependenciesID=8d0c0b05c2c229afa1dc9f5d49df8963 StaticDependenciesID=2f2fbb82976a830d6b2dadfe6460beba 
Start importing Packages/com.meta.xr.sdk.interaction/Runtime/Sample/Materials/RoundedBoxGradientUILight.mat using Guid(474374ac034110f43a206174b2565717) (NativeFormatImporter) -> (Import Result ID: 'c36d006a0520599c0a9c54aa8f57718d') in 0.0020288 seconds [static dependencies only]. Details - ImportResultOutputID=9d1a242155942cd706c1144fc0d359be DependenciesID=90faa0425bdd38e3e84a3d7071d4154b StaticDependenciesID=d4da4a52ba28813b087089edde1cacbc 
Start importing Assets/Art/Materials/URP/1777303/1777303_L_URP.mat using Guid(57eb8c90772861441a5a56e43b0650cf) (NativeFormatImporter) -> (Import Result ID: '313ebd83232a6cd91754989a71719068') in 0.0025641 seconds [static dependencies only]. Details - ImportResultOutputID=4eaa3898a9ade8a3c15ed01b53548232 DependenciesID=738233ac23c0d239e68a96f89e1d8663 StaticDependenciesID=d3f11be95de703a20d5cd493f29a147e 
Start importing Packages/com.meta.xr.sdk.interaction/Runtime/Sample/Objects/Environment/SmallRoom/Materials/SmallRoomFabricMat.mat using Guid(67a56e06756c500488d3f91d7a662d30) (NativeFormatImporter) -> (Import Result ID: '7b1f831985d4789c3c26e6f9e6caa997') in 0.0019782 seconds [static dependencies only]. Details - ImportResultOutputID=a90a0772406eaf0fee90928c43365e66 DependenciesID=92256017d67469251f500e61ff4738d9 StaticDependenciesID=cde00bef27aa00b01dffdbb5a1a0717d 
Start importing Assets/Art/Materials/URP/12913/12913_M_URP.mat using Guid(772a91858b502a646914c7fa378a13c8) (NativeFormatImporter) -> (Import Result ID: '56dbc793f9d0337344cb40df76bf2542') in 0.0023495 seconds [static dependencies only]. Details - ImportResultOutputID=4337d6de424cc422a165f9bf90dfef3b DependenciesID=b5818af20c87a4c806da2865ba9b4b84 StaticDependenciesID=a83685ab5839e5d1fe2781c79d1ab3d2 
Start importing Packages/com.meta.xr.sdk.interaction/Runtime/Sample/Objects/Props/Torch/Particles/Materials/FlamePool.mat using Guid(87e16739e47237e4c8b4d01435697ae5) (NativeFormatImporter) -> (Import Result ID: '70a9f42e227daffdad37410249baac52') in 0.0019999 seconds [static dependencies only]. Details - ImportResultOutputID=124887320ea04ba357bb68b61c2ee1b7 DependenciesID=4060dfdf953e6145cad0195763c9b4ca StaticDependenciesID=8925bd8a18b1cf86d7c5e15fbf987ade 
Start importing Packages/com.meta.xr.sdk.core/Editor/BuildingBlocks/BlockData/PassthroughWindow/Materials/SelectivePassthrough.mat using Guid(872bdf883587b624f85b23d8ed2844c8) (NativeFormatImporter) -> (Import Result ID: '8e8f756e617d6efafb98af8944048f41') in 0.002281 seconds [static dependencies only]. Details - ImportResultOutputID=9a762db3667d37b57dfbaa3166bf5fb3 DependenciesID=ccfc5b0a74b2c370fc3f1a577ccd63cb StaticDependenciesID=46de5f43d5fe96d51a71036bea7b200f 
Start importing Packages/com.meta.xr.sdk.interaction/Runtime/Materials/PolylineUnlit.mat using Guid(87fba17a388191d46957a22813ee5855) (NativeFormatImporter) -> (Import Result ID: '6298fee505bbdadddd7883dad7d1a3cf') in 0.0020943 seconds [static dependencies only]. Details - ImportResultOutputID=403a0e83545f965316e1054385e97f66 DependenciesID=40d7d140633dc3c07b0c2c31b9702f84 StaticDependenciesID=e230a6436769156bdff86a64dcad7b6f 
Start importing Packages/com.meta.xr.sdk.interaction/Runtime/Sample/Objects/Props/WaterParticles/Materials/ParticleSprayMat.mat using Guid(9751ef0d9c1b960409752884ff54a34a) (NativeFormatImporter) -> (Import Result ID: '00e0c06f50788f45a87a85ab4e553f03') in 0.0018964 seconds [static dependencies only]. Details - ImportResultOutputID=a25a18f42aee29e8dc4a426a733a9180 DependenciesID=5ec66bafb4512f0ceeb2852e45daf2ce StaticDependenciesID=26407fe7f718282b147925c58f981994 
Start importing Packages/com.meta.xr.sdk.interaction/Runtime/Sample/Materials/RoundedBoxGradientUICustom2.mat using Guid(a7eeec38517eb23468b4f431445db5e4) (NativeFormatImporter) -> (Import Result ID: '45ec971e7dc536c4d811fec46da9869d') in 0.0023648 seconds [static dependencies only]. Details - ImportResultOutputID=2e3739a2aeaff3901390202070214bfc DependenciesID=433350b5c09130aff3bc18e1a97a88b0 StaticDependenciesID=2d9079e098fade2770728e93f5966c6a 
Start importing Packages/com.meta.xr.sdk.interaction/Runtime/Materials/UIDepthOverwrite.mat using Guid(c7cda63c3ebb50847950fc3a925d784f) (NativeFormatImporter) -> (Import Result ID: 'ed0840c8248bcc472c58cc5c632f078c') in 0.0019668 seconds [static dependencies only]. Details - ImportResultOutputID=5756df28d9b311daf5052bfba6e1ec43 DependenciesID=ecae62e7de99d1b760c9163b502453e0 StaticDependenciesID=6623bf3eb5db61c1568a58c5bc3bf48a 
Start importing Packages/com.meta.xr.sdk.interaction/Runtime/Sample/Objects/Props/BigStone/Materials/BigStoneMat.mat using Guid(d786d4ccd0847a64f80d21ee6b07874f) (NativeFormatImporter) -> (Import Result ID: 'a29117e978b733a1e7603e7405b7d1f8') in 0.0018322 seconds [static dependencies only]. Details - ImportResultOutputID=d2315d8abea49395a026dd677bc6be34 DependenciesID=d69e409844586ac8a999a9c8de22c9ca StaticDependenciesID=eff1843f36a9024bcb9eb290b3cb9f83 
Start importing Packages/com.meta.xr.sdk.core/Meshes/OculusTouchForQuest2/Materials/OculusTouchForQuest2_MAT.mat using Guid(d7292a5e1ae17a64c95f3081d2c6be5a) (NativeFormatImporter) -> (Import Result ID: '6272fb0937d6b8f4560fd9aa71b178bd') in 0.0022062 seconds [static dependencies only]. Details - ImportResultOutputID=95c51146dfe78c344af75b489dfcb645 DependenciesID=d12fbd0313ea81687cf4c3cac3af4c1a StaticDependenciesID=632375bd55eaa497d72eaedf6fac7865 
Start importing Packages/com.meta.xr.sdk.interaction/Runtime/Sample/Objects/Props/Plants/Materials/PlantSetMat.mat using Guid(e700c31a6eeeac54096048f6c6b946c2) (NativeFormatImporter) -> (Import Result ID: '2f0926536b41f7bf138f01bef36ce14b') in 0.0021059 seconds [static dependencies only]. Details - ImportResultOutputID=a554204e64b51aeef6fd67384ff73082 DependenciesID=626785b76ac378d19913ce8dc601f0b8 StaticDependenciesID=2cb858387e4cc3959d1c6d663cf8065c 
Start importing Packages/com.meta.xr.sdk.interaction/Runtime/Materials/DistanceReticle.mat using Guid(f76ac96be52ce764aa832df99e34d87a) (NativeFormatImporter) -> (Import Result ID: '2c1fd9f84a166a3c0e3b89165f728c7e') in 0.0019043 seconds [static dependencies only]. Details - ImportResultOutputID=b0e6e7d831d8fcf50d98aec900b6b4ea DependenciesID=23e5b2e19b54bb56264f5af70a38d8c4 StaticDependenciesID=febc87b37268248569d3464790cdfca2 
Start importing Assets/MetaAssets/Materials/1777303/1777303_S.mat using Guid(080f1cc578021d9448558399eda469de) (NativeFormatImporter) -> (Import Result ID: 'd07bd0400c2b6abf8810a10aeffedf93') in 0.0023294 seconds [static dependencies only]. Details - ImportResultOutputID=4828807723c893e7195d5045e19150c6 DependenciesID=7334d7e79f54db5332353240f2b299e7 StaticDependenciesID=64fc520fdfffc72fb168cb757567a87e 
Start importing Packages/com.meta.xr.sdk.interaction/Runtime/Sample/Materials/LinearGradientUIDark.mat using Guid(28ed54c87b1e69c4f9268fd670606ddb) (NativeFormatImporter) -> (Import Result ID: '71d9909edb0b746d2d88fdde30ca2359') in 0.002095 seconds [static dependencies only]. Details - ImportResultOutputID=f905a0db5cc5cc8128dd6152b61d7d3f DependenciesID=9209d75fbc0e9416fd91c9aab1282049 StaticDependenciesID=9a1e6732d595ebf1256710cd9b64eccf 
Start importing Packages/com.meta.xr.sdk.core/Editor/BuildingBlocks/BlockData/HandTracking/Materials/SystemGestureSkeletonBoneMaterial.mat using Guid(38beab19e7c1f7947afac78fd60f90b0) (NativeFormatImporter) -> (Import Result ID: '9680af0fb90be75547696effe01df3f9') in 0.0023094 seconds [static dependencies only]. Details - ImportResultOutputID=1b57c8cfe5dab8f232adb3f9b67b175c DependenciesID=c7e4e10a54458e509d73efb223168eba StaticDependenciesID=e68d87139f482e3cbed7588f29f892e3 
Start importing Packages/com.meta.xr.sdk.interaction/Runtime/Sample/Materials/StreamParticle.mat using Guid(68a9df147722850488009a017a1f6744) (NativeFormatImporter) -> (Import Result ID: '746704f1e67babd670da46edc6cbc475') in 0.0021632 seconds [static dependencies only]. Details - ImportResultOutputID=4efb8233faa6f6a5df0e341fbe93b8a0 DependenciesID=f822bd204516170b91bc2b34438a908c StaticDependenciesID=04085a8af7214e28258722ca243e1d8e 
Start importing Packages/com.unity.render-pipelines.universal/Runtime/Materials/FullscreenInvertColors.mat using Guid(78a08787ca30045abb69f6f7dd878e09) (NativeFormatImporter) -> (Import Result ID: 'a2830239020e31e55f6cb44e8db87a81') in 0.003271 seconds [static dependencies only]. Details - ImportResultOutputID=fbdb289d80b4dfb0c6052ef310e5dcdd DependenciesID=7fd73b6da6c13033970c5495802baac1 StaticDependenciesID=bdce3bbd45c97c04b13243a1129814a6 
Start importing Packages/com.meta.xr.sdk.interaction/Runtime/Materials/OculusHandCursor.mat using Guid(882d323910ef3bf4c88fb92c491a5ef6) (NativeFormatImporter) -> (Import Result ID: '700b5f82c01b0cde82d6cf9cfa3c282f') in 0.0020949 seconds [static dependencies only]. Details - ImportResultOutputID=2dff389fa229ec2ceb29b13a93013c19 DependenciesID=7db7fda96cd610953fa525af83d725de StaticDependenciesID=8f397bb19505d3a32f397b16a65239d9 
Start importing Packages/com.unity.render-pipelines.universal/Runtime/Materials/SpatialMappingWireframe.mat using Guid(9875a245ac49007498213638a307faa1) (NativeFormatImporter) -> (Import Result ID: '854240d5bab8418d3bdf037a72224d54') in 0.0024848 seconds [static dependencies only]. Details - ImportResultOutputID=8c31672e2bac47a169cb80ad26c91f14 DependenciesID=2d7e65880a5db11e6ac1042a61758cc4 StaticDependenciesID=a67d771a8b35f9d941e74c50b54089ff 
Start importing Packages/com.meta.xr.sdk.interaction/Runtime/Materials/DotGridUnlit.mat using Guid(c8abc1d05afcf524eb9f7657ed06700d) (NativeFormatImporter) -> (Import Result ID: 'cf856aafb3f980e060deaf2c44da4124') in 0.0019937 seconds [static dependencies only]. Details - ImportResultOutputID=199bd08eccd37400c84890ca900eef56 DependenciesID=d98e1c446bd82047ac2ad0cd7debe7ae StaticDependenciesID=a582ec646c8f6222619c65822879a3cc 
Start importing Packages/com.unity.render-pipelines.universal/Runtime/Materials/ParticlesUnlit.mat using Guid(e823cd5b5d27c0f4b8256e7c12ee3e6d) (NativeFormatImporter) -> (Import Result ID: '32b9cd6ba059184ff743f30604407ae8') in 0.0017696 seconds [static dependencies only]. Details - ImportResultOutputID=b67e18eb4124e2799c46d67987c41908 DependenciesID=bae7068fe6546d80340e14fe8dc4982a StaticDependenciesID=be9b1593a0322b4f115e702504d88097 
Start importing Packages/com.meta.xr.sdk.interaction/Runtime/Sample/Objects/Environment/Locomotion/Models/Materials/LocomotionWaterMat.mat using Guid(f89e9bc336534884abf771b6461768cb) (NativeFormatImporter) -> (Import Result ID: 'ba043789c6f82fad9faab7d8859eae0e') in 0.0020132 seconds [static dependencies only]. Details - ImportResultOutputID=a11346597ee60f5e2ee5e7d82614b302 DependenciesID=7f7e58175b636d446c6796369a128878 StaticDependenciesID=4fc0b7291f67cc3d56e0824007e834d4 
Start importing Packages/com.meta.xr.sdk.interaction/Runtime/Materials/HotspotMaterial.mat using Guid(099a76900c67577498a4e81d119935d6) (NativeFormatImporter) -> (Import Result ID: '624d092835737f862c7d806d40df156e') in 0.0018234 seconds [static dependencies only]. Details - ImportResultOutputID=b8e5f1511473e4bea0a4d13280524431 DependenciesID=8fe486513ddf0144bdb220776413bcc3 StaticDependenciesID=12b4cba0df83ab8da0a3c0980b1488cb 
Start importing Packages/com.meta.xr.sdk.interaction/Runtime/Materials/OculusControllerRayCursor.mat using Guid(29459c8b5bc102840b9a63876129bd1d) (NativeFormatImporter) -> (Import Result ID: '6bb64a0faaa9e080fbea9937f441e1f6') in 0.0019542 seconds [static dependencies only]. Details - ImportResultOutputID=594f462d2d1d60448d56b57a0f8ea766 DependenciesID=f165cd9b0f14a8eec3ee4c99786818f8 StaticDependenciesID=96ebca58829b2de052dc0e0c3de41be8 
Start importing Packages/com.meta.xr.sdk.interaction/Runtime/Sample/Objects/Environment/SmallRoom/Materials/SmallRoomWoodMat.mat using Guid(39529bfee90df16499ae08d968e12ea7) (NativeFormatImporter) -> (Import Result ID: 'b94c358df09182598e4a083f07dee8b6') in 0.0026066 seconds [static dependencies only]. Details - ImportResultOutputID=0d6c1452e1f4b50f90f58f45d6e6f70a DependenciesID=56b0deee54bbb3404c5b2301c846f550 StaticDependenciesID=cc81d1fa172b0feec6600c40e13988f7 
Start importing Packages/com.meta.xr.sdk.core/Editor/BuildingBlocks/BlockData/SampleSpatialAnchorController/Materials/Blue.mat using Guid(49b00ee46c5392846bbbc236c515acf0) (NativeFormatImporter) -> (Import Result ID: '878025ab7102e62a8f328fc5f0b4adbd') in 0.0021491 seconds [static dependencies only]. Details - ImportResultOutputID=7df8714bf6061799718da24272f9be40 DependenciesID=2393791aba7417e3dc6b9f60b411ac6c StaticDependenciesID=b603f53b656bf99f038cee836d8b2a31 
Start importing Packages/com.unity.render-pipelines.universal/Runtime/Materials/TerrainLit.mat using Guid(594ea882c5a793440b60ff72d896021e) (NativeFormatImporter) -> (Import Result ID: '8f64e337c84c291ad0b7423ec6ea32ff') in 0.0027887 seconds [static dependencies only]. Details - ImportResultOutputID=c95acde64ce51149914305e76303a8da DependenciesID=ba60f2a68aed8971d3782440da17f252 StaticDependenciesID=71cd8be062b18a84f746b30b970f0b01 
Start importing Packages/com.meta.xr.sdk.interaction/Runtime/Sample/Materials/StencilClear.mat using Guid(6962da96577ae9f4fbed0b037c9934d6) (NativeFormatImporter) -> (Import Result ID: 'e2d774cef42e9ba3ad7e6115e07530ac') in 0.0021539 seconds [static dependencies only]. Details - ImportResultOutputID=3215841260a232cc551d1e25a6a4b58d DependenciesID=3296571f0fc6c877a0c78e2db970ce32 StaticDependenciesID=5fa83522e913494e3bd1405f36b88a81 
Start importing Packages/com.meta.xr.sdk.interaction/Runtime/Materials/OculusHandWire.mat using Guid(697d9a99ae3c7784bbef700ed300a1ca) (NativeFormatImporter) -> (Import Result ID: 'd5bbfa764d454867b24174a55a382b02') in 0.002125 seconds [static dependencies only]. Details - ImportResultOutputID=0531dabb83ec8c3667f2ca176329b11b DependenciesID=b60116220f84f71c5d931615d8672df2 StaticDependenciesID=5b751c76b377655f625785906a4c9de6 
Start importing Packages/com.meta.xr.sdk.core/Editor/BuildingBlocks/BlockData/RoomModel/Materials/Red.mat using Guid(891cb734b1022d246a31907346236591) (NativeFormatImporter) -> (Import Result ID: 'bf40ea707d94d9bb216a98ad6ffaad02') in 0.0022748 seconds [static dependencies only]. Details - ImportResultOutputID=8cab9b307cdae1530008ce6854c6d502 DependenciesID=24245590bcc603c8ffe4ae658b10f6a3 StaticDependenciesID=5e2902cdaf79f14f11197a080a096645 
Start importing Packages/com.unity.render-pipelines.universal/Runtime/Materials/Sprite-Lit-Default.mat using Guid(a97c105638bdf8b4a8650670310a4cd3) (NativeFormatImporter) -> (Import Result ID: 'f7c6a828eeddecaf95e90d816a9144f4') in 0.0018439 seconds [static dependencies only]. Details - ImportResultOutputID=22ca11cdc46a4de1abce948da0746b2e DependenciesID=ef1dd38f6d352a38f725caaddbcc8fcc StaticDependenciesID=d7a5b56f42572016fe7006064e84b507 
Start importing Packages/com.meta.xr.sdk.core/Editor/BuildingBlocks/BlockData/AIBlocks/ObjectDetection/Materials/BoundingBoxMaterial.mat using Guid(b94f320279ee72b4f93f5f8ea54370f1) (NativeFormatImporter) -> (Import Result ID: '2b967d6ed20161cb548232a81a7b317e') in 0.0023884 seconds [static dependencies only]. Details - ImportResultOutputID=355755659dd4236ff4c8678b18dfa7dc DependenciesID=2c935d5592b1b836ed634eaeb9624970 StaticDependenciesID=69ba91ea51e03deb9e38c44c20972ab8 
Start importing Assets/MetaAssets/Materials/43333/43333_M.mat using Guid(c9b89aca66771c741b59dcf3738999e1) (NativeFormatImporter) -> (Import Result ID: '76500be81061750909483bce76b2bb9f') in 0.0020727 seconds [static dependencies only]. Details - ImportResultOutputID=196f721861e0df00a38f78daf50b9c99 DependenciesID=3239d290b887df2f71ca352a9e25e317 StaticDependenciesID=511aad26b5dadbbbb220efb92c79b715 
Start importing Packages/com.meta.xr.sdk.core/Editor/BuildingBlocks/BlockData/SampleSpatialAnchorController/Materials/IconBackground.mat using Guid(d926560f9f4cfa240ae27300a8c77531) (NativeFormatImporter) -> (Import Result ID: '4a73798dc8264ab1ecc7a0477a613547') in 0.0020051 seconds [static dependencies only]. Details - ImportResultOutputID=9f5cd5506856d4747097de0ccf8a76c1 DependenciesID=5ed16904266254df20b8602fa1bd80ce StaticDependenciesID=6bc72413a26548fef667eb7d98721db4 
Start importing Packages/com.meta.xr.sdk.interaction/Runtime/Materials/RoundedPanelMesh.mat using Guid(d9665615562752448b5140038771d26c) (NativeFormatImporter) -> (Import Result ID: '3b01265483747b1324d5a5d3b54f5c3e') in 0.0020423 seconds [static dependencies only]. Details - ImportResultOutputID=dc0357e5e8481a8587c816db16ae19f0 DependenciesID=362a068ea302b7f24371f4e669084d24 StaticDependenciesID=adbae87ef179321254f3dd61285b062e 
Start importing Assets/Art/Materials/URP/632623/632623_L_URP.mat using Guid(e954eb65760ebdd41808f4a0219c7e53) (NativeFormatImporter) -> (Import Result ID: 'b12d2e377296b35582931aace44986c2') in 0.001904 seconds [static dependencies only]. Details - ImportResultOutputID=a9cf45c048a89c208670446ac6fe9a21 DependenciesID=a50a2649c335dc635f28ef226aff94c1 StaticDependenciesID=9f4a01033dd5b80e5346fdb7389616d3 
Start importing Packages/com.meta.xr.sdk.interaction/Runtime/Sample/Materials/ScissorsParticle.mat using Guid(f934f6827b1ed7947bc334bd556ecf5c) (NativeFormatImporter) -> (Import Result ID: 'dba02704a6afbb89d89c64d22f6ed17b') in 0.0021421 seconds [static dependencies only]. Details - ImportResultOutputID=0ad8c0e20e3628dc249d50083590e1c4 DependenciesID=b9004ad828e3ac27f5a1ef1e709e6e4a StaticDependenciesID=67d470aa2484d1fe4a7a9d63afc9b767 
Start importing Packages/com.unity.render-pipelines.universal/Editor/SceneTemplates/Materials/White.mat using Guid(f96821bbefeea864b9b418af4b8615ac) (NativeFormatImporter) -> (Import Result ID: '4e050d2d4984e5d0b278bbbbc42f926e') in 0.0020422 seconds [static dependencies only]. Details - ImportResultOutputID=134e72518c318e56de564f27d152f02c DependenciesID=bc94b86fa7f6b6a4edbb90fa61f0d5f6 StaticDependenciesID=ca7d6bc3218ed699fbbbf7e9c0c31951 
Start importing Packages/com.meta.xr.sdk.core/Scripts/BuildingBlocks/MultiplayerBlocks/Shared/Colocation/ColocationPackage/Prefabs/AnchorLeft.mat using Guid(2ae051fef5184a0468090e879c694ddc) (NativeFormatImporter) -> (Import Result ID: 'eedff194d84702d6e7283c5952f0d258') in 0.0017837 seconds [static dependencies only]. Details - ImportResultOutputID=3201029f578a9407e749a9dac4eb955e DependenciesID=91f3cea28365b8f6add754833f42d1da StaticDependenciesID=a053b168ba829f23b808788e2a8ef5dd 
Start importing Packages/com.meta.xr.sdk.core/Meshes/MetaQuestTouchPro/Materials/batteryIndicator_mat.mat using Guid(3abd38e0d18db6c49b2c96961d69d024) (NativeFormatImporter) -> (Import Result ID: 'ffee2a51827fcba54db61fcbf4af1a3c') in 0.0019148 seconds [static dependencies only]. Details - ImportResultOutputID=b2f9aaba51ea94e953863a4e11447c42 DependenciesID=e6a1c4c6cdfa71450e14d6212eaa63ea StaticDependenciesID=1c410e90b697e1bfc64b913c5f762bcf 
Start importing Packages/com.meta.xr.sdk.interaction/Runtime/Sample/Materials/SkyboxGradient.mat using Guid(5a44fc1383485534a9342292a67cd747) (NativeFormatImporter) -> (Import Result ID: '1611cfd522e48d2b89c262d38645e170') in 0.0018438 seconds [static dependencies only]. Details - ImportResultOutputID=fd20d53837b028e78b4bdd8ff95d600c DependenciesID=fe6365efd8595adb52ff22c418f79973 StaticDependenciesID=f01c9763af5b3a69896c6dc313b89c26 
Start importing Packages/com.unity.render-pipelines.universal/Runtime/Materials/SimpleLit.mat using Guid(6a1143ee683302f4aa628c052723efc1) (NativeFormatImporter) -> (Import Result ID: '06fd271014b08ab1bc3c810b1e6a1775') in 0.0022656 seconds [static dependencies only]. Details - ImportResultOutputID=7684fb890051bebc6300c62adba95777 DependenciesID=01ef15c2c7ace1ae0522c44d10225e4c StaticDependenciesID=a576486a76d764e399e9d843838139a9 
Start importing Packages/com.unity.render-pipelines.universal/Runtime/RendererFeatures/SurfaceCacheGIRendererFeature/FallbackMaterial.mat using Guid(8a239b3da89050c4e89ac06b168fc684) (NativeFormatImporter) -> (Import Result ID: '97c0aa4703b85cc01a137ccb39ee13ae') in 0.0023005 seconds [static dependencies only]. Details - ImportResultOutputID=e6dd59b155dac1e853623ca2bbb912ec DependenciesID=be7e0626a73f2d8a5cc6faf5add5038f StaticDependenciesID=ddfe57dd7a5224e2238b2a52f7978275 
Start importing Packages/com.meta.xr.sdk.core/Editor/BuildingBlocks/BlockData/HandTracking/Materials/DefaultHandMaterial.mat using Guid(aa70c70787230f248b33d8a0ce1a6c3d) (NativeFormatImporter) -> (Import Result ID: '4895357ccbf2db40e8fbc39c347ebae0') in 0.0019392 seconds [static dependencies only]. Details - ImportResultOutputID=4235f09f314b542decdd550899278e82 DependenciesID=f1d63dde21d12ff3c66799cb04938e5b StaticDependenciesID=325beba9b88149f7b29e876f431819a1 
Start importing Packages/com.meta.xr.sdk.interaction/Runtime/Sample/Materials/MoonMaterial.mat using Guid(aa67c5c1a6d21d1438099930c8568b9f) (NativeFormatImporter) -> (Import Result ID: 'ea297bda40c31cb3476b203b305bcc61') in 0.0018982 seconds [static dependencies only]. Details - ImportResultOutputID=3d8c841fcd04e8f85c76be5da157d87f DependenciesID=28d1f93f1ca6d80ef6dd2d66a247a9a7 StaticDependenciesID=6011e034786de1c532f41b2603bd21eb 
Start importing Packages/com.meta.xr.sdk.interaction/Runtime/Sample/Objects/Environment/Locomotion/Models/Materials/LocomotionDoorLightMat.mat using Guid(ea28082bb5e60b0498e2572d11c502ae) (NativeFormatImporter) -> (Import Result ID: '857fda0540385daaf240e30802238df3') in 0.0019552 seconds [static dependencies only]. Details - ImportResultOutputID=abd8221847049e6d86ad7c0288d6e471 DependenciesID=0c7bda3f59a30ab2ef7e56ba384f0697 StaticDependenciesID=62ce95ef527ebd75ffc26e5f2d804dca 
Start importing Packages/com.meta.xr.sdk.core/Meshes/OculusTouchForRift/Materials/OculusTouchForRift_Material.mat using Guid(eacafe280fdfa6a44845c135057ae6a5) (NativeFormatImporter) -> (Import Result ID: 'd727850c6d5f0985d1488b86a7adadca') in 0.0019824 seconds [static dependencies only]. Details - ImportResultOutputID=94d5e9edce29f05ea72931ad86efcbe8 DependenciesID=353ceb55e35f05f42eb51f4eba8c9e0d StaticDependenciesID=7f51e1c66d2ec9c672a2bedab3fc126c 
Start importing Packages/com.meta.xr.sdk.interaction/Runtime/Sample/Objects/Props/Key/Materials/keyMaterial.mat using Guid(fa19159987a504d45bf0de8a23633f94) (NativeFormatImporter) -> (Import Result ID: '56196c4dc39f80b13f3014da2267b0ac') in 0.0022498 seconds [static dependencies only]. Details - ImportResultOutputID=111fac76f2a036dadc5a21d6ac666e22 DependenciesID=93bd20d52b76ca2e5cc5246311d59739 StaticDependenciesID=88c9f48c8cd2276e10e4d072085f9837 
Start importing Packages/com.meta.xr.sdk.core/Editor/BuildingBlocks/BlockData/SampleSpatialAnchorController/Materials/Red.mat using Guid(fadf4ab759020d549bdc810492267a97) (NativeFormatImporter) -> (Import Result ID: '0abfa985881c2cb290dabaab6aa896f9') in 0.0017569 seconds [static dependencies only]. Details - ImportResultOutputID=fd434caf941e92b43e7d758e0bda0ab3 DependenciesID=81d529c8dc5255c3abb9bf327229cba6 StaticDependenciesID=d9048e512d6e07b9dca7fa64a8848e77 
Start importing Packages/com.meta.xr.sdk.core/Scripts/BuildingBlocks/MultiplayerBlocks/Shared/Colocation/ColocationPackage/Prefabs/AnchorUp.mat using Guid(2b0f877ff73c16b4caad198b306c9357) (NativeFormatImporter) -> (Import Result ID: 'cce69a51106081f086466ee4b3e0959c') in 0.0017018 seconds [static dependencies only]. Details - ImportResultOutputID=262eed4e60bfa3ec943c3fdbe1702d3e DependenciesID=4ba99f0195b3f49de889000cce647b3e StaticDependenciesID=4efc93629a5c54d7c930735bfe07efe0 
Start importing Packages/com.meta.xr.sdk.core/Meshes/MetaQuestTouchPlus/Materials/MetaQuestTouchPlusMATphong_right.mat using Guid(4b13877204bf5394c80dc8b6e469ec13) (NativeFormatImporter) -> (Import Result ID: '83cf34770b39e6be2656907b26cffc0b') in 0.0026169 seconds [static dependencies only]. Details - ImportResultOutputID=2c5494371ef42217391f7dbdfb99b0a7 DependenciesID=b4b60c8f73d1db3fda2c691a3e6f8b46 StaticDependenciesID=c5ef478e99a4ae542a1c9fa55ccdb377 
Start importing Packages/com.meta.xr.sdk.core/Materials/BasicHandMaterial.mat using Guid(5ba7d209f622bb44e87b47ce27ee27b7) (NativeFormatImporter) -> (Import Result ID: 'da8ec330df239681f533ea87f8ab4016') in 0.0020501 seconds [static dependencies only]. Details - ImportResultOutputID=86fd228ff4c3845870ab15ca68ad288d DependenciesID=a563605dd43005e60af7d6cadd23c996 StaticDependenciesID=d57297f678935cb2b50bf19168c7382f 
Start importing Packages/com.meta.xr.sdk.core/Materials/OVRHandRay.mat using Guid(8b2601bbc5e1b6c4cb90cdf387dd0155) (NativeFormatImporter) -> (Import Result ID: 'e461d5075acdc23643970a226ed9511a') in 0.0024945 seconds [static dependencies only]. Details - ImportResultOutputID=65b354afb70c61320ca69a5f4a6102d5 DependenciesID=65ac76b985f734620ea12c98487eeb04 StaticDependenciesID=8ceb046728de64b036e30f3dbaad8d8f 
Start importing Packages/com.meta.xr.sdk.interaction/Runtime/Sample/Objects/Props/Doll/Materials/DollMat.mat using Guid(9b71addb332f4584da09a4e6689d6e70) (NativeFormatImporter) -> (Import Result ID: 'd3fb89d84eddf7dff9e823fa2ca268a5') in 0.0021594 seconds [static dependencies only]. Details - ImportResultOutputID=526de1560a14ba45fc709d9b57bbb545 DependenciesID=93d3d1ffa921069e21e46fe242e8f034 StaticDependenciesID=72b0c6722b2a5c5b5638978e19ce54b0 
Start importing Assets/Art/Materials/URP/1777303/1777303_M_URP.mat using Guid(9b42d47d6ce6050419169b386bbe81fa) (NativeFormatImporter) -> (Import Result ID: '82896632443962716a9947903768ca0a') in 0.0021276 seconds [static dependencies only]. Details - ImportResultOutputID=eddc44d81d3be3fc14b4b308525395b7 DependenciesID=cc39a286ae48dc6899c2493d8f9ca4a8 StaticDependenciesID=526c79b7cb97ad2fbe3337f60f6f14d4 
Start importing Packages/com.meta.xr.sdk.core/Editor/BuildingBlocks/BlockData/Occlusion/Materials/DepthMaterial.mat using Guid(0c30fe2a888221d40803a72940b4ef29) (NativeFormatImporter) -> (Import Result ID: '807321aaf135052426caf651d6a40243') in 0.0021237 seconds [static dependencies only]. Details - ImportResultOutputID=8161a9ab9aff2db6665cd4608551e507 DependenciesID=12137c93fb94d613fe3d75fdb5547f1a StaticDependenciesID=396de4e219735c74ef0bbe0756502b7a 
Start importing Packages/com.meta.xr.sdk.interaction/Runtime/Sample/Objects/Props/ChessPiece/Materials/ChessPieceMaterial.mat using Guid(1ca71802d51bae64a8033f42a2b05713) (NativeFormatImporter) -> (Import Result ID: '61ed485348b6db63aa37709be023b66e') in 0.0019973 seconds [static dependencies only]. Details - ImportResultOutputID=dbb0fcbcefcbeede69e43e0e24abc518 DependenciesID=812315ab0d09695e396fb1097ff862eb StaticDependenciesID=350566528a1850c55bf461192c0ba4cc 
Start importing Assets/Art/Materials/URP/12913/12913_L_URP.mat using Guid(1cc8109cd19c39c46b0ee016e769644a) (NativeFormatImporter) -> (Import Result ID: '36425e27d4152e91a4c595a4191bc934') in 0.0022451 seconds [static dependencies only]. Details - ImportResultOutputID=50140adca53d03b2fd561b3cddd1f32f DependenciesID=0ca24ec65bd7dc7c9f40d3a0b7862551 StaticDependenciesID=d79d912f9f716a03327fd447e37dcabe 
Start importing Packages/com.meta.xr.sdk.interaction/Runtime/Sample/Objects/Props/Materials/CubeMaterialGreen.mat using Guid(2cc7f2461925b5c45a164db3cf15d942) (NativeFormatImporter) -> (Import Result ID: 'a644190408d4995be48591a4adfa34b5') in 0.0021016 seconds [static dependencies only]. Details - ImportResultOutputID=1c506313fe6e52454f9c355a9bf6f210 DependenciesID=3f84161c3dd0e20eed730874e6aee61d StaticDependenciesID=0e0e205981192fdb5fc979529cdc0874 
Start importing Packages/com.meta.xr.sdk.interaction/Runtime/Sample/Materials/RoundedBoxUI.mat using Guid(2c59325cff8447d47899d7e518a87833) (NativeFormatImporter) -> (Import Result ID: '88bf33b22772b6f0f6e5677b42d72381') in 0.0018981 seconds [static dependencies only]. Details - ImportResultOutputID=0dcf4e01a9b2c6cba7c33f179c1815b7 DependenciesID=de66a75f71d6cec541387ee02c9b9e50 StaticDependenciesID=305b5144cf0d680e72a1c05fd4b3c332 
Start importing Packages/com.meta.xr.sdk.interaction/Runtime/Materials/UIUnderlayImposter.mat using Guid(5c093e4058df12042a75bcb967ca1554) (NativeFormatImporter) -> (Import Result ID: '957c8191cda4b0b915f73e06bc2bb1a1') in 0.0019871 seconds [static dependencies only]. Details - ImportResultOutputID=214b029fe2d6e2c347468440d9396379 DependenciesID=fcf1b45df8089fc219d6af57e42cacac StaticDependenciesID=3b3d49538192312112a6ea0605f26425 
Start importing Packages/com.meta.xr.sdk.interaction/Runtime/Materials/DistanceLine.mat using Guid(6ca35ef23029a0243b2a3a93082a3c3d) (NativeFormatImporter) -> (Import Result ID: '0da309f58210c49264523f3156eb8e01') in 0.0019084 seconds [static dependencies only]. Details - ImportResultOutputID=015292e69beeff692c248910388a5cda DependenciesID=8e9b103a1178a8712a986cb648d54544 StaticDependenciesID=3e31be280377a42a1adf9b6c49341efb 
Start importing Packages/com.meta.xr.sdk.interaction/Runtime/Sample/Materials/VideoPlayerAnimBackground.mat using Guid(6c2e126a52c0ad64fbe6ea3ad784c5a5) (NativeFormatImporter) -> (Import Result ID: '0ea1f73d8e21ae596984ec8b28c4159e') in 0.0018017 seconds [static dependencies only]. Details - ImportResultOutputID=f96602baf280102f8f6f7d2d5a801ed9 DependenciesID=70f05d5f21e6fde3e3c3672216c14f92 StaticDependenciesID=1e9b06b2f810ab84b2bd2367385a867e 
Start importing Packages/com.meta.xr.sdk.interaction/Runtime/Materials/OculusRayMaterial.mat using Guid(7c03a1f52a4ed51428913c25ec54afc0) (NativeFormatImporter) -> (Import Result ID: '9285f7dd088de38d62e9ebc94a054dfc') in 0.0021309 seconds [static dependencies only]. Details - ImportResultOutputID=7ad743c83f8498b1dcdebfa0c1bddeff DependenciesID=c625edd87de5f98d8ae143a3ae6bc275 StaticDependenciesID=cef99347eaa554cf060ea14f95684d46 
Start importing Packages/com.meta.xr.sdk.core/Editor/BuildingBlocks/BlockData/HandTracking/Materials/SkeletonBoneMaterial.mat using Guid(9c05c5a6e4902ff4082cfb34e5b64b2d) (NativeFormatImporter) -> (Import Result ID: 'd64e1b9e94f184aa7678da11acd6e2bb') in 0.0017421 seconds [static dependencies only]. Details - ImportResultOutputID=dde97b01d5a2ac548c5ef51518047211 DependenciesID=2d680b2342f9e428e702564df89b4040 StaticDependenciesID=382fc1cd1663c0b642de6cbbd9435f8b 
Start importing Packages/com.meta.xr.sdk.interaction/Runtime/Sample/Objects/Environment/Locomotion/Models/Materials/LocomotionConcreteMat.mat using Guid(9c1b64233560e0c4a9e466e92347a2aa) (NativeFormatImporter) -> (Import Result ID: '66dc08308de06227f833a86000fe8963') in 0.0018469 seconds [static dependencies only]. Details - ImportResultOutputID=f93a4ce9b960edc5d358e940a11f8f67 DependenciesID=21208962ff1fe1b841275f9e3b0532f0 StaticDependenciesID=81f758fcfa9dab2711e943c867d0ebee 
Start importing Packages/com.meta.xr.sdk.interaction/Runtime/Materials/UIDefaultOverlay.mat using Guid(bc9f80a2ae0e0a24d870176e48ab1b93) (NativeFormatImporter) -> (Import Result ID: '8baba90e5fde5c5b7d153a65ed60269a') in 0.0019499 seconds [static dependencies only]. Details - ImportResultOutputID=0f53d59264f87afce04d5ce32e07ef84 DependenciesID=e20958a23d34c800c399e973a0f2516d StaticDependenciesID=c589b36ef39ba2a22a885c86ed32a402 
Start importing Packages/com.meta.xr.sdk.interaction/Runtime/Sample/Objects/Environment/MRDesk/Materials/MRDeskMat.mat using Guid(1d0c08a6c88215a4eb5355e92f403a0b) (NativeFormatImporter) -> (Import Result ID: '0a8ea20518af62f6273d77627ec0d4fc') in 0.001894 seconds [static dependencies only]. Details - ImportResultOutputID=82ef6a67645ed80e79d55161db04effe DependenciesID=2ef017a5901b14f4a0455419907d7e2c StaticDependenciesID=8ddab51f1fa1fc641e5a4fba3b4d7274 
Start importing Assets/Art/Materials/URP/43333/43333_M_URP.mat using Guid(1d3cae363f160254ba993f3ff0a217c5) (NativeFormatImporter) -> (Import Result ID: '23f499e1c1549235066149f34fce5baf') in 0.0019268 seconds [static dependencies only]. Details - ImportResultOutputID=19dfce3e8d1438c7aa7360b66b310a88 DependenciesID=eeb7c38273bc67d92c778e4154091350 StaticDependenciesID=a32851e2da9a7a21c1d996194b8472e1 
Start importing Packages/com.meta.xr.sdk.interaction/Runtime/Materials/OculusCursorMaterial.mat using Guid(3dc9b36eb85fa424489d9d859f737ab4) (NativeFormatImporter) -> (Import Result ID: 'effa5358de28095f00872015fb476ea3') in 0.0020003 seconds [static dependencies only]. Details - ImportResultOutputID=48e996bd4dbbeb7f52a8d8a40b15a8d1 DependenciesID=956dd44200223af987b930064c0119ed StaticDependenciesID=3769178ff486ce3ddece998705ff28e3 
Start importing Packages/com.meta.xr.sdk.interaction/Runtime/Sample/Objects/Environment/Room/Models/skybaker.mat using Guid(5d511c506ecfc464b944e87363eacc82) (NativeFormatImporter) -> (Import Result ID: 'a6151dd9923a45cf07a60d69b3922ce0') in 0.0019719 seconds [static dependencies only]. Details - ImportResultOutputID=2caee81ae042563e4862ae59a74bca2c DependenciesID=78eb034d0de2fe289a713a907614d904 StaticDependenciesID=447936fcbfcca0152bd8823317636b06 
Start importing Packages/com.meta.xr.sdk.interaction/Runtime/Sample/Objects/Environment/Room/Materials/WindowStencilWriter.mat using Guid(7d9cecde2ae02774d8af3e98dce4e2db) (NativeFormatImporter) -> (Import Result ID: '2e2f49d9ac1519a8056a18fe0ba60674') in 0.0021997 seconds [static dependencies only]. Details - ImportResultOutputID=52a47935271aac28d9f670660613798d DependenciesID=65d17de2ecfd755e839ca5ffa57c7980 StaticDependenciesID=151b1816831ec03ef1aa490f779d0536 
Start importing Packages/com.meta.xr.sdk.interaction/Runtime/Meshes/Locomotion/Materials/MetaSecondaryGradientMat.mat using Guid(8dc22c820b620ed47bc3d6d66d49d671) (NativeFormatImporter) -> (Import Result ID: '9803ebde61816a246c0c9be5e578b245') in 0.0021905 seconds [static dependencies only]. Details - ImportResultOutputID=4f1b839b12ba596b1894d89dfe3471f5 DependenciesID=db62e96235cba94c915007d0b7542820 StaticDependenciesID=11651260acde1770bef79b065661eb19 
Start importing Assets/Art/Materials/OrchardGround.mat using Guid(8db3df8736ff8bd4aa2171f7d70c7c78) (NativeFormatImporter) -> (Import Result ID: '8e2c2a6924cf73a50b535a37c76808e1') in 0.0021261 seconds [static dependencies only]. Details - ImportResultOutputID=dcc8144b7c09c225cae7c4b038b9cb12 DependenciesID=57ba2c2ab33f4f76aca7b734b1ec0b91 StaticDependenciesID=b750fb0530b9c0473e4262eb3e7c9a6e 
Start importing Packages/com.meta.xr.sdk.core/Editor/BuildingBlocks/BlockData/HandTracking/Materials/SystemGestureHandMaterial.mat using Guid(9d107f2f043e1ed408b970f146718017) (NativeFormatImporter) -> (Import Result ID: '14d74bf5e4887b2f10c032b5ea2865f1') in 0.002063 seconds [static dependencies only]. Details - ImportResultOutputID=6fd0e3f0bdc247bd89927cc9242bc593 DependenciesID=3a4038566b9d6c8c991b88aa072320d2 StaticDependenciesID=2d3993d9ee1875cc2506ba9be352bdbb 
Start importing Packages/com.meta.xr.sdk.core/Editor/BuildingBlocks/BlockData/PassthroughWindow/Materials/DeprecatedSelectivePassthrough.mat using Guid(9ddb41cc68095b641a1142a5eb433344) (NativeFormatImporter) -> (Import Result ID: 'cf1e1af33cfdd696a5515f839cca7e7e') in 0.0020516 seconds [static dependencies only]. Details - ImportResultOutputID=9fe7d9e77d791569083bdcc9454d2b15 DependenciesID=b05e7f84efa95557fdd696defa2a85dc StaticDependenciesID=64d135c074f87ff1322ba6415d694247 
Start importing Packages/com.unity.render-pipelines.universal/Runtime/Materials/Sprite-Unlit-Default.mat using Guid(9dfc825aed78fcd4ba02077103263b40) (NativeFormatImporter) -> (Import Result ID: '83b76f6f2b0497e86647f4426791c839') in 0.0026852 seconds [static dependencies only]. Details - ImportResultOutputID=1487b5282f24651035393235ba08ab7d DependenciesID=641f4360ff2d2a1d49f3eb7318dab6b0 StaticDependenciesID=f65a2aa7c1ad289186181f36c884a7f1 
Start importing Assets/Art/Materials/URP/632623/632623_S_URP.mat using Guid(ad65ad4c2dca7ea4eb14875c154f9d93) (NativeFormatImporter) -> (Import Result ID: '4a865cd0b5a101c2fb59da8c9cde1ea3') in 0.002271 seconds [static dependencies only]. Details - ImportResultOutputID=d26063738763ea8be68ca81860e0a01d DependenciesID=b840d22fe3c0e4e7e1cd57e8cb0939b7 StaticDependenciesID=deed900c9011cc5f7b6493585a081e83 
Start importing Packages/com.meta.xr.sdk.interaction/Runtime/Materials/SkeletalDebugMaterial.mat using Guid(cdfd5c8d59d2b8a44a665869cf88e43a) (NativeFormatImporter) -> (Import Result ID: 'b0fc7dd5ee20b708bf2b308a244e8172') in 0.0025696 seconds [static dependencies only]. Details - ImportResultOutputID=17f023d8a50a72966294209b4b72e21d DependenciesID=455fc3611d8df9afcc65df7abce17a97 StaticDependenciesID=fca1c03e5f184f0521411277c0d155dc 
Start importing Packages/com.meta.xr.sdk.interaction/Runtime/Materials/ProceduralArcMaterial.mat using Guid(ed965723b6756dc4faaa410790e98e31) (NativeFormatImporter) -> (Import Result ID: 'fd36597d54476a59d8c715b456395741') in 0.0021292 seconds [static dependencies only]. Details - ImportResultOutputID=68528eee980f7390ef6eae276a9354b0 DependenciesID=b5b57bf117fc53ee71470d3a7673736b StaticDependenciesID=ed424bd81c05ba24bb1a16938304cdff 
Start importing Packages/com.meta.xr.sdk.interaction/Runtime/Sample/Materials/PeaceParticle.mat using Guid(fd99b5750768afe49a50b7cc49e23729) (NativeFormatImporter) -> (Import Result ID: '0f5d9c9c687e6d8fd823afb4e5e4784a') in 0.0023631 seconds [static dependencies only]. Details - ImportResultOutputID=e3d71d37c7ff565dd52173d7ab84f297 DependenciesID=bb543c090e0802dc6e2b4b2479c8e9e7 StaticDependenciesID=4e31a471155a80bd52ab50697dcaaf46 
Start importing Assets/Art/Materials/URP/286115/286115_S_URP.mat using Guid(1e8eef1c812f9c340aab494bd9084f61) (NativeFormatImporter) -> (Import Result ID: '938a099dac09cfc4066dcbf9043ea273') in 0.0024917 seconds [static dependencies only]. Details - ImportResultOutputID=d626641761256496867b7a8ce1faae98 DependenciesID=c266be10c612737a4b8caa3d365e9461 StaticDependenciesID=f6807157da9ac280853616534989c7ea 
Start importing Packages/com.meta.xr.sdk.interaction/Runtime/Materials/RoundedPanelMeshZTestAlways.mat using Guid(4e13e34972e2e8f45ab47c3281f2655a) (NativeFormatImporter) -> (Import Result ID: 'a7ae1a9465600820444baaaeddeb8b6c') in 0.002128 seconds [static dependencies only]. Details - ImportResultOutputID=b64b192276f74b593b89349cb28851b5 DependenciesID=144e6924054497eb3c14d25d46d942fd StaticDependenciesID=20876622de5d9df21d0cbf46a2f38c36 
Start importing Packages/com.meta.xr.sdk.interaction/Runtime/Sample/Materials/ThumbsDown.mat using Guid(5e016ecb7867fea49b0e4ebe3880f346) (NativeFormatImporter) -> (Import Result ID: 'a60655434517e0b5c3cc27522c1678d0') in 0.0024085 seconds [static dependencies only]. Details - ImportResultOutputID=2dab433f600aaa2ce46391732354787a DependenciesID=3d537e77a6b870ed521d5b4f8ee356fd StaticDependenciesID=572b5c637d2925cbf60272fc12147fa3 
Start importing Packages/com.meta.xr.sdk.interaction/Runtime/Sample/Objects/Environment/Locomotion/Models/Materials/LocomotionSecondFloorMat.mat using Guid(5e426836f715e474996d06b5072c34c7) (NativeFormatImporter) -> (Import Result ID: 'ac6f0e2873faea95ef1e53e10d156182') in 0.0024208 seconds [static dependencies only]. Details - ImportResultOutputID=05c2555720d73e30ddfcb54a8e147944 DependenciesID=d33aaad8ccc3bb5eb0d10b1f7b093ec6 StaticDependenciesID=f2dcf9e21c17d369f4826ec8da88e3d1 
Start importing Assets/MetaAssets/Materials/286115/286115_L.mat using Guid(5e3431fc97770f34eaddb75965c08c2e) (NativeFormatImporter) -> (Import Result ID: 'd331bae409d9fe47b2b1575784ef8a98') in 0.0022238 seconds [static dependencies only]. Details - ImportResultOutputID=b045445c5c1b6b1139e19c1ab3e10075 DependenciesID=794cf7fb1b766a71f25423eed4cee800 StaticDependenciesID=c8cfa0ee90aa339a33ab72098d2d5de5 
Start importing Assets/MetaAssets/Materials/1777303/1777303_L.mat using Guid(6e6b4cce23cb7814492eb91981efde57) (NativeFormatImporter) -> (Import Result ID: 'daf665fc742dd7661f04fb8f72858652') in 0.0021485 seconds [static dependencies only]. Details - ImportResultOutputID=8c07c1eb3507a57c93fbe8d38a7ffc37 DependenciesID=8453b748fdba8a70d0ef3685aea6adad StaticDependenciesID=d239c8d09e748ba6129c2e1af5f2f6c6 
Start importing Packages/com.meta.xr.sdk.core/Editor/BuildingBlocks/BlockData/AIBlocks/ImageSegmentation/Materials/3DSegmentationMask.mat using Guid(8e56f14f968be7649b8eb1d9550d5c9e) (NativeFormatImporter) -> (Import Result ID: 'e7cf1ee142532a101fc587ce26186e11') in 0.0021824 seconds [static dependencies only]. Details - ImportResultOutputID=e5824d855a23fb4068423418f23b566a DependenciesID=aded1bd6a70d3d66e33ae88df57654d7 StaticDependenciesID=899e179cc9afc68bb89d93c71e1f1dcb 
Start importing Packages/com.meta.xr.sdk.core/Editor/BuildingBlocks/BlockData/RoomMesh/Materials/RoomMeshMat.mat using Guid(be1340ae6593bfa46888d2c5b6179e2c) (NativeFormatImporter) -> (Import Result ID: 'ab4fe10a10a78455e010e58cb561d803') in 0.0023183 seconds [static dependencies only]. Details - ImportResultOutputID=004c8c7a9233c58acce09583659c9b7e DependenciesID=d11933bbce9baf5b2f41b206765fff1d StaticDependenciesID=5e0751f505c4231cf26e37c375ebb13c 
Start importing Packages/com.meta.xr.sdk.core/Editor/BuildingBlocks/BlockData/SampleSpatialAnchorController/Materials/IconAnchor.mat using Guid(fee06ce933b1d5a4aa7f40a94d09e642) (NativeFormatImporter) -> (Import Result ID: 'b096460c11881400f99fa3cfd7d75aa0') in 0.0019731 seconds [static dependencies only]. Details - ImportResultOutputID=57e8d53f3b96e7e3612811a705f925f5 DependenciesID=59f56647dac387562893a32dd4392237 StaticDependenciesID=04b20050fad29e22492ab008813d2db2 
Start importing Assets/MetaAssets/Materials/43333/43333_S.mat using Guid(feba08ad25330084fbc97e806e46bd40) (NativeFormatImporter) -> (Import Result ID: 'b09e10edf88674af2f12de1a7f3cacf0') in 0.0020044 seconds [static dependencies only]. Details - ImportResultOutputID=37862ef992b428288e1757f5568c0b0a DependenciesID=4b096150ca0d03acf0b304dfd2b4381f StaticDependenciesID=eca6ba0b921630d2bcae73420a1dab67 
Start importing Packages/com.meta.xr.sdk.interaction/Runtime/Sample/Materials/RoundedBoxUI_Border_2pt.mat using Guid(0fc6cb6eec4350346a2edbdc45071e6f) (NativeFormatImporter) -> (Import Result ID: '266bdf81abb94ad29aceb27528783935') in 0.0023817 seconds [static dependencies only]. Details - ImportResultOutputID=340407fd231360a8aeb2332d4a46b4e8 DependenciesID=998253b9d2de06df9b8a237829ee8e5e StaticDependenciesID=332018a74b8fcc2e30f794b72f588995 
Start importing Packages/com.meta.xr.sdk.interaction/Runtime/Sample/Objects/Environment/Locomotion/Models/Materials/InteriorDoorMat.mat using Guid(2f8f24c4b695e264e905df001683ba11) (NativeFormatImporter) -> (Import Result ID: '53446975000cdcc88ff8831504f57482') in 0.0019612 seconds [static dependencies only]. Details - ImportResultOutputID=2e61de636a5992bb12c3ee298642b7ba DependenciesID=30980024827586ae2f6ca8e275035628 StaticDependenciesID=9cdf2e4959bed430cba131205e5471c9 
Start importing Packages/com.meta.xr.sdk.interaction/Runtime/Sample/Materials/LinearGradientUILight.mat using Guid(3f1a8ea57450bd749a74467129ec5145) (NativeFormatImporter) -> (Import Result ID: '078849d716f93f668d01f224f89a4c30') in 0.0019811 seconds [static dependencies only]. Details - ImportResultOutputID=5ea72cd22cd665e3867fc683e4f65814 DependenciesID=13813c591329a44859ec63fc28ce6cb7 StaticDependenciesID=d0d6f74badb198361c1655099864e63f 
Start importing Packages/com.meta.xr.sdk.core/Materials/GazePointer.mat using Guid(3fac3b9744290eb4c89b0e4ffd5fe085) (NativeFormatImporter) -> (Import Result ID: '7b71c0e743bb8426c91a80d420b629f7') in 0.0017151 seconds [static dependencies only]. Details - ImportResultOutputID=3da0f3498d38fb7dfaba2a074668cba1 DependenciesID=9bd920c70c346caba9a2c3385e491a91 StaticDependenciesID=a46f4ada53a0f4158c2a3c11128b1bad 
Start importing Packages/com.meta.xr.sdk.interaction/Runtime/Sample/Materials/PlanetMaterial.mat using Guid(4f430425110a8a9469aeff44bdcd96d9) (NativeFormatImporter) -> (Import Result ID: 'c04733c71f5f03158a14960983be82b8') in 0.0019135 seconds [static dependencies only]. Details - ImportResultOutputID=2cb275e0c1d04e60e5ce1904d3d67ce0 DependenciesID=0adf08b81141034013362097d530bbbc StaticDependenciesID=1542d211b59ef5fe70765db151234889 
Start importing Packages/com.meta.xr.sdk.interaction/Runtime/Sample/Materials/FramePoseTwoHandedParticle.mat using Guid(4f0bfa166f8d21e4f8b433ae64c0c0c0) (NativeFormatImporter) -> (Import Result ID: '87676986fcb2c7198e91e7c67fbbd548') in 0.0021818 seconds [static dependencies only]. Details - ImportResultOutputID=401a2c166ac3cfb340ca6d4124de7bdb DependenciesID=5d44dd11e8a392b2db8f41fd89ce3e45 StaticDependenciesID=64102d7f6954edf41eee2e547ebcd20a 
Start importing Packages/com.unity.render-pipelines.universal/Editor/SceneTemplates/Materials/Black.mat using Guid(4f1ef37ae953c484bbc5d5e4049147e5) (NativeFormatImporter) -> (Import Result ID: '2a5f8d2163b45ba87a10f0054e026e01') in 0.0018274 seconds [static dependencies only]. Details - ImportResultOutputID=036f93a340669f186935d82cf2b93f92 DependenciesID=05caf8e5fb935fe661f03b68d80fbd47 StaticDependenciesID=ef64bea84ee4df238a70abb715337f6a 
Start importing Packages/com.meta.xr.sdk.core/Materials/gaze_cursor.mat using Guid(7f31de375e167154aa45929466af30e4) (NativeFormatImporter) -> (Import Result ID: '92ab15596953d62d4a11329b8b3908f4') in 0.0022843 seconds [static dependencies only]. Details - ImportResultOutputID=81a0f53acaee961e14459c7047c6e40a DependenciesID=482d446761fa3dc4ef2cf5267ef92685 StaticDependenciesID=af2a81676dee4ab2b205c459196bad4c 
Start importing Packages/com.meta.xr.sdk.interaction/Runtime/Sample/Objects/Props/BigRedButton/Materials/ButtonRingShadowMat.mat using Guid(9ff437c5631ba2d42b3bd9d8a8de9511) (NativeFormatImporter) -> (Import Result ID: 'd4eeca0392e0534c696e42783adc763e') in 0.0019902 seconds [static dependencies only]. Details - ImportResultOutputID=b705415a016ff95c4cbdc80a6d01bb4a DependenciesID=64731028f278fafbac255ada93c5ea79 StaticDependenciesID=0520da220c40be90850e469594381b83 
Start importing Assets/MetaAssets/Materials/632623/632623_M.mat using Guid(9f2b1258cb0136b42af6bfdc6960d870) (NativeFormatImporter) -> (Import Result ID: '51da1ea6f24f3cffa20daafa246fc548') in 0.0027778 seconds [static dependencies only]. Details - ImportResultOutputID=97c7eee3d031427bef58e80897d9f05a DependenciesID=0b1560a958fdbc88ddd0737cd152c80d StaticDependenciesID=bf86f493c0bb5b6ace67aca8a113204c 
Start importing Packages/com.meta.xr.sdk.interaction/Runtime/Sample/Objects/Environment/Locomotion/Models/Materials/LocomotionFloorMat.mat using Guid(af517cb464bac334f905a338f89ff4e8) (NativeFormatImporter) -> (Import Result ID: '3ef069be2709f1c67a2678736ba5aa01') in 0.0026908 seconds [static dependencies only]. Details - ImportResultOutputID=a24aa907751d899a44253257e5828c30 DependenciesID=891c2a05ddd4ab88f2793b7d1db305cb StaticDependenciesID=be063323a6e3f351006958ea8cc9791c 
Start importing Packages/com.meta.xr.sdk.interaction/Runtime/Materials/TeleportReticleMaterial.mat using Guid(bf59b10353515d4479c50bf628679733) (NativeFormatImporter) -> (Import Result ID: '8356ea6f114425191aa1ce55391cfffc') in 0.0024275 seconds [static dependencies only]. Details - ImportResultOutputID=ea864e4bd1a9445b85d58ff8fe1cad47 DependenciesID=3b83eaff14de0973c4ec24c3a5eb4b05 StaticDependenciesID=387d3c8020f5641c1196f5d764e4c38e 
Start importing Assets/Art/Materials/URP/43333/43333_S_URP.mat using Guid(bf5c66306e8904b4d804dadfc88b6146) (NativeFormatImporter) -> (Import Result ID: 'd1fd10a15d4ccfd7d1dc46727185f228') in 0.002616 seconds [static dependencies only]. Details - ImportResultOutputID=e7565618d949ee33c5d6d053a2ed481a DependenciesID=32fa044984c6e2003e8bfeba896a2e12 StaticDependenciesID=78038f3dfe57af926d5e797c7788eb7d 
Start importing Assets/Art/Materials/URP/1777303/1777303_S_URP.mat using Guid(cfa8f6f1da05dd242ae9d91c51eb6232) (NativeFormatImporter) -> (Import Result ID: 'b0ea682d721d41d51be511304e03f38c') in 0.0022602 seconds [static dependencies only]. Details - ImportResultOutputID=49bab994d1ae05b61ea1383d3bb6344e DependenciesID=579b1137ce3d804a029b9ceeef861b3d StaticDependenciesID=92d2caf0f6d506ae1a2507c16f8a074c 
Start importing Packages/com.meta.xr.sdk.interaction/Runtime/Sample/Objects/Props/Torch/Particles/Materials/Flame.mat using Guid(cf0d37021f24b2a4c95eca3ff115aed2) (NativeFormatImporter) -> (Import Result ID: '3a3c31620a10abf35e33b45c3f7a4e98') in 0.002496 seconds [static dependencies only]. Details - ImportResultOutputID=d78cd2d1afcee1a09cbf44a5984d5ec3 DependenciesID=57feae7dab6232a3c0338bbe5a22e440 StaticDependenciesID=f17bdb1c0767574a0c0d9146b858cdc7 
Start importing Packages/com.meta.xr.sdk.core/Meshes/MetaQuestTouchPro/Materials/MetaQuestProRight_Material.mat using Guid(dfee80e1d2a38ea45a01698af1c06034) (NativeFormatImporter) -> (Import Result ID: 'c67480fb113863f6f9cc869d00bd7f8a') in 0.0024072 seconds [static dependencies only]. Details - ImportResultOutputID=4db7741825b646a19f448d3d98c9ee93 DependenciesID=74f791d5b8eac62dd9a289cf2a896167 StaticDependenciesID=73c00496ed09b6e695eec0c3e770e5eb 
Start importing Packages/com.unity.searcher/Editor/Resources/FlatSkin/Font/Roboto-Black.ttf using Guid(1062c701058745940ae5dca6219c64c8) (TrueTypeFontImporter) -> (Import Result ID: '72d974d793915a8a9c37ac1a7f234a1c') in 0.0047031 seconds [static and dynamic dependencies]. Details - ImportResultOutputID=156508535675883adebc4fec6b083eb9 DependenciesID=ba97e8ab1ce25c8914734b0104277e2f StaticDependenciesID=8769043cd60802e4899c1ca40720c3bd 
Start importing Packages/com.unity.searcher/Editor/Resources/FlatSkin/Font/Roboto-Regular.ttf using Guid(30dc370b164eefc43b95744fc796dad0) (TrueTypeFontImporter) -> (Import Result ID: '9bae6639945cc039ad11656dc2f89631') in 0.0038755 seconds [static and dynamic dependencies]. Details - ImportResultOutputID=ad641fd8d75d920a3eccb46e22370bff DependenciesID=a9035097f239566d6842a4cb3ea1ab7d StaticDependenciesID=6ddff9a7f74ffa96cd9d58d9ef00ebbb 
Start importing Packages/com.unity.searcher/Editor/Resources/FlatSkin/Font/Roboto-ThinItalic.ttf using Guid(b2ea3b3f1765e544b9eb5bd1a93a91ce) (TrueTypeFontImporter) -> (Import Result ID: '40d836194f222e1d3c3ee334c87e0536') in 0.0041958 seconds [static and dynamic dependencies]. Details - ImportResultOutputID=200599cc94c30598ddd54e46ed494eea DependenciesID=c788726784f49dc7fe81e7fc69ca14b7 StaticDependenciesID=e962e16016a5315e1f58de7473fc0201 
Start importing Packages/com.unity.render-pipelines.core/Runtime/Debugging/Prefabs/Fonts/PerfectDOSVGA437.ttf using Guid(74a5091d8707f334b9a5c31ef71a64ba) (TrueTypeFontImporter) -> (Import Result ID: '8e6d2dfde6b4bd41606ef17142da6069') in 0.0042812 seconds [static and dynamic dependencies]. Details - ImportResultOutputID=0e1c76034a4aac9bc1b9ab5dcb746922 DependenciesID=339bc801c6ef0e4e702c99c7a5e552ed StaticDependenciesID=10a64186dc1499722a0edb3f50a15d7c 
Start importing Packages/com.unity.searcher/Editor/Resources/FlatSkin/Font/Roboto-Medium.ttf using Guid(a51a3aebb43ac044989270407476b208) (TrueTypeFontImporter) -> (Import Result ID: '2a69b5f6efb27dcbebfdf70c922d0a4c') in 0.0043529 seconds [static and dynamic dependencies]. Details - ImportResultOutputID=7156f01763ed0154387c2d9161fd762e DependenciesID=d67fad36f235092f9acab9af29211205 StaticDependenciesID=b81d2aef7af8a61e89aa237e7339be1c 
Start importing Packages/com.unity.searcher/Editor/Resources/FlatSkin/Font/Roboto-Bold.ttf using Guid(3750c318f40cab44a97d3a81beaefeb3) (TrueTypeFontImporter) -> (Import Result ID: '286b09b24b8e8070391b4305ac09412f') in 0.0044297 seconds [static and dynamic dependencies]. Details - ImportResultOutputID=929107c3097b62ff8df43eb0ba60187c DependenciesID=c6964e358df127beb40c205f35c498e6 StaticDependenciesID=44b3ad6ad599e865cc58040387922510 
Start importing Packages/com.meta.xr.sdk.core/Scripts/ImmersiveDebugger/UserInterface/Resources/Fonts/RobotoMono-VariableFont_wght.ttf using Guid(d7b7c71c81d721f439d51761df04d4d6) (TrueTypeFontImporter) -> (Import Result ID: '612167408b24fba123fe4302bf1dfcd9') in 0.0037771 seconds [static and dynamic dependencies]. Details - ImportResultOutputID=bb8041428a4f61bbb3351a3ca012feaf DependenciesID=73705829487d5ec07175312aadcf4235 StaticDependenciesID=e3ca56844e70cd6c377965178271011b 
Start importing Packages/com.unity.searcher/Editor/Resources/FlatSkin/Font/Roboto-Italic.ttf using Guid(c839255fc8f6b4b4d90bf8c1af9f9bd1) (TrueTypeFontImporter) -> (Import Result ID: '002475f6e95e555dee286d084a8bfabf') in 0.0032847 seconds [static and dynamic dependencies]. Details - ImportResultOutputID=de5170db4391e178949dfd5b7b3b0805 DependenciesID=8c90bb6ea8d91b0f71bf4d566af538bb StaticDependenciesID=a48ab3a3651538d58dda5c848d1dae53 
Start importing Packages/com.unity.searcher/Editor/Resources/FlatSkin/Font/Roboto-Thin.ttf using Guid(19a9abb883540be48b75b951a927ae03) (TrueTypeFontImporter) -> (Import Result ID: '7022b15cdfc873d49164d9ddbd985597') in 0.0032915 seconds [static and dynamic dependencies]. Details - ImportResultOutputID=af06b72ec9f5daf6f617c6997222bc98 DependenciesID=e4cb50b846bf50ea2376402747604e09 StaticDependenciesID=be4856d7870e5b80a733ba509901d682 
Start importing Packages/com.unity.searcher/Editor/Resources/FlatSkin/Font/Roboto-MediumItalic.ttf using Guid(d93c1bc57fdf1ac4dad1bf04fac05464) (TrueTypeFontImporter) -> (Import Result ID: '06eaee7f10b09285118fd26517c5c13c') in 0.0032921 seconds [static and dynamic dependencies]. Details - ImportResultOutputID=4b6d1cce184aa6eff66380150b8dc23f DependenciesID=b3d8c021e1986fc0f798b649f2f6c53b StaticDependenciesID=a623c885c89de8a57aed423d2edf4cec 
Start importing Packages/com.unity.searcher/Editor/Resources/FlatSkin/Font/Roboto-BlackItalic.ttf using Guid(f95147a9bab9fe649b8070170fa7ebd2) (TrueTypeFontImporter) -> (Import Result ID: 'ce7b98137f3a3cb3f798a1774f199af4') in 0.0031425 seconds [static and dynamic dependencies]. Details - ImportResultOutputID=ee0806ba73f7e513506e783a0ef0084a DependenciesID=8866e07b9201085a5cf970fb49fb6511 StaticDependenciesID=c78a76017fc52cd8de1a7d737eb47037 
Start importing Packages/com.unity.searcher/Editor/Resources/FlatSkin/Font/Roboto-Light.ttf using Guid(2a29e27936eb547458f646f71125b264) (TrueTypeFontImporter) -> (Import Result ID: 'a0782a8b4d07ef54e9306b9106ce80e3') in 0.003946 seconds [static and dynamic dependencies]. Details - ImportResultOutputID=a8698a33b8003856a208aa553a0ed00d DependenciesID=4298fb291a45403bb54eb1c6100fc43b StaticDependenciesID=f3c48e44c13a01b9ebc158712116b70c 
Start importing Packages/com.unity.searcher/Editor/Resources/FlatSkin/Font/Roboto-LightItalic.ttf using Guid(5e63515167650a541b309ba3bfd4db3d) (TrueTypeFontImporter) -> (Import Result ID: '5a275cd6b17e479c7ad9e47a70b8026f') in 0.0033504 seconds [static and dynamic dependencies]. Details - ImportResultOutputID=5409cfaa86660c623ae67f5bf375a56f DependenciesID=90e4d5e193e602e85cae29219df2f4f4 StaticDependenciesID=bb5991833a2585ac67324304622128d7 
Start importing Packages/com.unity.searcher/Editor/Resources/FlatSkin/Font/Roboto-BoldItalic.ttf using Guid(dfb97a9307a577a41bcacba34b9a7e32) (TrueTypeFontImporter) -> (Import Result ID: '983b6a8cf9007660f78eb921ca2e8019') in 0.0030123 seconds [static and dynamic dependencies]. Details - ImportResultOutputID=464c2d64a2813991d653f6d7c66634aa DependenciesID=5f5bdd25fc386c0718c825a95337327d StaticDependenciesID=cda386059291959e47d318b4c13944db 
Start importing Packages/com.unity.shadergraph/GraphTemplates/BuiltIn/BuiltIn Lit Basic.shadergraph using Guid(2019d78ad3d1c5c4a8d309a857ca449f) (ScriptedImporter) -> (Import Result ID: '08f5476a66a5d57ef680e6b14a22ed9d') in 0.347973 seconds [static and dynamic dependencies]. Details - ImportResultOutputID=02e1431a69b92c3ebbbd0f537f2bba99 DependenciesID=067e57422c5c2abab1da7a9ffc5b9467 StaticDependenciesID=c4d56035752e57e77144d7cef665aef2 
Start importing Packages/com.unity.render-pipelines.universal/Runtime/Materials/ArnoldStandardSurface/ArnoldStandardSurfaceTransparent.shadergraph using Guid(30fa68ce467463643a86b839ca0eb195) (ScriptedImporter) -> (Import Result ID: 'aa87603d8e5ddb74e094b8e787c8d19a') in 0.1768013 seconds [static and dynamic dependencies]. Details - ImportResultOutputID=63d71d81dee62f30944ccbff98e3d093 DependenciesID=21b5ad67dcdf4f5a49eede78f5396714 StaticDependenciesID=88d8d17e3ded986c1388ce57ef2fd2b8 
Start importing Packages/com.unity.render-pipelines.universal/Shaders/AutodeskInteractive/AutodeskInteractiveMasked.shadergraph using Guid(80aa867ac363ac043847b06ad71604cd) (ScriptedImporter) -> (Import Result ID: '6e230c675b021e12d288045de3b0feeb') in 0.1462368 seconds [static and dynamic dependencies]. Details - ImportResultOutputID=eab5263ec4b62e286d6c1ef3db2833c4 DependenciesID=a62bab259d68afe6729a45e70fafd13c StaticDependenciesID=f225c9563410f7419ba6839cba1b7c3f 
Start importing Packages/com.unity.shadergraph/GraphTemplates/Cross Pipeline/0_Lit Basic.shadergraph using Guid(a2407126e3372f64cacb75ed466a5621) (ScriptedImporter) -> (Import Result ID: '0d151a1f9f7306587e21f633af1c7237') in 0.1262945 seconds [static and dynamic dependencies]. Details - ImportResultOutputID=6cd76dc40e4d5c6014e5e0e3c91aa2e7 DependenciesID=7c8afd3e5626737540e3c2cadc9fa4a8 StaticDependenciesID=2e25f65f84f5adfb6d267ac14cd4f15f 
Start importing Packages/com.unity.shadergraph/GraphTemplates/Cross Pipeline/Unlit Simple.shadergraph using Guid(2476a2d151e824143af40dce1fc93a12) (ScriptedImporter) -> (Import Result ID: '642e344f3a9db6140f7e17035aed61c5') in 0.1134363 seconds [static and dynamic dependencies]. Details - ImportResultOutputID=cd9b2d5652a145dbe0160d8cb47fe6ca DependenciesID=6b1e923945c713399243586e6a56f4d8 StaticDependenciesID=582fb5030312040de8b6b06aae7a8f07 
Start importing Packages/com.unity.render-pipelines.universal/Shaders/2D/VFXSpriteLit.shadergraph using Guid(24a73dccd7b6fad4798be282f96a21f4) (ScriptedImporter) -> (Import Result ID: '5bb0c3fcbdba649752b3d35426b9e175') in 0.0927058 seconds [static and dynamic dependencies]. Details - ImportResultOutputID=123fe750201b84ede87a3edb85dd10a1 DependenciesID=5ba7c62ce6cd5de523c77ae1765663f8 StaticDependenciesID=9ff367b96aad3d03de75fc458b5cc63b 
Start importing Packages/com.unity.render-pipelines.universal/Runtime/Materials/PhysicalMaterial3DsMax/PhysicalMaterial3DsMax.shadergraph using Guid(44245ab89240f51459a5077d7145c452) (ScriptedImporter) -> (Import Result ID: 'ca5923c96bc63a1769c356152d2ac367') in 0.1439155 seconds [static and dynamic dependencies]. Details - ImportResultOutputID=2522d55447d712aadd94a09750e95efc DependenciesID=4dee8bdf9d57e9a3538835ebcd1ec33a StaticDependenciesID=13deecba99a1aa83f89dc1f87cb513c8 
Start importing Packages/com.unity.render-pipelines.universal/Editor/ShaderGraph/GraphTemplates/2D/1_2D Sprite Unlit.shadergraph using Guid(25a0ebb4827f3cc47a1af2c79005f65b) (ScriptedImporter) -> (Import Result ID: 'ec13bafdeec7e3d56f97d061321b73c6') in 0.1033493 seconds [static and dynamic dependencies]. Details - ImportResultOutputID=03bdd1329cd1142551a454dedaed9e80 DependenciesID=90e141c172a956e249760f2aaaef4a4b StaticDependenciesID=018d5a676ce6b576fcfe813052a13339 
Start importing Packages/com.unity.shadergraph/GraphTemplates/BuiltIn/BuiltIn Unlit Basic.shadergraph using Guid(9618d41bb71f74048bb6cace8785b93d) (ScriptedImporter) -> (Import Result ID: '7e39af989be3d2d8022e9228944065ae') in 0.0802118 seconds [static and dynamic dependencies]. Details - ImportResultOutputID=13e8c1cc7fc178061cf3fae9d7bb32d1 DependenciesID=5f8eb0500135f91934b8e5db6e2ad0e3 StaticDependenciesID=2ac172b19b95b16bc99d6e1471e65cc4 
Start importing Packages/com.unity.shadergraph/GraphTemplates/Cross Pipeline/2_Particle Lit.shadergraph using Guid(a680d9a9f8b66514abbfd3ae1c8f77f7) (ScriptedImporter) -> (Import Result ID: '201b4d02dba9fe8d07effcba4b3ee588') in 0.1570522 seconds [static and dynamic dependencies]. Details - ImportResultOutputID=f9a82e91f485aedad835a4dec88f50c1 DependenciesID=a218397822fbb743d306e1458a3738d1 StaticDependenciesID=736e49b2aa9b1879387ad984d242d66b 
Start importing Packages/com.unity.render-pipelines.universal/Editor/ShaderGraph/GraphTemplates/UITKBasicTemplate.shadergraph using Guid(0738648e2f2f84b489a2f0076b69e30a) (ScriptedImporter) -> (Import Result ID: '6eb49bfaa20510d246702f3376b70fc7') in 0.0807883 seconds [static and dynamic dependencies]. Details - ImportResultOutputID=2cae57053252c4fed3bec4b723cd50b3 DependenciesID=4aa5dcf507c68a187a38decaeff1a378 StaticDependenciesID=952bc4536cf7ad364dae7947b6df8016 
Start importing Packages/com.unity.shadergraph/GraphTemplates/Cross Pipeline/1_Decal Material Volume.shadergraph using Guid(1716ff8c1e51af14280cc97fbcba3b11) (ScriptedImporter) -> (Import Result ID: 'f30deba3de60c6c6d7f05a3bfee6ad41') in 0.1358915 seconds [static and dynamic dependencies]. Details - ImportResultOutputID=1c599ac1dee9d7563f683ba5605a0ddd DependenciesID=48364a9eef642b01c2315f2c2c2abc66 StaticDependenciesID=864a5a960fd14e2f97be69ed62c49d4b 
Start importing Packages/com.unity.render-pipelines.universal/Runtime/Materials/ArnoldStandardSurface/ArnoldStandardSurface.shadergraph using Guid(3739e562a03fc0b4982d8aa66cc50865) (ScriptedImporter) -> (Import Result ID: '1543caae857edeb5c0d68d5f9e7f2bf7') in 0.1542835 seconds [static and dynamic dependencies]. Details - ImportResultOutputID=720bd33133190cd453b43e4acc7b55cf DependenciesID=a5296902df73ac5b28e01fccef30d4f1 StaticDependenciesID=27c2ff44df1d539951c42a09dc3b8dae 
Start importing Packages/com.unity.render-pipelines.universal/Shaders/2D/VFXSpriteUnlit.shadergraph using Guid(d7288f66e4fb0634c9afef98c31b722a) (ScriptedImporter) -> (Import Result ID: 'f92ce5d2f241af0a5465bc36808ad3c7') in 0.0809157 seconds [static and dynamic dependencies]. Details - ImportResultOutputID=5a0386653c1a982abc2e283269b95272 DependenciesID=6c31384c4a5ef8d4f4f4c44a68a0851c StaticDependenciesID=4950db00f806de0114b75629d56fd4ca 
Start importing Packages/com.unity.shadergraph/GraphTemplates/Cross Pipeline/0_Decal Simple.shadergraph using Guid(39144937a5efe954dac51acbbe54157e) (ScriptedImporter) -> (Import Result ID: '0dd2ebb3586797f3cd38b26c9cc805c3') in 0.1152538 seconds [static and dynamic dependencies]. Details - ImportResultOutputID=f8fe84c900a4673c4c472e0370a542fa DependenciesID=41d8340aa38cdd2950afe0515792215a StaticDependenciesID=e1c521167883f8aeee39b30589a13097 
Start importing Packages/com.unity.render-pipelines.universal/Shaders/Nature/SpeedTree8_PBRLit.shadergraph using Guid(9920c1f1781549a46ba081a2a15a16ec) (ScriptedImporter) -> (Import Result ID: '70bd0fb47b71e4a6ee263c5d7ba5d496') in 0.3110225 seconds [static and dynamic dependencies]. Details - ImportResultOutputID=b53b3f4d3fdd3c6deea2280da4cc92f0 DependenciesID=767b3d1b337ec3c570c28746c1506f64 StaticDependenciesID=98e8093249204c2e70ba90ddc2e82b12 
Start importing Packages/com.meta.xr.sdk.core/Shaders/EnvironmentDepth/URP/Shadergraph/LitOccluded.shadergraph using Guid(c9921e49de6b27842a9ccad17ba13d09) (ScriptedImporter) -> (Import Result ID: '1ce1891a1732519e8c44ef92601c0794') in 0.1140696 seconds [static and dynamic dependencies]. Details - ImportResultOutputID=b55919fa752b5b86a87978a917f6bf6a DependenciesID=ea5f23e6a3a2d46f8d18b9b5856b8d6a StaticDependenciesID=6fff6327840b4ef5b7b740b572ca574c 
Start importing Packages/com.unity.render-pipelines.universal/Runtime/Materials/PhysicalMaterial3DsMax/PhysicalMaterial3DsMaxTransparent.shadergraph using Guid(1a207e3bee00db44b940e6f362a8e148) (ScriptedImporter) -> (Import Result ID: 'ae755211e57aefee534a4155fcd1db9f') in 0.1353392 seconds [static and dynamic dependencies]. Details - ImportResultOutputID=7ac0f8598793d8f44067a6449a9c9bb9 DependenciesID=b91ca4ae469ae72cf1edfc7367bf86af StaticDependenciesID=f1c4913a49e4db3f9700040a40c8c8a9 
Start importing Packages/com.unity.shadergraph/GraphTemplates/Cross Pipeline/UGUI Canvas Basic.shadergraph using Guid(5a4a765e921b8554eb959f7cf697b3be) (ScriptedImporter) -> (Import Result ID: '7587734ad56e31f4aa263927f0f81a74') in 0.0851412 seconds [static and dynamic dependencies]. Details - ImportResultOutputID=efad2b23eecfbe121ead360dc286603d DependenciesID=b8becec19b041ba5230f78869e394e01 StaticDependenciesID=6964909b285201e949374507011a51e0 
Start importing Packages/com.unity.render-pipelines.universal/Shaders/Decal.shadergraph using Guid(9b4e681081e2b4c469111bb649e2f7ee) (ScriptedImporter) -> (Import Result ID: '586e2f900b16f35cdb49e3371908591a') in 0.1025685 seconds [static and dynamic dependencies]. Details - ImportResultOutputID=953a8fb17179204e42167f06ba3bd30b DependenciesID=2bd83a8974c851863eee48e7590e19cd StaticDependenciesID=6833719633bf5dc6318dd56707e4d650 
Start importing Packages/com.unity.render-pipelines.universal/Shaders/Nature/SpeedTree9_URP.shadergraph using Guid(cbd3e1cc4ae141c42a30e33b4d666a61) (ScriptedImporter) -> (Import Result ID: '0c343aea076ce6dbdb9be96b209d193a') in 0.1979073 seconds [static and dynamic dependencies]. Details - ImportResultOutputID=85545b4939e4db0b192b6f3e0f61f818 DependenciesID=7c3644f36d7af35cc4f311cb73c2a52c StaticDependenciesID=63ce5cdb606bddb176a4a202b2f6797f 
Start importing Packages/com.unity.render-pipelines.universal/Shaders/FullscreenInvertColors.shadergraph using Guid(fb6390f650ca44a5ba3246d8dda47927) (ScriptedImporter) -> (Import Result ID: 'c8f74a645fb5c7d19e436f35e994702d') in 0.0934694 seconds [static and dynamic dependencies]. Details - ImportResultOutputID=c0ed4c380e3df39f897ac5f7d6e21f66 DependenciesID=a0773d0613ecc69f4c258220b30c9ed7 StaticDependenciesID=eea1017ea7af16ce850888e952fbb000 
Start importing Packages/com.unity.render-pipelines.universal/Shaders/AutodeskInteractive/AutodeskInteractiveTransparent.shadergraph using Guid(5c81372d981403744adbdda4433c9c11) (ScriptedImporter) -> (Import Result ID: 'aaad7108e574af9231ceef7e454b499c') in 0.1467855 seconds [static and dynamic dependencies]. Details - ImportResultOutputID=2949bd95cdc98dd16937b230e543b70d DependenciesID=ae24af695d1e2621553f5018003a1033 StaticDependenciesID=5446af8d4dd74f663244caa478ad9559 
Start importing Packages/com.unity.render-pipelines.universal/Editor/ShaderGraph/GraphTemplates/Terrain Standard 4 Layers URP.shadergraph using Guid(bc3def193b270c649b041063a70a1a1f) (ScriptedImporter)Shader 'Hidden/Terrain/Terrain Standard 4 Layers URP': dependency 'AddPassShader' shader 'Hidden/Hidden/Terrain/Terrain Standard 4 Layers URP_AddPass' not found
Shader 'Hidden/Terrain/Terrain Standard 4 Layers URP': dependency 'BaseMapGenShader' shader 'Hidden/Hidden/Terrain/Terrain Standard 4 Layers URP_BaseMapGen' not found
Shader 'Hidden/Terrain/Terrain Standard 4 Layers URP': dependency 'AddPassShader' shader 'Hidden/Hidden/Terrain/Terrain Standard 4 Layers URP_AddPass' not found
Shader 'Hidden/Terrain/Terrain Standard 4 Layers URP': dependency 'BaseMapGenShader' shader 'Hidden/Hidden/Terrain/Terrain Standard 4 Layers URP_BaseMapGen' not found
 -> (Import Result ID: 'a441a87d6d240f32bc9058c592e56bde') in 0.4183567 seconds [static and dynamic dependencies]. Details - ImportResultOutputID=f701831b3f878a3f45525bcca36cfbd3 DependenciesID=5e201d28be3ade6ab18285d7a3efd060 StaticDependenciesID=f44394cc76e02be8962c80bc907abdaf 
Start importing Packages/com.unity.shadergraph/GraphTemplates/Cross Pipeline/UGUI Canvas Meter.shadergraph using Guid(9d4e8ca8c5046914c87ca6ccef140dac) (ScriptedImporter) -> (Import Result ID: 'b5d1e4c6d552b8e7c6c86863560e59d9') in 0.1260215 seconds [static and dynamic dependencies]. Details - ImportResultOutputID=8401aa00435ef6d1a878d6e115884002 DependenciesID=83ea194918f956f8d22b2e268e3eba96 StaticDependenciesID=1526b99989750ac190f0b3b6870a5281 
Start importing Packages/com.unity.render-pipelines.universal/Editor/ShaderGraph/GraphTemplates/2D/0_2D Sprite Lit.shadergraph using Guid(bde135b320597544b9ac325092409f8b) (ScriptedImporter) -> (Import Result ID: 'c670bb129e5ebbcd1aef73b4e1b8ff75') in 0.1050795 seconds [static and dynamic dependencies]. Details - ImportResultOutputID=e08142126d4fe5b70a10f0be1aee4d38 DependenciesID=c2834e8da8dc357c2ed7eb9eb30040ef StaticDependenciesID=f8a1e740385fead106c300b0770db528 
Start importing Packages/com.unity.render-pipelines.universal/Shaders/AutodeskInteractive/AutodeskInteractive.shadergraph using Guid(0e9d5a909a1f7e84882a534d0d11e49f) (ScriptedImporter) -> (Import Result ID: '4bf359a133aaacbb908ed786c1ce09e6') in 0.1681782 seconds [static and dynamic dependencies]. Details - ImportResultOutputID=0d32b49d27ee328c639774d9c4f88937 DependenciesID=8466dedcd6ea846bbb045634e80afd97 StaticDependenciesID=d714f8b7f09a8a2e44338dd01d100e22 
Start importing Packages/com.unity.render-pipelines.universal/Editor/ShaderGraph/GraphTemplates/UITKFullTemplate.shadergraph using Guid(3e01bbae25716b24ea9da11102b44902) (ScriptedImporter) -> (Import Result ID: '96d90b65796a5657ae67f02ea32e07f8') in 0.094235 seconds [static and dynamic dependencies]. Details - ImportResultOutputID=057408b8d492ea9ba2c29f10d905d19c DependenciesID=1f75bcecd438123d1d4d19b584cc97dd StaticDependenciesID=1726c81881f57dd4534cca27fd5d8880 
Start importing Packages/com.unity.shadergraph/GraphTemplates/Custom Render Texture.shadergraph using Guid(7ef2cf71ad164fe479662ae612dff99e) (ScriptedImporter) -> (Import Result ID: '9e16f915a6113f820bea6d00555a9fdf') in 0.0348502 seconds [static and dynamic dependencies]. Details - ImportResultOutputID=f242d7ddea7551340d8583392646ffef DependenciesID=a4bc578898d1aaece022a8eda3e0f0c0 StaticDependenciesID=41d45674b058354426143686701877af 
Start importing Packages/com.unity.shadergraph/GraphTemplates/Cross Pipeline/1_Lit Full.shadergraph using Guid(aee84ce0dab81b049bb88017d78a63cd) (ScriptedImporter) -> (Import Result ID: '29eb432becdeefe1ab1544a2e95de5c0') in 0.2300117 seconds [static and dynamic dependencies]. Details - ImportResultOutputID=1ece356bfb1134ebd7a8d7126ca5fec4 DependenciesID=9e7fb173f3a5bff1756448552a417a5c StaticDependenciesID=e13261df1337bfc10ad3196561943d11 
Start importing Packages/com.unity.shadergraph/GraphTemplates/Cross Pipeline/Terrain Simple.shadergraph using Guid(def488a52add6574d9f295a507032cb8) (ScriptedImporter)Shader 'Hidden/Terrain/Terrain Simple': dependency 'AddPassShader' shader 'Hidden/Hidden/Terrain/Terrain Simple_AddPass' not found
Shader 'Hidden/Terrain/Terrain Simple': dependency 'BaseMapGenShader' shader 'Hidden/Hidden/Terrain/Terrain Simple_BaseMapGen' not found
Shader 'Hidden/Terrain/Terrain Simple': dependency 'AddPassShader' shader 'Hidden/Hidden/Terrain/Terrain Simple_AddPass' not found
Shader 'Hidden/Terrain/Terrain Simple': dependency 'BaseMapGenShader' shader 'Hidden/Hidden/Terrain/Terrain Simple_BaseMapGen' not found
 -> (Import Result ID: 'a8581d2fa5877e1e42b32f9db027ccdb') in 0.3155076 seconds [static and dynamic dependencies]. Details - ImportResultOutputID=8099028363c799916fe7279aa725d9ad DependenciesID=d8c1ecdcb4ffce212ba2e50bc7c4221b StaticDependenciesID=f3799f07e79dda16a8fa35a4c55a5777 
Start importing Packages/com.unity.shadergraph/GraphTemplates/Cross Pipeline/0_Particle Unlit.shadergraph using Guid(af66091e0eca0c04a9c3584ae867418a) (ScriptedImporter) -> (Import Result ID: 'ca1acdc9d7ae7d43ee0677f237a5d9ab') in 0.1376658 seconds [static and dynamic dependencies]. Details - ImportResultOutputID=ad9c362f912fb16328c77268deb8697a DependenciesID=39ef71567279c7f819cf8caf654cfe88 StaticDependenciesID=963d003d343f6a0ac0c73bd28884f793 
Start importing Packages/com.unity.render-pipelines.universal/Editor/ShaderGraph/GraphTemplates/2D/2_2D Sprite Custom Lit.shadergraph using Guid(bfad0aba0faa90547b68abd10bb6be86) (ScriptedImporter) -> (Import Result ID: '5e3fb0d4d82ec6af26d9ed5224b948be') in 0.0929297 seconds [static and dynamic dependencies]. Details - ImportResultOutputID=1e6a115cb94f0997002355c9ab08ca5e DependenciesID=b6bae97bc82968cf163ba5d0e3de88fb StaticDependenciesID=15486bbabab4e080c747202a902b017f 
Start importing Packages/com.unity.render-pipelines.universal/Editor/ShaderGraph/GraphTemplates/Fullscreen Basic URP.shadergraph using Guid(df41eefe8c13d444ca890dddbbc61f8d) (ScriptedImporter) -> (Import Result ID: 'cfc06636ad4a9b8f4778052ee881b304') in 0.0654308 seconds [static and dynamic dependencies]. Details - ImportResultOutputID=417a76fe7fcbb4878d59736ae45d3ba5 DependenciesID=75ad06a2a75eaadb6a7f82507fee8228 StaticDependenciesID=38ff65e11d4e873315ef35ad175d4691 
Start importing Packages/com.meta.xr.sdk.interaction/Runtime/Sample/Objects/Props/Guitar/Materials/GuitarMat.fbx using Guid(103a9a65e5a204743be93c5e4212cf81) (FBXImporter) -> (Import Result ID: '66297ae7a870f9ae82b0d10a27a16420') in 0.1604307 seconds [static and dynamic dependencies]. Details - ImportResultOutputID=140e0a169eca5561e46b4d3354b260d1 DependenciesID=54ce1eab94a0f8483be4a5515854552f StaticDependenciesID=c76877bc9ba8d1951754a94c57fa0efd 
Start importing Assets/MetaAssets/Prefabs/12913/12913_S.fbx using Guid(e07f494c8d2028a41b41ef3393c49c25) (FBXImporter) -> (Import Result ID: '5aff8fa3fcb3a7f6664ac9c7af6a4f45') in 0.027698 seconds [static and dynamic dependencies]. Details - ImportResultOutputID=091769ed8bb45c1451962c871afeb304 DependenciesID=6e7316248c538d1d539dc588b3579668 StaticDependenciesID=7cc385cd262555827484ab8e578ccf5e 
Start importing Packages/com.meta.xr.sdk.interaction/Runtime/Sample/Objects/Environment/Screen/Materials/FrameMaterial.fbx using Guid(0149d0c06fc814c9abda2f5a244f6d81) (FBXImporter) -> (Import Result ID: '29cebacb94524263fb39966f4a86cf66') in 0.0242531 seconds [static and dynamic dependencies]. Details - ImportResultOutputID=423fafeb0ebcadc134ed870e99ab7f77 DependenciesID=2191f8684ead9b26d008a930846ca5f5 StaticDependenciesID=ff2e46f420e95487ca54e1b5e3050937 
Start importing Assets/MetaAssets/Prefabs/286115/286115_L.fbx using Guid(014b04666314ffd429a5bd47369a0e52) (FBXImporter) -> (Import Result ID: '693e00adffa53ef7127e102601421361') in 0.0617913 seconds [static and dynamic dependencies]. Details - ImportResultOutputID=8332c1bc4e74d4b8a22b716d7d2faac6 DependenciesID=86387e0535079a35e6291ae8def2aa85 StaticDependenciesID=684991a86134ac86614dde44e2aafa94 
Start importing Packages/com.meta.xr.sdk.interaction/Runtime/Sample/Objects/Props/ChessPiece/Materials/ChessPieceMaterial.fbx using Guid(817c954a31a114577b56080dd5ca87c3) (FBXImporter) -> (Import Result ID: '42ef3966aaaa5452948d8a07778f97b0') in 0.0326365 seconds [static and dynamic dependencies]. Details - ImportResultOutputID=201c659eebf4a440928241474d27a124 DependenciesID=dc998b098ca32be81b816ab7583035a9 StaticDependenciesID=2f0b90e11e844c04bcc99a18006dd57a 
Start importing Assets/MetaAssets/Prefabs/12913/12913_M.fbx using Guid(a1aec66d3d51d1e4a9ec18ddd4bb72ad) (FBXImporter) -> (Import Result ID: 'db905cfc4225e801abdee2e2bb8da79c') in 0.0311062 seconds [static and dynamic dependencies]. Details - ImportResultOutputID=1d722e904a696059147b6cba07f71546 DependenciesID=9b1c773ed41e90e015a660185e48eb2a StaticDependenciesID=98df8590427476325b279f9224c103f7 
Start importing Packages/com.meta.xr.sdk.interaction/Runtime/Sample/Materials/Planet.fbx using Guid(b18ecf061c91da1439b820dd542f206d) (FBXImporter) -> (Import Result ID: '6d4c4693f798a22440423f120ab138d1') in 0.0255579 seconds [static and dynamic dependencies]. Details - ImportResultOutputID=a1af5b36df836a20ff3141f5ffdfc9ca DependenciesID=664187be7b0899d933e412c8f2bed018 StaticDependenciesID=321df8c7d4160b0e9e7385cadfd6a27e 
Start importing Packages/com.meta.xr.sdk.interaction/Runtime/Sample/Objects/Props/CoffeeCup/CoffeeCupHulls.fbx using Guid(d1388ed1b34adcf4091263a34d4237d4) (FBXImporter) -> (Import Result ID: '29e1037cd641a8ab90edd0a0b2f43df5') in 0.0208217 seconds [static and dynamic dependencies]. Details - ImportResultOutputID=9edaecd1fe9de847f50843c9f6e988da DependenciesID=401ffdde0e4d678856a26d5e43521499 StaticDependenciesID=da791749e8af5e47384230430dbc10c8 
Start importing Packages/com.meta.xr.sdk.interaction/Runtime/Sample/Objects/Props/ToyBox/ToyBoxesMat.fbx using Guid(f1bc7ebd567dd466189a6f6ae409c85c) (FBXImporter) -> (Import Result ID: 'da474744edf6e47c3d42ffb62fd4a8b8') in 0.026261 seconds [static and dynamic dependencies]. Details - ImportResultOutputID=4c2198234289f9d628ca34aa0625951e DependenciesID=81bce84373aeb16dc57b3ccbf6b94547 StaticDependenciesID=e3ec128650c5f9028cba99a602948adb 
Start importing Packages/com.meta.xr.sdk.core/Meshes/OculusTouchForRift/Materials/pasted_touchPBS_MAT.fbx using Guid(528296ec8cb7e9e4b836b8aa1197aa98) (FBXImporter) -> (Import Result ID: '4e699a98b9defb8da886e39acecf1b76') in 0.0212565 seconds [static and dynamic dependencies]. Details - ImportResultOutputID=4fa05a7044d712e7d39e89f3c419b368 DependenciesID=4bfb25185f62df4e237784fee4fac3cc StaticDependenciesID=cda7502fd81aa1a6de6677b5b07483a4 
Start importing Packages/com.meta.xr.sdk.interaction/Runtime/Sample/Objects/Props/WaterParticles/BubblePopParticle.fbx using Guid(72c78ce3c437b6146a8939d3c0881f50) (FBXImporter) -> (Import Result ID: '60700140f88dc957b10cbce1560cd266') in 0.0146631 seconds [static and dynamic dependencies]. Details - ImportResultOutputID=aaf1c1acd081cf3079d8ed1285602a18 DependenciesID=2ef853b9b0d6094945f37fc2f79e88ab StaticDependenciesID=c3e01db567378f66c5e6c1e1ec09a731 
Start importing Assets/MetaAssets/Prefabs/632623/632623_M.fbx using Guid(9264fc0bf5c64f542a6a52fa524c29d4) (FBXImporter) -> (Import Result ID: 'fae3012519148b50809cb24e909ed618') in 0.0312267 seconds [static and dynamic dependencies]. Details - ImportResultOutputID=3a5ab5a792788b4a410546b93bec4233 DependenciesID=d88f7f232a63cdf777a59f6a18a1281c StaticDependenciesID=0f7a192b3d8d12cfedba621bfa26bfe0 
Start importing Assets/MetaAssets/Prefabs/43333/43333_M.fbx using Guid(a23ff9fe1c392344299059d76bd02646) (FBXImporter) -> (Import Result ID: 'c04cfce1f83cd656087910fb1078360c') in 0.0315466 seconds [static and dynamic dependencies]. Details - ImportResultOutputID=5d3068227f6f40ae101c5af392271a25 DependenciesID=f7ee50cbe008f66bedd4a09490d34141 StaticDependenciesID=bc39fe2ce2c71a5134aede09023dd610 
Start importing Assets/MetaAssets/Prefabs/43333/43333_S.fbx using Guid(b2693d99c04471e4b9d172dae48ad445) (FBXImporter) -> (Import Result ID: '476beac4da464abee6d2a138601160be') in 0.0246947 seconds [static and dynamic dependencies]. Details - ImportResultOutputID=a25475a8a31092346a06345f90a0a07d DependenciesID=336400fb054a6ab7d9d436edb7467b17 StaticDependenciesID=1f8eb76a79c0fd5b3be868b415761e2f 
Start importing Packages/com.unity.render-pipelines.core/Runtime/RenderPipelineResources/Mesh/SamplesFixture.fbx using Guid(b28fa67a0ff82c5478f27368dc627683) (FBXImporter) -> (Import Result ID: '7a29bdb35866473fda421a812523d079') in 0.0169407 seconds [static and dynamic dependencies]. Details - ImportResultOutputID=4f4a9dfa4003f955a6eca2520571fbea DependenciesID=d37eab4791df2c12ceca0ca4a523d2c7 StaticDependenciesID=d0e01e34c270da5b1327349db8815d64 
Start importing Packages/com.meta.xr.sdk.interaction/Runtime/Sample/Materials/Moon.fbx using Guid(c248512dc5f8d7546ae41e52308e4b20) (FBXImporter) -> (Import Result ID: '4df53dbe37254dc5df4bb14f4fbc1e98') in 0.0228791 seconds [static and dynamic dependencies]. Details - ImportResultOutputID=949722d589d40f6c2aaa1660af2510fd DependenciesID=61683ba6e9d8e2100ca03f01004caf9a StaticDependenciesID=1475afb2c76e9d7cd2e8a778bec5c999 
Start importing Packages/com.meta.xr.sdk.interaction/Runtime/Sample/Objects/Props/MapWithPins/Materials/MapMat.fbx using Guid(d2b4ebc04cf7f2e4793d4daa58bcdcd7) (FBXImporter) -> (Import Result ID: '9b41cec6da7fee041b705cfba0c46fbe') in 0.0305106 seconds [static and dynamic dependencies]. Details - ImportResultOutputID=f58f3e7d5025d6cecc064a10a6bed173 DependenciesID=b7dcaeaf6cf28622f879f606d2fd5e70 StaticDependenciesID=b46ab8453236bf1e18d81bd4a32e86dd 
Start importing Packages/com.meta.xr.sdk.interaction/Runtime/Meshes/OVRHand_L.fbx using Guid(13f92dc3773e94e4bb99958bbd939c29) (FBXImporter) -> (Import Result ID: '5c60dabbe1ddb831ed6e4a01350248b2') in 0.0398575 seconds [static and dynamic dependencies]. Details - ImportResultOutputID=f0039100a08d971451b855f9fe96825b DependenciesID=077ed1d383d87e93466d5462554a500e StaticDependenciesID=fae22266492ecbc03f8143779f6a8d48 
Start importing Assets/MetaAssets/Prefabs/632623/632623_S.fbx using Guid(732ee38b7c4478b4d940d3501a305be7) (FBXImporter) -> (Import Result ID: '1a14f583e7f5cc1dc05141ad4f53c8d5') in 0.0270799 seconds [static and dynamic dependencies]. Details - ImportResultOutputID=d52637ffb93f179202d8a24fe3fbd477 DependenciesID=a5e88a383c47c058331ad431258bd280 StaticDependenciesID=7cc4b694c132d833c9ae10d0d94733df 
Start importing Packages/com.meta.xr.sdk.core/Meshes/OculusTouchForRift/left_touch_controller_model_skel.fbx using Guid(c3ba18e9fa5e9104098cbdbb3e23a5b4) (FBXImporter)Keyframe reduction: Ratio: 10.905821%;
 -> (Import Result ID: 'f143c0a325e646e873404f7e44f72bd5') in 0.2027391 seconds [static and dynamic dependencies]. Details - ImportResultOutputID=6287bdc6655ea3f87c4b6ed23ab3f9dc DependenciesID=2d8909d39449d449e2e91d1caaf5dbff StaticDependenciesID=d1e3aaefc3550e51f1c0b1df9adb035f 
Start importing Packages/com.meta.xr.sdk.interaction/Runtime/Sample/Objects/Environment/MRDesk/Models/MRDesk.fbx using Guid(d316ee3a9f545fd45b8e8cb39b07d075) (FBXImporter)Launched and connected uv unwrapper C:/Program Files/Unity/Hub/Editor/6000.4.6f1/Editor/Data/Tools/UnwrapCL.exe after 0.02 seconds
 -> (Import Result ID: '9f48ecee820bc06f9634488c16b87369') in 0.0598529 seconds [static and dynamic dependencies]. Details - ImportResultOutputID=27f6cc79aaabcc1510ac15461e66e3ce DependenciesID=6a0c34fe23c1dacf4320f221fd28056a StaticDependenciesID=8830271bdff923c92dd98838bc2e543c 
Start importing Assets/MetaAssets/Prefabs/1777303/1777303_M.fbx using Guid(e302781453a8f864ba715490b400ede0) (FBXImporter) -> (Import Result ID: '044207eb369e955689feb41f00db5516') in 0.0328478 seconds [static and dynamic dependencies]. Details - ImportResultOutputID=dead314001b4eca57b43745af19ee6f5 DependenciesID=bcd5c36995de0d415617052948b676ee StaticDependenciesID=ebeaae96576e568341df466dacfec357 
Start importing Packages/com.meta.xr.sdk.interaction/Runtime/Sample/Objects/Environment/Locomotion/Models/BackgroundSkydome.fbx using Guid(34b453e4d1fa5034abe065de8ae813ef) (FBXImporter) -> (Import Result ID: '91ed7e0ff8afc2ff703e4e690d8bf935') in 0.021699 seconds [static and dynamic dependencies]. Details - ImportResultOutputID=22d315c93095f3b1b809241e9c6af898 DependenciesID=424fa7ab434739524f09fc1d98b9a308 StaticDependenciesID=e9b131afeee8f7ef4f33447e15ef4ac2 
Start importing Packages/com.meta.xr.sdk.core/Meshes/HandTracking/OculusHand_L.fbx using Guid(442d5b4503ed83c4897ef44659446587) (FBXImporter) -> (Import Result ID: '3e22efe2b27fc4c077529bc0dbd8892a') in 0.0417815 seconds [static and dynamic dependencies]. Details - ImportResultOutputID=dfd0185d4a2f531ffd7765009e4f8945 DependenciesID=8251bdb6f21027474b95e0a12acc2772 StaticDependenciesID=06f5ba13c289a0b8d00f75b30f2f5957 
Start importing Packages/com.meta.xr.sdk.interaction/Runtime/Sample/Objects/Props/Mug/Materials/mugMaterial.fbx using Guid(94316792d4481f1438588c12b8e732b4) (FBXImporter) -> (Import Result ID: '718cba2a5233ad426fa08eb55f44c7fc') in 0.0334163 seconds [static and dynamic dependencies]. Details - ImportResultOutputID=69399d5b84296b3e742ef50df39b0e4e DependenciesID=ef96d47dc63c44352abe875c0a620c2f StaticDependenciesID=188e03c10f9cc6fafe646f65641dc9af 
Start importing Assets/MetaAssets/Prefabs/1777303/1777303_S.fbx using Guid(b46b9b6d6519fca4fbbd46efe594c19d) (FBXImporter) -> (Import Result ID: '8eaac5b165ec2679e6f3239f476e1d95') in 0.0302523 seconds [static and dynamic dependencies]. Details - ImportResultOutputID=4c1b2471388b96bba8bda660074f4122 DependenciesID=1d484269755fea19e8afc1fbd4410f0d StaticDependenciesID=82e10a8d2d4d58185d217c728ea721f1 
Start importing Packages/com.meta.xr.sdk.interaction/Runtime/Sample/Objects/Props/Materials/DefaultMaterial.fbx using Guid(d4a9567b63f402344be887b1a296bcc6) (FBXImporter) -> (Import Result ID: '22148b16d8c0b51739d96262b02ddbcf') in 0.0220279 seconds [static and dynamic dependencies]. Details - ImportResultOutputID=cab425372d0dc6702ed28ffde7f322cf DependenciesID=9d34b8b5d0dca0c3813b37338e60f2bb StaticDependenciesID=f0a07a83f5129c51304126f014409680 
Start importing Packages/com.meta.xr.sdk.interaction/Runtime/Sample/Objects/Props/Key/Materials/keyMaterial.fbx using Guid(d49d2495f35a4b448b56898e30cac155) (FBXImporter) -> (Import Result ID: '311f2f317d61d847f748634392de20bd') in 0.0253123 seconds [static and dynamic dependencies]. Details - ImportResultOutputID=1169c638a54d317a42103413803967cb DependenciesID=059d0a01d04a012ee6dd37ab5e5162c2 StaticDependenciesID=83783b271a69ca759c1aac6721270a82 
Start importing Assets/MetaAssets/Prefabs/12913/12913_L.fbx using Guid(c5d4afbad5340314bb706418344b0143) (FBXImporter) -> (Import Result ID: '4f9d98859a69b7d3dcb03018d73a3b3d') in 0.0633876 seconds [static and dynamic dependencies]. Details - ImportResultOutputID=bdebdab44ec84c5894cc4bb848c46b9a DependenciesID=de9425379f363e440908a45abad6bd88 StaticDependenciesID=fe8c111157ef981e92667a39f8037011 
Start importing Packages/com.meta.xr.sdk.interaction/Runtime/Sample/Objects/Props/TennisBall/TennisBallMat.fbx using Guid(d5e02c6494e9145b5880a3f4255f2d57) (FBXImporter) -> (Import Result ID: 'b3ab9df7db4b1cd444832400b990496d') in 0.0196053 seconds [static and dynamic dependencies]. Details - ImportResultOutputID=feff6ed024b3ac309cddfa8d9ab8f618 DependenciesID=b8c2c1c8806f19b5027623560bf86289 StaticDependenciesID=460b28e18405be20905831cec2eabdca 
Start importing Packages/com.meta.xr.sdk.interaction/Runtime/Sample/Objects/Props/IconBox/Models/iconBoxMesh.fbx using Guid(f5ceaf081c5af184cb5b44b9e95931f8) (FBXImporter) -> (Import Result ID: '66a364121c8895876808460dbc9243c3') in 0.0582687 seconds [static and dynamic dependencies]. Details - ImportResultOutputID=c50e7cc29eb4655b5c8811f94f0ea45d DependenciesID=ea690b8104f4b6d9cfb9f3c8d32564b9 StaticDependenciesID=dbd1bcfa61255d21900d758170d7b7df 
Start importing Packages/com.meta.xr.sdk.interaction/Runtime/Sample/Objects/Environment/SmallRoom/Models/smallRoom.fbx using Guid(066a48c42e0fbb046b6c8d1591b8bcb6) (FBXImporter) -> (Import Result ID: '95acd3f5e9791f9c1ee49f6c71054acc') in 0.1240141 seconds [static and dynamic dependencies]. Details - ImportResultOutputID=15c9e6df0428263eefcda4106f449a5d DependenciesID=d3922f5dd36d6b3ab79490057c556465 StaticDependenciesID=30cb44d2d50a9af7023d5850fa272872 
Start importing Packages/com.meta.xr.sdk.interaction/Runtime/Sample/Objects/Props/BigStone/Materials/BigStoneMat.fbx using Guid(267e2151ff1c046c282a725a08fb90bc) (FBXImporter) -> (Import Result ID: '4e63f7d2b61b639ae24c6aa29e63cae1') in 0.0332473 seconds [static and dynamic dependencies]. Details - ImportResultOutputID=d70b61af8fd30d0e6b39b78b0cfd51e4 DependenciesID=6ecf2039d91ef2b2f74dc4490c7e168a StaticDependenciesID=78e8fc22e283c8e3902bcd1a84081edb 
Start importing Packages/com.meta.xr.sdk.interaction/Runtime/Sample/Objects/Environment/Locomotion/Models/Meta_LocomotionMirror.fbx using Guid(46f94e9fc26082448b12e8c575aa9e3a) (FBXImporter) -> (Import Result ID: 'bfdcd01fc79cf353ad9601631c1e90d6') in 0.0245663 seconds [static and dynamic dependencies]. Details - ImportResultOutputID=929c3b16d514842d1a68488b6097880e DependenciesID=dbf5f9a3b979e15323a6f7d4db7bc0ac StaticDependenciesID=f1b801ff337549909340ce152ce4c936 
Start importing Packages/com.meta.xr.sdk.core/Meshes/OculusTouchForRift/Materials/OculusTouchForRift_Material.fbx using Guid(76f6075ec84afca46b2a5e5b3bfdf8ce) (FBXImporter) -> (Import Result ID: '07c887b19e8ebe40fe59dbaa260947b2') in 0.0559688 seconds [static and dynamic dependencies]. Details - ImportResultOutputID=d19a4017e8941029905bd1107f562dca DependenciesID=4ee5e0a6585a2aa4a6b4e8e369353b09 StaticDependenciesID=04b678910e212e57289d33c1f77f261c 
Start importing Assets/MetaAssets/Prefabs/808342/808342_M.fbx using Guid(07b90789c8416554e8fa17f203b08f84) (FBXImporter) -> (Import Result ID: 'ea31b48c05f34df671969c1c932fe60e') in 0.0352545 seconds [static and dynamic dependencies]. Details - ImportResultOutputID=f41573cc4fbe1f368be840f0bec24d8f DependenciesID=16e4154e37dcfce79eefda5650c730d9 StaticDependenciesID=d9f871303ec69201b6078efd3d8d9143 
Start importing Packages/com.meta.xr.sdk.interaction/Runtime/Sample/Objects/Props/Torch/Materials/torchMaterial.fbx using Guid(1724755ad7596184e8472ca611cbd15a) (FBXImporter) -> (Import Result ID: 'ce715ac3bf352a65e559deaba9e0bb9f') in 0.0337793 seconds [static and dynamic dependencies]. Details - ImportResultOutputID=e0e8183fa23ef104c05910c2c0b1b81a DependenciesID=8beee43b03b445ebfc8ba07d609401d7 StaticDependenciesID=5a0f0ca20ed46e4ae3ccbc339e56e202 
Start importing Packages/com.meta.xr.sdk.interaction/Runtime/Sample/Objects/Environment/Room/Models/SmallRoom.fbx using Guid(479d627c07ecbfe49a4be981663e6aed) (FBXImporter) -> (Import Result ID: '4a78a0e7e85c3a6b07db1ef646f928b9') in 0.1475107 seconds [static and dynamic dependencies]. Details - ImportResultOutputID=b1069ebdbe619179890fee682d1526a5 DependenciesID=9c245e68b2599832bb677cc22bc45275 StaticDependenciesID=bc5f04056b519ff058ac3159ea812b4e 
Start importing Packages/com.meta.xr.sdk.interaction/Runtime/Sample/Objects/Props/CoffeeCup/CoffeeCupMat.fbx using Guid(c703a789a976640a0bb1213664b73ebe) (FBXImporter) -> (Import Result ID: '3cd484e7b812bf0fba8e075859da200e') in 0.0226964 seconds [static and dynamic dependencies]. Details - ImportResultOutputID=bb1c8f3dc54840a53d7b96043857a0f4 DependenciesID=b77959c9e9f3c6248b05b2989b489043 StaticDependenciesID=3e0a93c4a9e365a867e5ea86377775df 
Start importing Packages/com.meta.xr.sdk.interaction/Runtime/Sample/Objects/Props/SprayBottle/Materials/SprayBottleMat.fbx using Guid(d77a71b8169034a539796ebeb082b4e8) (FBXImporter) -> (Import Result ID: 'a6d3f998a3000f3f9a38361debf30b64') in 0.0383183 seconds [static and dynamic dependencies]. Details - ImportResultOutputID=c2c813110d6c57f72ddfa02d16f83ced DependenciesID=179586c4b21db7c949b3362fbafd12ca StaticDependenciesID=cee1c1f831c41b541e6ae3e5aeafcc14 
Start importing Packages/com.meta.xr.sdk.interaction/Runtime/Sample/Objects/Props/Doll/Models/Doll.fbx using Guid(48df1ae397f9bdd4ea4d2edc2d118061) (FBXImporter)Launched and connected uv unwrapper C:/Program Files/Unity/Hub/Editor/6000.4.6f1/Editor/Data/Tools/UnwrapCL.exe after 0.02 seconds
 -> (Import Result ID: 'd08258896de8f82e0bcb23e1082ea2c9') in 1.3011347 seconds [static and dynamic dependencies]. Details - ImportResultOutputID=e61f0d1ef18307e8d36495d4492ccbfb DependenciesID=f8004e06bbc27299b8ed06cbc58c1184 StaticDependenciesID=4365d3e7a2717f5c2af32c45ca770c4e 
Start importing Packages/com.meta.xr.sdk.core/Meshes/HandTracking/OculusHand_R.fbx using Guid(88e2e1bfe11ec6c438b0ade27eaeded1) (FBXImporter) -> (Import Result ID: '19056ba83cff36b99f223b34f605f061') in 0.0408149 seconds [static and dynamic dependencies]. Details - ImportResultOutputID=566d6a154cae47623561ee2f0cda7a24 DependenciesID=764e58c39b1a6c33fe36d6996d413a3f StaticDependenciesID=1037158b4ab7f27e1321bd0fbe7c8ef6 
Start importing Packages/com.meta.xr.sdk.interaction/Runtime/Sample/Objects/Props/Materials/CubeMaterialGreen.fbx using Guid(b8eb22bbef4e12041945f044aeab9469) (FBXImporter) -> (Import Result ID: 'b1f44bc509bb214af5ed09d12305de9e') in 0.024172 seconds [static and dynamic dependencies]. Details - ImportResultOutputID=65b99dd5631c7835249e764954c0c66e DependenciesID=a5019a66d89154ccb98f7af153cef644 StaticDependenciesID=26c4dd92b38e23de150f706b6f805e26 
Start importing Packages/com.meta.xr.sdk.interaction/Runtime/Sample/Objects/Props/ToyBox/ToyBoxes.fbx using Guid(d8142cf98aa0bf44c9b088fd9081a761) (FBXImporter) -> (Import Result ID: '47f060c3aedafc14cda5d302c7058d98') in 0.0177711 seconds [static and dynamic dependencies]. Details - ImportResultOutputID=3439ee7ad2f0c656250408fa7cff22dc DependenciesID=90d53086985b08ae3c2fc296d5044503 StaticDependenciesID=0cf32f2bf9c0896ecaeb6e0a184e4fb1 
Start importing Packages/com.meta.xr.sdk.core/Meshes/OculusTouchForQuestAndRiftS/Materials/OculusTouchForQuestAndRiftS_Material.fbx using Guid(e878dcbefebb86f478a53130d09dd0ac) (FBXImporter) -> (Import Result ID: 'a324f889915ec8083d9d9517b55211a2') in 0.0351232 seconds [static and dynamic dependencies]. Details - ImportResultOutputID=8ccd98aa400d9ed3e121aaa526d4d6c9 DependenciesID=f236594d17c9250fd122dbaa9f3c40f7 StaticDependenciesID=2642b6f7a17906dff7ea0ac18168366c 
Start importing Packages/com.meta.xr.sdk.interaction/Runtime/Sample/Objects/Props/PlasticCup/Materials/PlasticCupMaterial.fbx using Guid(e86eea274c090ab48ba0a9af9f6f4bdc) (FBXImporter) -> (Import Result ID: 'b55dd656718f2910f12a1cbd6ca91c94') in 0.0664675 seconds [static and dynamic dependencies]. Details - ImportResultOutputID=3e2ddab8d3dc6ebb42f176826b743a20 DependenciesID=095c35d065bd7c9f0bd423dba62deaf0 StaticDependenciesID=18adadf359b03d8c2c5369ba411730fb 
Start importing Packages/com.meta.xr.sdk.interaction/Runtime/Sample/Objects/Props/Box/Materials/BoxMat.fbx using Guid(091196c6d7fd95e4681685ff1f4f9419) (FBXImporter) -> (Import Result ID: 'aa650dda125f8de6110bb35959cd9e80') in 0.0402359 seconds [static and dynamic dependencies]. Details - ImportResultOutputID=8179b877c6af0b636e00835c8e7978ba DependenciesID=e46fe6d346152262268487a2a04168f0 StaticDependenciesID=df68b2a64379e47086d1a46463211270 
Start importing Packages/com.meta.xr.sdk.interaction/Runtime/Sample/Objects/Props/Doll/Materials/DollMat.fbx using Guid(19820425148e24c4cbf2794200966cca) (FBXImporter) -> (Import Result ID: '2318b6e978c6d90fb983d47cd0f7fd0d') in 0.034743 seconds [static and dynamic dependencies]. Details - ImportResultOutputID=ceb82f626268a6f851e085fef8116010 DependenciesID=a7093ee54d491a9fb7859289d678dfdc StaticDependenciesID=a028e375fbacc67e3ab447b94312cd83 
Start importing Packages/com.meta.xr.sdk.interaction/Runtime/Sample/Objects/Props/BigRedButton/Materials/PodiumMat.fbx using Guid(2956750bad65b8b4eb7b65861fd116de) (FBXImporter) -> (Import Result ID: 'eade98bf309e60b07f4a6651e8c1668f') in 0.0538249 seconds [static and dynamic dependencies]. Details - ImportResultOutputID=c431beaf995c52677011efdb40d1a693 DependenciesID=536702d97ebfb08b384d9fb455f94c7d StaticDependenciesID=679b86ee0a043f1f768e5bdd33353c3d 
Start importing Packages/com.meta.xr.sdk.interaction/Runtime/Sample/Objects/Props/PingPong/Materials/PingPngMaterial.fbx using Guid(49544f7c35ed0ea438c0a8d5336dca23) (FBXImporter) -> (Import Result ID: '2c5ae2f4871d4893ebbd58d4f5771772') in 0.0323347 seconds [static and dynamic dependencies]. Details - ImportResultOutputID=4068d29ce171505f76439c31fbca77db DependenciesID=335fb80520cb1b944b03905aaba0d053 StaticDependenciesID=0ad468a077fd66f07c94ad54f08c0f8a 
Start importing Packages/com.meta.xr.sdk.interaction/Runtime/Sample/Objects/Environment/Screen/Materials/ScreenMaterial.fbx using Guid(7901d8219f6a24ef0a60ce89da693f9c) (FBXImporter) -> (Import Result ID: '99a7b817e6063edb514ccefc52a65e5a') in 0.0241617 seconds [static and dynamic dependencies]. Details - ImportResultOutputID=6e73447f3f7da776883330fc137809c2 DependenciesID=dd0b36eef199ed43f71a323327961de8 StaticDependenciesID=c05d5fc62e52925289adc6f238876585 
Start importing Assets/MetaAssets/Prefabs/286115/286115_S.fbx using Guid(798abef4d128d3e4fa6f33cd28eb078d) (FBXImporter) -> (Import Result ID: '3c178ded7becac80c47ab3de92cff771') in 0.0242582 seconds [static and dynamic dependencies]. Details - ImportResultOutputID=2ff932a085a53a2e9c502ad4d92dac53 DependenciesID=3febfe8666ac0d224e81cdf379ba5758 StaticDependenciesID=7fc748b66aef880bd1599db0b7e8abe9 
Start importing Assets/MetaAssets/Prefabs/43333/43333_L.fbx using Guid(3acd90679507c7d4d8f2b46177fd7c31) (FBXImporter) -> (Import Result ID: 'fef073b5193935ffbed489be13903f3a') in 0.0594238 seconds [static and dynamic dependencies]. Details - ImportResultOutputID=29466b2eb079ce98f603a32fbd4b459b DependenciesID=803619345e9a782dd9a2caaaa0f1aaf6 StaticDependenciesID=049aa2f3129000a52900339dda8b2083 
Start importing Packages/com.meta.xr.sdk.interaction/Runtime/Sample/Objects/Props/MapWithPins/Materials/MapFrameMat.fbx using Guid(ca40bcaab931f664bb8884b77b720e18) (FBXImporter) -> (Import Result ID: '960951a1052b6c546d698cd2202cf692') in 0.0314753 seconds [static and dynamic dependencies]. Details - ImportResultOutputID=b253221c6fbb0c82707b135fabcfe95c DependenciesID=c087383269bdfa6e934674a9112189af StaticDependenciesID=f8f642155add0c2fd23f493204edd098 
Start importing Packages/com.meta.xr.sdk.interaction/Runtime/Meshes/OVRHand_R.fbx using Guid(0b567a7c6d47e774ca65c81546f02af5) (FBXImporter) -> (Import Result ID: '871b8e0a8f3f897060528f2c3443c84e') in 0.0424736 seconds [static and dynamic dependencies]. Details - ImportResultOutputID=b86f81b9c51b416cc5a201f77849fe67 DependenciesID=c9b8234946fd94ac469998028a8798a7 StaticDependenciesID=5c8f9861b7e8210e0d3fc6dc282574fd 
Start importing Packages/com.meta.xr.sdk.interaction/Runtime/Sample/Materials/DebugBody.fbx using Guid(5b25e751187aed74499ddb0afb0dc5a3) (FBXImporter) -> (Import Result ID: '1089ce552b5a82ee48ce39d5e7f7af40') in 0.0214085 seconds [static and dynamic dependencies]. Details - ImportResultOutputID=bba9c9e2c5a423896af3bae47bde5980 DependenciesID=1492d648d57decccd075cf4be6d09cd3 StaticDependenciesID=8cd367595ac594e10d10ecbd5b611df8 
Start importing Packages/com.meta.xr.sdk.core/Meshes/MetaQuestTouchPlus/Materials/MetaQuestTouchPlusRight_Material.fbx using Guid(bbb35201095f6bf499fe2cd30ef3b6c7) (FBXImporter) -> (Import Result ID: '1f66cb1bdb4ac71956aa51c97bc7ae00') in 0.1146826 seconds [static and dynamic dependencies]. Details - ImportResultOutputID=97e10eb6e7f8edc6fcc67525299c6840 DependenciesID=193db1f4855bf35b437dbacb254fa90c StaticDependenciesID=1a3aefa09eb39258485563f4bfb4938e 
Start importing Assets/MetaAssets/Prefabs/808342/808342_S.fbx using Guid(2c2f4bb1ea1ce52479886df6c3850e45) (FBXImporter) -> (Import Result ID: 'c7516f225be2e00b3725e209429b1cbd') in 0.0232319 seconds [static and dynamic dependencies]. Details - ImportResultOutputID=c20415616a599a1e0d3d3488f5f53721 DependenciesID=4ba0b2b3415b93716e53df8770635c03 StaticDependenciesID=dc33452ad8e360efedaff0d66321c61b 
Start importing Packages/com.meta.xr.sdk.interaction/Runtime/Sample/Objects/Props/Materials/CubeMaterialBlue.fbx using Guid(6cc34ec80006e8a429764b52c1b5e7c8) (FBXImporter) -> (Import Result ID: '0dc0d21fbae6881dcb9d9760b07bf316') in 0.0214143 seconds [static and dynamic dependencies]. Details - ImportResultOutputID=1144d0fc495b49f3afc83559a916419a DependenciesID=d4639544ce1e0db0e3bc64545871730e StaticDependenciesID=287c8a7f4b12d8fcf1bff4fd90c8e951 
Start importing Packages/com.meta.xr.sdk.interaction/Runtime/Sample/Objects/Props/Locomotion/Materials/MetaLocoTutorialUIMat.fbx using Guid(7cee51529ca3046bd8a94b96d93191ea) (FBXImporter) -> (Import Result ID: 'ab4dcfbf1537cc429790986ce60f42c5') in 0.0157107 seconds [static and dynamic dependencies]. Details - ImportResultOutputID=e87c9c1ae4e29915103c37bd2ff4db9f DependenciesID=644a29381d25122b47b9792033ce299d StaticDependenciesID=3f707b7220909d9ba568f0b57a24af40 
Start importing Assets/MetaAssets/Prefabs/808342/808342_L.fbx using Guid(ac0fcef7cdd54404ab740cb0f09d90a7) (FBXImporter) -> (Import Result ID: '4f3f784af48187b6c34b0cfa63ee2c18') in 0.0522048 seconds [static and dynamic dependencies]. Details - ImportResultOutputID=a8473f5bc24616f466704201def91768 DependenciesID=953b793f45f9f07e0394e130542ce6ef StaticDependenciesID=91b9aca6b9f008989c28c0a69583cc8b 
Start importing Packages/com.meta.xr.sdk.interaction/Runtime/Sample/Objects/Environment/Locomotion/Models/Meta_LocomotionWater.fbx using Guid(bc66c719ba9d54f3db3d05d3f1863cb8) (FBXImporter) -> (Import Result ID: 'a2045e42d643cc55e988a2fbe7a931ff') in 0.0229619 seconds [static and dynamic dependencies]. Details - ImportResultOutputID=73444f5a6753b47d254fa5e01d79535c DependenciesID=123f170a41e1fe4165f2261116707200 StaticDependenciesID=df4dfe551da00245b48f13b4422611c0 
Start importing Packages/com.meta.xr.sdk.interaction/Runtime/Sample/Objects/Props/Slingshot/Materials/SlingshotMaterial.fbx using Guid(bcabde3367c999648a9a72e6a803e07c) (FBXImporter) -> (Import Result ID: 'f87676ff54daf8300be729d90b568f2e') in 0.1076643 seconds [static and dynamic dependencies]. Details - ImportResultOutputID=3596057a1fc04c6bb402746649e73072 DependenciesID=f790eceb1dd0d3cb635bb77b90c0137b StaticDependenciesID=22b005a89f6bbdebffb02e9fb904c0bb 
Start importing Assets/MetaAssets/Prefabs/632623/632623_L.fbx using Guid(cc3a35dac929257448992a1569cb2995) (FBXImporter) -> (Import Result ID: '210aee17870e26d1db8406013e174fe8') in 0.0593759 seconds [static and dynamic dependencies]. Details - ImportResultOutputID=11865c6b7e10086cf4c8abd086db4118 DependenciesID=4568c649fb3b5833bd1fa8478b7d5e87 StaticDependenciesID=b0f06689ebd55ac7f7645e02b5b96959 
Start importing Assets/MetaAssets/Prefabs/1777303/1777303_L.fbx using Guid(ecd1c4d78976a434da0088901728d084) (FBXImporter) -> (Import Result ID: 'f1150ed73af02e29e36927d40eed9878') in 0.0610017 seconds [static and dynamic dependencies]. Details - ImportResultOutputID=49cd772f22a9f38ed58a930ecde74ae2 DependenciesID=a329a8de49bdd4234ffa2926bd0918c0 StaticDependenciesID=c25c1f66fc90dd62eaa44492079320be 
Start importing Packages/com.unity.render-pipelines.core/Runtime/RenderPipelineResources/Mesh/SamplesFloorSpotlight.fbx using Guid(1dbf28c1bb322474d981b2dc555e28b0) (FBXImporter) -> (Import Result ID: 'ff43775dd4bf7af580a5ea9ff80bee9d') in 0.018059 seconds [static and dynamic dependencies]. Details - ImportResultOutputID=e7c53cca19d35be23ea75d47aa428a08 DependenciesID=5ddec53321277ed65a5de9fffebd86b9 StaticDependenciesID=57ea026a4191e20a2ae83f33e712a841 
Start importing Packages/com.meta.xr.sdk.interaction/Runtime/Sample/Objects/Props/Cube/Models/CubeMesh.fbx using Guid(2d1094ca45d7fbb4bb2fc2ba8b406ba0) (FBXImporter) -> (Import Result ID: '07933d38327eefa27caf33fc838df89d') in 0.0159824 seconds [static and dynamic dependencies]. Details - ImportResultOutputID=62631dd1c1f39af2fab68c05f30a17dd DependenciesID=d482b7e2036bb4740920672e0ea58d7d StaticDependenciesID=07937ed2184b0804f80bf1588e23cdb0 
Start importing Packages/com.meta.xr.sdk.interaction/Runtime/Sample/Objects/Environment/Screen/Models/ScreenMesh.fbx using Guid(5dd40ba251cb98747a696b72bc347fe9) (FBXImporter) -> (Import Result ID: 'cde22cb51f40421e4da2fae17e4b6ef4') in 0.021709 seconds [static and dynamic dependencies]. Details - ImportResultOutputID=ea1b5f61622dbbb172741656ae8cd676 DependenciesID=05f7afed1c3a636b0ff467d9ba2b090a StaticDependenciesID=176dedc19793e752dfb2e715f1cedb51 
Start importing Packages/com.meta.xr.sdk.core/Editor/BuildingBlocks/BlockData/SampleSpatialAnchorController/Meshs/AnchorModel.fbx using Guid(7d83cba011175b348a00dd821fe8cddd) (FBXImporter) -> (Import Result ID: '010fbf9af54dd170e214411285dc3118') in 0.0213255 seconds [static and dynamic dependencies]. Details - ImportResultOutputID=b610f13f8aa1ede498a1818a0acad4cd DependenciesID=299e411695c7803cfe76160174dc5470 StaticDependenciesID=85cb095f9f9aa8a62e2d744ce79dd48c 
Start importing Packages/com.meta.xr.sdk.core/Meshes/OculusTouchForQuest2/Materials/OculusTouchForQuest2_MAT.fbx using Guid(ad2069ba7fe0238489d3531897cea8cf) (FBXImporter) -> (Import Result ID: '731a6d32829d5564465aae6cffec4b71') in 0.0362719 seconds [static and dynamic dependencies]. Details - ImportResultOutputID=7f2bf369409203c61400efdcb939a34e DependenciesID=970243cd505902bef35e9aa9e9234093 StaticDependenciesID=479aaa35f3c91abb067c68aa35c28e00 
Start importing Assets/MetaAssets/Prefabs/286115/286115_M.fbx using Guid(0eb9e7faf3e1edd45b5989b216e410e4) (FBXImporter) -> (Import Result ID: 'cac138bea1507575f0069d4ccdcffcc5') in 0.0348999 seconds [static and dynamic dependencies]. Details - ImportResultOutputID=f592de7c21829ceb58ed963b37d5964b DependenciesID=787b97edbdd75f40d4540ee080964b52 StaticDependenciesID=5a703375fae9f21bce73adb3a5662f04 
Start importing Packages/com.meta.xr.sdk.core/Meshes/MetaQuestTouchPlus/Materials/MetaQuestTouchPlusLeft_Material.fbx using Guid(2ea89d6e4d9c45940908e3f337989a9a) (FBXImporter) -> (Import Result ID: 'f9f1769c6e0a1b92b963b3bcf2b53275') in 0.0634531 seconds [static and dynamic dependencies]. Details - ImportResultOutputID=83510b757f383467d1f503eca6875b32 DependenciesID=f6113f0b276582ec56e8f8504212b318 StaticDependenciesID=5b78c7e649ad58a20f70aa5f45b35396 
Start importing Packages/com.meta.xr.sdk.interaction/Runtime/Sample/Objects/Environment/MRDesk/Models/MRDeskShadow.fbx using Guid(7e589f294e82af44da827505993fac92) (FBXImporter) -> (Import Result ID: 'b791fc9d8056daeef411a0ba348c9052') in 0.0183271 seconds [static and dynamic dependencies]. Details - ImportResultOutputID=28049eea297f4683b88303174f268375 DependenciesID=6250d93d968c2189d427a189517d21dd StaticDependenciesID=bd5283f4047c0efe75ed99f1b0b4188b 
Start importing Packages/com.meta.xr.sdk.core/Meshes/MetaQuestTouchPro/Materials/MetaQuestProLeft_Material.fbx using Guid(2fadc56f841e8224ea1ff539811fc765) (FBXImporter) -> (Import Result ID: '132edff9824fa9826128a15826e2fdc4') in 0.0910345 seconds [static and dynamic dependencies]. Details - ImportResultOutputID=217b5c2e8cf9640cc67224e4a55d0717 DependenciesID=9d7bc29645e8a7c96c7ca1e2bce365ff StaticDependenciesID=fd3e85accaa191e9bba934d6072d0c73 
Start importing Packages/com.meta.xr.sdk.core/Meshes/MetaQuestTouchPro/Materials/MetaQuestProRight_Material.fbx using Guid(6fce4d906dba56f4bb507682dbb5b81d) (FBXImporter) -> (Import Result ID: '8942a8aa55d48a48d2b06c5c3a8df881') in 0.1030012 seconds [static and dynamic dependencies]. Details - ImportResultOutputID=b8179dfbf244278036361d02355a8949 DependenciesID=d108739893f2966b271de5aa9b796142 StaticDependenciesID=1b3de1f7237605b70de0fee28ed8f9a7 
Start importing Packages/com.meta.xr.sdk.interaction/Runtime/Sample/Objects/Props/StonePolyhedra/Materials/StonePolyhedraMat.fbx using Guid(7f06ecb0f6337004cb93e129be2895f1) (FBXImporter) -> (Import Result ID: '6679a2abfe8c7156c85b95031425295d') in 0.0327053 seconds [static and dynamic dependencies]. Details - ImportResultOutputID=7f229229bd93980bc6f2a303478db9cc DependenciesID=1064c0cc004850292922863ef7344259 StaticDependenciesID=dc36a62fab409864ea9f758a68d60918 
Start importing Packages/com.meta.xr.sdk.interaction/Runtime/Sample/Objects/Props/MapWithPins/Materials/MapPointerMat.fbx using Guid(afcf09e55a190704e99cfd047692166c) (FBXImporter) -> (Import Result ID: '2b61254a3fc835741ce1b51720b37a9f') in 0.0257718 seconds [static and dynamic dependencies]. Details - ImportResultOutputID=c4b7a279e3201ab35cc7d7ff67299a00 DependenciesID=465ccc2d6f1653cf38f68456d0cb757a StaticDependenciesID=570cc97b277acc4164f72222a6076b53 
Start importing Packages/com.meta.xr.sdk.interaction/Runtime/Sample/Fonts/Roboto-Bold SDF.asset using Guid(a8ff26fc8eee4e64f84d729a22088af5) (NativeFormatImporter) -> (Import Result ID: '5a38d63ed5d6fdf48a8473c90cecd309') in 0.0096822 seconds [static dependencies only]. Details - ImportResultOutputID=aea46db958df45c69105225f008f7d7b DependenciesID=6fadeabb2b909fd77f583f4c456fe508 StaticDependenciesID=87b8e2d894f67c34fe0d07bd93216380 
Start importing Packages/com.meta.xr.sdk.interaction/Runtime/Sample/Fonts/Roboto-Medium SDF.asset using Guid(eb44739c484b1b54bbc1a0d4d9dd1a50) (NativeFormatImporter) -> (Import Result ID: '7520a2fefa2369ae3ed21aec5f537a00') in 0.0050292 seconds [static dependencies only]. Details - ImportResultOutputID=e72cec22705a16b02ab2439f5a43e26b DependenciesID=4706f3c6be32305ac57be00042e9b40c StaticDependenciesID=56be40f0c7a0705ecdc6bd149f3cf900 
Start importing Packages/com.meta.xr.sdk.interaction/Runtime/Sample/Textures/Roboto-Regular SDF - Panel.asset using Guid(fb3e28b87e9ba534d9c7e8da0d859d5b) (NativeFormatImporter) -> (Import Result ID: 'bd729f33117fdb91109e3b9635d5d604') in 0.0045826 seconds [static dependencies only]. Details - ImportResultOutputID=57121e9d83fb543c7446b27df8b42805 DependenciesID=24c54f2c0998941a8216e536c596d61d StaticDependenciesID=8ae169eb87defcb692e5d15b61dbcf66 
Start importing Packages/com.meta.xr.sdk.interaction/Runtime/Sample/Fonts/Roboto-Regular SDF.asset using Guid(dda8d4d183f898241969906ee2a03d81) (NativeFormatImporter) -> (Import Result ID: '9e7c1dc9568f03a6812f696c80f52859') in 0.0050988 seconds [static dependencies only]. Details - ImportResultOutputID=44efb7f37dd0b6052fefcf9f4404931b DependenciesID=5d50aff40a2b592dfdcef964dd2390b0 StaticDependenciesID=b31a63c952f6d57b7e0ce7601c8235b6 
Shader 'Oculus/OVRMRCameraFrameLit': fallback shader 'Alpha-Diffuse' not found
Refreshing native plugins compatible for Editor in 14.23 ms, found 12 plugins.
(Values over 0.050ms)
Asset Pipeline Refresh (id=1c15fb0485d238d478dc1888805e0b3e): Total: 11.079 seconds - Initiated by StopAssetImportingV2(NoUpdateAssetOptions)
	Summary:
		Imports: total=381 (actual=359, local cache=22, cache server=0)
		Asset DB Process Time: managed=95 ms, native=10458 ms
		Asset DB Callback time: managed=138 ms, native=385 ms
		Scripting: domain reloads=0, domain reload time=0 ms, compile time=0 ms, other=0 ms
		Project Asset Count: scripts=2186, non-scripts=3853
		Asset File Changes: new=0, changed=0, moved=0, deleted=0
		Scan Filter Count: 0
	ApplyChangesToAssetFolders: 0.227ms
	Scan: 27.976ms
	CategorizeScriptCompilationAssets: 0.195ms
	ProcessAssetsWithTransientArtifactChanges: 0.096ms
	CategorizeAssets: 2.686ms
	ImportOutOfDateAssets: 10511.776ms (0.450ms without children)
		ImportManagerImport: 10508.726ms (145.898ms without children)
			UpdateCategorizedAssets: 8.247ms
		ReloadNativeAssets: 0.178ms
		UnloadImportedAssets: 1.310ms
		ReloadImportedAssets: 12.651ms
		EnsureUptoDateAssetsAreRegisteredWithGuidPM: 0.684ms
		OnDemandSchedulerStart: 0.420ms
	PostProcessAllAssets: 509.644ms
		ShaderAssetModifiedCallback 320.927ms
		XRBuildSystem.XRAssetImported 3.768ms
		PostProcessCallbackCreateDeferredMaterials 3.544ms
		ComputeShaderImportPostprocess 1.002ms
		RaytracingShaderImportPostprocess 0.786ms
		SpeedTreeImporter.PostprocessAllAssets 0.426ms
		LocalizationDatabase.AssetDatabasePostprocessCallback 0.310ms
		BlockShaderImporter.PostprocessAllAssets 0.271ms
		AssemblyValidation.PostprocessAllAssets 0.260ms
		MonoPostProcessAllAssets: 138.177ms
			ShaderGraphAssetPostProcessor.OnPostprocessAllAssets 18.437ms
			MaterialPostprocessor.OnPostprocessAllAssets 12.871ms
			PostProcessor.OnPostprocessAllAssets 3.009ms
			InputActionJsonNameModifierAssetProcessor.OnPostprocessAllAssets 2.551ms
			InputActionAssetPostprocessor.OnPostprocessAllAssets 2.280ms
			AssetPostprocessor.OnPostprocessAllAssets 1.608ms
			TextAssetPostProcessor.OnPostprocessAllAssets 1.377ms
			AssetChangedListener.OnPostprocessAllAssets 0.984ms
			RenderPipelineGlobalSettingsPostprocessor.OnPostprocessAllAssets 0.358ms
			SpeedTree9Postprocessor.OnPostprocessAllAssets 0.231ms
			TMPro_TexturePostProcessor.OnPostprocessAllAssets 0.210ms
			SyncVS.PostprocessSyncProject 0.060ms
	PostAssetChangesProfiler: 15.254ms
	GatherAllCurrentPrimaryImportResultRevisions: 0.768ms
	UnloadStreamsBegin: 0.095ms
	PersistCurrentRevisions: 0.230ms
	UnloadStreamsEnd: 0.141ms
	Untracked: 10.021ms

[Licensing::Client] Successfully resolved entitlement details
[Licensing::Client] Successfully resolved entitlement details
[TestRunnerTools] Callbacks registered after domain reload
UnityEngine.Debug:ExtractStackTraceNoAlloc (byte*,int,string)
UnityEngine.StackTraceUtility:ExtractStackTrace ()
UnityEngine.DebugLogHandler:Internal_Log (UnityEngine.LogType,UnityEngine.LogOption,string,UnityEngine.Object)
UnityEngine.DebugLogHandler:LogFormat (UnityEngine.LogType,UnityEngine.Object,string,object[])
UnityEngine.Logger:Log (UnityEngine.LogType,object)
UnityEngine.Debug:Log (object)
Meta.MCPBridge.Editor.TestRunnerTools:EnsureCallbacksRegistered () (at ./Library/PackageCache/com.meta.xr.sdk.core@4ea2676097b9/Editor/MCPBridge/TestRunnerTools.cs:108)
Meta.MCPBridge.Editor.TestRunnerTools:InitializeOnMainThread () (at ./Library/PackageCache/com.meta.xr.sdk.core@4ea2676097b9/Editor/MCPBridge/TestRunnerTools.cs:95)
UnityEditor.EditorApplication:Internal_CallDelayFunctions ()

(Filename: ./Library/PackageCache/com.meta.xr.sdk.core@4ea2676097b9/Editor/MCPBridge/TestRunnerTools.cs Line: 108)

[TestRunnerTools] Cache loaded from EditorPrefs: RunId=786fd3a9, IsRunning=False
UnityEngine.Debug:ExtractStackTraceNoAlloc (byte*,int,string)
UnityEngine.StackTraceUtility:ExtractStackTrace ()
UnityEngine.DebugLogHandler:Internal_Log (UnityEngine.LogType,UnityEngine.LogOption,string,UnityEngine.Object)
UnityEngine.DebugLogHandler:LogFormat (UnityEngine.LogType,UnityEngine.Object,string,object[])
UnityEngine.Logger:Log (UnityEngine.LogType,object)
UnityEngine.Debug:Log (object)
Meta.MCPBridge.Editor.TestRunnerTools:LoadCacheFromEditorPrefsUnsafe () (at ./Library/PackageCache/com.meta.xr.sdk.core@4ea2676097b9/Editor/MCPBridge/TestRunnerTools.cs:169)
Meta.MCPBridge.Editor.TestRunnerTools:EnsureCacheInitialized () (at ./Library/PackageCache/com.meta.xr.sdk.core@4ea2676097b9/Editor/MCPBridge/TestRunnerTools.cs:132)
Meta.MCPBridge.Editor.TestRunnerTools:get_IsRunning () (at ./Library/PackageCache/com.meta.xr.sdk.core@4ea2676097b9/Editor/MCPBridge/TestRunnerTools.cs:191)
Meta.MCPBridge.Editor.TestRunnerTools:EnsureCallbacksRegistered () (at ./Library/PackageCache/com.meta.xr.sdk.core@4ea2676097b9/Editor/MCPBridge/TestRunnerTools.cs:112)
Meta.MCPBridge.Editor.TestRunnerTools:InitializeOnMainThread () (at ./Library/PackageCache/com.meta.xr.sdk.core@4ea2676097b9/Editor/MCPBridge/TestRunnerTools.cs:95)
UnityEditor.EditorApplication:Internal_CallDelayFunctions ()

(Filename: ./Library/PackageCache/com.meta.xr.sdk.core@4ea2676097b9/Editor/MCPBridge/TestRunnerTools.cs Line: 169)

Start Indexing on Editor startup
[Indexing] Starting Initial Indexing for Assets
[Licensing::Client] Successfully resolved entitlement details
[UnityConnectServicesConfig] config is NOT valid, switching to default
Created GICache directory at C:/Users/GARV BANSAL/AppData/LocalLow/Unity/Caches/GiCache. Took: 0.034s, timestamps: [16.798 - 16.832]
[Project Setup Tool] There are 6 outstanding Recommended fixes.
For more information, go to <a href="OpenProjectSetupTool">Edit > Project Settings > Meta XR</a>
UnityEngine.Debug:ExtractStackTraceNoAlloc (byte*,int,string)
UnityEngine.StackTraceUtility:ExtractStackTrace ()
UnityEngine.DebugLogHandler:Internal_Log (UnityEngine.LogType,UnityEngine.LogOption,string,UnityEngine.Object)
UnityEngine.DebugLogHandler:LogFormat (UnityEngine.LogType,UnityEngine.Object,string,object[])
UnityEngine.Logger:Log (UnityEngine.LogType,object)
UnityEngine.Debug:LogWarning (object)
OVRConfigurationTaskUpdaterSummary:Log () (at ./Library/PackageCache/com.meta.xr.sdk.core@4ea2676097b9/Editor/OVRProjectSetup/Tasks/Processors/OVRConfigurationTaskUpdaterSummary.cs:222)
OVRConfigurationTaskUpdater:Complete () (at ./Library/PackageCache/com.meta.xr.sdk.core@4ea2676097b9/Editor/OVRProjectSetup/Tasks/Processors/OVRConfigurationTaskUpdater.cs:129)
OVRConfigurationTaskProcessorQueue:Dequeue (OVRConfigurationTaskProcessor) (at ./Library/PackageCache/com.meta.xr.sdk.core@4ea2676097b9/Editor/OVRProjectSetup/Tasks/Processors/OVRConfigurationTaskProcessorQueue.cs:115)
OVRConfigurationTaskProcessorQueue:Update () (at ./Library/PackageCache/com.meta.xr.sdk.core@4ea2676097b9/Editor/OVRProjectSetup/Tasks/Processors/OVRConfigurationTaskProcessorQueue.cs:136)
UnityEditor.EditorApplication:Internal_CallUpdateFunctions ()

(Filename: ./Library/PackageCache/com.meta.xr.sdk.core@4ea2676097b9/Editor/OVRProjectSetup/Tasks/Processors/OVRConfigurationTaskUpdaterSummary.cs Line: 222)

[Project Setup Tool] There is 1 outstanding Required fix.
For more information, go to <a href="OpenProjectSetupTool">Edit > Project Settings > Meta XR</a>
UnityEngine.Debug:ExtractStackTraceNoAlloc (byte*,int,string)
UnityEngine.StackTraceUtility:ExtractStackTrace ()
UnityEngine.DebugLogHandler:Internal_Log (UnityEngine.LogType,UnityEngine.LogOption,string,UnityEngine.Object)
UnityEngine.DebugLogHandler:LogFormat (UnityEngine.LogType,UnityEngine.Object,string,object[])
UnityEngine.Logger:Log (UnityEngine.LogType,object)
UnityEngine.Debug:LogWarning (object)
OVRConfigurationTaskUpdaterSummary:Log () (at ./Library/PackageCache/com.meta.xr.sdk.core@4ea2676097b9/Editor/OVRProjectSetup/Tasks/Processors/OVRConfigurationTaskUpdaterSummary.cs:234)
OVRConfigurationTaskUpdater:Complete () (at ./Library/PackageCache/com.meta.xr.sdk.core@4ea2676097b9/Editor/OVRProjectSetup/Tasks/Processors/OVRConfigurationTaskUpdater.cs:129)
OVRConfigurationTaskProcessorQueue:Dequeue (OVRConfigurationTaskProcessor) (at ./Library/PackageCache/com.meta.xr.sdk.core@4ea2676097b9/Editor/OVRProjectSetup/Tasks/Processors/OVRConfigurationTaskProcessorQueue.cs:115)
OVRConfigurationTaskProcessorQueue:Update () (at ./Library/PackageCache/com.meta.xr.sdk.core@4ea2676097b9/Editor/OVRProjectSetup/Tasks/Processors/OVRConfigurationTaskProcessorQueue.cs:136)
UnityEditor.EditorApplication:Internal_CallUpdateFunctions ()

(Filename: ./Library/PackageCache/com.meta.xr.sdk.core@4ea2676097b9/Editor/OVRProjectSetup/Tasks/Processors/OVRConfigurationTaskUpdaterSummary.cs Line: 234)

Unloading 444 Unused Serialized files (Serialized files now loaded: 0)
Unloading 571 unused Assets / (14.2 MB). Loaded Objects now: 9054.
Memory consumption went from 392.9 MB to 378.7 MB.
Total: 26.060700 ms (FindLiveObjects: 0.412800 ms CreateObjectMapping: 0.269000 ms MarkObjects: 20.423100 ms  DeleteObjects: 4.953700 ms)

Start importing Assets/XR/Settings/OpenXR Package Settings.asset using Guid(0d647736f3e354044b23fb340838e9eb) (NativeFormatImporter) -> (Import Result ID: '83be3409bcbc20eef5cbae634207ea95') in 0.0031393 seconds [static dependencies only]. Details - ImportResultOutputID=c8338305546446aab4e7d26577b91671 DependenciesID=2c407465c3fa9fdae37604ba5dc1335a StaticDependenciesID=e7252c103fdb22a96e109f3b4bbed5a2 
Refreshing native plugins compatible for Editor in 9.00 ms, found 12 plugins.
Asset Pipeline Refresh (id=06a8f04593052a44c866fb37dd95c72b): Total: 0.045 seconds - Initiated by StopAssetImportingV2(NoUpdateAssetOptions)
Start importing Assets/InitTestScene1b8a3db3-3013-458e-8a26-e5434548f696.unity using Guid(2ecebd57a4feec44ca7f244d12e36944) (DefaultImporter) -> (Import Result ID: '1612a4949f427d4cb5cfc015205de7f8') in 0.0012496 seconds [static dependencies only]. Details - ImportResultOutputID=c3ad52959de629304822d1e485e0b628 DependenciesID=f1229f11269ebd1b6304bb8cf7baec3a StaticDependenciesID=65f5afa893c2a84bc15fce75d677d415 
Refreshing native plugins compatible for Editor in 12.57 ms, found 12 plugins.
Asset Pipeline Refresh (id=3910d2b8c44e531418527e09c3f4ae8a): Total: 0.063 seconds - Initiated by StopAssetImportingV2(NoUpdateAssetOptions)
Executing IPrebuildSetup for: Unity.PerformanceTesting.Editor.TestRunBuilder.
UnityEngine.Debug:ExtractStackTraceNoAlloc (byte*,int,string)
UnityEngine.StackTraceUtility:ExtractStackTrace ()
UnityEngine.DebugLogHandler:Internal_Log (UnityEngine.LogType,UnityEngine.LogOption,string,UnityEngine.Object)
UnityEngine.DebugLogHandler:LogFormat (UnityEngine.LogType,UnityEngine.Object,string,object[])
UnityEngine.Logger:Log (UnityEngine.LogType,object)
UnityEngine.Debug:Log (object)
UnityEditor.TestTools.TestRunner.TestRun.Tasks.BuildActionTaskBase`1/<ExecuteMethods>d__8<UnityEngine.TestTools.IPrebuildSetup>:MoveNext () (at ./Library/PackageCache/com.unity.test-framework@76560ee600cb/UnityEditor.TestRunner/TestRun/Tasks/BuildActionTaskBase.cs:48)
UnityEditor.TestTools.TestRunner.TestRun.Tasks.BuildActionTaskBase`1/<Execute>d__7<UnityEngine.TestTools.IPrebuildSetup>:MoveNext () (at ./Library/PackageCache/com.unity.test-framework@76560ee600cb/UnityEditor.TestRunner/TestRun/Tasks/BuildActionTaskBase.cs:34)
UnityEditor.TestTools.TestRunner.TestRun.TestJobRunner:ExecuteStep () (at ./Library/PackageCache/com.unity.test-framework@76560ee600cb/UnityEditor.TestRunner/TestRun/TestJobRunner.cs:173)
UnityEditor.TestTools.TestRunner.TestRun.TestJobRunner:ExecuteCallback () (at ./Library/PackageCache/com.unity.test-framework@76560ee600cb/UnityEditor.TestRunner/TestRun/TestJobRunner.cs:108)
UnityEditor.EditorApplication:Internal_CallUpdateFunctions ()

(Filename: ./Library/PackageCache/com.unity.test-framework@76560ee600cb/UnityEditor.TestRunner/TestRun/Tasks/BuildActionTaskBase.cs Line: 48)

[MetaXROperator] XR_APILAYER_METAX_operator enabled for Play Mode.
UnityEngine.Debug:ExtractStackTraceNoAlloc (byte*,int,string)
UnityEngine.StackTraceUtility:ExtractStackTrace ()
UnityEngine.DebugLogHandler:Internal_Log (UnityEngine.LogType,UnityEngine.LogOption,string,UnityEngine.Object)
UnityEngine.DebugLogHandler:LogFormat (UnityEngine.LogType,UnityEngine.Object,string,object[])
UnityEngine.Logger:Log (UnityEngine.LogType,object)
UnityEngine.Debug:Log (object)
Meta.XR.Editor.MetaXROperatorEnabler:OnPlayModeChanged (UnityEditor.PlayModeStateChange) (at ./Library/PackageCache/com.meta.xr.sdk.core@4ea2676097b9/Editor/MetaXROperator/MetaXROperatorEnabler.cs:67)
UnityEditor.EditorApplication:Internal_PlayModeStateChanged (UnityEditor.PlayModeStateChange)
UnityEditor.TestTools.TestRunner.TestRun.Tasks.EnterPlayModeTask/<>c:<.ctor>b__3_1 () (at ./Library/PackageCache/com.unity.test-framework@76560ee600cb/UnityEditor.TestRunner/TestRun/Tasks/EnterPlayModeTask.cs:10)
UnityEditor.TestTools.TestRunner.TestRun.Tasks.EnterPlayModeTask/<Execute>d__2:MoveNext () (at ./Library/PackageCache/com.unity.test-framework@76560ee600cb/UnityEditor.TestRunner/TestRun/Tasks/EnterPlayModeTask.cs:22)
UnityEditor.TestTools.TestRunner.TestRun.TestJobRunner:ExecuteStep () (at ./Library/PackageCache/com.unity.test-framework@76560ee600cb/UnityEditor.TestRunner/TestRun/TestJobRunner.cs:173)
UnityEditor.TestTools.TestRunner.TestRun.TestJobRunner:ExecuteCallback () (at ./Library/PackageCache/com.unity.test-framework@76560ee600cb/UnityEditor.TestRunner/TestRun/TestJobRunner.cs:108)
UnityEditor.EditorApplication:Internal_CallUpdateFunctions ()

(Filename: ./Library/PackageCache/com.meta.xr.sdk.core@4ea2676097b9/Editor/MetaXROperator/MetaXROperatorEnabler.cs Line: 67)

Reloading assemblies for play mode.
Reloading assemblies after forced synchronous recompile.
Assembly Assembly-CSharp-Editor-firstpass.dll at Library/ScriptAssemblies/Assembly-CSharp-Editor-firstpass.dll not valid. Loading of assembly skipped.
Assembly Assembly-CSharp-Editor.dll at Library/ScriptAssemblies/Assembly-CSharp-Editor.dll not valid. Loading of assembly skipped.
Assembly Assembly-CSharp-firstpass.dll at Library/ScriptAssemblies/Assembly-CSharp-firstpass.dll not valid. Loading of assembly skipped.
Assembly Assembly-CSharp.dll at Library/ScriptAssemblies/Assembly-CSharp.dll not valid. Loading of assembly skipped.
Assembly Meta.XR.Editor.Reflection.Tests.dll at Library/ScriptAssemblies/Meta.XR.Editor.Reflection.Tests.dll not valid. Loading of assembly skipped.
Assembly meta.xr.hand.readiness.tests.editmode.dll at Library/ScriptAssemblies/meta.xr.hand.readiness.tests.editmode.dll not valid. Loading of assembly skipped.
Assembly Meta.XR.Input.Editor.Tests.dll at Library/ScriptAssemblies/Meta.XR.Input.Editor.Tests.dll not valid. Loading of assembly skipped.
Assembly Meta.XR.MultiplayerBlocks.Fusion.dll at Library/ScriptAssemblies/Meta.XR.MultiplayerBlocks.Fusion.dll not valid. Loading of assembly skipped.
Assembly Meta.XR.MultiplayerBlocks.NGO.dll at Library/ScriptAssemblies/Meta.XR.MultiplayerBlocks.NGO.dll not valid. Loading of assembly skipped.
Assembly Opus.Sdk.Editor.dll at Library/ScriptAssemblies/Opus.Sdk.Editor.dll not valid. Loading of assembly skipped.
Assembly TestNewCustomAssembly.dll at Library/ScriptAssemblies/TestNewCustomAssembly.dll not valid. Loading of assembly skipped.
Assembly Unity.Addressables.Editor.Tests.dll at Library/ScriptAssemblies/Unity.Addressables.Editor.Tests.dll not valid. Loading of assembly skipped.
Assembly Unity.Addressables.Tests.dll at Library/ScriptAssemblies/Unity.Addressables.Tests.dll not valid. Loading of assembly skipped.
Assembly Unity.Collections.BurstCompatibilityGen.dll at Library/ScriptAssemblies/Unity.Collections.BurstCompatibilityGen.dll not valid. Loading of assembly skipped.
Assembly Unity.Collections.DocCodeSamples.dll at Library/ScriptAssemblies/Unity.Collections.DocCodeSamples.dll not valid. Loading of assembly skipped.
Assembly Unity.Collections.PerformanceTests.dll at Library/ScriptAssemblies/Unity.Collections.PerformanceTests.dll not valid. Loading of assembly skipped.
Assembly Unity.Collections.Tests.dll at Library/ScriptAssemblies/Unity.Collections.Tests.dll not valid. Loading of assembly skipped.
Assembly Unity.Collections.Tests.Playmode.dll at Library/ScriptAssemblies/Unity.Collections.Tests.Playmode.dll not valid. Loading of assembly skipped.
Assembly Unity.InputSystem.IntegrationTests.dll at Library/ScriptAssemblies/Unity.InputSystem.IntegrationTests.dll not valid. Loading of assembly skipped.
Assembly Unity.Mathematics.Tests.dll at Library/ScriptAssemblies/Unity.Mathematics.Tests.dll not valid. Loading of assembly skipped.
Assembly Unity.Multiplayer.Center.Editor.Tests.dll at Library/ScriptAssemblies/Unity.Multiplayer.Center.Editor.Tests.dll not valid. Loading of assembly skipped.
Assembly Unity.Multiplayer.Center.Tests.dll at Library/ScriptAssemblies/Unity.Multiplayer.Center.Tests.dll not valid. Loading of assembly skipped.
Assembly Unity.Nuget.Mono-Cecil.dll at Library/ScriptAssemblies/Unity.Nuget.Mono-Cecil.dll not valid. Loading of assembly skipped.
Assembly Unity.PathTracing.Editor.Tests.dll at Library/ScriptAssemblies/Unity.PathTracing.Editor.Tests.dll not valid. Loading of assembly skipped.
Assembly Unity.PathTracing.Runtime.Tests.dll at Library/ScriptAssemblies/Unity.PathTracing.Runtime.Tests.dll not valid. Loading of assembly skipped.
Assembly Unity.RenderPipelines.Core.Editor.Tests.dll at Library/ScriptAssemblies/Unity.RenderPipelines.Core.Editor.Tests.dll not valid. Loading of assembly skipped.
Assembly Unity.RenderPipelines.Core.Runtime.Tests.dll at Library/ScriptAssemblies/Unity.RenderPipelines.Core.Runtime.Tests.dll not valid. Loading of assembly skipped.
Assembly Unity.RenderPipelines.Universal.Config.Editor.Tests.dll at Library/ScriptAssemblies/Unity.RenderPipelines.Universal.Config.Editor.Tests.dll not valid. Loading of assembly skipped.
Assembly Unity.RenderPipelines.Universal.Editor.Tests.dll at Library/ScriptAssemblies/Unity.RenderPipelines.Universal.Editor.Tests.dll not valid. Loading of assembly skipped.
Assembly Unity.RenderPipelines.Universal.Runtime.Tests.dll at Library/ScriptAssemblies/Unity.RenderPipelines.Universal.Runtime.Tests.dll not valid. Loading of assembly skipped.
Assembly Unity.ResourceManager.Tests.dll at Library/ScriptAssemblies/Unity.ResourceManager.Tests.dll not valid. Loading of assembly skipped.
Assembly Unity.ScriptableBuildPipeline.Editor.Tests.dll at Library/ScriptAssemblies/Unity.ScriptableBuildPipeline.Editor.Tests.dll not valid. Loading of assembly skipped.
Assembly Unity.ScriptableBuildPipeline.Tests.dll at Library/ScriptAssemblies/Unity.ScriptableBuildPipeline.Tests.dll not valid. Loading of assembly skipped.
Assembly Unity.ScriptableBuildPipelineTests.Runtime.Tests.dll at Library/ScriptAssemblies/Unity.ScriptableBuildPipelineTests.Runtime.Tests.dll not valid. Loading of assembly skipped.
Assembly Unity.Searcher.EditorTests.dll at Library/ScriptAssemblies/Unity.Searcher.EditorTests.dll not valid. Loading of assembly skipped.
Assembly Unity.ShaderGraph.Editor.Tests.dll at Library/ScriptAssemblies/Unity.ShaderGraph.Editor.Tests.dll not valid. Loading of assembly skipped.
Assembly Unity.TextMeshPro.Editor.Tests.dll at Library/ScriptAssemblies/Unity.TextMeshPro.Editor.Tests.dll not valid. Loading of assembly skipped.
Assembly Unity.TextMeshPro.Tests.dll at Library/ScriptAssemblies/Unity.TextMeshPro.Tests.dll not valid. Loading of assembly skipped.
Assembly Unity.UnifiedRayTracing.Editor.Tests.dll at Library/ScriptAssemblies/Unity.UnifiedRayTracing.Editor.Tests.dll not valid. Loading of assembly skipped.
Assembly Unity.XR.CoreUtils.CodeSamples.Tests.dll at Library/ScriptAssemblies/Unity.XR.CoreUtils.CodeSamples.Tests.dll not valid. Loading of assembly skipped.
Assembly Unity.XR.CoreUtils.Editor.Tests.dll at Library/ScriptAssemblies/Unity.XR.CoreUtils.Editor.Tests.dll not valid. Loading of assembly skipped.
Assembly Unity.XR.CoreUtils.Tests.dll at Library/ScriptAssemblies/Unity.XR.CoreUtils.Tests.dll not valid. Loading of assembly skipped.
Assembly Unity.XR.Hands.Editor.Tests.dll at Library/ScriptAssemblies/Unity.XR.Hands.Editor.Tests.dll not valid. Loading of assembly skipped.
Assembly Unity.XR.Hands.Tests.dll at Library/ScriptAssemblies/Unity.XR.Hands.Tests.dll not valid. Loading of assembly skipped.
Assembly Unity.XR.Management.EditorTests.dll at Library/ScriptAssemblies/Unity.XR.Management.EditorTests.dll not valid. Loading of assembly skipped.
Assembly Unity.XR.Management.TestPackage.dll at Library/ScriptAssemblies/Unity.XR.Management.TestPackage.dll not valid. Loading of assembly skipped.
Assembly Unity.XR.Management.TestPackage.Editor.dll at Library/ScriptAssemblies/Unity.XR.Management.TestPackage.Editor.dll not valid. Loading of assembly skipped.
Assembly Unity.XR.Management.Tests.dll at Library/ScriptAssemblies/Unity.XR.Management.Tests.dll not valid. Loading of assembly skipped.
Assembly Unity.XR.Management.Tests.Standalone.dll at Library/ScriptAssemblies/Unity.XR.Management.Tests.Standalone.dll not valid. Loading of assembly skipped.
Assembly Unity.XR.OpenXR.Editor.Tests.dll at Library/ScriptAssemblies/Unity.XR.OpenXR.Editor.Tests.dll not valid. Loading of assembly skipped.
Assembly Unity.XR.OpenXR.Tests.dll at Library/ScriptAssemblies/Unity.XR.OpenXR.Tests.dll not valid. Loading of assembly skipped.
Assembly Unity.XR.OpenXR.Ubuntu.Tests.dll at Library/ScriptAssemblies/Unity.XR.OpenXR.Ubuntu.Tests.dll not valid. Loading of assembly skipped.
Assembly Unity.XR.TestSupport.dll at Library/ScriptAssemblies/Unity.XR.TestSupport.dll not valid. Loading of assembly skipped.
Assembly UnityEditor.UI.Common.Tests.dll at Library/ScriptAssemblies/UnityEditor.UI.Common.Tests.dll not valid. Loading of assembly skipped.
Assembly UnityEditor.UI.EditorTests.dll at Library/ScriptAssemblies/UnityEditor.UI.EditorTests.dll not valid. Loading of assembly skipped.
Assembly UnityEditor.XR.LegacyInputHelpers.Tests.dll at Library/ScriptAssemblies/UnityEditor.XR.LegacyInputHelpers.Tests.dll not valid. Loading of assembly skipped.
Assembly UnityEngine.SpatialTracking.Tests.dll at Library/ScriptAssemblies/UnityEngine.SpatialTracking.Tests.dll not valid. Loading of assembly skipped.
Assembly UnityEngine.UI.Tests.dll at Library/ScriptAssemblies/UnityEngine.UI.Tests.dll not valid. Loading of assembly skipped.
Assembly UnityEngine.XR.OpenXR.CodeSamples.Editor.Tests.dll at Library/ScriptAssemblies/UnityEngine.XR.OpenXR.CodeSamples.Editor.Tests.dll not valid. Loading of assembly skipped.
Begin MonoManager ReloadAssembly
Assembly Assembly-CSharp-Editor-firstpass.dll at Library/ScriptAssemblies/Assembly-CSharp-Editor-firstpass.dll not valid. Loading of assembly skipped.
Assembly Assembly-CSharp-Editor.dll at Library/ScriptAssemblies/Assembly-CSharp-Editor.dll not valid. Loading of assembly skipped.
Assembly Assembly-CSharp-firstpass.dll at Library/ScriptAssemblies/Assembly-CSharp-firstpass.dll not valid. Loading of assembly skipped.
Assembly Assembly-CSharp.dll at Library/ScriptAssemblies/Assembly-CSharp.dll not valid. Loading of assembly skipped.
Assembly Meta.XR.Editor.Reflection.Tests.dll at Library/ScriptAssemblies/Meta.XR.Editor.Reflection.Tests.dll not valid. Loading of assembly skipped.
Assembly meta.xr.hand.readiness.tests.editmode.dll at Library/ScriptAssemblies/meta.xr.hand.readiness.tests.editmode.dll not valid. Loading of assembly skipped.
Assembly Meta.XR.Input.Editor.Tests.dll at Library/ScriptAssemblies/Meta.XR.Input.Editor.Tests.dll not valid. Loading of assembly skipped.
Assembly Meta.XR.MultiplayerBlocks.Fusion.dll at Library/ScriptAssemblies/Meta.XR.MultiplayerBlocks.Fusion.dll not valid. Loading of assembly skipped.
Assembly Meta.XR.MultiplayerBlocks.NGO.dll at Library/ScriptAssemblies/Meta.XR.MultiplayerBlocks.NGO.dll not valid. Loading of assembly skipped.
Assembly Opus.Sdk.Editor.dll at Library/ScriptAssemblies/Opus.Sdk.Editor.dll not valid. Loading of assembly skipped.
Assembly TestNewCustomAssembly.dll at Library/ScriptAssemblies/TestNewCustomAssembly.dll not valid. Loading of assembly skipped.
Assembly Unity.Addressables.Editor.Tests.dll at Library/ScriptAssemblies/Unity.Addressables.Editor.Tests.dll not valid. Loading of assembly skipped.
Assembly Unity.Addressables.Tests.dll at Library/ScriptAssemblies/Unity.Addressables.Tests.dll not valid. Loading of assembly skipped.
Assembly Unity.Collections.BurstCompatibilityGen.dll at Library/ScriptAssemblies/Unity.Collections.BurstCompatibilityGen.dll not valid. Loading of assembly skipped.
Assembly Unity.Collections.DocCodeSamples.dll at Library/ScriptAssemblies/Unity.Collections.DocCodeSamples.dll not valid. Loading of assembly skipped.
Assembly Unity.Collections.PerformanceTests.dll at Library/ScriptAssemblies/Unity.Collections.PerformanceTests.dll not valid. Loading of assembly skipped.
Assembly Unity.Collections.Tests.dll at Library/ScriptAssemblies/Unity.Collections.Tests.dll not valid. Loading of assembly skipped.
Assembly Unity.Collections.Tests.Playmode.dll at Library/ScriptAssemblies/Unity.Collections.Tests.Playmode.dll not valid. Loading of assembly skipped.
Assembly Unity.InputSystem.IntegrationTests.dll at Library/ScriptAssemblies/Unity.InputSystem.IntegrationTests.dll not valid. Loading of assembly skipped.
Assembly Unity.Mathematics.Tests.dll at Library/ScriptAssemblies/Unity.Mathematics.Tests.dll not valid. Loading of assembly skipped.
Assembly Unity.Multiplayer.Center.Editor.Tests.dll at Library/ScriptAssemblies/Unity.Multiplayer.Center.Editor.Tests.dll not valid. Loading of assembly skipped.
Assembly Unity.Multiplayer.Center.Tests.dll at Library/ScriptAssemblies/Unity.Multiplayer.Center.Tests.dll not valid. Loading of assembly skipped.
Assembly Unity.Nuget.Mono-Cecil.dll at Library/ScriptAssemblies/Unity.Nuget.Mono-Cecil.dll not valid. Loading of assembly skipped.
Assembly Unity.PathTracing.Editor.Tests.dll at Library/ScriptAssemblies/Unity.PathTracing.Editor.Tests.dll not valid. Loading of assembly skipped.
Assembly Unity.PathTracing.Runtime.Tests.dll at Library/ScriptAssemblies/Unity.PathTracing.Runtime.Tests.dll not valid. Loading of assembly skipped.
Assembly Unity.RenderPipelines.Core.Editor.Tests.dll at Library/ScriptAssemblies/Unity.RenderPipelines.Core.Editor.Tests.dll not valid. Loading of assembly skipped.
Assembly Unity.RenderPipelines.Core.Runtime.Tests.dll at Library/ScriptAssemblies/Unity.RenderPipelines.Core.Runtime.Tests.dll not valid. Loading of assembly skipped.
Assembly Unity.RenderPipelines.Universal.Config.Editor.Tests.dll at Library/ScriptAssemblies/Unity.RenderPipelines.Universal.Config.Editor.Tests.dll not valid. Loading of assembly skipped.
Assembly Unity.RenderPipelines.Universal.Editor.Tests.dll at Library/ScriptAssemblies/Unity.RenderPipelines.Universal.Editor.Tests.dll not valid. Loading of assembly skipped.
Assembly Unity.RenderPipelines.Universal.Runtime.Tests.dll at Library/ScriptAssemblies/Unity.RenderPipelines.Universal.Runtime.Tests.dll not valid. Loading of assembly skipped.
Assembly Unity.ResourceManager.Tests.dll at Library/ScriptAssemblies/Unity.ResourceManager.Tests.dll not valid. Loading of assembly skipped.
Assembly Unity.ScriptableBuildPipeline.Editor.Tests.dll at Library/ScriptAssemblies/Unity.ScriptableBuildPipeline.Editor.Tests.dll not valid. Loading of assembly skipped.
Assembly Unity.ScriptableBuildPipeline.Tests.dll at Library/ScriptAssemblies/Unity.ScriptableBuildPipeline.Tests.dll not valid. Loading of assembly skipped.
Assembly Unity.ScriptableBuildPipelineTests.Runtime.Tests.dll at Library/ScriptAssemblies/Unity.ScriptableBuildPipelineTests.Runtime.Tests.dll not valid. Loading of assembly skipped.
Assembly Unity.Searcher.EditorTests.dll at Library/ScriptAssemblies/Unity.Searcher.EditorTests.dll not valid. Loading of assembly skipped.
Assembly Unity.ShaderGraph.Editor.Tests.dll at Library/ScriptAssemblies/Unity.ShaderGraph.Editor.Tests.dll not valid. Loading of assembly skipped.
Assembly Unity.TextMeshPro.Editor.Tests.dll at Library/ScriptAssemblies/Unity.TextMeshPro.Editor.Tests.dll not valid. Loading of assembly skipped.
Assembly Unity.TextMeshPro.Tests.dll at Library/ScriptAssemblies/Unity.TextMeshPro.Tests.dll not valid. Loading of assembly skipped.
Assembly Unity.UnifiedRayTracing.Editor.Tests.dll at Library/ScriptAssemblies/Unity.UnifiedRayTracing.Editor.Tests.dll not valid. Loading of assembly skipped.
Assembly Unity.XR.CoreUtils.CodeSamples.Tests.dll at Library/ScriptAssemblies/Unity.XR.CoreUtils.CodeSamples.Tests.dll not valid. Loading of assembly skipped.
Assembly Unity.XR.CoreUtils.Editor.Tests.dll at Library/ScriptAssemblies/Unity.XR.CoreUtils.Editor.Tests.dll not valid. Loading of assembly skipped.
Assembly Unity.XR.CoreUtils.Tests.dll at Library/ScriptAssemblies/Unity.XR.CoreUtils.Tests.dll not valid. Loading of assembly skipped.
Assembly Unity.XR.Hands.Editor.Tests.dll at Library/ScriptAssemblies/Unity.XR.Hands.Editor.Tests.dll not valid. Loading of assembly skipped.
Assembly Unity.XR.Hands.Tests.dll at Library/ScriptAssemblies/Unity.XR.Hands.Tests.dll not valid. Loading of assembly skipped.
Assembly Unity.XR.Management.EditorTests.dll at Library/ScriptAssemblies/Unity.XR.Management.EditorTests.dll not valid. Loading of assembly skipped.
Assembly Unity.XR.Management.TestPackage.dll at Library/ScriptAssemblies/Unity.XR.Management.TestPackage.dll not valid. Loading of assembly skipped.
Assembly Unity.XR.Management.TestPackage.Editor.dll at Library/ScriptAssemblies/Unity.XR.Management.TestPackage.Editor.dll not valid. Loading of assembly skipped.
Assembly Unity.XR.Management.Tests.dll at Library/ScriptAssemblies/Unity.XR.Management.Tests.dll not valid. Loading of assembly skipped.
Assembly Unity.XR.Management.Tests.Standalone.dll at Library/ScriptAssemblies/Unity.XR.Management.Tests.Standalone.dll not valid. Loading of assembly skipped.
Assembly Unity.XR.OpenXR.Editor.Tests.dll at Library/ScriptAssemblies/Unity.XR.OpenXR.Editor.Tests.dll not valid. Loading of assembly skipped.
Assembly Unity.XR.OpenXR.Tests.dll at Library/ScriptAssemblies/Unity.XR.OpenXR.Tests.dll not valid. Loading of assembly skipped.
Assembly Unity.XR.OpenXR.Ubuntu.Tests.dll at Library/ScriptAssemblies/Unity.XR.OpenXR.Ubuntu.Tests.dll not valid. Loading of assembly skipped.
Assembly Unity.XR.TestSupport.dll at Library/ScriptAssemblies/Unity.XR.TestSupport.dll not valid. Loading of assembly skipped.
Assembly UnityEditor.UI.Common.Tests.dll at Library/ScriptAssemblies/UnityEditor.UI.Common.Tests.dll not valid. Loading of assembly skipped.
Assembly UnityEditor.UI.EditorTests.dll at Library/ScriptAssemblies/UnityEditor.UI.EditorTests.dll not valid. Loading of assembly skipped.
Assembly UnityEditor.XR.LegacyInputHelpers.Tests.dll at Library/ScriptAssemblies/UnityEditor.XR.LegacyInputHelpers.Tests.dll not valid. Loading of assembly skipped.
Assembly UnityEngine.SpatialTracking.Tests.dll at Library/ScriptAssemblies/UnityEngine.SpatialTracking.Tests.dll not valid. Loading of assembly skipped.
Assembly UnityEngine.UI.Tests.dll at Library/ScriptAssemblies/UnityEngine.UI.Tests.dll not valid. Loading of assembly skipped.
Assembly UnityEngine.XR.OpenXR.CodeSamples.Editor.Tests.dll at Library/ScriptAssemblies/UnityEngine.XR.OpenXR.CodeSamples.Editor.Tests.dll not valid. Loading of assembly skipped.
Symbol file LoadedFromMemory is not a mono symbol file
Refreshing native plugins compatible for Editor in 12.73 ms, found 12 plugins.
Native extension for Android target not found
Native extension for WindowsStandalone target not found
ScheduleIndexationOnStartup MainProcess:True IndexOnStartup:True
Mono: successfully reloaded assembly
- Finished resetting the current domain, in  1.567 seconds
Domain Reload Profiling: 2497ms
	BeginReloadAssembly (544ms)
		DisableScriptedObjects (28ms)
		CreateAndSetChildDomain (347ms)
	RebuildCommonClasses (39ms)
	RebuildNativeTypeToScriptingClass (13ms)
	initialDomainReloadingComplete (67ms)
	LoadAllAssembliesAndSetupDomain (268ms)
		LoadAssemblies (162ms)
		AnalyzeDomain (199ms)
			TypeCache.Refresh (8ms)
			BuildScriptInfoCaches (169ms)
			ResolveRequiredComponents (20ms)
	FinalizeReload (1567ms)
		SetupLoadedEditorAssemblies (0ms)
			InitializePlatformSupportModulesInManaged (38ms)
			BeforeProcessingInitializeOnLoad (186ms)
			ProcessInitializeOnLoadAttributes (560ms)
			ProcessInitializeOnLoadMethodAttributes (296ms)
			AfterProcessingInitializeOnLoad (9ms)
		AwakeInstancesAfterBackupRestoration (70ms)
(Values over 0.050ms)
Asset Pipeline Refresh (id=0ba7ae44e08ab89459a7c65f77e9d11b): Total: 2.803 seconds - Initiated by StopAssetImportingV2(ForceSynchronousImport | ForceDomainReload)
	Summary:
		Imports: total=0 (actual=0, local cache=0, cache server=0)
		Asset DB Process Time: managed=0 ms, native=1721 ms
		Asset DB Callback time: managed=79 ms, native=0 ms
		Scripting: domain reloads=1, domain reload time=999 ms, compile time=2 ms, other=0 ms
		Project Asset Count: scripts=2186, non-scripts=3854
		Asset File Changes: new=0, changed=0, moved=0, deleted=0
		Scan Filter Count: 0
	InvokePackagesCallback: 2.488ms
	ApplyChangesToAssetFolders: 0.372ms
	ProcessAssetsWithTransientArtifactChanges: 4.383ms
	CategorizeAssets: 89.423ms
	CompileScripts: 1.526ms
	ImportOutOfDateAssets: 1591.196ms (1588.298ms without children)
		CollectScriptTypesHashes: 1.997ms
		ReloadNativeAssets: 1.302ms
		EnsureUptoDateAssetsAreRegisteredWithGuidPM: 0.950ms
		OnDemandSchedulerStart: 0.581ms
	PostProcessAllAssets: 79.475ms
		MonoPostProcessAllAssets: 79.468ms
			UniversalRenderPipelineGlobalSettingsPostprocessor.OnPostprocessAllAssets 12.559ms
			SyncVS.PostprocessSyncProject 2.855ms
			WindowAssetPostprocessingWatcher.OnPostprocessAllAssets 2.352ms
			SpeedTree9Postprocessor.OnPostprocessAllAssets 2.270ms
			RenderPipelineGlobalSettingsPostprocessor.OnPostprocessAllAssets 0.891ms
			AssetPostProcessor.OnPostprocessAllAssets 0.658ms
			ReferencedClipsPostProcessor.OnPostprocessAllAssets 0.453ms
			InputActionAssetPostprocessor.OnPostprocessAllAssets 0.358ms
			TerrainToolbarOverlayPostProcessor.OnPostprocessAllAssets 0.225ms
			AssetDatabaseCallbacks.OnPostprocessAllAssets 0.222ms
			AssetChangedListener.OnPostprocessAllAssets 0.124ms
			ProjectSettingsPostprocessor.OnPostprocessAllAssets 0.121ms
			ShaderGraphAssetPostProcessor.OnPostprocessAllAssets 0.092ms
			InputActionJsonNameModifierAssetProcessor.OnPostprocessAllAssets 0.055ms
			AssetPostprocessor.OnPostprocessAllAssets 0.050ms
	GatherAllCurrentPrimaryImportResultRevisions: 0.358ms
	UnloadStreamsBegin: 0.203ms
	PersistCurrentRevisions: 0.228ms
	GenerateScriptTypeHashes: 12.159ms
	GenerateScriptTypeSerializationHashes: 18.103ms
	Untracked: 1026.267ms

[XR] Time interace not found - delta time prediction disabled.
[Subsystems] OpenXR XR Plugin successfully registered Provider for OpenXR Display
[Subsystems] OpenXR XR Plugin successfully registered Provider for OpenXR Input
[Subsystems] OpenXR XR Plugin successfully registered Provider for OpenXR Display
Start importing Assets/XR/Settings/OpenXR Package Settings.asset using Guid(0d647736f3e354044b23fb340838e9eb) (NativeFormatImporter) -> (Import Result ID: '83be3409bcbc20eef5cbae634207ea95') in 0.0075002 seconds [static dependencies only]. Details - ImportResultOutputID=c8338305546446aab4e7d26577b91671 DependenciesID=2c407465c3fa9fdae37604ba5dc1335a StaticDependenciesID=e7252c103fdb22a96e109f3b4bbed5a2 
Refreshing native plugins compatible for Editor in 12.50 ms, found 12 plugins.
Asset Pipeline Refresh (id=1fc13213c2c311c4790fd12182cbd7b3): Total: 0.102 seconds - Initiated by StopAssetImportingV2(NoUpdateAssetOptions)
Loading OpenXR loader library at path: C:\Users\GARV BANSAL\Documents\VR_games\OPUS\game\Library\PackageCache\com.unity.xr.openxr@ef0033a586bf\RuntimeLoaders\windows\x64\openxr_loader.dll
UnityEngine.Debug:ExtractStackTraceNoAlloc (byte*,int,string)
UnityEngine.StackTraceUtility:ExtractStackTrace ()
UnityEngine.DebugLogHandler:Internal_Log (UnityEngine.LogType,UnityEngine.LogOption,string,UnityEngine.Object)
UnityEngine.DebugLogHandler:LogFormat (UnityEngine.LogType,UnityEngine.Object,string,object[])
UnityEngine.Logger:Log (UnityEngine.LogType,object)
UnityEngine.Debug:Log (object)
UnityEngine.XR.OpenXR.OpenXRLoaderBase:LoadOpenXRSymbols () (at ./Library/PackageCache/com.unity.xr.openxr@ef0033a586bf/Runtime/OpenXRLoader.cs:558)
UnityEngine.XR.OpenXR.OpenXRLoaderBase:InitializeInternal () (at ./Library/PackageCache/com.unity.xr.openxr@ef0033a586bf/Runtime/OpenXRLoader.cs:235)
UnityEngine.XR.OpenXR.OpenXRLoaderBase:Initialize () (at ./Library/PackageCache/com.unity.xr.openxr@ef0033a586bf/Runtime/OpenXRLoader.cs:205)
UnityEngine.XR.Management.XRManagerSettings:InitializeLoaderSync () (at ./Library/PackageCache/com.unity.xr.management@20be87dea580/Runtime/XRManagerSettings.cs:190)
UnityEngine.XR.Management.XRGeneralSettings:InitXRSDK () (at ./Library/PackageCache/com.unity.xr.management@20be87dea580/Runtime/XRGeneralSettings.cs:175)
UnityEngine.XR.Management.XRGeneralSettings:AttemptInitializeXRSDKOnLoad () (at ./Library/PackageCache/com.unity.xr.management@20be87dea580/Runtime/XRGeneralSettings.cs:148)

(Filename: ./Library/PackageCache/com.unity.xr.openxr@ef0033a586bf/Runtime/OpenXRLoader.cs Line: 558)

[MetaXRFeature] HookGetInstanceProcAddr: 140715865572186
UnityEngine.Debug:ExtractStackTraceNoAlloc (byte*,int,string)
UnityEngine.StackTraceUtility:ExtractStackTrace ()
UnityEngine.DebugLogHandler:Internal_Log (UnityEngine.LogType,UnityEngine.LogOption,string,UnityEngine.Object)
UnityEngine.DebugLogHandler:LogFormat (UnityEngine.LogType,UnityEngine.Object,string,object[])
UnityEngine.Logger:Log (UnityEngine.LogType,object)
UnityEngine.Debug:Log (object)
Meta.XR.MetaXRFeature:HookGetInstanceProcAddr (intptr) (at ./Library/PackageCache/com.meta.xr.sdk.core@4ea2676097b9/Scripts/OpenXRFeatures/MetaXRFeature.cs:270)
UnityEngine.XR.OpenXR.Features.OpenXRFeature:HookGetInstanceProcAddr () (at ./Library/PackageCache/com.unity.xr.openxr@ef0033a586bf/Runtime/Features/OpenXRFeature.cs:764)
UnityEngine.XR.OpenXR.OpenXRLoaderBase:InitializeInternal () (at ./Library/PackageCache/com.unity.xr.openxr@ef0033a586bf/Runtime/OpenXRLoader.cs:248)
UnityEngine.XR.OpenXR.OpenXRLoaderBase:Initialize () (at ./Library/PackageCache/com.unity.xr.openxr@ef0033a586bf/Runtime/OpenXRLoader.cs:205)
UnityEngine.XR.Management.XRManagerSettings:InitializeLoaderSync () (at ./Library/PackageCache/com.unity.xr.management@20be87dea580/Runtime/XRManagerSettings.cs:190)
UnityEngine.XR.Management.XRGeneralSettings:InitXRSDK () (at ./Library/PackageCache/com.unity.xr.management@20be87dea580/Runtime/XRGeneralSettings.cs:175)
UnityEngine.XR.Management.XRGeneralSettings:AttemptInitializeXRSDKOnLoad () (at ./Library/PackageCache/com.unity.xr.management@20be87dea580/Runtime/XRGeneralSettings.cs:148)

(Filename: ./Library/PackageCache/com.meta.xr.sdk.core@4ea2676097b9/Scripts/OpenXRFeatures/MetaXRFeature.cs Line: 270)

[MetaXRFeature] SetClientVersion
UnityEngine.Debug:ExtractStackTraceNoAlloc (byte*,int,string)
UnityEngine.StackTraceUtility:ExtractStackTrace ()
UnityEngine.DebugLogHandler:Internal_Log (UnityEngine.LogType,UnityEngine.LogOption,string,UnityEngine.Object)
UnityEngine.DebugLogHandler:LogFormat (UnityEngine.LogType,UnityEngine.Object,string,object[])
UnityEngine.Logger:Log (UnityEngine.LogType,object)
UnityEngine.Debug:Log (object)
Meta.XR.MetaXRFeature:HookGetInstanceProcAddr (intptr) (at ./Library/PackageCache/com.meta.xr.sdk.core@4ea2676097b9/Scripts/OpenXRFeatures/MetaXRFeature.cs:272)
UnityEngine.XR.OpenXR.Features.OpenXRFeature:HookGetInstanceProcAddr () (at ./Library/PackageCache/com.unity.xr.openxr@ef0033a586bf/Runtime/Features/OpenXRFeature.cs:764)
UnityEngine.XR.OpenXR.OpenXRLoaderBase:InitializeInternal () (at ./Library/PackageCache/com.unity.xr.openxr@ef0033a586bf/Runtime/OpenXRLoader.cs:248)
UnityEngine.XR.OpenXR.OpenXRLoaderBase:Initialize () (at ./Library/PackageCache/com.unity.xr.openxr@ef0033a586bf/Runtime/OpenXRLoader.cs:205)
UnityEngine.XR.Management.XRManagerSettings:InitializeLoaderSync () (at ./Library/PackageCache/com.unity.xr.management@20be87dea580/Runtime/XRManagerSettings.cs:190)
UnityEngine.XR.Management.XRGeneralSettings:InitXRSDK () (at ./Library/PackageCache/com.unity.xr.management@20be87dea580/Runtime/XRGeneralSettings.cs:175)
UnityEngine.XR.Management.XRGeneralSettings:AttemptInitializeXRSDKOnLoad () (at ./Library/PackageCache/com.unity.xr.management@20be87dea580/Runtime/XRGeneralSettings.cs:148)

(Filename: ./Library/PackageCache/com.meta.xr.sdk.core@4ea2676097b9/Scripts/OpenXRFeatures/MetaXRFeature.cs Line: 272)

[OVRPlugin][ERROR] xrGetInstanceProcAddr is nullptr
 (arvr\projects\integrations\OVRPlugin\Src\Util\CompositorOpenXR_Entries.cpp:132)[90m2026-09-17 17:21:23[0m [MetaXROperator] [32m[INFO][0m Agentic XR API layer negotiation started
[90m2026-09-17 17:21:23[0m [MetaXROperator] [32m[INFO][0m Agentic XR API layer initialized
[MetaXROperator] file logging enabled: C:\Users\GARV BANSAL\AppData\Local\meta-xr-operator\Logs\api_layer_2026-09-17_17-21-23-124_28708\api_layer.log
[90m2026-09-17 17:21:23[0m [MetaXROperator] [32m[INFO][0m Queried available extensions, count: 90
[90m2026-09-17 17:21:23[0m [MetaXROperator] [32m[INFO][0m Adding extension to instance create info: XR_EXT_local_floor
[90m2026-09-17 17:21:23[0m [MetaXROperator] [33m[WARNING][0m Extension not available: XR_METAX1_simulator_compositor_output_capture
[90m2026-09-17 17:21:23[0m [MetaXROperator] [33m[WARNING][0m Extension not available: XR_EXT_conformance_automation
[90m2026-09-17 17:21:23[0m [MetaXROperator] [32m[INFO][0m Adding extension to instance create info: XR_META_touch_controller_plus
[90m2026-09-17 17:21:23[0m [MetaXROperator] [32m[INFO][0m Cached application info, data: Oculus VR Plugin (Unity 6000.4.6f1_0b051c2e5d54 [Editor]) (v1), Engine: Unity (v0)
[90m2026-09-17 17:21:23[0m [MetaXROperator] [32m[INFO][0m Telemetry consent: opted-in
[90m2026-09-17 17:21:23[0m [MetaXROperator] [32m[INFO][0m Telemetry session started for: Oculus VR Plugin (Unity 6000.4.6f1_0b051c2e5d54 [Editor])
[90m2026-09-17 17:21:23[0m [MetaXROperator] [32m[INFO][0m Telemetry initialized for: Oculus VR Plugin (Unity 6000.4.6f1_0b051c2e5d54 [Editor])
[90m2026-09-17 17:21:23[0m [MetaXROperator] [32m[INFO][0m Initializing Agentic MCP Server...
[90m2026-09-17 17:21:23[0m [MetaXROperator] [32m[INFO][0m MCP Server started successfully on port 8720 (IPv4 and IPv6)
[90m2026-09-17 17:21:23[0m [MetaXROperator] [32m[INFO][0m Registered 'openxr_get_head_pose' tool
[90m2026-09-17 17:21:23[0m [MetaXROperator] [32m[INFO][0m Registered 'openxr_get_controller_pose' tool
[90m2026-09-17 17:21:23[0m [MetaXROperator] [32m[INFO][0m Registered 'openxr_get_active_interaction_profile' tool
[90m2026-09-17 17:21:23[0m [MetaXROperator] [32m[INFO][0m Registered 'math_calc' tool
[90m2026-09-17 17:21:23[0m [MetaXROperator] [32m[INFO][0m Registered 'math_dot' tool
[90m2026-09-17 17:21:23[0m [MetaXROperator] [32m[INFO][0m Registered 'math_cross' tool
[90m2026-09-17 17:21:23[0m [MetaXROperator] [32m[INFO][0m Registered 'math_add' tool
[90m2026-09-17 17:21:23[0m [MetaXROperator] [32m[INFO][0m Registered 'math_sub' tool
[90m2026-09-17 17:21:23[0m [MetaXROperator] [32m[INFO][0m Registered 'math_mul' tool
[90m2026-09-17 17:21:23[0m [MetaXROperator] [32m[INFO][0m Registered 'math_div' tool
[90m2026-09-17 17:21:23[0m [MetaXROperator] [32m[INFO][0m Registered 'math_build_quat' tool
[90m2026-09-17 17:21:23[0m [MetaXROperator] [32m[INFO][0m Registered 'math_decompose_quat' tool
[90m2026-09-17 17:21:23[0m [MetaXROperator] [32m[INFO][0m Registered 'math_multiply_quat' tool
[90m2026-09-17 17:21:23[0m [MetaXROperator] [32m[INFO][0m Registered 'openxr_get_instance_info' tool
[90m2026-09-17 17:21:23[0m [MetaXROperator] [32m[INFO][0m Registered 'openxr_get_session_info' tool
[90m2026-09-17 17:21:23[0m [MetaXROperator] [32m[INFO][0m Registered 'openxr_get_system_info' tool
[90m2026-09-17 17:21:23[0m [MetaXROperator] [32m[INFO][0m Registered 'openxr_get_frame_info' tool
[90m2026-09-17 17:21:23[0m [MetaXROperator] [32m[INFO][0m Skipping 'openxr_capture_composited_image' tool (predicate returned false)
[90m2026-09-17 17:21:23[0m [MetaXROperator] [32m[INFO][0m Registered 'openxr_list_spatial_entities' tool
[90m2026-09-17 17:21:23[0m [MetaXROperator] [32m[INFO][0m Registered 'openxr_exit_session' tool
[90m2026-09-17 17:21:23[0m [MetaXROperator] [32m[INFO][0m Skipping 'openxr_set_controller_input' tool (predicate returned false)
[90m2026-09-17 17:21:23[0m [MetaXROperator] [32m[INFO][0m Skipping 'openxr_set_head_pose' tool (predicate returned false)
[90m2026-09-17 17:21:23[0m [MetaXROperator] [32m[INFO][0m Skipping 'openxr_set_controller_pose' tool (predicate returned false)
[90m2026-09-17 17:21:23[0m [MetaXROperator] [32m[INFO][0m Registered 'convert_unity_pose_to_openxr' tool
[90m2026-09-17 17:21:23[0m [MetaXROperator] [32m[INFO][0m Registered 'convert_openxr_pose_to_unity' tool
[90m2026-09-17 17:21:23[0m [MetaXROperator] [32m[INFO][0m Registered 'openxr_[OVRPlugin][ERROR] [XRCMD][failure] [XR_ERROR_FORM_FACTOR_UNAVAILABLE]: xrGetSystem(instance, &systemGetInfo, &systemId), arvr\projects\integrations\OVRPlugin\Src\Util\CompositorOpenXR.cpp:1475
 (arvr\projects\integrations\OVRPlugin\Src\Util/CompositorOpenXR.h:311)[OVRPlugin][ERROR] [XRCMD][failure] [XR_ERROR_FORM_FACTOR_UNAVAILABLE]: xrGetSystem(instance, &systemGetInfo, &systemId), arvr\projects\integrations\OVRPlugin\Src\Util\CompositorOpenXR.cpp:1485
 (arvr\projects\integrations\OVRPlugin\Src\Util/CompositorOpenXR.h:311)[OVRPlugin][ERROR] [XRCMD][failure] [XR_ERROR_FORM_FACTOR_UNAVAILABLE]: xrGetSystem(instance, &systemGetInfo, &systemId), arvr\projects\integrations\OVRPlugin\Src\Util\CompositorOpenXR.cpp:1485
 (arvr\projects\integrations\OVRPlugin\Src\Util/CompositorOpenXR.h:311)[OVRPlugin][ERROR] [XRCMD][failure] [XR_ERROR_FORM_FACTOR_UNAVAILABLE]: xrGetSystem(instance, &systemGetInfo, &systemId), arvr\projects\integrations\OVRPlugin\Src\Util\CompositorOpenXR.cpp:1485
 (arvr\projects\integrations\OVRPlugin\Src\Util/CompositorOpenXR.h:311)[OVRPlugin][ERROR] [XRCMD][failure] [XR_ERROR_FORM_FACTOR_UNAVAILABLE]: xrGetSystem(instance, &systemGetInfo, &systemId), arvr\projects\integrations\OVRPlugin\Src\Util\CompositorOpenXR.cpp:1485
 (arvr\projects\integrations\OVRPlugin\Src\Util/CompositorOpenXR.h:311)[OVRPlugin][ERROR] [XRCMD][failure] [XR_ERROR_FORM_FACTOR_UNAVAILABLE]: xrGetSystem(instance, &systemGetInfo, &systemId), arvr\projects\integrations\OVRPlugin\Src\Util\CompositorOpenXR.cpp:1485
 (arvr\projects\integrations\OVRPlugin\Src\Util/CompositorOpenXR.h:311)[OVRPlugin][ERROR] CompositorOpenXR::PreInitialize() returns failure
 (arvr\projects\integrations\OVRPlugin\Src\OVR_Plugin_UnityOpenXR.cpp:59)[Subsystems] Loading plugin UnityOpenXR for subsystem OpenXR Display...
[XR] [30712] [17:21:32.721][Info   ] Available Layers: (1)
[OVRPlugin][INFO] UnityPluginLoad called
[OVRPlugin][INFO] UnityOpenXR_SetClientVersion(1, 205, 0) called
[OVRPlugin][INFO] ovrp_UnityOpenXR_HookGetInstanceProcAddr(00007FFAF72E835A)
[OVRPlugin][INFO] [CompositorOpenXR::SetExternalXrGetInstanceProcAddr] xrGetInstanceProcAddr set to 00007FFAF72E835A. All OpenXR API Entires unbound.
[OVRPlugin][INFO] CompositorOpenXR::PreInitialize(activity = 0000000000000000, apiType = 0, preinitializeFlags=0x1)
[OVRPlugin][INFO] Support Non-Oculus runtime: NO
[OVRPlugin][INFO] Use Alpha Blend Factors: NO
[OVRPlugin][INFO] RetryHMDConnection: YES
[OVRPlugin][INFO]  -- Set xrGetInstanceProcAddr to external function pointer
[OVRPlugin][INFO] Available Layers: (1)
[OVRPlugin][INFO]   Name=XR_APILAYER_METAX_operator SpecVersion=1.1.0 LayerVersion=1 Description=API layer that providing agentic interface for OpenXR
[OVRPlugin][INFO]     Available Extensions: (1)
[OVRPlugin][INFO]      Name=XR_METAX1_agentic_external_tool SpecVersion=1
[OVRPlugin][INFO] Preinitialize: xrCreateInstance() succeeded
[OVRPlugin][INFO] OpenXR runtime name: Oculus, version 1.207.0
[OVRPlugin][INFO] xrGetSystem() retry 1 failed
[OVRPlugin][INFO] xrGetSystem() retry 2 failed
[OVRPlugin][INFO] xrGetSystem() retry 3 failed
[OVRPlugin][INFO] xrGetSystem() retry 4 failed
[OVRPlugin][INFO] xrGetSystem() retry 5 failed
[OVRPlugin][INFO] xrGetSystem() failed, which might be caused by a temporarly HMD connectivity issue. xrInstance to be destroyed
[OVRPlugin][INFO] ProfilerSystem: verbose mode 0
[OVRPlugin][INFO] OVRPlugin 1.205.0 ... preinitialized
[OVRPlugin][INFO] Func_xrGetInstanceProcAddr: override xrCreateInstance
[OVRPlugin][INFO] Func_xrCreateInstance(000001ACFE90FD90)
[OVRPlugin][INFO] OpenXR Loader Version 1.1.59
[OVRPlugin][INFO] Unity Requested Extensions (70):
[OVRPlugin][INFO] Available Extensions: (91)
[OVRPlugin][INFO]  Name=XR_METAX1_agentic_external_tool SpecVersion=1
[OVRPlugin][INFO]  Name=XR_KHR_D3D11_enable SpecVersion=11
[OVRPlugin][INFO]  Name=XR_KHR_vulkan_enable SpecVersion=10
[OVRPlugin][INFO]  Name=XR_KHR_composition_layer_depth SpecVersion=6
[OVRPlugin][INFO]  Name=XR_KHR_convert_timespec_time SpecVersion=1
[OVRPlugin][INFO]  Name=XR_KHR_composition_layer_cube SpecVersion=8
[OVRPlugin][INFO]  Name=XR_KHR_composition_layer_cylinder SpecVersion=4
[OVRPlugin][INFO]  Name=XR_KHR_visibility_mask SpecVersion=2
[OVRPlugin][INFO]  Name=XR_KHR_composition_layer_color_scale_bias SpecVersion=5
[OVRPlugin][INFO]  Name=XR_EXT_debug_utils SpecVersion=5
[OVRPlugin][INFO]  Name=XR_OCULUS_audio_device_guid SpecVersion=1
[OVRPlugin][INFO]  Name=XR_FB_color_space SpecVersion=3
[OVRPlugin][INFO]  Name=XR_FB_display_refresh_rate SpecVersion=1
[OVRPlugin][INFO]  Name=XR_META_performance_metrics SpecVersion=2
[OVRPlugin][INFO]  Name=XR_META_headset_id SpecVersion=2
[OVRPlugin][INFO]  Name=XR_EXT_hand_interaction SpecVersion=2
[OVRPlugin][INFO]  Name=XR_EXT_hand_tracking SpecVersion=4
[OVRPlugin][INFO]  Name=XR_FB_hand_tracking_mesh SpecVersion=3
[OVRPlugin][INFO]  Name=XR_META_simultaneous_hands_and_controllers SpecVersion=1
[OVRPlugin][INFO]  Name=XR_FB_hand_tracking_aim SpecVersion=2
[OVRPlugin][INFO]  Name=XR_FB_hand_tracking_capsules SpecVersion=3
[OVRPlugin][INFO]  Name=XR_EXT_hand_tracking_data_source SpecVersion=1
[OVRPlugin][INFO]  Name=XR_META_hand_tracking_microgestures SpecVersion=1
[OVRPlugin][INFO]  Name=XR_EXTX2_stationary_reference_space SpecVersion=1
[OVRPlugin][INFO]  Name=XR_FB_body_tracking SpecVersion=1
[OVRPlugin][INFO]  Name=XR_META_body_tracking_full_body SpecVersion=1
[OVRPlugin][INFO]  Name=XR_META_body_tracking_fidelity SpecVersion=1
[OVRPlugin][INFO]  Name=XR_META_body_tracking_calibration SpecVersion=1
[OVRPlugin][INFO]  Name=XR_FB_passthrough SpecVersion=5
[OVRPlugin][INFO]  Name=XR_META_passthrough_layer_resumed_event SpecVersion=1
[OVRPlugin][INFO]  Name=XR_FB_triangle_mesh SpecVersion=2
[OVRPlugin][INFO]  Name=XR_META_passthrough_color_lut SpecVersion=1
[OVRPlugin][INFO]  Name=XR_META_passthrough_preferences SpecVersion=1
[OVRPlugin][INFO]  Name=XR_FB_render_model SpecVersion=4
[OVRPlugin][INFO]  Name=XR_FB_spatial_entity_container SpecVersion=2
[OVRPlugin][INFO]  Name=XR_FB_scene SpecVersion=4
[OVRPlugin][INFO]  Name=XR_FB_spatial_entity SpecVersion=3
[OVRPlugin][INFO]  Name=XR_FB_spatial_entity_storage SpecVersion=1
[OVRPlugin][INFO]  Name=XR_FB_spatial_entity_query SpecVersion=1
[OVRPlugin][INFO]  Name=XR_FB_spatial_entity_user SpecVersion=1
[OVRPlugin][INFO]  Name=XR_FB_spatial_entity_storage_batch SpecVersion=1
[OVRPlugin][INFO]  Name=XR_FB_spatial_entity_sharing SpecVersion=1
[OVRPlugin][INFO]  Name=XR_META_spatial_entity_persistence SpecVersion=1
[OVRPlugin][INFO]  Name=XR_META_spatial_entity_discovery SpecVersion=1
[OVRPlugin][INFO]  Name=XR_META_spatial_entity_group_sharing SpecVersion=1
[OVRPlugin][INFO]  Name=XR_META_spatial_entity_mesh SpecVersion=1
[OVRPlugin][INFO]  Name=XR_META_spatial_entity_room_mesh SpecVersion=1
[OVRPlugin][INFO]  Name=XR_META_spatial_entity_sharing SpecVersion=1
[OVRPlugin][INFO]  Name=XR_METAX1_spatial_entity_marker SpecVersion=1
[OVRPlugin][INFO]  Name=XR_EXT_spatial_entity SpecVersion=1
[OVRPlugin][INFO]  Name=XR_EXT_spatial_marker_tracking SpecVersion=1
[OVRPlugin][INFO]  Name=XR_META_boundary_visibility SpecVersion=1
[OVRPlugin][INFO]  Name=XR_META_colocation_discovery SpecVersion=1
[OVRPlugin][INFO]  Name=XR_META_dynamic_object_tracker SpecVersion=1
[OVRPlugin][INFO]  Name=XR_META_dynamic_object_keyboard SpecVersion=1
[OVRPlugin][INFO]  Name=XR_META_environment_raycast SpecVersion=1
[OVRPlugin][INFO]  Name=XR_METAX1_passthrough_camera_data SpecVersion=1
[OVRPlugin][INFO]  Name=XR_META_virtual_keyboard SpecVersion=1
[OVRPlugin][INFO]  Name=XR_EXT_local_floor SpecVersion=1
[OVRPlugin][INFO]  Name=XR_EXT_future SpecVersion=2
[OVRPlugin][INFO]  Name=XR_FB_haptic_amplitude_envelope SpecVersion=1
[OVRPlugin][INFO]  Name=XR_FB_haptic_pcm SpecVersion=1
[OVRPlugin][INFO]  Name=XR_FB_touch_controller_pro SpecVersion=1
[OVRPlugin][INFO]  Name=XR_META_touch_controller_plus SpecVersion=1
[OVRPlugin][INFO]  Name=XR_FB_touch_controller_proximity SpecVersion=1
[OVRPlugin][INFO]  Name=XR_META_detached_controllers SpecVersion=1
[OVRPlugin][INFO]  Name=XR_LOGITECH_mx_ink_stylus_interaction SpecVersion=1
[OVRPlugin][INFO]  Name=XR_EXTX1_haptic_parametric SpecVersion=1
[OVRPlugin][INFO]  Name=XR_METAX2_debug_utils_region_profiling SpecVersion=1
[OVRPlugin][INFO]  Name=XR_METAX3_debug_utils_region_profiling SpecVersion=1
[OVRPlugin][INFO] Unavailable OpenXR extension: XR_KHR_D3D12_enable
[OVRPlugin][INFO] Unavailable OpenXR extension: XR_EXT_performance_settings
[OVRPlugin][INFO] Unavailable OpenXR extension: XR_FB_swapchain_update_state
[OVRPlugin][INFO] Unavailable OpenXR extension: XR_FB_swapchain_update_state_vulkan
[OVRPlugin][INFO] Unavailable OpenXR extension: XR_FB_foveation
[OVRPlugin][INFO] Unavailable OpenXR extension: XR_FB_foveation_configuration
[OVRPlugin][INFO] Unavailable OpenXR extension: XR_FB_foveation_vulkan
[OVRPlugin][INFO] Unavailable OpenXR extension: XR_META_vulkan_swapchain_create_info
[OVRPlugin][INFO] Unavailable OpenXR extension: XR_META_foveation_eye_tracked
[OVRPlugin][INFO] Unavailable OpenXR extension: XR_FB_composition_layer_image_layout
[OVRPlugin][INFO] Unavailable OpenXR extension: XR_KHR_composition_layer_equirect2
[OVRPlugin][INFO] Unavailable OpenXR extension: XR_FB_passthrough_keyboard_hands
[OVRPlugin][INFO] Unavailable OpenXR extension: XR_OCULUS_external_camera
[OVRPlugin][INFO] Unavailable OpenXR extension: XR_FB_common_events
[OVRPlugin][INFO] Unavailable OpenXR extension: XR_FB_keyboard_tracking
[OVRPlugin][INFO] Unavailable OpenXR extension: XR_EXT_hand_joints_motion_range
[OVRPlugin][INFO] Unavailable OpenXR extension: XR_META_hand_tracking_wide_motion_mode
[OVRPlugin][INFO] Unavailable OpenXR extension: XR_META_hand_tracking_unextrapolated_poses
[OVRPlugin][INFO] Unavailable OpenXR extension: XR_META_hand_tracking_wide_motion_mode2
[OVRPlugin][INFO] Unavailable OpenXR extension: XR_FB_face_tracking
[OVRPlugin][INFO] Unavailable OpenXR extension: XR_FB_face_tracking2
[OVRPlugin][INFO] Unavailable OpenXR extension: XR_META_face_tracking_convert_pose_between_spaces' tool
[90m2026-09-17 17:21:28[0m [MetaXROperator] [32m[INFO][0m AgenticLayerXrDestroyInstance called
[90m2026-09-17 17:21:31[0m [MetaXROperator] [32m[INFO][0m Telemetry session closed
[90m2026-09-17 17:21:31[0m [MetaXROperator] [32m[INFO][0m Telemetry shut down
[90m2026-09-17 17:21:31[0m [MetaXROperator] [32m[INFO][0m Destroying Agentic MCP Server...
[90m2026-09-17 17:21:32[0m [MetaXROperator] [32m[INFO][0m MCP Server stopped successfully
[90m2026-09-17 17:21:32[0m [MetaXROperator] [32m[INFO][0m AgenticLayerXrDestroyInstance succeeded
[90m2026-09-17 17:21:32[0m [MetaXROperator] [32m[INFO][0m Agentic XR API layer negotiation started
[90m2026-09-17 17:21:32[0m [MetaXROperator] [32m[INFO][0m Agentic XR API layer initialized
[MetaXROperator] file logging enabled: C:\Users\GARV BANSAL\AppData\Local\meta-xr-operator\Logs\api_layer_2026-09-17_17-21-32-724_28708\api_layer.log
[MetaXRFeature] OpenXR runtime supports XR_META_headset_id extension. MetaXRFeature is enabled.
UnityEngine.Debug:ExtractStackTraceNoAlloc (byte*,int,string)
UnityEngine.StackTraceUtility:ExtractStackTrace ()
UnityEngine.DebugLogHandler:Internal_Log (UnityEngine.LogType,UnityEngine.LogOption,string,UnityEngine.Object)
UnityEngine.DebugLogHandler:LogFormat (UnityEngine.LogType,UnityEngine.Object,string,object[])
UnityEngine.Logger:Log (UnityEngine.LogType,object)
UnityEngine.Debug:Log (object)
Meta.XR.MetaXRFeature:OnInstanceCreate (ulong) (at ./Library/PackageCache/com.meta.xr.sdk.core@4ea2676097b9/Scripts/OpenXRFeatures/MetaXRFeature.cs:299)
UnityEngine.XR.OpenXR.Features.OpenXRFeature:ReceiveNativeEvent (UnityEngine.XR.OpenXR.Features.OpenXRFeature/NativeEvent,ulong) (at ./Library/PackageCache/com.unity.xr.openxr@ef0033a586bf/Runtime/Features/OpenXRFeature.cs:698)
UnityEngine.XR.OpenXR.OpenXRLoaderBase:ReceiveNativeEvent (UnityEngine.XR.OpenXR.Features.OpenXRFeature/NativeEvent,ulong) (at ./Library/PackageCache/com.unity.xr.openxr@ef0033a586bf/Runtime/OpenXRLoader.cs:707)
UnityEngine.IntegratedSubsystemDescriptor`1<UnityEngine.XR.XRDisplaySubsystem>:Create ()
UnityEngine.IntegratedSubsystemDescriptor`1<UnityEngine.XR.XRDisplaySubsystem>:CreateImpl ()
UnityEngine.IntegratedSubsystemDescriptor:UnityEngine.ISubsystemDescriptor.Create ()
UnityEngine.XR.Management.XRLoaderHelper:CreateSubsystem<UnityEngine.XR.XRDisplaySubsystemDescriptor, UnityEngine.XR.XRDisplaySubsystem> (System.Collections.Generic.List`1<UnityEngine.XR.XRDisplaySubsystemDescriptor>,string) (at ./Library/PackageCache/com.unity.xr.management@20be87dea580/Runtime/XRLoaderHelper.cs:118)
UnityEngine.XR.OpenXR.OpenXRLoaderBase:CreateSubsystem<UnityEngine.XR.XRDisplaySubsystemDescriptor, UnityEngine.XR.XRDisplaySubsystem> (System.Collections.Generic.List`1<UnityEngine.XR.XRDisplaySubsystemDescriptor>,string) (at ./Library/PackageCache/com.unity.xr.openxr@ef0033a586bf/Runtime/OpenXRLoader.cs:511)
UnityEngine.XR.OpenXR.OpenXRLoaderBase:CreateSubsystems () (at ./Library/PackageCache/com.unity.xr.openxr@ef0033a586bf/Runtime/OpenXRLoader.cs:291)
UnityEngine.XR.OpenXR.OpenXRLoaderBase:InitializeInternal () (at ./Library/PackageCache/com.unity.xr.openxr@ef0033a586bf/Runtime/OpenXRLoader.cs:264)
UnityEngine.XR.OpenXR.OpenXRLoaderBase:Initialize () (at ./Library/PackageCache/com.unity.xr.openxr@ef0033a586bf/Runtime/OpenXRLoader.cs:205)
UnityEngine.XR.Management.XRManagerSettings:InitializeLoaderSync () (at ./Library/PackageCache/com.unity.xr.management@20be87dea580/Runtime/XRManagerSettings.cs:190)
UnityEngine.XR.Management.XRGeneralSettings:InitXRSDK () (at ./Library/PackageCache/com.unity.xr.management@20be87dea580/Runtime/XRGeneralSettings.cs:175)
UnityEngine.XR.Management.XRGeneralSettings:AttemptInitializeXRSDKOnLoad () (at ./Library/PackageCache/com.unity.xr.management@20be87dea580/Runtime/XRGeneralSettings.cs:148)

(Filename: ./Library/PackageCache/com.meta.xr.sdk.core@4ea2676097b9/Scripts/OpenXRFeatures/MetaXRFeature.cs Line: 299)

[MetaXRFeature] OnInstanceCreate: 1
UnityEngine.Debug:ExtractStackTraceNoAlloc (byte*,int,string)
UnityEngine.StackTraceUtility:ExtractStackTrace ()
UnityEngine.DebugLogHandler:Internal_Log (UnityEngine.LogType,UnityEngine.LogOption,string,UnityEngine.Object)
UnityEngine.DebugLogHandler:LogFormat (UnityEngine.LogType,UnityEngine.Object,string,object[])
UnityEngine.Logger:Log (UnityEngine.LogType,object)
UnityEngine.Debug:Log (object)
Meta.XR.MetaXRFeature:OnInstanceCreate (ulong) (at ./Library/PackageCache/com.meta.xr.sdk.core@4ea2676097b9/Scripts/OpenXRFeatures/MetaXRFeature.cs:315)
UnityEngine.XR.OpenXR.Features.OpenXRFeature:ReceiveNativeEvent (UnityEngine.XR.OpenXR.Features.OpenXRFeature/NativeEvent,ulong) (at ./Library/PackageCache/com.unity.xr.openxr@ef0033a586bf/Runtime/Features/OpenXRFeature.cs:698)
UnityEngine.XR.OpenXR.OpenXRLoaderBase:ReceiveNativeEvent (UnityEngine.XR.OpenXR.Features.OpenXRFeature/NativeEvent,ulong) (at ./Library/PackageCache/com.unity.xr.openxr@ef0033a586bf/Runtime/OpenXRLoader.cs:707)
UnityEngine.IntegratedSubsystemDescriptor`1<UnityEngine.XR.XRDisplaySubsystem>:Create ()
UnityEngine.IntegratedSubsystemDescriptor`1<UnityEngine.XR.XRDisplaySubsystem>:CreateImpl ()
UnityEngine.IntegratedSubsystemDescriptor:UnityEngine.ISubsystemDescriptor.Create ()
UnityEngine.XR.Management.XRLoaderHelper:CreateSubsystem<UnityEngine.XR.XRDisplaySubsystemDescriptor, UnityEngine.XR.XRDisplaySubsystem> (System.Collections.Generic.List`1<UnityEngine.XR.XRDisplaySubsystemDescriptor>,string) (at ./Library/PackageCache/com.unity.xr.management@20be87dea580/Runtime/XRLoaderHelper.cs:118)
UnityEngine.XR.OpenXR.OpenXRLoaderBase:CreateSubsystem<UnityEngine.XR.XRDisplaySubsystemDescriptor, UnityEngine.XR.XRDisplaySubsystem> (System.Collections.Generic.List`1<UnityEngine.XR.XRDisplaySubsystemDescriptor>,string) (at ./Library/PackageCache/com.unity.xr.openxr@ef0033a586bf/Runtime/OpenXRLoader.cs:511)
UnityEngine.XR.OpenXR.OpenXRLoaderBase:CreateSubsystems () (at ./Library/PackageCache/com.unity.xr.openxr@ef0033a586bf/Runtime/OpenXRLoader.cs:291)
UnityEngine.XR.OpenXR.OpenXRLoaderBase:InitializeInternal () (at ./Library/PackageCache/com.unity.xr.openxr@ef0033a586bf/Runtime/OpenXRLoader.cs:264)
UnityEngine.XR.OpenXR.OpenXRLoaderBase:Initialize () (at ./Library/PackageCache/com.unity.xr.openxr@ef0033a586bf/Runtime/OpenXRLoader.cs:205)
UnityEngine.XR.Management.XRManagerSettings:InitializeLoaderSync () (at ./Library/PackageCache/com.unity.xr.management@20be87dea580/Runtime/XRManagerSettings.cs:190)
UnityEngine.XR.Management.XRGeneralSettings:InitXRSDK () (at ./Library/PackageCache/com.unity.xr.management@20be87dea580/Runtime/XRGeneralSettings.cs:175)
UnityEngine.XR.Management.XRGeneralSettings:AttemptInitializeXRSDKOnLoad () (at ./Library/PackageCache/com.unity.xr.management@20be87dea580/Runtime/XRGeneralSettings.cs:148)

(Filename: ./Library/PackageCache/com.meta.xr.sdk.core@4ea2676097b9/Scripts/OpenXRFeatures/MetaXRFeature.cs Line: 315)

[OVRPlugin][ERROR] [XRCMD][failure] [XR_ERROR_FORM_FACTOR_UNAVAILABLE]: xrGetSystem(instance, &systemGetInfo, &systemId), arvr\projects\integrations\OVRPlugin\Src\Util\CompositorOpenXR.cpp:2964
 (arvr\projects\integrations\OVRPlugin\Src\Util/CompositorOpenXR.h:311)[OVRPlugin][ERROR] [XRCMD][failure] [XR_ERROR_FORM_FACTOR_UNAVAILABLE]: xrGetSystem(instance, &systemGetInfo, &systemId), arvr\projects\integrations\OVRPlugin\Src\Util\CompositorOpenXR.cpp:2973
 (arvr\projects\integrations\OVRPlugin\Src\Util/CompositorOpenXR.h:311)[OVRPlugin][ERROR] [XRCMD][failure] [XR_ERROR_FORM_FACTOR_UNAVAILABLE]: xrGetSystem(instance, &systemGetInfo, &systemId), arvr\projects\integrations\OVRPlugin\Src\Util\CompositorOpenXR.cpp:2973
 (arvr\projects\integrations\OVRPlugin\Src\Util/CompositorOpenXR.h:311)[OVRPlugin][ERROR] [XRCMD][failure] [XR_ERROR_FORM_FACTOR_UNAVAILABLE]: xrGetSystem(instance, &systemGetInfo, &systemId), arvr\projects\integrations\OVRPlugin\Src\Util\CompositorOpenXR.cpp:2973
 (arvr\projects\integrations\OVRPlugin\Src\Util/CompositorOpenXR.h:311)[OVRPlugin][ERROR] [XRCMD][failure] [XR_ERROR_FORM_FACTOR_UNAVAILABLE]: xrGetSystem(instance, &systemGetInfo, &systemId), arvr\projects\integrations\OVRPlugin\Src\Util\CompositorOpenXR.cpp:2973
 (arvr\projects\integrations\OVRPlugin\Src\Util/CompositorOpenXR.h:311)[OVRPlugin][ERROR] [XRCMD][failure] [XR_ERROR_FORM_FACTOR_UNAVAILABLE]: xrGetSystem(instance, &systemGetInfo, &systemId), arvr\projects\integrations\OVRPlugin\Src\Util\CompositorOpenXR.cpp:2973
 (arvr\projects\integrations\OVRPlugin\Src\Util/CompositorOpenXR.h:311)[OVRPlugin][ERROR] Plugin failed to initialize.
 (arvr\projects\integrations\OVRPlugin\Src\Util\CompositorOpenXR.cpp:1175)[OVRPlugin][ERROR] Unable to create compositor: -1006
 (arvr\projects\integrations\OVRPlugin\Src\OVR_Plugin_UnityOpenXR.cpp:186)[MetaXRFeature] OnInstanceCreate returned an error. If you are using Quest Link, please verify if it's started.
UnityEngine.Debug:ExtractStackTraceNoAlloc (byte*,int,string)
UnityEngine.StackTraceUtility:ExtractStackTrace ()
UnityEngine.DebugLogHandler:Internal_Log (UnityEngine.LogType,UnityEngine.LogOption,string,UnityEngine.Object)
UnityEngine.DebugLogHandler:LogFormat (UnityEngine.LogType,UnityEngine.Object,string,object[])
UnityEngine.Logger:Log (UnityEngine.LogType,object)
UnityEngine.Debug:LogWarning (object)
Meta.XR.MetaXRFeature:OnInstanceCreate (ulong) (at ./Library/PackageCache/com.meta.xr.sdk.core@4ea2676097b9/Scripts/OpenXRFeatures/MetaXRFeature.cs:319)
UnityEngine.XR.OpenXR.Features.OpenXRFeature:ReceiveNativeEvent (UnityEngine.XR.OpenXR.Features.OpenXRFeature/NativeEvent,ulong) (at ./Library/PackageCache/com.unity.xr.openxr@ef0033a586bf/Runtime/Features/OpenXRFeature.cs:698)
UnityEngine.XR.OpenXR.OpenXRLoaderBase:ReceiveNativeEvent (UnityEngine.XR.OpenXR.Features.OpenXRFeature/NativeEvent,ulong) (at ./Library/PackageCache/com.unity.xr.openxr@ef0033a586bf/Runtime/OpenXRLoader.cs:707)
UnityEngine.IntegratedSubsystemDescriptor`1<UnityEngine.XR.XRDisplaySubsystem>:Create ()
UnityEngine.IntegratedSubsystemDescriptor`1<UnityEngine.XR.XRDisplaySubsystem>:CreateImpl ()
UnityEngine.IntegratedSubsystemDescriptor:UnityEngine.ISubsystemDescriptor.Create ()
UnityEngine.XR.Management.XRLoaderHelper:CreateSubsystem<UnityEngine.XR.XRDisplaySubsystemDescriptor, UnityEngine.XR.XRDisplaySubsystem> (System.Collections.Generic.List`1<UnityEngine.XR.XRDisplaySubsystemDescriptor>,string) (at ./Library/PackageCache/com.unity.xr.management@20be87dea580/Runtime/XRLoaderHelper.cs:118)
UnityEngine.XR.OpenXR.OpenXRLoaderBase:CreateSubsystem<UnityEngine.XR.XRDisplaySubsystemDescriptor, UnityEngine.XR.XRDisplaySubsystem> (System.Collections.Generic.List`1<UnityEngine.XR.XRDisplaySubsystemDescriptor>,string) (at ./Library/PackageCache/com.unity.xr.openxr@ef0033a586bf/Runtime/OpenXRLoader.cs:511)
UnityEngine.XR.OpenXR.OpenXRLoaderBase:CreateSubsystems () (at ./Library/PackageCache/com.unity.xr.openxr@ef0033a586bf/Runtime/OpenXRLoader.cs:291)
UnityEngine.XR.OpenXR.OpenXRLoaderBase:InitializeInternal () (at ./Library/PackageCache/com.unity.xr.openxr@ef0033a586bf/Runtime/OpenXRLoader.cs:264)
UnityEngine.XR.OpenXR.OpenXRLoaderBase:Initialize () (at ./Library/PackageCache/com.unity.xr.openxr@ef0033a586bf/Runtime/OpenXRLoader.cs:205)
UnityEngine.XR.Management.XRManagerSettings:InitializeLoaderSync () (at ./Library/PackageCache/com.unity.xr.management@20be87dea580/Runtime/XRManagerSettings.cs:190)
UnityEngine.XR.Management.XRGeneralSettings:InitXRSDK () (at ./Library/PackageCache/com.unity.xr.management@20be87dea580/Runtime/XRGeneralSettings.cs:175)
UnityEngine.XR.Management.XRGeneralSettings:AttemptInitializeXRSDKOnLoad () (at ./Library/PackageCache/com.unity.xr.management@20be87dea580/Runtime/XRGeneralSettings.cs:148)

(Filename: ./Library/PackageCache/com.meta.xr.sdk.core@4ea2676097b9/Scripts/OpenXRFeatures/MetaXRFeature.cs Line: 319)

[MetaXRFeature]: ErrorFormFactorUnavailable xrGetSystem
UnityEngine.Debug:ExtractStackTraceNoAlloc (byte*,int,string)
UnityEngine.StackTraceUtility:ExtractStackTrace ()
UnityEngine.DebugLogHandler:Internal_Log (UnityEngine.LogType,UnityEngine.LogOption,string,UnityEngine.Object)
UnityEngine.DebugLogHandler:LogFormat (UnityEngine.LogType,UnityEngine.Object,string,object[])
UnityEngine.Logger:LogFormat (UnityEngine.LogType,string,object[])
UnityEngine.Debug:LogErrorFormat (string,object[])
Meta.XR.Extensions:LogErrorFormat (string,object) (at ./Library/PackageCache/com.meta.xr.sdk.core@4ea2676097b9/Scripts/OpenXRFeatures/XrResult.cs:205)
Meta.XR.Extensions:OrLogFormat (Meta.XR.XrResult,string) (at ./Library/PackageCache/com.meta.xr.sdk.core@4ea2676097b9/Scripts/OpenXRFeatures/XrResult.cs:269)
Meta.XR.MetaXRFeature:BindFunctionPointers () (at ./Library/PackageCache/com.meta.xr.sdk.core@4ea2676097b9/Scripts/OpenXRFeatures/MetaXRFeature.cs:423)
Meta.XR.MetaFeatureBase`1<Meta.XR.MetaXRFeature>:OnInstanceCreate (ulong) (at ./Library/PackageCache/com.meta.xr.sdk.core@4ea2676097b9/Scripts/OpenXRFeatures/MetaFeatureBase.cs:134)
Meta.XR.MetaXRFeature:OnInstanceCreate (ulong) (at ./Library/PackageCache/com.meta.xr.sdk.core@4ea2676097b9/Scripts/OpenXRFeatures/MetaXRFeature.cs:321)
UnityEngine.XR.OpenXR.Features.OpenXRFeature:ReceiveNativeEvent (UnityEngine.XR.OpenXR.Features.OpenXRFeature/NativeEvent,ulong) (at ./Library/PackageCache/com.unity.xr.openxr@ef0033a586bf/Runtime/Features/OpenXRFeature.cs:698)
UnityEngine.XR.OpenXR.OpenXRLoaderBase:ReceiveNativeEvent (UnityEngine.XR.OpenXR.Features.OpenXRFeature/NativeEvent,ulong) (at ./Library/PackageCache/com.unity.xr.openxr@ef0033a586bf/Runtime/OpenXRLoader.cs:707)
UnityEngine.IntegratedSubsystemDescriptor`1<UnityEngine.XR.XRDisplaySubsystem>:Create ()
UnityEngine.IntegratedSubsystemDescriptor`1<UnityEngine.XR.XRDisplaySubsystem>:CreateImpl ()
UnityEngine.IntegratedSubsystemDescriptor:UnityEngine.ISubsystemDescriptor.Create ()
UnityEngine.XR.Management.XRLoaderHelper:CreateSubsystem<UnityEngine.XR.XRDisplaySubsystemDescriptor, UnityEngine.XR.XRDisplaySubsystem> (System.Collections.Generic.List`1<UnityEngine.XR.XRDisplaySubsystemDescriptor>,string) (at ./Library/PackageCache/com.unity.xr.management@20be87dea580/Runtime/XRLoaderHelper.cs:118)
UnityEngine.XR.OpenXR.OpenXRLoaderBase:CreateSubsystem<UnityEngine.XR.XRDisplaySubsystemDescriptor, UnityEngine.XR.XRDisplaySubsystem> (System.Collections.Generic.List`1<UnityEngine.XR.XRDisplaySubsystemDescriptor>,string) (at ./Library/PackageCache/com.unity.xr.openxr@ef0033a586bf/Runtime/OpenXRLoader.cs:511)
UnityEngine.XR.OpenXR.OpenXRLoaderBase:CreateSubsystems () (at ./Library/PackageCache/com.unity.xr.openxr@ef0033a586bf/Runtime/OpenXRLoader.cs:291)
UnityEngine.XR.OpenXR.OpenXRLoaderBase:InitializeInternal () (at ./Library/PackageCache/com.unity.xr.openxr@ef0033a586bf/Runtime/OpenXRLoader.cs:264)
UnityEngine.XR.OpenXR.OpenXRLoaderBase:Initialize () (at ./Library/PackageCache/com.unity.xr.openxr@ef0033a586bf/Runtime/OpenXRLoader.cs:205)
UnityEngine.XR.Management.XRManagerSettings:InitializeLoaderSync () (at ./Library/PackageCache/com.unity.xr.management@20be87dea580/Runtime/XRManagerSettings.cs:190)
UnityEngine.XR.Management.XRGeneralSettings:InitXRSDK () (at ./Library/PackageCache/com.unity.xr.management@20be87dea580/Runtime/XRGeneralSettings.cs:175)
UnityEngine.XR.Management.XRGeneralSettings:AttemptInitializeXRSDKOnLoad () (at ./Library/PackageCache/com.unity.xr.management@20be87dea580/Runtime/XRGeneralSettings.cs:148)

(Filename: ./Library/PackageCache/com.meta.xr.sdk.core@4ea2676097b9/Scripts/OpenXRFeatures/XrResult.cs Line: 205)

ErrorFunctionUnsupported: xrGetInstanceProcAddr failed to get function pointer for 'xrRequestSceneCaptureFB'.
UnityEngine.Debug:ExtractStackTraceNoAlloc (byte*,int,string)
UnityEngine.StackTraceUtility:ExtractStackTrace ()
UnityEngine.DebugLogHandler:Internal_Log (UnityEngine.LogType,UnityEngine.LogOption,string,UnityEngine.Object)
UnityEngine.DebugLogHandler:LogFormat (UnityEngine.LogType,UnityEngine.Object,string,object[])
UnityEngine.Logger:Log (UnityEngine.LogType,object)
UnityEngine.Debug:LogWarning (object)
Meta.XR.OpenXRNativeFuncs:GetInstanceDelegate<Meta.XR.OpenXRNativeFuncs/xrRequestSceneCaptureFB> (Meta.XR.OpenXRNativeFuncs/xrGetInstanceProcAddr,Meta.XR.XrInstance,string,Meta.XR.OpenXRNativeFuncs/xrRequestSceneCaptureFB&) (at ./Library/PackageCache/com.meta.xr.sdk.core@4ea2676097b9/Scripts/OpenXRFeatures/OpenXRNativeFuncs.cs:64)
Meta.XR.MetaFeatureBase`1<Meta.XR.MetaXRFeature>:GetInstanceDelegate<Meta.XR.OpenXRNativeFuncs/xrRequestSceneCaptureFB> (string,Meta.XR.OpenXRNativeFuncs/xrRequestSceneCaptureFB&) (at ./Library/PackageCache/com.meta.xr.sdk.core@4ea2676097b9/Scripts/OpenXRFeatures/MetaFeatureBase.cs:182)
Meta.XR.MetaXRFeature:BindSpatialEntityFunctionPointers () (at ./Library/PackageCache/com.meta.xr.sdk.core@4ea2676097b9/Scripts/OpenXRFeatures/MetaXRSpatialEntityFeature.cs:63)
Meta.XR.MetaXRFeature:BindFunctionPointers () (at ./Library/PackageCache/com.meta.xr.sdk.core@4ea2676097b9/Scripts/OpenXRFeatures/MetaXRFeature.cs:501)
Meta.XR.MetaFeatureBase`1<Meta.XR.MetaXRFeature>:OnInstanceCreate (ulong) (at ./Library/PackageCache/com.meta.xr.sdk.core@4ea2676097b9/Scripts/OpenXRFeatures/MetaFeatureBase.cs:134)
Meta.XR.MetaXRFeature:OnInstanceCreate (ulong) (at ./Library/PackageCache/com.meta.xr.sdk.core@4ea2676097b9/Scripts/OpenXRFeatures/MetaXRFeature.cs:321)
UnityEngine.XR.OpenXR.Features.OpenXRFeature:ReceiveNativeEvent (UnityEngine.XR.OpenXR.Features.OpenXRFeature/NativeEvent,ulong) (at ./Library/PackageCache/com.unity.xr.openxr@ef0033a586bf/Runtime/Features/OpenXRFeature.cs:698)
UnityEngine.XR.OpenXR.OpenXRLoaderBase:ReceiveNativeEvent (UnityEngine.XR.OpenXR.Features.OpenXRFeature/NativeEvent,ulong) (at ./Library/PackageCache/com.unity.xr.openxr@ef0033a586bf/Runtime/OpenXRLoader.cs:707)
UnityEngine.IntegratedSubsystemDescriptor`1<UnityEngine.XR.XRDisplaySubsystem>:Create ()
UnityEngine.IntegratedSubsystemDescriptor`1<UnityEngine.XR.XRDisplaySubsystem>:CreateImpl ()
UnityEngine.IntegratedSubsystemDescriptor:UnityEngine.ISubsystemDescriptor.Create ()
UnityEngine.XR.Management.XRLoaderHelper:CreateSubsystem<UnityEngine.XR.XRDisplaySubsystemDescriptor, UnityEngine.XR.XRDisplaySubsystem> (System.Collections.Generic.List`1<UnityEngine.XR.XRDisplaySubsystemDescriptor>,string) (at ./Library/PackageCache/com.unity.xr.management@20be87dea580/Runtime/XRLoaderHelper.cs:118)
UnityEngine.XR.OpenXR.OpenXRLoaderBase:CreateSubsystem<UnityEngine.XR.XRDisplaySubsystemDescriptor, UnityEngine.XR.XRDisplaySubsystem> (System.Collections.Generic.List`1<UnityEngine.XR.XRDisplaySubsystemDescriptor>,string) (at ./Library/PackageCache/com.unity.xr.openxr@ef0033a586bf/Runtime/OpenXRLoader.cs:511)
UnityEngine.XR.OpenXR.OpenXRLoaderBase:CreateSubsystems () (at ./Library/PackageCache/com.unity.xr.openxr@ef0033a586bf/Runtime/OpenXRLoader.cs:291)
UnityEngine.XR.OpenXR.OpenXRLoaderBase:InitializeInternal () (at ./Library/PackageCache/com.unity.xr.openxr@ef0033a586bf/Runtime/OpenXRLoader.cs:264)
UnityEngine.XR.OpenXR.OpenXRLoaderBase:Initialize () (at ./Library/PackageCache/com.unity.xr.openxr@ef0033a586bf/Runtime/OpenXRLoader.cs:205)
UnityEngine.XR.Management.XRManagerSettings:InitializeLoaderSync () (at ./Library/PackageCache/com.unity.xr.management@20be87dea580/Runtime/XRManagerSettings.cs:190)
UnityEngine.XR.Management.XRGeneralSettings:InitXRSDK () (at ./Library/PackageCache/com.unity.xr.management@20be87dea580/Runtime/XRGeneralSettings.cs:175)
UnityEngine.XR.Management.XRGeneralSettings:AttemptInitializeXRSDKOnLoad () (at ./Library/PackageCache/com.unity.xr.management@20be87dea580/Runtime/XRGeneralSettings.cs:148)

(Filename: ./Library/PackageCache/com.meta.xr.sdk.core@4ea2676097b9/Scripts/OpenXRFeatures/OpenXRNativeFuncs.cs Line: 64)

[XR] [30712] [17:21:37.779][Error  ] xrGetSystem: XR_ERROR_FORM_FACTOR_UNAVAILABLE
[XR] [30712] [17:21:37.780][Info   ] 

==== Start Unity OpenXR Diagnostic Report ====


[XR] [30712] [17:21:37.780][Info   ] ==== Report Reason: Uncaught Exception ====


[XR] [30712] [17:21:37.780][Info   ] ==== OpenXR Settings ====
[XR] [30712] [17:21:37.780][Info   ] 
[XR] [30712] [17:21:37.780][Info   ] Symmetric Projection: False
[XR] [30712] [17:21:37.780][Info   ] Stereo Rendering Mode: SinglePassInstanced
[XR] [30712] [17:21:37.780][Info   ] Latency Optimization: PrioritizeRendering
[XR] [30712] [17:21:37.780][Info   ] Color Submission Modes: kRenderTextureFormatGroup8888
[XR] [30712] [17:21:37.780][Info   ] Depth Submission Mode: None
[XR] [30712] [17:21:37.780][Info   ] Space Warp Motion Vector Texture Format: RGBA16f
[XR] [30712] [17:21:37.780][Info   ] Optimize Buffer Discards: False
[XR] [30712] [17:21:37.780][Info   ] Multiview Render Regions Optimization Mode: None
[XR] [30712] [17:21:37.780][Info   ] Use OpenXR Predicted Time: False
[XR] [30712] [17:21:37.780][Info   ] Foveated Rendering API: Legacy
[XR] [30712] [17:21:37.780][Info   ] 
[XR] [30712] [17:21:37.780][Info   ] ==== OpenXR Provider Info ====
[XR] [30712] [17:21:37.780][Info   ] 
[XR] [30712] [17:21:37.780][Info   ] Provider Version: 1.16.0-18-gc7a9defb
[XR] [30712] [17:21:37.780][Info   ] App: OPUS #3118937138
[XR] [30712] [17:21:37.780][Info   ] Engine: 6000.4.6f1 #88105985
[XR] [30712] [17:21:37.780][Info   ] 
[XR] [30712] [17:21:37.780][Info   ] ==== OpenXR Runtime Info ====
[XR] [30712] [17:21:37.780][Info   ] 
[XR] [30712] [17:21:37.780][Info   ] Available Runtime Extensions: (91)
[XR] [30712] [17:21:37.780][Info   ]   XR_METAX1_agentic_external_tool: Version=1
[XR] [30712] [17:21:37.780][Info   ]   XR_KHR_D3D11_enable: Version=11
[XR] [30712] [17:21:37.780][Info   ]   XR_KHR_D3D12_enable: Version=11
[XR] [30712] [17:21:37.780][Info   ]   XR_KHR_opengl_enable: Version=12
[XR] [30712] [17:21:37.780][Info   ]   XR_KHR_vulkan_enable: Version=10
[XR] [30712] [17:21:37.780][Info   ]   XR_KHR_vulkan_enable2: Version=4
[XR] [30712] [17:21:37.780][Info   ]   XR_KHR_composition_layer_depth: Version=6
[XR] [30712] [17:21:37.780][Info   ]   XR_KHR_win32_convert_performance_counter_time: Version=1
[XR] [30712] [17:21:37.780][Info   ]   XR_KHR_convert_timespec_time: Version=1
[XR] [30712] [17:21:37.780][Info   ]   XR_KHR_composition_layer_cube: Version=8
[XR] [30712] [17:21:37.780][Info   ]   XR_KHR_composition_layer_cylinder: Version=4
[XR] [30712] [17:21:37.780][Info   ]   XR_KHR_composition_layer_equirect: Version=3
[XR] [30712] [17:21:37.780][Info   ]   XR_KHR_visibility_mask: Version=2
[XR] [30712] [17:21:37.780][Info   ]   XR_KHR_composition_layer_color_scale_bias: Version=5
[XR] [30712] [17:21:37.780][Info   ]   XR_KHR_maintenance1: Version=1
[XR] [30712] [17:21:37.780][Info   ]   XR_EXT_win32_appcontainer_compatible: Version=1
[XR] [30712] [17:21:37.780][Info   ]   XR_EXT_debug_utils: Version=5
[XR] [30712] [17:21:37.780][Info   ]   XR_OCULUS_recenter_event: Version=1
[XR] [30712] [17:21:37.780][Info   ]   XR_OCULUS_audio_device_guid: Version=1
[XR] [30712] [17:21:37.780][Info   ]   XR_FB_color_space: Version=3
[XR] [30712] [17:21:37.780][Info   ]   XR_FB_display_refresh_rate: Version=1
[XR] [30712] [17:21:37.780][Info   ]   XR_META_performance_metrics: Version=2
[XR] [30712] [17:21:37.780][Info   ]   XR_META_headset_id: Version=2
[XR] [30712] [17:21:37.780][Info   ]   XR_OCULUS_ovrsession_handle: Version=1
[XR] [30712] [17:21:37.780][Info   ]   XR_EXT_hand_interaction: Version=2
[XR] [30712] [17:21:37.780][Info   ]   XR_EXT_hand_tracking: Version=4
[XR] [30712] [17:21:37.780][Info   ]   XR_FB_hand_tracking_mesh: Version=3
[XR] [30712] [17:21:37.780][Info   ]   XR_META_simultaneous_hands_and_controllers: Version=1
[XR] [30712] [17:21:37.780][Info   ]   XR_FB_hand_tracking_aim: Version=2
[XR] [30712] [17:21:37.780][Info   ]   XR_FB_hand_tracking_capsules: Version=3
[XR] [30712] [17:21:37.780][Info   ]   XR_EXT_hand_tracking_data_source: Version=1
[XR] [30712] [17:21:37.780][Info   ]   XR_META_hand_tracking_microgestures: Version=1
[XR] [30712] [17:21:37.780][Info   ]   XR_EXTX2_stationary_reference_space: Version=1
[XR] [30712] [17:21:37.780][Info   ]   XR_FB_body_tracking: Version=1
[XR] [30712] [17:21:37.780][Info   ]   XR_META_body_tracking_full_body: Version=1
[XR] [30712] [17:21:37.780][Info   ]   XR_META_body_tracking_fidelity: Version=1
[XR] [30712] [17:21:37.780][Info   ]   XR_META_body_tracking_calibration: Version=1
[XR] [30712] [17:21:37.780][Info   ]   XR_FB_passthrough: Version=5
[XR] [30712] [17:21:37.780][Info   ]   XR_META_passthrough_layer_resumed_event: Version=1
[XR] [30712] [17:21:37.780][Info   ]   XR_FB_triangle_mesh: Version=2
[XR] [30712] [17:21:37.780][Info   ]   XR_META_passthrough_color_lut: Version=1
[XR] [30712] [17:21:37.780][Info   ]   XR_META_passthrough_preferences: Version=1
[XR] [30712] [17:21:37.780][Info   ]   XR_FB_render_model: Version=4
[XR] [30712] [17:21:37.780][Info   ]   XR_FB_spatial_entity_container: Version=2
[XR] [30712] [17:21:37.780][Info   ]   XR_FB_scene: Version=4
[XR] [30712] [17:21:37.780][Info   ]   XR_FB_spatial_entity: Version=3
[XR] [30712] [17:21:37.780][Info   ]   XR_FB_spatial_entity_storage: Version=1
[XR] [30712] [17:21:37.780][Info   ]   XR_FB_spatial_entity_query: Version=1
[XR] [30712] [17:21:37.780][Info   ]   XR_FB_spatial_entity_user: Version=1
[XR] [30712] [17:21:37.780][Info   ]   XR_FB_spatial_entity_storage_batch: Version=1
[XR] [30712] [17:21:37.780][Info   ]   XR_FB_spatial_entity_sharing: Version=1
[XR] [30712] [17:21:37.780][Info   ]   XR_META_spatial_entity_persistence: Version=1
[XR] [30712] [17:21:37.780][Info   ]   XR_META_spatial_entity_discovery: Version=1
[XR] [30712] [17:21:37.780][Info   ]   XR_META_spatial_entity_group_sharing: Version=1
[XR] [30712] [17:21:37.780][Info   ]   XR_META_spatial_entity_mesh: Version=1
[XR] [30712] [17:21:37.780][Info   ]   XR_META_spatial_entity_room_mesh: Version=1
[XR] [30712] [17:21:37.780][Info   ]   XR_META_spatial_entity_sharing: Version=1
[XR] [30712] [17:21:37.780][Info   ]   XR_METAX1_spatial_entity_marker: Version=1
[XR] [30712] [17:21:37.780][Info   ]   XR_EXT_spatial_entity: Version=1
[XR] [30712] [17:21:37.780][Info   ]   XR_EXT_spatial_anchor: Version=1
[XR] [30712] [17:21:37.780][Info   ]   XR_EXT_spatial_persistence: Version=1
[XR] [30712] [17:21:37.780][Info   ]   XR_EXT_spatial_persistence_operations: Version=1
[XR] [30712] [17:21:37.780][Info   ]   XR_EXT_spatial_plane_tracking: Version=1
[XR] [30712] [17:21:37.780][Info   ]   XR_EXT_spatial_marker_tracking: Version=1
[XR] [30712] [17:21:37.780][Info   ]   XR_META_boundary_visibility: Version=1
[XR] [30712] [17:21:37.780][Info   ]   XR_META_colocation_discovery: Version=1
[XR] [30712] [17:21:37.780][Info   ]   XR_METAX1_dynamic_object_tracker: Version=1
[XR] [30712] [17:21:37.780][Info   ]   XR_META_dynamic_object_tracker: Version=1
[XR] [30712] [17:21:37.781][Info   ]   XR_META_dynamic_object_keyboard: Version=1
[XR] [30712] [17:21:37.781][Info   ]   XR_META_environment_depth: Version=2
[XR] [30712] [17:21:37.781][Info   ]   XR_META_environment_raycast: Version=1
[XR] [30712] [17:21:37.781][Info   ]   XR_METAX1_passthrough_camera_data: Version=1
[XR] [30712] [17:21:37.781][Info   ]   XR_META_virtual_keyboard: Version=1
[XR] [30712] [17:21:37.781][Info   ]   XR_EXT_local_floor: Version=1
[XR] [30712] [17:21:37.781][Info   ]   XR_EXT_active_action_set_priority: Version=1
[XR] [30712] [17:21:37.781][Info   ]   XR_EXT_future: Version=2
[XR] [30712] [17:21:37.781][Info   ]   XR_EXT_palm_pose: Version=3
[XR] [30712] [17:21:37.781][Info   ]   XR_EXT_haptic_parametric: Version=1
[XR] [30712] [17:21:37.781][Info   ]   XR_FB_haptic_amplitude_envelope: Version=1
[XR] [30712] [17:21:37.781][Info   ]   XR_FB_haptic_pcm: Version=1
[XR] [30712] [17:21:37.781][Info   ]   XR_FB_touch_controller_pro: Version=1
[XR] [30712] [17:21:37.781][Info   ]   XR_META_touch_controller_plus: Version=1
[XR] [30712] [17:21:37.781][Info   ]   XR_FB_touch_controller_proximity: Version=1
[XR] [30712] [17:21:37.781][Info   ]   XR_OCULUS_external_camera: Version=1
[XR] [30712] [17:21:37.781][Info   ]   XR_META_detached_controllers: Version=1
[XR] [30712] [17:21:37.781][Info   ]   XR_LOGITECH_mx_ink_stylus_interaction: Version=1
[XR] [30712] [17:21:37.781][Info   ]   XR_FBX1_touch_controller_extras: Version=1
[XR] [30712] [17:21:37.781][Info   ]   XR_EXTX1_haptic_parametric: Version=1
[XR] [30712] [17:21:37.781][Info   ]   XR_METAX2_debug_utils_region_profiling: Version=1
[XR] [30712] [17:21:37.781][Info   ]   XR_METAX3_debug_utils_region_profiling: Version=1
[XR] [30712] [17:21:37.781][Info   ]   XR_METAX1_space_instant_acceleration: Version=2
[XR] [30712] [17:21:37.781][Info   ] 
[XR] [30712] [17:21:37.781][Info   ] Available Layers: (1)
[XR] [30712] [17:21:37.781][Info   ]   XR_APILAYER_METAX_operator: SpecVersion=1.1.0, LayerVersion=1, Description="API layer that providing agentic interface for OpenXR"
[XR] [30712] [17:21:37.781][Info   ] 
[XR] [30712] [17:21:37.781][Info   ] Available Runtime Layer Extensions: LayerName="XR_APILAYER_METAX_operator": (1)
[XR] [30712] [17:21:37.781][Info   ]   XR_METAX1_agentic_external_tool: Version=1
[XR] [30712] [17:21:37.781][Info   ] 
[XR] [30712] [17:21:37.781][Info   ] Runtime Name: Oculus
[XR] [30712] [17:21:37.781][Info   ] Runtime Version: 1.207.0
[XR] [30712] [17:21:37.781][Info   ] 
[XR] [30712] [17:21:37.781][Info   ] ==== OpenXR API Spec Version ====
[XR] [30712] [17:21:37.781][Info   ] 
[XR] [30712] [17:21:37.781][Info   ] XrInstance Created with OpenXR API Version: 1.1.53
[XR] [30712] [17:21:37.781][Info   ] 
[XR] [30712] [17:21:37.781][Info   ] ==== OpenXR Exception Thrown ====
[XR] [30712] [17:21:37.781][Info   ] 
[XR] [30712] [17:21:37.781][Info   ] Error: XrResult failure [XR_ERROR_FORM_FACTOR_UNAVAILABLE]
[XR] [30712] [17:21:37.781][Info   ]     Origin: result
[XR] [30712] [17:21:37.781][Info   ]     Source: C:\build\output\unity\xr.sdk.openxr\NativePlugin\Source\unity_session.cpp:318
[XR] [30712] [17:21:37.781][Info   ] 
[XR] [30712] [17:21:37.781][Info   ] 
[XR] [30712] [17:21:37.781][Info   ] ==== Std Exception Thrown ====
[XR] [30712] [17:21:37.781][Info   ] 
[XR] [30712] [17:21:37.781][Info   ] Function: Display_Initialize
[XR] [30712] [17:21:37.781][Info   ] Message: XrResult failure [XR_ERROR_FORM_FACTOR_UNAVAILABLE]
[XR] [30712] [17:21:37.781][Info   ]     Origin: result
[XR] [30712] [17:21:37.781][Info   ]     Source: C:\build\output\unity\xr.sdk.openxr\NativePlugin\Source\unity_session.cpp:318
[XR] [30712] [17:21:37.781][Info   ] 
[XR] [30712] [17:21:37.781][Info   ] ==== Last 20 non-XR_SUCCESS returns ====
[XR] [30712] [17:21:37.781][Info   ] [FAILURE] xrGetSystem: XR_ERROR_FORM_FACTOR_UNAVAILABLE (1x)
[XR] [30712] [17:21:37.781][Info   ] 
[XR] [30712] [17:21:37.781][Info   ] ==== Last 20 Events ====
[XR] [30712] [17:21:37.781][Info   ] 

==== End Unity OpenXR Diagnostic Report ====


[Subsystems] Failed to initialize subsystem OpenXR Display [error: 1]
[XR] [30712] [17:21:37.782][Info   ] 

==== Start Unity OpenXR Diagnostic Report ====


[XR] [30712] [17:21:37.782][Info   ] ==== Report Reason: System Shutdown ====


[XR] [30712] [17:21:37.782][Info   ] ==== OpenXR Settings ====
[XR] [30712] [17:21:37.782][Info   ] 
[XR] [30712] [17:21:37.782][Info   ] Symmetric Projection: False
[XR] [30712] [17:21:37.782][Info   ] Stereo Rendering Mode: SinglePassInstanced
[XR] [30712] [17:21:37.782][Info   ] Latency Optimization: PrioritizeRendering
[XR] [30712] [17:21:37.782][Info   ] Color Submission Modes: kRenderTextureFormatGroup8888
[XR] [30712] [17:21:37.782][Info   ] Depth Submission Mode: None
[XR] [30712] [17:21:37.782][Info   ] Space Warp Motion Vector Texture Format: RGBA16f
[XR] [30712] [17:21:37.782][Info   ] Optimize Buffer Discards: False
[XR] [30712] [17:21:37.782][Info   ] Multiview Render Regions Optimization Mode: None
[XR] [30712] [17:21:37.782][Info   ] Use OpenXR Predicted Time: False
[XR] [30712] [17:21:37.782][Info   ] Foveated Rendering API: Legacy
[XR] [30712] [17:21:37.782][Info   ] 
[XR] [30712] [17:21:37.783][Info   ] ==== OpenXR Provider Info ====
[XR] [30712] [17:21:37.783][Info   ] 
[XR] [30712] [17:21:37.783][Info   ] Provider Version: 1.16.0-18-gc7a9defb
[XR] [30712] [17:21:37.783][Info   ] App: OPUS #3118937138
[XR] [30712] [17:21:37.783][Info   ] Engine: 6000.4.6f1 #88105985
[XR] [30712] [17:21:37.783][Info   ] 
[XR] [30712] [17:21:37.783][Info   ] ==== OpenXR Runtime Info ====
[XR] [30712] [17:21:37.783][Info   ] 
[XR] [30712] [17:21:37.783][Info   ] Available Runtime Extensions: (91)
[XR] [30712] [17:21:37.783][Info   ]   XR_METAX1_agentic_external_tool: Version=1
[XR] [30712] [17:21:37.783][Info   ]   XR_KHR_D3D11_enable: Version=11
[XR] [30712] [17:21:37.783][Info   ]   XR_KHR_D3D12_enable: Version=11
[XR] [30712] [17:21:37.783][Info   ]   XR_KHR_opengl_enable: Version=12
[XR] [30712] [17:21:37.783][Info   ]   XR_KHR_vulkan_enable: Version=10
[XR] [30712] [17:21:37.783][Info   ]   XR_KHR_vulkan_enable2: Version=4
[XR] [30712] [17:21:37.783][Info   ]   XR_KHR_composition_layer_depth: Version=6
[XR] [30712] [17:21:37.783][Info   ]   XR_KHR_win32_convert_performance_counter_time: Version=1
[XR] [30712] [17:21:37.783][Info   ]   XR_KHR_convert_timespec_time: Version=1
[XR] [30712] [17:21:37.783][Info   ]   XR_KHR_composition_layer_cube: Version=8
[XR] [30712] [17:21:37.783][Info   ]   XR_KHR_composition_layer_cylinder: Version=4
[XR] [30712] [17:21:37.783][Info   ]   XR_KHR_composition_layer_equirect: Version=3
[XR] [30712] [17:21:37.783][Info   ]   XR_KHR_visibility_mask: Version=2
[XR] [30712] [17:21:37.783][Info   ]   XR_KHR_composition_layer_color_scale_bias: Version=5
[XR] [30712] [17:21:37.783][Info   ]   XR_KHR_maintenance1: Version=1
[XR] [30712] [17:21:37.783][Info   ]   XR_EXT_win32_appcontainer_compatible: Version=1
[XR] [30712] [17:21:37.783][Info   ]   XR_EXT_debug_utils: Version=5
[XR] [30712] [17:21:37.783][Info   ]   XR_OCULUS_recenter_event: Version=1
[XR] [30712] [17:21:37.783][Info   ]   XR_OCULUS_audio_device_guid: Version=1
[XR] [30712] [17:21:37.783][Info   ]   XR_FB_color_space: Version=3
[XR] [30712] [17:21:37.783][Info   ]   XR_FB_display_refresh_rate: Version=1
[XR] [30712] [17:21:37.783][Info   ]   XR_META_performance_metrics: Version=2
[XR] [30712] [17:21:37.783][Info   ]   XR_META_headset_id: Version=2
[XR] [30712] [17:21:37.783][Info   ]   XR_OCULUS_ovrsession_handle: Version=1
[XR] [30712] [17:21:37.783][Info   ]   XR_EXT_hand_interaction: Version=2
[XR] [30712] [17:21:37.783][Info   ]   XR_EXT_hand_tracking: Version=4
[XR] [30712] [17:21:37.783][Info   ]   XR_FB_hand_tracking_mesh: Version=3
[XR] [30712] [17:21:37.783][Info   ]   XR_META_simultaneous_hands_and_controllers: Version=1
[XR] [30712] [17:21:37.783][Info   ]   XR_FB_hand_tracking_aim: Version=2
[XR] [30712] [17:21:37.783][Info   ]   XR_FB_hand_tracking_capsules: Version=3
[XR] [30712] [17:21:37.783][Info   ]   XR_EXT_hand_tracking_data_source: Version=1
[XR] [30712] [17:21:37.783][Info   ]   XR_META_hand_tracking_microgestures: Version=1
[XR] [30712] [17:21:37.783][Info   ]   XR_EXTX2_stationary_reference_space: Version=1
[XR] [30712] [17:21:37.783][Info   ]   XR_FB_body_tracking: Version=1
[XR] [30712] [17:21:37.783][Info   ]   XR_META_body_tracking_full_body: Version=1
[XR] [30712] [17:21:37.783][Info   ]   XR_META_body_tracking_fidelity: Version=1
[XR] [30712] [17:21:37.783][Info   ]   XR_META_body_tracking_calibration: Version=1
[XR] [30712] [17:21:37.783][Info   ]   XR_FB_passthrough: Version=5
[XR] [30712] [17:21:37.783][Info   ]   XR_META_passthrough_layer_resumed_event: Version=1
[XR] [30712] [17:21:37.783][Info   ]   XR_FB_triangle_mesh: Version=2
[XR] [30712] [17:21:37.783][Info   ]   XR_META_passthrough_color_lut: Version=1
[XR] [30712] [17:21:37.783][Info   ]   XR_META_passthrough_preferences: Version=1
[XR] [30712] [17:21:37.783][Info   ]   XR_FB_render_model: Version=4
[XR] [30712] [17:21:37.783][Info   ]   XR_FB_spatial_entity_container: Version=2
[XR] [30712] [17:21:37.783][Info   ]   XR_FB_scene: Version=4
[XR] [30712] [17:21:37.783][Info   ]   XR_FB_spatial_entity: Version=3
[XR] [30712] [17:21:37.783][Info   ]   XR_FB_spatial_entity_storage: Version=1
[XR] [30712] [17:21:37.783][Info   ]   XR_FB_spatial_entity_query: Version=1
[XR] [30712] [17:21:37.783][Info   ]   XR_FB_spatial_entity_user: Version=1
[XR] [30712] [17:21:37.783][Info   ]   XR_FB_spatial_entity_storage_batch: Version=1
[XR] [30712] [17:21:37.783][Info   ]   XR_FB_spatial_entity_sharing: Version=1
[XR] [30712] [17:21:37.783][Info   ]   XR_META_spatial_entity_persistence: Version=1
[XR] [30712] [17:21:37.783][Info   ]   XR_META_spatial_entity_discovery: Version=1
[XR] [30712] [17:21:37.783][Info   ]   XR_META_spatial_entity_group_sharing: Version=1
[XR] [30712] [17:21:37.783][Info   ]   XR_META_spatial_entity_mesh: Version=1
[XR] [30712] [17:21:37.783][Info   ]   XR_META_spatial_entity_room_mesh: Version=1
[XR] [30712] [17:21:37.783][Info   ]   XR_META_spatial_entity_sharing: Version=1
[XR] [30712] [17:21:37.783][Info   ]   XR_METAX1_spatial_entity_marker: Version=1
[XR] [30712] [17:21:37.783][Info   ]   XR_EXT_spatial_entity: Version=1
[XR] [30712] [17:21:37.783][Info   ]   XR_EXT_spatial_anchor: Version=1
[XR] [30712] [17:21:37.783][Info   ]   XR_EXT_spatial_persistence: Version=1
[XR] [30712] [17:21:37.783][Info   ]   XR_EXT_spatial_persistence_operations: Version=1
[XR] [30712] [17:21:37.783][Info   ]   XR_EXT_spatial_plane_tracking: Version=1
[XR] [30712] [17:21:37.783][Info   ]   XR_EXT_spatial_marker_tracking: Version=1
[XR] [30712] [17:21:37.783][Info   ]   XR_META_boundary_visibility: Version=1
[XR] [30712] [17:21:37.783][Info   ]   XR_META_colocation_discovery: Version=1
[XR] [30712] [17:21:37.783][Info   ]   XR_METAX1_dynamic_object_tracker: Version=1
[XR] [30712] [17:21:37.783][Info   ]   XR_META_dynamic_object_tracker: Version=1
[XR] [30712] [17:21:37.783][Info   ]   XR_META_dynamic_object_keyboard: Version=1
[XR] [30712] [17:21:37.783][Info   ]   XR_META_environment_depth: Version=2
[XR] [30712] [17:21:37.783][Info   ]   XR_META_environment_raycast: Version=1
[XR] [30712] [17:21:37.783][Info   ]   XR_METAX1_passthrough_camera_data: Version=1
[XR] [30712] [17:21:37.783][Info   ]   XR_META_virtual_keyboard: Version=1
[XR] [30712] [17:21:37.783][Info   ]   XR_EXT_local_floor: Version=1
[XR] [30712] [17:21:37.783][Info   ]   XR_EXT_active_action_set_priority: Version=1
[XR] [30712] [17:21:37.783][Info   ]   XR_EXT_future: Version=2
[XR] [30712] [17:21:37.783][Info   ]   XR_EXT_palm_pose: Version=3
[XR] [30712] [17:21:37.783][Info   ]   XR_EXT_haptic_parametric: Version=1
[XR] [30712] [17:21:37.783][Info   ]   XR_FB_haptic_amplitude_envelope: Version=1
[XR] [30712] [17:21:37.783][Info   ]   XR_FB_haptic_pcm: Version=1
[XR] [30712] [17:21:37.783][Info   ]   XR_FB_touch_controller_pro: Version=1
[XR] [30712] [17:21:37.783][Info   ]   XR_META_touch_controller_plus: Version=1
[XR] [30712] [17:21:37.783][Info   ]   XR_FB_touch_controller_proximity: Version=1
[XR] [30712] [17:21:37.783][Info   ]   XR_OCULUS_external_camera: Version=1
[XR] [30712] [17:21:37.783][Info   ]   XR_META_detached_controllers: Version=1
[XR] [30712] [17:21:37.783][Info   ]   XR_LOGITECH_mx_ink_stylus_interaction: Version=1
[XR] [30712] [17:21:37.783][Info   ]   XR_FBX1_touch_controller_extras: Version=1
[XR] [30712] [17:21:37.783][Info   ]   XR_EXTX1_haptic_parametric: Version=1
[XR] [30712] [17:21:37.783][Info   ]   XR_METAX2_debug_utils_region_profiling: Version=1
[XR] [30712] [17:21:37.783][Info   ]   XR_METAX3_debug_utils_region_profiling: Version=1
[XR] [30712] [17:21:37.783][Info   ]   XR_METAX1_space_instant_acceleration: Version=2
[XR] [30712] [17:21:37.783][Info   ] 
[XR] [30712] [17:21:37.783][Info   ] Available Layers: (1)
[XR] [30712] [17:21:37.783][Info   ]   XR_APILAYER_METAX_operator: SpecVersion=1.1.0, LayerVersion=1, Description="API layer that providing agentic interface for OpenXR"
[XR] [30712] [17:21:37.783][Info   ] 
[XR] [30712] [17:21:37.783][Info   ] Available Runtime Layer Extensions: LayerName="XR_APILAYER_METAX_operator": (1)
[XR] [30712] [17:21:37.783][Info   ]   XR_METAX1_agentic_external_tool: Version=1
[XR] [30712] [17:21:37.783][Info   ] 
[XR] [30712] [17:21:37.783][Info   ] Runtime Name: Oculus
[XR] [30712] [17:21:37.783][Info   ] Runtime Version: 1.207.0
[XR] [30712] [17:21:37.783][Info   ] 
[XR] [30712] [17:21:37.783][Info   ] ==== OpenXR API Spec Version ====
[XR] [30712] [17:21:37.783][Info   ] 
[XR] [30712] [17:21:37.783][Info   ] XrInstance Created with OpenXR API Version: 1.1.53
[XR] [30712] [17:21:37.784][Info   ] 
[XR] [30712] [17:21:37.784][Info   ] ==== OpenXR Exception Thrown ====
[XR] [30712] [17:21:37.784][Info   ] 
[XR] [30712] [17:21:37.784][Info   ] Error: XrResult failure [XR_ERROR_FORM_FACTOR_UNAVAILABLE]
[XR] [30712] [17:21:37.784][Info   ]     Origin: result
[XR] [30712] [17:21:37.784][Info   ]     Source: C:\build\output\unity\xr.sdk.openxr\NativePlugin\Source\unity_session.cpp:318
[XR] [30712] [17:21:37.784][Info   ] 
[XR] [30712] [17:21:37.784][Info   ] 
[XR] [30712] [17:21:37.784][Info   ] ==== Std Exception Thrown ====
[XR] [30712] [17:21:37.784][Info   ] 
[XR] [30712] [17:21:37.784][Info   ] Function: Display_Initialize
[XR] [30712] [17:21:37.784][Info   ] Message: XrResult failure [XR_ERROR_FORM_FACTOR_UNAVAILABLE]
[XR] [30712] [17:21:37.784][Info   ]     Origin: result
[XR] [30712] [17:21:37.784][Info   ]     Source: C:\build\output\unity\xr.sdk.openxr\NativePlugin\Source\unity_session.cpp:318
[XR] [30712] [17:21:37.784][Info   ] 
[XR] [30712] [17:21:37.784][Info   ] ==== Last 20 non-XR_SUCCESS returns ====
[XR] [30712] [17:21:37.784][Info   ] [FAILURE] xrGetSystem: XR_ERROR_FORM_FACTOR_UNAVAILABLE (1x)
[XR] [30712] [17:21:37.784][Info   ] 
[XR] [30712] [17:21:37.784][Info   ] ==== Last 20 Events ====
[XR] [30712] [17:21:37.784][Info   ] 

==== End Unity OpenXR Diagnostic Report ====


[90m2026-09-17 17:21:32[0m [MetaXROperator] [32m[INFO][0m Queried available extensions, count: 90
[90m2026-09-17 17:21:32[0m [MetaXROperator] [33m[WARNING][0m Extension not available: XR_METAX1_simulator_compositor_output_capture
[90m2026-09-17 17:21:32[0m [MetaXROperator] [33m[WARNING][0m Extension not available: XR_EXT_conformance_automation
[90m2026-09-17 17:21:32[0m [MetaXROperator] [32m[INFO][0m Application enabled XR_METAX1_agentic_external_tool
[90m2026-09-17 17:21:32[0m [MetaXROperator] [32m[INFO][0m Filtered out API layer extension, passing 69 extensions downstream
[90m2026-09-17 17:21:32[0m [MetaXROperator] [32m[INFO][0m Cached application info, data: OPUS (v0), Engine: Unity (v88105985)
[90m2026-09-17 17:21:32[0m [MetaXROperator] [32m[INFO][0m Telemetry consent: opted-in
[90m2026-09-17 17:21:32[0m [MetaXROperator] [32m[INFO][0m Telemetry session started for: OPUS
[90m2026-09-17 17:21:32[0m [MetaXROperator] [32m[INFO][0m Telemetry initialized for: OPUS
[90m2026-09-17 17:21:32[0m [MetaXROperator] [32m[INFO][0m Initializing Agentic MCP Server...
[90m2026-09-17 17:21:32[0m [MetaXROperator] [32m[INFO][0m MCP Server started successfully on port 8720 (IPv4 and IPv6)
[90m2026-09-17 17:21:32[0m [MetaXROperator] [32m[INFO][0m Registered 'openxr_get_head_pose' tool
[90m2026-09-17 17:21:32[0m [MetaXROperator] [32m[INFO][0m Registered 'openxr_get_controller_pose' tool
[90m2026-09-17 17:21:32[0m [MetaXROperator] [32m[INFO][0m Registered 'openxr_get_active_interaction_profile' tool
[90m2026-09-17 17:21:32[0m [MetaXROperator] [32m[INFO][0m Registered 'math_calc' tool
[90m2026-09-17 17:21:32[0m [MetaXROperator] [32m[INFO][0m Registered 'math_dot' tool
[90m2026-09-17 17:21:32[0m [MetaXROperator] [32m[INFO][0m Registered 'math_cross' tool
[90m2026-09-17 17:21:32[0m [MetaXROperator] [32m[INFO][0m Registered 'math_add' tool
[90m2026-09-17 17:21:32[0m [MetaXROperator] [32m[INFO][0m Registered 'math_sub' tool
[90m2026-09-17 17:21:32[0m [MetaXROperator] [32m[INFO][0m Registered 'math_mul' tool
[90m2026-09-17 17:21:32[0m [MetaXROperator] [32m[INFO][0m Registered 'math_div' tool
[90m2026-09-17 17:21:32[0m [MetaXROperator] [32m[INFO][0m Registered 'math_build_quat' tool
[90m2026-09-17 17:21:32[0m [MetaXROperator] [32m[INFO][0m Registered 'math_decompose_quat' tool
[90m2026-09-17 17:21:32[0m [MetaXROperator] [32m[INFO][0m Registered 'math_multiply_quat' tool
[90m2026-09-17 17:21:32[0m [MetaXROperator] [32m[INFO][0m Registered 'openxr_get_instance_info' tool
[90m2026-09-17 17:21:32[0m [MetaXROperator] [32m[INFO][0m Registered 'openxr_get_session_info' tool
[90m2026-09-17 17:21:32[0m [MetaXROperator] [32m[INFO][0m Registered 'openxr_get_system_info' tool
[90m2026-09-17 17:21:32[0m [MetaXROperator] [32m[INFO][0m Registered 'openxr_get_frame_info' tool
[90m2026-09-17 17:21:32[0m [MetaXROperator] [32m[INFO][0m Skipping 'openxr_capture_composited_image' tool (predicate returned false)
[90m2026-09-17 17:21:32[0m [MetaXROperator] [32m[INFO][0m Registered 'openxr_list_spatial_entities' tool
[90m2026-09-17 17:21:32[0m [MetaXROperator] [32m[INFO][0m Registered 'openxr_exit_session' tool
[90m2026-09-17 17:21:32[0m [MetaXROperator] [32m[INFO][0m Skipping 'openxr_set_controller_input' tool (predicate returned false)
[90m2026-09-17 17:21:32[0m [MetaXROperator] [32m[INFO][0m Skipping 'openxr_set_head_pose' tool (predicate returned false)
[90m2026-09-17 17:21:32[0m [MetaXROperator] [32m[INFO][0m Skipping 'openxr_set_controller_pose' tool (predicate returned false)
[90m2026-09-17 17:21:32[0m [MetaXROperator] [32m[INFO][0m Registered 'convert_unity_pose_to_openxr' tool
[90m2026-09-17 17:21:32[0m [MetaXROperator] [32m[INFO][0m Registered 'convert_openxr_pose_to_unity' tool
[90m2026-09-17 17:21:32[0m [MetaXROperator] [32m[INFO][0m Registered 'openxr_convert_pose_between_spaces' tool
[90m2026-09-17 17:21:37[0m [MetaXROperator] [32m[INFO][0m AgenticLayerXrDestroyInstance called
[90m2026-09-17 17:21:38[0m [MetI0917 17:21:38.988613 30712 OVRTelemetry.cpp:57] Telemetry_Init: calling startSession with engineName=Unity, pluginVersion=1.204.0
I0917 17:21:38.988666 30712 OVRTelemetry.cpp:61] Telemetry_Init: startSession completed successfully
Loaded scene 'Temp/__Backupscenes/0.backup'
	Deserialize:            0.971 ms
	Integration:            18150.125 ms
	Integration of assets:  0.002 ms
	Thread Wait Time:       0.014 ms
	Total Operation Time:   18151.111 ms
[HRT] RulesProvider: loaded 4 remote rule(s) (schema v1).
UnityEngine.Debug:ExtractStackTraceNoAlloc (byte*,int,string)
UnityEngine.StackTraceUtility:ExtractStackTrace ()
UnityEngine.DebugLogHandler:Internal_Log (UnityEngine.LogType,UnityEngine.LogOption,string,UnityEngine.Object)
UnityEngine.DebugLogHandler:LogFormat (UnityEngine.LogType,UnityEngine.Object,string,object[])
UnityEngine.Logger:Log (UnityEngine.LogType,object)
UnityEngine.Debug:Log (object)
Meta.HandReadinessTool.Editor.HandReadinessRulesProvider:EmitSuccess (int,int) (at ./Library/PackageCache/com.meta.xr.sdk.core@4ea2676097b9/Editor/HandReadinessTool/HandReadinessRulesProvider.cs:175)
Meta.HandReadinessTool.Editor.HandReadinessRulesProvider/<FetchAndSwap>d__11:MoveNext () (at ./Library/PackageCache/com.meta.xr.sdk.core@4ea2676097b9/Editor/HandReadinessTool/HandReadinessRulesProvider.cs:125)
System.Runtime.CompilerServices.AsyncMethodBuilderCore/MoveNextRunner:InvokeMoveNext (object)
System.Threading.ExecutionContext:RunInternal (System.Threading.ExecutionContext,System.Threading.ContextCallback,object,bool)
System.Threading.ExecutionContext:Run (System.Threading.ExecutionContext,System.Threading.ContextCallback,object,bool)
System.Runtime.CompilerServices.AsyncMethodBuilderCore/MoveNextRunner:Run ()
System.Threading.Tasks.AwaitTaskContinuation:InvokeAction (object)
System.Threading.Tasks.AwaitTaskContinuation:RunCallback (System.Threading.ContextCallback,object,System.Threading.Tasks.Task&)
System.Threading.Tasks.SynchronizationContextAwaitTaskContinuation:Run (System.Threading.Tasks.Task,bool)
System.Threading.Tasks.Task:FinishContinuations ()
System.Threading.Tasks.Task:FinishStageThree ()
System.Threading.Tasks.Task`1<Meta.XR.Editor.RemoteContent.DownloadResult`1<Meta.HandReadinessTool.Editor.HandReadinessRulesProvider/RulesPayload>>:TrySetResult (Meta.XR.Editor.RemoteContent.DownloadResult`1<Meta.HandReadinessTool.Editor.HandReadinessRulesProvider/RulesPayload>)
System.Runtime.CompilerServices.AsyncTaskMethodBuilder`1<Meta.XR.Editor.RemoteContent.DownloadResult`1<Meta.HandReadinessTool.Editor.HandReadinessRulesProvider/RulesPayload>>:SetResult (Meta.XR.Editor.RemoteContent.DownloadResult`1<Meta.HandReadinessTool.Editor.HandReadinessRulesProvider/RulesPayload>)
Meta.XR.Editor.UserInterface.RemoteJsonContent`1/<Create>d__1<Meta.HandReadinessTool.Editor.HandReadinessRulesProvider/RulesPayload>:MoveNext () (at ./Library/PackageCache/com.meta.xr.sdk.core@4ea2676097b9/Editor/Utils/UserInterface/RemoteJsonContent.cs:56)
System.Runtime.CompilerServices.AsyncMethodBuilderCore/MoveNextRunner:InvokeMoveNext (object)
System.Threading.ExecutionContext:RunInternal (System.Threading.ExecutionContext,System.Threading.ContextCallback,object,bool)
System.Threading.ExecutionContext:Run (System.Threading.ExecutionContext,System.Threading.ContextCallback,object,bool)
System.Runtime.CompilerServices.AsyncMethodBuilderCore/MoveNextRunner:Run ()
System.Threading.Tasks.AwaitTaskContinuation:InvokeAction (object)
System.Threading.Tasks.AwaitTaskContinuation:RunCallback (System.Threading.ContextCallback,object,System.Threading.Tasks.Task&)
System.Threading.Tasks.SynchronizationContextAwaitTaskContinuation:Run (System.Threading.Tasks.Task,bool)
System.Threading.Tasks.Task:FinishContinuations ()
System.Threading.Tasks.Task:FinishStageThree ()
System.Threading.Tasks.Task`1<Meta.XR.Editor.RemoteContent.DownloadResult`1<string>>:TrySetResult (Meta.XR.Editor.RemoteContent.DownloadResult`1<string>)
System.Runtime.CompilerServices.AsyncTaskMethodBuilder`1<Meta.XR.Editor.RemoteContent.DownloadResult`1<string>>:SetResult (Meta.XR.Editor.RemoteContent.DownloadResult`1<string>)
Meta.XR.Editor.RemoteContent.RemoteJsonContentDownloader/<Fetch>d__3:MoveNext () (at ./Library/PackageCache/com.meta.xr.sdk.core@4ea2676097b9/Editor/Utils/RemoteContent/RemoteContentDownloader.cs:374)
System.Runtime.CompilerServices.AsyncMethodBuilderCore/MoveNextRunner:InvokeMoveNext (object)
System.Threading.ExecutionContext:RunInternal (System.Threading.ExecutionContext,System.Threading.ContextCallback,object,bool)
System.Threading.ExecutionContext:Run (System.Threading.ExecutionContext,System.Threading.ContextCallback,object,bool)
System.Runtime.CompilerServices.AsyncMethodBuilderCore/MoveNextRunner:Run ()
System.Threading.Tasks.AwaitTaskContinuation:InvokeAction (object)
System.Threading.Tasks.AwaitTaskContinuation:RunCallback (System.Threading.ContextCallback,object,System.Threading.Tasks.Task&)
System.Threading.Tasks.SynchronizationContextAwaitTaskContinuation:Run (System.Threading.Tasks.Task,bool)
System.Threading.Tasks.Task:FinishContinuations ()
System.Threading.Tasks.Task:FinishStageThree ()
System.Threading.Tasks.Task`1<Meta.XR.Editor.RemoteContent.DownloadResult`1<string>>:TrySetResult (Meta.XR.Editor.RemoteContent.DownloadResult`1<string>)
System.Runtime.CompilerServices.AsyncTaskMethodBuilder`1<Meta.XR.Editor.RemoteContent.DownloadResult`1<string>>:SetResult (Meta.XR.Editor.RemoteContent.DownloadResult`1<string>)
Meta.XR.Editor.RemoteContent.RemoteContentDownloader`1/<Fetch>d__31`1<Meta.XR.Editor.RemoteContent.RemoteJsonContentDownloader, string>:MoveNext () (at ./Library/PackageCache/com.meta.xr.sdk.core@4ea2676097b9/Editor/Utils/RemoteContent/RemoteContentDownloader.cs:309)
System.Runtime.CompilerServices.AsyncMethodBuilderCore/MoveNextRunner:InvokeMoveNext (object)
System.Threading.ExecutionContext:RunInternal (System.Threading.ExecutionContext,System.Threading.ContextCallback,object,bool)
System.Threading.ExecutionContext:Run (System.Threading.ExecutionContext,System.Threading.ContextCallback,object,bool)
System.Runtime.CompilerServices.AsyncMethodBuilderCore/MoveNextRunner:Run ()
System.Threading.Tasks.AwaitTaskContinuation:InvokeAction (object)
System.Threading.Tasks.AwaitTaskContinuation:RunCallback (System.Threading.ContextCallback,object,System.Threading.Tasks.Task&)
System.Threading.Tasks.SynchronizationContextAwaitTaskContinuation:Run (System.Threading.Tasks.Task,bool)
System.Threading.Tasks.Task:FinishContinuations ()
System.Threading.Tasks.Task:FinishStageThree ()
System.Threading.Tasks.Task`1<string>:TrySetResult (string)
System.Runtime.CompilerServices.AsyncTaskMethodBuilder`1<string>:SetResult (string)
Meta.XR.Editor.RemoteContent.RemoteJsonContentDownloader/<ReadFromCache>d__5`1<string>:MoveNext () (at ./Library/PackageCache/com.meta.xr.sdk.core@4ea2676097b9/Editor/Utils/RemoteContent/RemoteContentDownloader.cs:401)
System.Runtime.CompilerServices.AsyncMethodBuilderCore/MoveNextRunner:InvokeMoveNext (object)
System.Threading.ExecutionContext:RunInternal (System.Threading.ExecutionContext,System.Threading.ContextCallback,object,bool)
System.Threading.ExecutionContext:Run (System.Threading.ExecutionContext,System.Threading.ContextCallback,object,bool)
System.Runtime.CompilerServices.AsyncMethodBuilderCore/MoveNextRunner:Run ()
System.Threading.Tasks.SynchronizationContextAwaitTaskContinuation/<>c:<.cctor>b__7_0 (object)
UnityEngine.UnitySynchronizationContext/WorkRequest:Invoke ()
UnityEngine.UnitySynchronizationContext:Exec ()
UnityEngine.UnitySynchronizationContext:ExecuteTasks ()

(Filename: ./Library/PackageCache/com.meta.xr.sdk.core@4ea2676097b9/Editor/HandReadinessTool/HandReadinessRulesProvider.cs Line: 175)

[HRT] PromptProvider: loaded remote prompt (systemPrompt=4925c, references=2, schema v1).
UnityEngine.Debug:ExtractStackTraceNoAlloc (byte*,int,string)
UnityEngine.StackTraceUtility:ExtractStackTrace ()
UnityEngine.DebugLogHandler:Internal_Log (UnityEngine.LogType,UnityEngine.LogOption,string,UnityEngine.Object)
UnityEngine.DebugLogHandler:LogFormat (UnityEngine.LogType,UnityEngine.Object,string,object[])
UnityEngine.Logger:Log (UnityEngine.LogType,object)
UnityEngine.Debug:Log (object)
Meta.HandReadinessTool.Editor.HandReadinessPromptProvider:EmitSuccess (int,int,int) (at ./Library/PackageCache/com.meta.xr.sdk.core@4ea2676097b9/Editor/HandReadinessTool/HandReadinessPromptProvider.cs:159)
Meta.HandReadinessTool.Editor.HandReadinessPromptProvider/<FetchAndSwap>d__11:MoveNext () (at ./Library/PackageCache/com.meta.xr.sdk.core@4ea2676097b9/Editor/HandReadinessTool/HandReadinessPromptProvider.cs:122)
System.Runtime.CompilerServices.AsyncMethodBuilderCore/MoveNextRunner:InvokeMoveNext (object)
System.Threading.ExecutionContext:RunInternal (System.Threading.ExecutionContext,System.Threading.ContextCallback,object,bool)
System.Threading.ExecutionContext:Run (System.Threading.ExecutionContext,System.Threading.ContextCallback,object,bool)
System.Runtime.CompilerServices.AsyncMethodBuilderCore/MoveNextRunner:Run ()
System.Threading.Tasks.AwaitTaskContinuation:InvokeAction (object)
System.Threading.Tasks.AwaitTaskContinuation:RunCallback (System.Threading.ContextCallback,object,System.Threading.Tasks.Task&)
System.Threading.Tasks.SynchronizationContextAwaitTaskContinuation:Run (System.Threading.Tasks.Task,bool)
System.Threading.Tasks.Task:FinishContinuations ()
System.Threading.Tasks.Task:FinishStageThree ()
System.Threading.Tasks.Task`1<Meta.XR.Editor.RemoteContent.DownloadResult`1<Meta.HandReadinessTool.Editor.HandReadinessPromptProvider/PromptPayload>>:TrySetResult (Meta.XR.Editor.RemoteContent.DownloadResult`1<Meta.HandReadinessTool.Editor.HandReadinessPromptProvider/PromptPayload>)
System.Runtime.CompilerServices.AsyncTaskMethodBuilder`1<Meta.XR.Editor.RemoteContent.DownloadResult`1<Meta.HandReadinessTool.Editor.HandReadinessPromptProvider/PromptPayload>>:SetResult (Meta.XR.Editor.RemoteContent.DownloadResult`1<Meta.HandReadinessTool.Editor.HandReadinessPromptProvider/PromptPayload>)
Meta.XR.Editor.UserInterface.RemoteJsonContent`1/<Create>d__1<Meta.HandReadinessTool.Editor.HandReadinessPromptProvider/PromptPayload>:MoveNext () (at ./Library/PackageCache/com.meta.xr.sdk.core@4ea2676097b9/Editor/Utils/UserInterface/RemoteJsonContent.cs:56)
System.Runtime.CompilerServices.AsyncMethodBuilderCore/MoveNextRunner:InvokeMoveNext (object)
System.Threading.ExecutionContext:RunInternal (System.Threading.ExecutionContext,System.Threading.ContextCallback,object,bool)
System.Threading.ExecutionContext:Run (System.Threading.ExecutionContext,System.Threading.ContextCallback,object,bool)
System.Runtime.CompilerServices.AsyncMethodBuilderCore/MoveNextRunner:Run ()
System.Threading.Tasks.AwaitTaskContinuation:InvokeAction (object)
System.Threading.Tasks.AwaitTaskContinuation:RunCallback (System.Threading.ContextCallback,object,System.Threading.Tasks.Task&)
System.Threading.Tasks.SynchronizationContextAwaitTaskContinuation:Run (System.Threading.Tasks.Task,bool)
System.Threading.Tasks.Task:FinishContinuations ()
System.Threading.Tasks.Task:FinishStageThree ()
System.Threading.Tasks.Task`1<Meta.XR.Editor.RemoteContent.DownloadResult`1<string>>:TrySetResult (Meta.XR.Editor.RemoteContent.DownloadResult`1<string>)
System.Runtime.CompilerServices.AsyncTaskMethodBuilder`1<Meta.XR.Editor.RemoteContent.DownloadResult`1<string>>:SetResult (Meta.XR.Editor.RemoteContent.DownloadResult`1<string>)
Meta.XR.Editor.RemoteContent.RemoteJsonContentDownloader/<Fetch>d__3:MoveNext () (at ./Library/PackageCache/com.meta.xr.sdk.core@4ea2676097b9/Editor/Utils/RemoteContent/RemoteContentDownloader.cs:374)
System.Runtime.CompilerServices.AsyncMethodBuilderCore/MoveNextRunner:InvokeMoveNext (object)
System.Threading.ExecutionContext:RunInternal (System.Threading.ExecutionContext,System.Threading.ContextCallback,object,bool)
System.Threading.ExecutionContext:Run (System.Threading.ExecutionContext,System.Threading.ContextCallback,object,bool)
System.Runtime.CompilerServices.AsyncMethodBuilderCore/MoveNextRunner:Run ()
System.Threading.Tasks.AwaitTaskContinuation:InvokeAction (object)
System.Threading.Tasks.AwaitTaskContinuation:RunCallback (System.Threading.ContextCallback,object,System.Threading.Tasks.Task&)
System.Threading.Tasks.SynchronizationContextAwaitTaskContinuation:Run (System.Threading.Tasks.Task,bool)
System.Threading.Tasks.Task:FinishContinuations ()
System.Threading.Tasks.Task:FinishStageThree ()
System.Threading.Tasks.Task`1<Meta.XR.Editor.RemoteContent.DownloadResult`1<string>>:TrySetResult (Meta.XR.Editor.RemoteContent.DownloadResult`1<string>)
System.Runtime.CompilerServices.AsyncTaskMethodBuilder`1<Meta.XR.Editor.RemoteContent.DownloadResult`1<string>>:SetResult (Meta.XR.Editor.RemoteContent.DownloadResult`1<string>)
Meta.XR.Editor.RemoteContent.RemoteContentDownloader`1/<Fetch>d__31`1<Meta.XR.Editor.RemoteContent.RemoteJsonContentDownloader, string>:MoveNext () (at ./Library/PackageCache/com.meta.xr.sdk.core@4ea2676097b9/Editor/Utils/RemoteContent/RemoteContentDownloader.cs:309)
System.Runtime.CompilerServices.AsyncMethodBuilderCore/MoveNextRunner:InvokeMoveNext (object)
System.Threading.ExecutionContext:RunInternal (System.Threading.ExecutionContext,System.Threading.ContextCallback,object,bool)
System.Threading.ExecutionContext:Run (System.Threading.ExecutionContext,System.Threading.ContextCallback,object,bool)
System.Runtime.CompilerServices.AsyncMethodBuilderCore/MoveNextRunner:Run ()
System.Threading.Tasks.AwaitTaskContinuation:InvokeAction (object)
System.Threading.Tasks.AwaitTaskContinuation:RunCallback (System.Threading.ContextCallback,object,System.Threading.Tasks.Task&)
System.Threading.Tasks.SynchronizationContextAwaitTaskContinuation:Run (System.Threading.Tasks.Task,bool)
System.Threading.Tasks.Task:FinishContinuations ()
System.Threading.Tasks.Task:FinishStageThree ()
System.Threading.Tasks.Task`1<string>:TrySetResult (string)
System.Runtime.CompilerServices.AsyncTaskMethodBuilder`1<string>:SetResult (string)
Meta.XR.Editor.RemoteContent.RemoteJsonContentDownloader/<ReadFromCache>d__5`1<string>:MoveNext () (at ./Library/PackageCache/com.meta.xr.sdk.core@4ea2676097b9/Editor/Utils/RemoteContent/RemoteContentDownloader.cs:401)
System.Runtime.CompilerServices.AsyncMethodBuilderCore/MoveNextRunner:InvokeMoveNext (object)
System.Threading.ExecutionContext:RunInternal (System.Threading.ExecutionContext,System.Threading.ContextCallback,object,bool)
System.Threading.ExecutionContext:Run (System.Threading.ExecutionContext,System.Threading.ContextCallback,object,bool)
System.Runtime.CompilerServices.AsyncMethodBuilderCore/MoveNextRunner:Run ()
System.Threading.Tasks.SynchronizationContextAwaitTaskContinuation/<>c:<.cctor>b__7_0 (object)
UnityEngine.UnitySynchronizationContext/WorkRequest:Invoke ()
UnityEngine.UnitySynchronizationContext:Exec ()
UnityEngine.UnitySynchronizationContext:ExecuteTasks ()

(Filename: ./Library/PackageCache/com.meta.xr.sdk.core@4ea2676097b9/Editor/HandReadinessTool/HandReadinessPromptProvider.cs Line: 159)

[MODES] ModeService[none].Initialize
[MODES] ModeService[none].LoadModes
[Licensing::Client] Successfully resolved entitlement details
[Licensing::Client] Successfully resolved entitlement details
Start importing Assets/XR/Settings/OpenXR Package Settings.asset using Guid(0d647736f3e354044b23fb340838e9eb) (NativeFormatImporter) -> (Import Result ID: '83be3409bcbc20eef5cbae634207ea95') in 0.0025971 seconds [static dependencies only]. Details - ImportResultOutputID=c8338305546446aab4e7d26577b91671 DependenciesID=2c407465c3fa9fdae37604ba5dc1335a StaticDependenciesID=e7252c103fdb22a96e109f3b4bbed5a2 
Refreshing native plugins compatible for Editor in 10.54 ms, found 12 plugins.
Asset Pipeline Refresh (id=04fbe617dd65a074c9f9faddb9fa3c7f): Total: 0.038 seconds - Initiated by StopAssetImportingV2(NoUpdateAssetOptions)
[TestRunnerTools] Callbacks registered after domain reload
UnityEngine.Debug:ExtractStackTraceNoAlloc (byte*,int,string)
UnityEngine.StackTraceUtility:ExtractStackTrace ()
UnityEngine.DebugLogHandler:Internal_Log (UnityEngine.LogType,UnityEngine.LogOption,string,UnityEngine.Object)
UnityEngine.DebugLogHandler:LogFormat (UnityEngine.LogType,UnityEngine.Object,string,object[])
UnityEngine.Logger:Log (UnityEngine.LogType,object)
UnityEngine.Debug:Log (object)
Meta.MCPBridge.Editor.TestRunnerTools:EnsureCallbacksRegistered () (at ./Library/PackageCache/com.meta.xr.sdk.core@4ea2676097b9/Editor/MCPBridge/TestRunnerTools.cs:108)
Meta.MCPBridge.Editor.TestRunnerTools:InitializeOnMainThread () (at ./Library/PackageCache/com.meta.xr.sdk.core@4ea2676097b9/Editor/MCPBridge/TestRunnerTools.cs:95)
UnityEditor.EditorApplication:Internal_CallDelayFunctions ()

(Filename: ./Library/PackageCache/com.meta.xr.sdk.core@4ea2676097b9/Editor/MCPBridge/TestRunnerTools.cs Line: 108)

[TestRunnerTools] Cache loaded from EditorPrefs: RunId=786fd3a9, IsRunning=False
UnityEngine.Debug:ExtractStackTraceNoAlloc (byte*,int,string)
UnityEngine.StackTraceUtility:ExtractStackTrace ()
UnityEngine.DebugLogHandler:Internal_Log (UnityEngine.LogType,UnityEngine.LogOption,string,UnityEngine.Object)
UnityEngine.DebugLogHandler:LogFormat (UnityEngine.LogType,UnityEngine.Object,string,object[])
UnityEngine.Logger:Log (UnityEngine.LogType,object)
UnityEngine.Debug:Log (object)
Meta.MCPBridge.Editor.TestRunnerTools:LoadCacheFromEditorPrefsUnsafe () (at ./Library/PackageCache/com.meta.xr.sdk.core@4ea2676097b9/Editor/MCPBridge/TestRunnerTools.cs:169)
Meta.MCPBridge.Editor.TestRunnerTools:EnsureCacheInitialized () (at ./Library/PackageCache/com.meta.xr.sdk.core@4ea2676097b9/Editor/MCPBridge/TestRunnerTools.cs:132)
Meta.MCPBridge.Editor.TestRunnerTools:get_IsRunning () (at ./Library/PackageCache/com.meta.xr.sdk.core@4ea2676097b9/Editor/MCPBridge/TestRunnerTools.cs:191)
Meta.MCPBridge.Editor.TestRunnerTools:EnsureCallbacksRegistered () (at ./Library/PackageCache/com.meta.xr.sdk.core@4ea2676097b9/Editor/MCPBridge/TestRunnerTools.cs:112)
Meta.MCPBridge.Editor.TestRunnerTools:InitializeOnMainThread () (at ./Library/PackageCache/com.meta.xr.sdk.core@4ea2676097b9/Editor/MCPBridge/TestRunnerTools.cs:95)
UnityEditor.EditorApplication:Internal_CallDelayFunctions ()

(Filename: ./Library/PackageCache/com.meta.xr.sdk.core@4ea2676097b9/Editor/MCPBridge/TestRunnerTools.cs Line: 169)

[Licensing::Client] Successfully resolved entitlement details
[TestRunnerTools] Run Started: OPUS, total tests: 1
UnityEngine.Debug:ExtractStackTraceNoAlloc (byte*,int,string)
UnityEngine.StackTraceUtility:ExtractStackTrace ()
UnityEngine.DebugLogHandler:Internal_Log (UnityEngine.LogType,UnityEngine.LogOption,string,UnityEngine.Object)
UnityEngine.DebugLogHandler:LogFormat (UnityEngine.LogType,UnityEngine.Object,string,object[])
UnityEngine.Logger:Log (UnityEngine.LogType,object)
UnityEngine.Debug:Log (object)
Meta.MCPBridge.Editor.TestRunnerTools:OnRunStarted (UnityEditor.TestTools.TestRunner.Api.ITestAdaptor) (at ./Library/PackageCache/com.meta.xr.sdk.core@4ea2676097b9/Editor/MCPBridge/TestRunnerTools.cs:800)
Meta.MCPBridge.Editor.TestRunnerTools/TestRunnerCallbacks:RunStarted (UnityEditor.TestTools.TestRunner.Api.ITestAdaptor) (at ./Library/PackageCache/com.meta.xr.sdk.core@4ea2676097b9/Editor/MCPBridge/TestRunnerTools.cs:889)
UnityEditor.TestTools.TestRunner.Api.CallbacksDelegator/<>c__DisplayClass7_0:<RunStarted>b__0 (UnityEditor.TestTools.TestRunner.Api.ICallbacks) (at ./Library/PackageCache/com.unity.test-framework@76560ee600cb/UnityEditor.TestRunner/Api/CallbacksDelegator.cs:42)
UnityEditor.TestTools.TestRunner.Api.CallbacksDelegator:TryInvokeAllCallbacks (System.Action`1<UnityEditor.TestTools.TestRunner.Api.ICallbacks>) (at ./Library/PackageCache/com.unity.test-framework@76560ee600cb/UnityEditor.TestRunner/Api/CallbacksDelegator.cs:135)
UnityEditor.TestTools.TestRunner.Api.CallbacksDelegator:RunStarted (NUnit.Framework.Interfaces.ITest) (at ./Library/PackageCache/com.unity.test-framework@76560ee600cb/UnityEditor.TestRunner/Api/CallbacksDelegator.cs:42)
UnityEngine.Events.InvokableCall`1<NUnit.Framework.Interfaces.ITest>:Invoke (NUnit.Framework.Interfaces.ITest)
UnityEngine.Events.UnityEvent`1<NUnit.Framework.Interfaces.ITest>:Invoke (NUnit.Framework.Interfaces.ITest)
UnityEngine.Events.InvokableCall`1<NUnit.Framework.Interfaces.ITest>:Invoke (NUnit.Framework.Interfaces.ITest)
UnityEngine.Events.UnityEvent`1<NUnit.Framework.Interfaces.ITest>:Invoke (NUnit.Framework.Interfaces.ITest)
UnityEngine.TestTools.TestRunner.PlaymodeTestsController/<Run>d__25:MoveNext () (at ./Library/PackageCache/com.unity.test-framework@76560ee600cb/UnityEngine.TestRunner/TestRunner/PlaymodeTestsController.cs:137)
UnityEngine.SetupCoroutine:InvokeMoveNext (System.Collections.IEnumerator,intptr)

(Filename: ./Library/PackageCache/com.meta.xr.sdk.core@4ea2676097b9/Editor/MCPBridge/TestRunnerTools.cs Line: 800)

[TestRunnerTools] Test Started: Opus.Games.OrchardReach.Tests.PlayMode.OrchardReachPlayModeAuditTests.DemoDriver_ProducesAllFourAuditStates
UnityEngine.Debug:ExtractStackTraceNoAlloc (byte*,int,string)
UnityEngine.StackTraceUtility:ExtractStackTrace ()
UnityEngine.DebugLogHandler:Internal_Log (UnityEngine.LogType,UnityEngine.LogOption,string,UnityEngine.Object)
UnityEngine.DebugLogHandler:LogFormat (UnityEngine.LogType,UnityEngine.Object,string,object[])
UnityEngine.Logger:Log (UnityEngine.LogType,object)
UnityEngine.Debug:Log (object)
Meta.MCPBridge.Editor.TestRunnerTools:OnTestStarted (UnityEditor.TestTools.TestRunner.Api.ITestAdaptor) (at ./Library/PackageCache/com.meta.xr.sdk.core@4ea2676097b9/Editor/MCPBridge/TestRunnerTools.cs:838)
Meta.MCPBridge.Editor.TestRunnerTools/TestRunnerCallbacks:TestStarted (UnityEditor.TestTools.TestRunner.Api.ITestAdaptor) (at ./Library/PackageCache/com.meta.xr.sdk.core@4ea2676097b9/Editor/MCPBridge/TestRunnerTools.cs:899)
UnityEditor.TestTools.TestRunner.Api.CallbacksDelegator/<>c__DisplayClass12_0:<TestStarted>b__0 (UnityEditor.TestTools.TestRunner.Api.ICallbacks) (at ./Library/PackageCache/com.unity.test-framework@76560ee600cb/UnityEditor.TestRunner/Api/CallbacksDelegator.cs:81)
UnityEditor.TestTools.TestRunner.Api.CallbacksDelegator:TryInvokeAllCallbacks (System.Action`1<UnityEditor.TestTools.TestRunner.Api.ICallbacks>) (at ./Library/PackageCache/com.unity.test-framework@76560ee600cb/UnityEditor.TestRunner/Api/CallbacksDelegator.cs:135)
UnityEditor.TestTools.TestRunner.Api.CallbacksDelegator:TestStarted (NUnit.Framework.Interfaces.ITest) (at ./Library/PackageCache/com.unity.test-framework@76560ee600cb/UnityEditor.TestRunner/Api/CallbacksDelegator.cs:81)
UnityEngine.Events.InvokableCall`1<NUnit.Framework.Interfaces.ITest>:Invoke (NUnit.Framework.Interfaces.ITest)
UnityEngine.Events.UnityEvent`1<NUnit.Framework.Interfaces.ITest>:Invoke (NUnit.Framework.Interfaces.ITest)
UnityEngine.Events.InvokableCall`1<NUnit.Framework.Interfaces.ITest>:Invoke (NUnit.Framework.Interfaces.ITest)
UnityEngine.Events.UnityEvent`1<NUnit.Framework.Interfaces.ITest>:Invoke (NUnit.Framework.Interfaces.ITest)
UnityEngine.TestTools.TestRunner.TestListenerWrapper:TestStarted (NUnit.Framework.Interfaces.ITest) (at ./Library/PackageCache/com.unity.test-framework@76560ee600cb/UnityEngine.TestRunner/TestRunner/TestListenerWrapper.cs:19)
UnityEngine.TestRunner.NUnitExtensions.Runner.UnityWorkItem:Execute () (at ./Library/PackageCache/com.unity.test-framework@76560ee600cb/UnityEngine.TestRunner/NUnitExtensions/Runner/UnityWorkItem.cs:83)
UnityEngine.TestRunner.NUnitExtensions.Runner.CompositeWorkItem/<RunChildren>d__17:MoveNext () (at ./Library/PackageCache/com.unity.test-framework@76560ee600cb/UnityEngine.TestRunner/NUnitExtensions/Runner/CompositeWorkItem.cs:203)
UnityEngine.TestRunner.NUnitExtensions.Runner.CompositeWorkItem/<PerformWork>d__13:MoveNext () (at ./Library/PackageCache/com.unity.test-framework@76560ee600cb/UnityEngine.TestRunner/NUnitExtensions/Runner/CompositeWorkItem.cs:82)
UnityEngine.TestRunner.NUnitExtensions.Runner.CompositeWorkItem/<RunChildren>d__17:MoveNext () (at ./Library/PackageCache/com.unity.test-framework@76560ee600cb/UnityEngine.TestRunner/NUnitExtensions/Runner/CompositeWorkItem.cs:207)
UnityEngine.TestRunner.NUnitExtensions.Runner.CompositeWorkItem/<PerformWork>d__13:MoveNext () (at ./Library/PackageCache/com.unity.test-framework@76560ee600cb/UnityEngine.TestRunner/NUnitExtensions/Runner/CompositeWorkItem.cs:82)
UnityEngine.TestRunner.NUnitExtensions.Runner.CompositeWorkItem/<RunChildren>d__17:MoveNext () (at ./Library/PackageCache/com.unity.test-framework@76560ee600cb/UnityEngine.TestRunner/NUnitExtensions/Runner/CompositeWorkItem.cs:207)
UnityEngine.TestRunner.NUnitExtensions.Runner.CompositeWorkItem/<PerformWork>d__13:MoveNext () (at ./Library/PackageCache/com.unity.test-framework@76560ee600cb/UnityEngine.TestRunner/NUnitExtensions/Runner/CompositeWorkItem.cs:82)
UnityEngine.TestRunner.NUnitExtensions.Runner.CompositeWorkItem/<RunChildren>d__17:MoveNext () (at ./Library/PackageCache/com.unity.test-framework@76560ee600cb/UnityEngine.TestRunner/NUnitExtensions/Runner/CompositeWorkItem.cs:207)
UnityEngine.TestRunner.NUnitExtensions.Runner.CompositeWorkItem/<PerformWork>d__13:MoveNext () (at ./Library/PackageCache/com.unity.test-framework@76560ee600cb/UnityEngine.TestRunner/NUnitExtensions/Runner/CompositeWorkItem.cs:82)
UnityEngine.TestRunner.NUnitExtensions.Runner.CompositeWorkItem/<RunChildren>d__17:MoveNext () (at ./Library/PackageCache/com.unity.test-framework@76560ee600cb/UnityEngine.TestRunner/NUnitExtensions/Runner/CompositeWorkItem.cs:207)
UnityEngine.TestRunner.NUnitExtensions.Runner.CompositeWorkItem/<PerformWork>d__13:MoveNext () (at ./Library/PackageCache/com.unity.test-framework@76560ee600cb/UnityEngine.TestRunner/NUnitExtensions/Runner/CompositeWorkItem.cs:82)
UnityEngine.TestRunner.NUnitExtensions.Runner.CompositeWorkItem/<RunChildren>d__17:MoveNext () (at ./Library/PackageCache/com.unity.test-framework@76560ee600cb/UnityEngine.TestRunner/NUnitExtensions/Runner/CompositeWorkItem.cs:207)
UnityEngine.TestRunner.NUnitExtensions.Runner.CompositeWorkItem/<PerformWork>d__13:MoveNext () (at ./Library/PackageCache/com.unity.test-framework@76560ee600cb/UnityEngine.TestRunner/NUnitExtensions/Runner/CompositeWorkItem.cs:82)
UnityEngine.TestRunner.NUnitExtensions.Runner.CompositeWorkItem/<RunChildren>d__17:MoveNext () (at ./Library/PackageCache/com.unity.test-framework@76560ee600cb/UnityEngine.TestRunner/NUnitExtensions/Runner/CompositeWorkItem.cs:207)
UnityEngine.TestRunner.NUnitExtensions.Runner.CompositeWorkItem/<PerformWork>d__13:MoveNext () (at ./Library/PackageCache/com.unity.test-framework@76560ee600cb/UnityEngine.TestRunner/NUnitExtensions/Runner/CompositeWorkItem.cs:82)
UnityEngine.TestRunner.NUnitExtensions.Runner.CompositeWorkItem/<RunChildren>d__17:MoveNext () (at ./Library/PackageCache/com.unity.test-framework@76560ee600cb/UnityEngine.TestRunner/NUnitExtensions/Runner/CompositeWorkItem.cs:207)
UnityEngine.TestRunner.NUnitExtensions.Runner.CompositeWorkItem/<PerformWork>d__13:MoveNext () (at ./Library/PackageCache/com.unity.test-framework@76560ee600cb/UnityEngine.TestRunner/NUnitExtensions/Runner/CompositeWorkItem.cs:82)
UnityEngine.TestTools.TestRunner.PlaymodeTestsController/<TestRunnerCoroutine>d__24:MoveNext () (at ./Library/PackageCache/com.unity.test-framework@76560ee600cb/UnityEngine.TestRunner/TestRunner/PlaymodeTestsController.cs:93)
UnityEngine.SetupCoroutine:InvokeMoveNext (System.Collections.IEnumerator,intptr)

(Filename: ./Library/PackageCache/com.meta.xr.sdk.core@4ea2676097b9/Editor/MCPBridge/TestRunnerTools.cs Line: 838)

Unloading 182 Unused Serialized files (Serialized files now loaded: 0)
UnloadTime: 0.577500 ms
Found IOVRSkeletonDataProvider reference in [BuildingBlock] Hand Tracking left due to unassigned field.
UnityEngine.Debug:ExtractStackTraceNoAlloc (byte*,int,string)
UnityEngine.StackTraceUtility:ExtractStackTrace ()
UnityEngine.DebugLogHandler:Internal_Log (UnityEngine.LogType,UnityEngine.LogOption,string,UnityEngine.Object)
UnityEngine.DebugLogHandler:LogFormat (UnityEngine.LogType,UnityEngine.Object,string,object[])
UnityEngine.Logger:Log (UnityEngine.LogType,object)
UnityEngine.Debug:Log (object)
OVRSkeleton:Awake () (at ./Library/PackageCache/com.meta.xr.sdk.core@4ea2676097b9/Scripts/Util/OVRSkeleton.cs:520)

(Filename: ./Library/PackageCache/com.meta.xr.sdk.core@4ea2676097b9/Scripts/Util/OVRSkeleton.cs Line: 520)

Found IOVRSkeletonDataProvider reference in [BuildingBlock] Hand Tracking right due to unassigned field.
UnityEngine.Debug:ExtractStackTraceNoAlloc (byte*,int,string)
UnityEngine.StackTraceUtility:ExtractStackTrace ()
UnityEngine.DebugLogHandler:Internal_Log (UnityEngine.LogType,UnityEngine.LogOption,string,UnityEngine.Object)
UnityEngine.DebugLogHandler:LogFormat (UnityEngine.LogType,UnityEngine.Object,string,object[])
UnityEngine.Logger:Log (UnityEngine.LogType,object)
UnityEngine.Debug:Log (object)
OVRSkeleton:Awake () (at ./Library/PackageCache/com.meta.xr.sdk.core@4ea2676097b9/Scripts/Util/OVRSkeleton.cs:520)

(Filename: ./Library/PackageCache/com.meta.xr.sdk.core@4ea2676097b9/Scripts/Util/OVRSkeleton.cs Line: 520)

Setting linear velocity of a kinematic body is not supported.
UnityEngine.Debug:ExtractStackTraceNoAlloc (byte*,int,string)
UnityEngine.StackTraceUtility:ExtractStackTrace ()
UnityEngine.Rigidbody:set_linearVelocity (UnityEngine.Vector3)
Opus.Shell.OrchardReachSceneController:HandleTrialEvent (Opus.Sdk.TrialEvent) (at Assets/Shell/Runtime/OrchardReachSceneController.cs:235)
Opus.Games.OrchardReach.OrchardReachModule:Emit (string,string,Opus.Sdk.TrialTarget,string) (at Assets/Games/OrchardReach/Runtime/OrchardReachModule.cs:191)
Opus.Games.OrchardReach.OrchardReachModule:EmitSignal (System.Nullable`1<Opus.Games.OrchardReach.TrialSignal>,string,Opus.Sdk.TrialTarget) (at Assets/Games/OrchardReach/Runtime/OrchardReachModule.cs:207)
Opus.Games.OrchardReach.OrchardReachModule:StartNextTrial (double) (at Assets/Games/OrchardReach/Runtime/OrchardReachModule.cs:113)
Opus.Games.OrchardReach.OrchardReachModule:Begin () (at Assets/Games/OrchardReach/Runtime/OrchardReachModule.cs:76)
Opus.Shell.OrchardReachSceneController:Awake () (at Assets/Shell/Runtime/OrchardReachSceneController.cs:113)

[Assets/Shell/Runtime/OrchardReachSceneController.cs line 235]

Loaded scene 'Assets/Scenes/OrchardReach.unity'
	Deserialize:            669.587 ms
	Integration:            475.744 ms
	Integration of assets:  510.796 ms
	Thread Wait Time:       -0.214 ms
	Total Operation Time:   1655.914 ms
Unloading 16454 unused Assets / (15.7 MB). Loaded Objects now: 14796.
Memory consumption went from 342.7 MB to 327.0 MB.
Total: 24.476700 ms (FindLiveObjects: 2.031600 ms CreateObjectMapping: 1.021700 ms MarkObjects: 13.679600 ms  DeleteObjects: 7.742600 ms)

Unable to process a controller whose SampleRateHz is 0 now.
UnityEngine.Debug:ExtractStackTraceNoAlloc (byte*,int,string)
UnityEngine.StackTraceUtility:ExtractStackTrace ()
UnityEngine.DebugLogHandler:Internal_Log (UnityEngine.LogType,UnityEngine.LogOption,string,UnityEngine.Object)
UnityEngine.DebugLogHandler:LogFormat (UnityEngine.LogType,UnityEngine.Object,string,object[])
UnityEngine.Logger:Log (UnityEngine.LogType,object)
UnityEngine.Debug:Log (object)
OVRHaptics/OVRHapticsOutput:Process () (at ./Library/PackageCache/com.meta.xr.sdk.core@4ea2676097b9/Scripts/OVRHaptics.cs:182)
OVRHaptics:Process () (at ./Library/PackageCache/com.meta.xr.sdk.core@4ea2676097b9/Scripts/OVRHaptics.cs:399)
OVRManager:LateUpdate () (at ./Library/PackageCache/com.meta.xr.sdk.core@4ea2676097b9/Scripts/OVRManager.cs:3405)

(Filename: ./Library/PackageCache/com.meta.xr.sdk.core@4ea2676097b9/Scripts/OVRHaptics.cs Line: 182)

Unable to process a controller whose SampleRateHz is 0 now.
UnityEngine.Debug:ExtractStackTraceNoAlloc (byte*,int,string)
UnityEngine.StackTraceUtility:ExtractStackTrace ()
UnityEngine.DebugLogHandler:Internal_Log (UnityEngine.LogType,UnityEngine.LogOption,string,UnityEngine.Object)
UnityEngine.DebugLogHandler:LogFormat (UnityEngine.LogType,UnityEngine.Object,string,object[])
UnityEngine.Logger:Log (UnityEngine.LogType,object)
UnityEngine.Debug:Log (object)
OVRHaptics/OVRHapticsOutput:Process () (at ./Library/PackageCache/com.meta.xr.sdk.core@4ea2676097b9/Scripts/OVRHaptics.cs:182)
OVRHaptics:Process () (at ./Library/PackageCache/com.meta.xr.sdk.core@4ea2676097b9/Scripts/OVRHaptics.cs:399)
OVRManager:LateUpdate () (at ./Library/PackageCache/com.meta.xr.sdk.core@4ea2676097b9/Scripts/OVRManager.cs:3405)

(Filename: ./Library/PackageCache/com.meta.xr.sdk.core@4ea2676097b9/Scripts/OVRHaptics.cs Line: 182)

[OPUS] PlayModeAudit: hid 242 rig hand/controller-hint renderers
UnityEngine.Debug:ExtractStackTraceNoAlloc (byte*,int,string)
UnityEngine.StackTraceUtility:ExtractStackTrace ()
UnityEngine.DebugLogHandler:Internal_Log (UnityEngine.LogType,UnityEngine.LogOption,string,UnityEngine.Object)
UnityEngine.DebugLogHandler:LogFormat (UnityEngine.LogType,UnityEngine.Object,string,object[])
UnityEngine.Logger:Log (UnityEngine.LogType,object)
UnityEngine.Debug:Log (object)
Opus.Games.OrchardReach.Tests.PlayMode.OrchardReachPlayModeAuditTests/<DemoDriver_ProducesAllFourAuditStates>d__2:MoveNext () (at Assets/Games/OrchardReach/Tests/PlayMode/OrchardReachPlayModeAuditTests.cs:53)
UnityEngine.TestTools.TestEnumerator/<Execute>d__7:MoveNext () (at ./Library/PackageCache/com.unity.test-framework@76560ee600cb/UnityEngine.TestRunner/NUnitExtensions/Attributes/TestEnumerator.cs:44)
UnityEngine.TestTools.EnumerableTestMethodCommand/<ExecuteEnumerableAndRecordExceptions>d__4:MoveNext () (at ./Library/PackageCache/com.unity.test-framework@76560ee600cb/UnityEngine.TestRunner/NUnitExtensions/Commands/EnumerableTestMethodCommand.cs:79)
UnityEngine.TestTools.EnumerableTestMethodCommand:AdvanceEnumerator (System.Collections.IEnumerator) (at ./Library/PackageCache/com.unity.test-framework@76560ee600cb/UnityEngine.TestRunner/NUnitExtensions/Commands/EnumerableTestMethodCommand.cs:64)
UnityEngine.TestTools.EnumerableTestMethodCommand/<ExecuteEnumerable>d__2:MoveNext () (at ./Library/PackageCache/com.unity.test-framework@76560ee600cb/UnityEngine.TestRunner/NUnitExtensions/Commands/EnumerableTestMethodCommand.cs:47)
UnityEngine.TestRunner.NUnitExtensions.Runner.UnityLogCheckDelegatingCommand/<ExecuteEnumerable>d__3:MoveNext () (at ./Library/PackageCache/com.unity.test-framework@76560ee600cb/UnityEngine.TestRunner/NUnitExtensions/Runner/UnityLogCheckDelegatingCommand.cs:48)
UnityEngine.TestTools.BeforeAfterTestCommandBase`1/<ExecuteEnumerable>d__16<NUnit.Framework.ITestAction>:MoveNext () (at ./Library/PackageCache/com.unity.test-framework@76560ee600cb/UnityEngine.TestRunner/NUnitExtensions/Commands/BeforeAfterTestCommandBase.cs:212)
UnityEngine.TestTools.BeforeAfterTestCommandBase`1/<ExecuteEnumerable>d__16<System.Reflection.MethodInfo>:MoveNext () (at ./Library/PackageCache/com.unity.test-framework@76560ee600cb/UnityEngine.TestRunner/NUnitExtensions/Commands/BeforeAfterTestCommandBase.cs:212)
UnityEngine.TestTools.BeforeAfterTestCommandBase`1/<ExecuteEnumerable>d__16<System.Reflection.MethodInfo>:MoveNext () (at ./Library/PackageCache/com.unity.test-framework@76560ee600cb/UnityEngine.TestRunner/NUnitExtensions/Commands/BeforeAfterTestCommandBase.cs:212)
UnityEngine.TestTools.BeforeAfterTestCommandBase`1/<ExecuteEnumerable>d__16<UnityEngine.TestTools.IOuterUnityTestAction>:MoveNext () (at ./Library/PackageCache/com.unity.test-framework@76560ee600cb/UnityEngine.TestRunner/NUnitExtensions/Commands/BeforeAfterTestCommandBase.cs:212)
UnityEngine.TestTools.RetryCommand/<ExecuteEnumerable>d__2:MoveNext () (at ./Library/PackageCache/com.unity.test-framework@76560ee600cb/UnityEngine.TestRunner/NUnitExtensions/Commands/RetryCommand.cs:37)
UnityEngine.TestTools.RepeatCommand/<ExecuteEnumerable>d__2:MoveNext () (at ./Library/PackageCache/com.unity.test-framework@76560ee600cb/UnityEngine.TestRunner/NUnitExtensions/Commands/RepeatCommand.cs:36)
UnityEngine.TestTools.IgnoreTestCommand/<ExecuteEnumerable>d__3:MoveNext () (at ./Library/PackageCache/com.unity.test-framework@76560ee600cb/UnityEngine.TestRunner/NUnitExtensions/Commands/IgnoreTestCommand.cs:42)
UnityEngine.TestTools.StrictCheckCommand/<ExecuteEnumerable>d__2:MoveNext () (at ./Library/PackageCache/com.unity.test-framework@76560ee600cb/UnityEngine.TestRunner/NUnitExtensions/Commands/StrictCheckCommand.cs:29)
UnityEngine.TestTools.Utils.CoroutineRunner/<WrapEnumeratorForChecks>d__8:MoveNext () (at ./Library/PackageCache/com.unity.test-framework@76560ee600cb/UnityEngine.TestRunner/Utils/CoroutineRunner.cs:58)
UnityEngine.SetupCoroutine:InvokeMoveNext (System.Collections.IEnumerator,intptr)

(Filename: Assets/Games/OrchardReach/Tests/PlayMode/OrchardReachPlayModeAuditTests.cs Line: 53)

[OPUS] PlayModeAudit: wrote C:\Users\GARV BANSAL\Documents\VR_games\OPUS\logs\sessions\screens\unity\run7_playmode\01_target_shown.png (1008004 bytes)
UnityEngine.Debug:ExtractStackTraceNoAlloc (byte*,int,string)
UnityEngine.StackTraceUtility:ExtractStackTrace ()
UnityEngine.DebugLogHandler:Internal_Log (UnityEngine.LogType,UnityEngine.LogOption,string,UnityEngine.Object)
UnityEngine.DebugLogHandler:LogFormat (UnityEngine.LogType,UnityEngine.Object,string,object[])
UnityEngine.Logger:Log (UnityEngine.LogType,object)
UnityEngine.Debug:Log (object)
Opus.Games.OrchardReach.Tests.PlayMode.OrchardReachPlayModeAuditTests:CaptureShot (string,string) (at Assets/Games/OrchardReach/Tests/PlayMode/OrchardReachPlayModeAuditTests.cs:158)
Opus.Games.OrchardReach.Tests.PlayMode.OrchardReachPlayModeAuditTests/<DemoDriver_ProducesAllFourAuditStates>d__2:MoveNext () (at Assets/Games/OrchardReach/Tests/PlayMode/OrchardReachPlayModeAuditTests.cs:78)
UnityEngine.TestTools.TestEnumerator/<Execute>d__7:MoveNext () (at ./Library/PackageCache/com.unity.test-framework@76560ee600cb/UnityEngine.TestRunner/NUnitExtensions/Attributes/TestEnumerator.cs:44)
UnityEngine.TestTools.EnumerableTestMethodCommand/<ExecuteEnumerableAndRecordExceptions>d__4:MoveNext () (at ./Library/PackageCache/com.unity.test-framework@76560ee600cb/UnityEngine.TestRunner/NUnitExtensions/Commands/EnumerableTestMethodCommand.cs:79)
UnityEngine.TestTools.EnumerableTestMethodCommand:AdvanceEnumerator (System.Collections.IEnumerator) (at ./Library/PackageCache/com.unity.test-framework@76560ee600cb/UnityEngine.TestRunner/NUnitExtensions/Commands/EnumerableTestMethodCommand.cs:64)
UnityEngine.TestTools.EnumerableTestMethodCommand/<ExecuteEnumerable>d__2:MoveNext () (at ./Library/PackageCache/com.unity.test-framework@76560ee600cb/UnityEngine.TestRunner/NUnitExtensions/Commands/EnumerableTestMethodCommand.cs:47)
UnityEngine.TestRunner.NUnitExtensions.Runner.UnityLogCheckDelegatingCommand/<ExecuteEnumerable>d__3:MoveNext () (at ./Library/PackageCache/com.unity.test-framework@76560ee600cb/UnityEngine.TestRunner/NUnitExtensions/Runner/UnityLogCheckDelegatingCommand.cs:48)
UnityEngine.TestTools.BeforeAfterTestCommandBase`1/<ExecuteEnumerable>d__16<NUnit.Framework.ITestAction>:MoveNext () (at ./Library/PackageCache/com.unity.test-framework@76560ee600cb/UnityEngine.TestRunner/NUnitExtensions/Commands/BeforeAfterTestCommandBase.cs:212)
UnityEngine.TestTools.BeforeAfterTestCommandBase`1/<ExecuteEnumerable>d__16<System.Reflection.MethodInfo>:MoveNext () (at ./Library/PackageCache/com.unity.test-framework@76560ee600cb/UnityEngine.TestRunner/NUnitExtensions/Commands/BeforeAfterTestCommandBase.cs:212)
UnityEngine.TestTools.BeforeAfterTestCommandBase`1/<ExecuteEnumerable>d__16<System.Reflection.MethodInfo>:MoveNext () (at ./Library/PackageCache/com.unity.test-framework@76560ee600cb/UnityEngine.TestRunner/NUnitExtensions/Commands/BeforeAfterTestCommandBase.cs:212)
UnityEngine.TestTools.BeforeAfterTestCommandBase`1/<ExecuteEnumerable>d__16<UnityEngine.TestTools.IOuterUnityTestAction>:MoveNext () (at ./Library/PackageCache/com.unity.test-framework@76560ee600cb/UnityEngine.TestRunner/NUnitExtensions/Commands/BeforeAfterTestCommandBase.cs:212)
UnityEngine.TestTools.RetryCommand/<ExecuteEnumerable>d__2:MoveNext () (at ./Library/PackageCache/com.unity.test-framework@76560ee600cb/UnityEngine.TestRunner/NUnitExtensions/Commands/RetryCommand.cs:37)
UnityEngine.TestTools.RepeatCommand/<ExecuteEnumerable>d__2:MoveNext () (at ./Library/PackageCache/com.unity.test-framework@76560ee600cb/UnityEngine.TestRunner/NUnitExtensions/Commands/RepeatCommand.cs:36)
UnityEngine.TestTools.IgnoreTestCommand/<ExecuteEnumerable>d__3:MoveNext () (at ./Library/PackageCache/com.unity.test-framework@76560ee600cb/UnityEngine.TestRunner/NUnitExtensions/Commands/IgnoreTestCommand.cs:42)
UnityEngine.TestTools.StrictCheckCommand/<ExecuteEnumerable>d__2:MoveNext () (at ./Library/PackageCache/com.unity.test-framework@76560ee600cb/UnityEngine.TestRunner/NUnitExtensions/Commands/StrictCheckCommand.cs:29)
UnityEngine.TestTools.Utils.CoroutineRunner/<WrapEnumeratorForChecks>d__8:MoveNext () (at ./Library/PackageCache/com.unity.test-framework@76560ee600cb/UnityEngine.TestRunner/Utils/CoroutineRunner.cs:58)
UnityEngine.SetupCoroutine:InvokeMoveNext (System.Collections.IEnumerator,intptr)

(Filename: Assets/Games/OrchardReach/Tests/PlayMode/OrchardReachPlayModeAuditTests.cs Line: 158)

[OPUS] PlayModeAudit: captured target_shown at t=0.00s
UnityEngine.Debug:ExtractStackTraceNoAlloc (byte*,int,string)
UnityEngine.StackTraceUtility:ExtractStackTrace ()
UnityEngine.DebugLogHandler:Internal_Log (UnityEngine.LogType,UnityEngine.LogOption,string,UnityEngine.Object)
UnityEngine.DebugLogHandler:LogFormat (UnityEngine.LogType,UnityEngine.Object,string,object[])
UnityEngine.Logger:Log (UnityEngine.LogType,object)
UnityEngine.Debug:Log (object)
Opus.Games.OrchardReach.Tests.PlayMode.OrchardReachPlayModeAuditTests/<DemoDriver_ProducesAllFourAuditStates>d__2:MoveNext () (at Assets/Games/OrchardReach/Tests/PlayMode/OrchardReachPlayModeAuditTests.cs:80)
UnityEngine.TestTools.TestEnumerator/<Execute>d__7:MoveNext () (at ./Library/PackageCache/com.unity.test-framework@76560ee600cb/UnityEngine.TestRunner/NUnitExtensions/Attributes/TestEnumerator.cs:44)
UnityEngine.TestTools.EnumerableTestMethodCommand/<ExecuteEnumerableAndRecordExceptions>d__4:MoveNext () (at ./Library/PackageCache/com.unity.test-framework@76560ee600cb/UnityEngine.TestRunner/NUnitExtensions/Commands/EnumerableTestMethodCommand.cs:79)
UnityEngine.TestTools.EnumerableTestMethodCommand:AdvanceEnumerator (System.Collections.IEnumerator) (at ./Library/PackageCache/com.unity.test-framework@76560ee600cb/UnityEngine.TestRunner/NUnitExtensions/Commands/EnumerableTestMethodCommand.cs:64)
UnityEngine.TestTools.EnumerableTestMethodCommand/<ExecuteEnumerable>d__2:MoveNext () (at ./Library/PackageCache/com.unity.test-framework@76560ee600cb/UnityEngine.TestRunner/NUnitExtensions/Commands/EnumerableTestMethodCommand.cs:47)
UnityEngine.TestRunner.NUnitExtensions.Runner.UnityLogCheckDelegatingCommand/<ExecuteEnumerable>d__3:MoveNext () (at ./Library/PackageCache/com.unity.test-framework@76560ee600cb/UnityEngine.TestRunner/NUnitExtensions/Runner/UnityLogCheckDelegatingCommand.cs:48)
UnityEngine.TestTools.BeforeAfterTestCommandBase`1/<ExecuteEnumerable>d__16<NUnit.Framework.ITestAction>:MoveNext () (at ./Library/PackageCache/com.unity.test-framework@76560ee600cb/UnityEngine.TestRunner/NUnitExtensions/Commands/BeforeAfterTestCommandBase.cs:212)
UnityEngine.TestTools.BeforeAfterTestCommandBase`1/<ExecuteEnumerable>d__16<System.Reflection.MethodInfo>:MoveNext () (at ./Library/PackageCache/com.unity.test-framework@76560ee600cb/UnityEngine.TestRunner/NUnitExtensions/Commands/BeforeAfterTestCommandBase.cs:212)
UnityEngine.TestTools.BeforeAfterTestCommandBase`1/<ExecuteEnumerable>d__16<System.Reflection.MethodInfo>:MoveNext () (at ./Library/PackageCache/com.unity.test-framework@76560ee600cb/UnityEngine.TestRunner/NUnitExtensions/Commands/BeforeAfterTestCommandBase.cs:212)
UnityEngine.TestTools.BeforeAfterTestCommandBase`1/<ExecuteEnumerable>d__16<UnityEngine.TestTools.IOuterUnityTestAction>:MoveNext () (at ./Library/PackageCache/com.unity.test-framework@76560ee600cb/UnityEngine.TestRunner/NUnitExtensions/Commands/BeforeAfterTestCommandBase.cs:212)
UnityEngine.TestTools.RetryCommand/<ExecuteEnumerable>d__2:MoveNext () (at ./Library/PackageCache/com.unity.test-framework@76560ee600cb/UnityEngine.TestRunner/NUnitExtensions/Commands/RetryCommand.cs:37)
UnityEngine.TestTools.RepeatCommand/<ExecuteEnumerable>d__2:MoveNext () (at ./Library/PackageCache/com.unity.test-framework@76560ee600cb/UnityEngine.TestRunner/NUnitExtensions/Commands/RepeatCommand.cs:36)
UnityEngine.TestTools.IgnoreTestCommand/<ExecuteEnumerable>d__3:MoveNext () (at ./Library/PackageCache/com.unity.test-framework@76560ee600cb/UnityEngine.TestRunner/NUnitExtensions/Commands/IgnoreTestCommand.cs:42)
UnityEngine.TestTools.StrictCheckCommand/<ExecuteEnumerable>d__2:MoveNext () (at ./Library/PackageCache/com.unity.test-framework@76560ee600cb/UnityEngine.TestRunner/NUnitExtensions/Commands/StrictCheckCommand.cs:29)
UnityEngine.TestTools.Utils.CoroutineRunner/<WrapEnumeratorForChecks>d__8:MoveNext () (at ./Library/PackageCache/com.unity.test-framework@76560ee600cb/UnityEngine.TestRunner/Utils/CoroutineRunner.cs:58)
UnityEngine.SetupCoroutine:InvokeMoveNext (System.Collections.IEnumerator,intptr)

(Filename: Assets/Games/OrchardReach/Tests/PlayMode/OrchardReachPlayModeAuditTests.cs Line: 80)

[OPUS] PlayModeAudit: wrote C:\Users\GARV BANSAL\Documents\VR_games\OPUS\logs\sessions\screens\unity\run7_playmode\03_grasp.png (612049 bytes)
UnityEngine.Debug:ExtractStackTraceNoAlloc (byte*,int,string)
UnityEngine.StackTraceUtility:ExtractStackTrace ()
UnityEngine.DebugLogHandler:Internal_Log (UnityEngine.LogType,UnityEngine.LogOption,string,UnityEngine.Object)
UnityEngine.DebugLogHandler:LogFormat (UnityEngine.LogType,UnityEngine.Object,string,object[])
UnityEngine.Logger:Log (UnityEngine.LogType,object)
UnityEngine.Debug:Log (object)
Opus.Games.OrchardReach.Tests.PlayMode.OrchardReachPlayModeAuditTests:CaptureShot (string,string) (at Assets/Games/OrchardReach/Tests/PlayMode/OrchardReachPlayModeAuditTests.cs:158)
Opus.Games.OrchardReach.Tests.PlayMode.OrchardReachPlayModeAuditTests/<DemoDriver_ProducesAllFourAuditStates>d__2:MoveNext () (at Assets/Games/OrchardReach/Tests/PlayMode/OrchardReachPlayModeAuditTests.cs:90)
UnityEngine.TestTools.TestEnumerator/<Execute>d__7:MoveNext () (at ./Library/PackageCache/com.unity.test-framework@76560ee600cb/UnityEngine.TestRunner/NUnitExtensions/Attributes/TestEnumerator.cs:44)
UnityEngine.TestTools.EnumerableTestMethodCommand/<ExecuteEnumerableAndRecordExceptions>d__4:MoveNext () (at ./Library/PackageCache/com.unity.test-framework@76560ee600cb/UnityEngine.TestRunner/NUnitExtensions/Commands/EnumerableTestMethodCommand.cs:79)
UnityEngine.TestTools.EnumerableTestMethodCommand:AdvanceEnumerator (System.Collections.IEnumerator) (at ./Library/PackageCache/com.unity.test-framework@76560ee600cb/UnityEngine.TestRunner/NUnitExtensions/Commands/EnumerableTestMethodCommand.cs:64)
UnityEngine.TestTools.EnumerableTestMethodCommand/<ExecuteEnumerable>d__2:MoveNext () (at ./Library/PackageCache/com.unity.test-framework@76560ee600cb/UnityEngine.TestRunner/NUnitExtensions/Commands/EnumerableTestMethodCommand.cs:47)
UnityEngine.TestRunner.NUnitExtensions.Runner.UnityLogCheckDelegatingCommand/<ExecuteEnumerable>d__3:MoveNext () (at ./Library/PackageCache/com.unity.test-framework@76560ee600cb/UnityEngine.TestRunner/NUnitExtensions/Runner/UnityLogCheckDelegatingCommand.cs:48)
UnityEngine.TestTools.BeforeAfterTestCommandBase`1/<ExecuteEnumerable>d__16<NUnit.Framework.ITestAction>:MoveNext () (at ./Library/PackageCache/com.unity.test-framework@76560ee600cb/UnityEngine.TestRunner/NUnitExtensions/Commands/BeforeAfterTestCommandBase.cs:212)
UnityEngine.TestTools.BeforeAfterTestCommandBase`1/<ExecuteEnumerable>d__16<System.Reflection.MethodInfo>:MoveNext () (at ./Library/PackageCache/com.unity.test-framework@76560ee600cb/UnityEngine.TestRunner/NUnitExtensions/Commands/BeforeAfterTestCommandBase.cs:212)
UnityEngine.TestTools.BeforeAfterTestCommandBase`1/<ExecuteEnumerable>d__16<System.Reflection.MethodInfo>:MoveNext () (at ./Library/PackageCache/com.unity.test-framework@76560ee600cb/UnityEngine.TestRunner/NUnitExtensions/Commands/BeforeAfterTestCommandBase.cs:212)
UnityEngine.TestTools.BeforeAfterTestCommandBase`1/<ExecuteEnumerable>d__16<UnityEngine.TestTools.IOuterUnityTestAction>:MoveNext () (at ./Library/PackageCache/com.unity.test-framework@76560ee600cb/UnityEngine.TestRunner/NUnitExtensions/Commands/BeforeAfterTestCommandBase.cs:212)
UnityEngine.TestTools.RetryCommand/<ExecuteEnumerable>d__2:MoveNext () (at ./Library/PackageCache/com.unity.test-framework@76560ee600cb/UnityEngine.TestRunner/NUnitExtensions/Commands/RetryCommand.cs:37)
UnityEngine.TestTools.RepeatCommand/<ExecuteEnumerable>d__2:MoveNext () (at ./Library/PackageCache/com.unity.test-framework@76560ee600cb/UnityEngine.TestRunner/NUnitExtensions/Commands/RepeatCommand.cs:36)
UnityEngine.TestTools.IgnoreTestCommand/<ExecuteEnumerable>d__3:MoveNext () (at ./Library/PackageCache/com.unity.test-framework@76560ee600cb/UnityEngine.TestRunner/NUnitExtensions/Commands/IgnoreTestCommand.cs:42)
UnityEngine.TestTools.StrictCheckCommand/<ExecuteEnumerable>d__2:MoveNext () (at ./Library/PackageCache/com.unity.test-framework@76560ee600cb/UnityEngine.TestRunner/NUnitExtensions/Commands/StrictCheckCommand.cs:29)
UnityEngine.TestTools.Utils.CoroutineRunner/<WrapEnumeratorForChecks>d__8:MoveNext () (at ./Library/PackageCache/com.unity.test-framework@76560ee600cb/UnityEngine.TestRunner/Utils/CoroutineRunner.cs:58)
UnityEngine.SetupCoroutine:InvokeMoveNext (System.Collections.IEnumerator,intptr)

(Filename: Assets/Games/OrchardReach/Tests/PlayMode/OrchardReachPlayModeAuditTests.cs Line: 158)

[OPUS] PlayModeAudit: captured grasp at t=0.02s
UnityEngine.Debug:ExtractStackTraceNoAlloc (byte*,int,string)
UnityEngine.StackTraceUtility:ExtractStackTrace ()
UnityEngine.DebugLogHandler:Internal_Log (UnityEngine.LogType,UnityEngine.LogOption,string,UnityEngine.Object)
UnityEngine.DebugLogHandler:LogFormat (UnityEngine.LogType,UnityEngine.Object,string,object[])
UnityEngine.Logger:Log (UnityEngine.LogType,object)
UnityEngine.Debug:Log (object)
Opus.Games.OrchardReach.Tests.PlayMode.OrchardReachPlayModeAuditTests/<DemoDriver_ProducesAllFourAuditStates>d__2:MoveNext () (at Assets/Games/OrchardReach/Tests/PlayMode/OrchardReachPlayModeAuditTests.cs:92)
UnityEngine.TestTools.TestEnumerator/<Execute>d__7:MoveNext () (at ./Library/PackageCache/com.unity.test-framework@76560ee600cb/UnityEngine.TestRunner/NUnitExtensions/Attributes/TestEnumerator.cs:44)
UnityEngine.TestTools.EnumerableTestMethodCommand/<ExecuteEnumerableAndRecordExceptions>d__4:MoveNext () (at ./Library/PackageCache/com.unity.test-framework@76560ee600cb/UnityEngine.TestRunner/NUnitExtensions/Commands/EnumerableTestMethodCommand.cs:79)
UnityEngine.TestTools.EnumerableTestMethodCommand:AdvanceEnumerator (System.Collections.IEnumerator) (at ./Library/PackageCache/com.unity.test-framework@76560ee600cb/UnityEngine.TestRunner/NUnitExtensions/Commands/EnumerableTestMethodCommand.cs:64)
UnityEngine.TestTools.EnumerableTestMethodCommand/<ExecuteEnumerable>d__2:MoveNext () (at ./Library/PackageCache/com.unity.test-framework@76560ee600cb/UnityEngine.TestRunner/NUnitExtensions/Commands/EnumerableTestMethodCommand.cs:47)
UnityEngine.TestRunner.NUnitExtensions.Runner.UnityLogCheckDelegatingCommand/<ExecuteEnumerable>d__3:MoveNext () (at ./Library/PackageCache/com.unity.test-framework@76560ee600cb/UnityEngine.TestRunner/NUnitExtensions/Runner/UnityLogCheckDelegatingCommand.cs:48)
UnityEngine.TestTools.BeforeAfterTestCommandBase`1/<ExecuteEnumerable>d__16<NUnit.Framework.ITestAction>:MoveNext () (at ./Library/PackageCache/com.unity.test-framework@76560ee600cb/UnityEngine.TestRunner/NUnitExtensions/Commands/BeforeAfterTestCommandBase.cs:212)
UnityEngine.TestTools.BeforeAfterTestCommandBase`1/<ExecuteEnumerable>d__16<System.Reflection.MethodInfo>:MoveNext () (at ./Library/PackageCache/com.unity.test-framework@76560ee600cb/UnityEngine.TestRunner/NUnitExtensions/Commands/BeforeAfterTestCommandBase.cs:212)
UnityEngine.TestTools.BeforeAfterTestCommandBase`1/<ExecuteEnumerable>d__16<System.Reflection.MethodInfo>:MoveNext () (at ./Library/PackageCache/com.unity.test-framework@76560ee600cb/UnityEngine.TestRunner/NUnitExtensions/Commands/BeforeAfterTestCommandBase.cs:212)
UnityEngine.TestTools.BeforeAfterTestCommandBase`1/<ExecuteEnumerable>d__16<UnityEngine.TestTools.IOuterUnityTestAction>:MoveNext () (at ./Library/PackageCache/com.unity.test-framework@76560ee600cb/UnityEngine.TestRunner/NUnitExtensions/Commands/BeforeAfterTestCommandBase.cs:212)
UnityEngine.TestTools.RetryCommand/<ExecuteEnumerable>d__2:MoveNext () (at ./Library/PackageCache/com.unity.test-framework@76560ee600cb/UnityEngine.TestRunner/NUnitExtensions/Commands/RetryCommand.cs:37)
UnityEngine.TestTools.RepeatCommand/<ExecuteEnumerable>d__2:MoveNext () (at ./Library/PackageCache/com.unity.test-framework@76560ee600cb/UnityEngine.TestRunner/NUnitExtensions/Commands/RepeatCommand.cs:36)
UnityEngine.TestTools.IgnoreTestCommand/<ExecuteEnumerable>d__3:MoveNext () (at ./Library/PackageCache/com.unity.test-framework@76560ee600cb/UnityEngine.TestRunner/NUnitExtensions/Commands/IgnoreTestCommand.cs:42)
UnityEngine.TestTools.StrictCheckCommand/<ExecuteEnumerable>d__2:MoveNext () (at ./Library/PackageCache/com.unity.test-framework@76560ee600cb/UnityEngine.TestRunner/NUnitExtensions/Commands/StrictCheckCommand.cs:29)
UnityEngine.TestTools.Utils.CoroutineRunner/<WrapEnumeratorForChecks>d__8:MoveNext () (at ./Library/PackageCache/com.unity.test-framework@76560ee600cb/UnityEngine.TestRunner/Utils/CoroutineRunner.cs:58)
UnityEngine.SetupCoroutine:InvokeMoveNext (System.Collections.IEnumerator,intptr)

(Filename: Assets/Games/OrchardReach/Tests/PlayMode/OrchardReachPlayModeAuditTests.cs Line: 92)

Setting linear velocity of a kinematic body is not supported.
UnityEngine.Debug:ExtractStackTraceNoAlloc (byte*,int,string)
UnityEngine.StackTraceUtility:ExtractStackTrace ()
UnityEngine.Rigidbody:set_linearVelocity (UnityEngine.Vector3)
Opus.Shell.OrchardReachSceneController:HandleTrialEvent (Opus.Sdk.TrialEvent) (at Assets/Shell/Runtime/OrchardReachSceneController.cs:235)
Opus.Games.OrchardReach.OrchardReachModule:Emit (string,string,Opus.Sdk.TrialTarget,string) (at Assets/Games/OrchardReach/Runtime/OrchardReachModule.cs:191)
Opus.Games.OrchardReach.OrchardReachModule:EmitSignal (System.Nullable`1<Opus.Games.OrchardReach.TrialSignal>,string,Opus.Sdk.TrialTarget) (at Assets/Games/OrchardReach/Runtime/OrchardReachModule.cs:207)
Opus.Games.OrchardReach.OrchardReachModule:StartNextTrial (double) (at Assets/Games/OrchardReach/Runtime/OrchardReachModule.cs:113)
Opus.Games.OrchardReach.OrchardReachModule:OnTrialFinished (Opus.Games.OrchardReach.TrialOutcome,double) (at Assets/Games/OrchardReach/Runtime/OrchardReachModule.cs:177)
Opus.Games.OrchardReach.OrchardReachModule:Tick (double,Opus.Sdk.IHandSource) (at Assets/Games/OrchardReach/Runtime/OrchardReachModule.cs:150)
Opus.Shell.OrchardReachSceneController:Update () (at Assets/Shell/Runtime/OrchardReachSceneController.cs:191)

[Assets/Shell/Runtime/OrchardReachSceneController.cs line 235]

[OPUS] PlayModeAudit: wrote C:\Users\GARV BANSAL\Documents\VR_games\OPUS\logs\sessions\screens\unity\run7_playmode\02_mid_reach.png (612775 bytes)
UnityEngine.Debug:ExtractStackTraceNoAlloc (byte*,int,string)
UnityEngine.StackTraceUtility:ExtractStackTrace ()
UnityEngine.DebugLogHandler:Internal_Log (UnityEngine.LogType,UnityEngine.LogOption,string,UnityEngine.Object)
UnityEngine.DebugLogHandler:LogFormat (UnityEngine.LogType,UnityEngine.Object,string,object[])
UnityEngine.Logger:Log (UnityEngine.LogType,object)
UnityEngine.Debug:Log (object)
Opus.Games.OrchardReach.Tests.PlayMode.OrchardReachPlayModeAuditTests:CaptureShot (string,string) (at Assets/Games/OrchardReach/Tests/PlayMode/OrchardReachPlayModeAuditTests.cs:158)
Opus.Games.OrchardReach.Tests.PlayMode.OrchardReachPlayModeAuditTests/<DemoDriver_ProducesAllFourAuditStates>d__2:MoveNext () (at Assets/Games/OrchardReach/Tests/PlayMode/OrchardReachPlayModeAuditTests.cs:84)
UnityEngine.TestTools.TestEnumerator/<Execute>d__7:MoveNext () (at ./Library/PackageCache/com.unity.test-framework@76560ee600cb/UnityEngine.TestRunner/NUnitExtensions/Attributes/TestEnumerator.cs:44)
UnityEngine.TestTools.EnumerableTestMethodCommand/<ExecuteEnumerableAndRecordExceptions>d__4:MoveNext () (at ./Library/PackageCache/com.unity.test-framework@76560ee600cb/UnityEngine.TestRunner/NUnitExtensions/Commands/EnumerableTestMethodCommand.cs:79)
UnityEngine.TestTools.EnumerableTestMethodCommand:AdvanceEnumerator (System.Collections.IEnumerator) (at ./Library/PackageCache/com.unity.test-framework@76560ee600cb/UnityEngine.TestRunner/NUnitExtensions/Commands/EnumerableTestMethodCommand.cs:64)
UnityEngine.TestTools.EnumerableTestMethodCommand/<ExecuteEnumerable>d__2:MoveNext () (at ./Library/PackageCache/com.unity.test-framework@76560ee600cb/UnityEngine.TestRunner/NUnitExtensions/Commands/EnumerableTestMethodCommand.cs:47)
UnityEngine.TestRunner.NUnitExtensions.Runner.UnityLogCheckDelegatingCommand/<ExecuteEnumerable>d__3:MoveNext () (at ./Library/PackageCache/com.unity.test-framework@76560ee600cb/UnityEngine.TestRunner/NUnitExtensions/Runner/UnityLogCheckDelegatingCommand.cs:48)
UnityEngine.TestTools.BeforeAfterTestCommandBase`1/<ExecuteEnumerable>d__16<NUnit.Framework.ITestAction>:MoveNext () (at ./Library/PackageCache/com.unity.test-framework@76560ee600cb/UnityEngine.TestRunner/NUnitExtensions/Commands/BeforeAfterTestCommandBase.cs:212)
UnityEngine.TestTools.BeforeAfterTestCommandBase`1/<ExecuteEnumerable>d__16<System.Reflection.MethodInfo>:MoveNext () (at ./Library/PackageCache/com.unity.test-framework@76560ee600cb/UnityEngine.TestRunner/NUnitExtensions/Commands/BeforeAfterTestCommandBase.cs:212)
UnityEngine.TestTools.BeforeAfterTestCommandBase`1/<ExecuteEnumerable>d__16<System.Reflection.MethodInfo>:MoveNext () (at ./Library/PackageCache/com.unity.test-framework@76560ee600cb/UnityEngine.TestRunner/NUnitExtensions/Commands/BeforeAfterTestCommandBase.cs:212)
UnityEngine.TestTools.BeforeAfterTestCommandBase`1/<ExecuteEnumerable>d__16<UnityEngine.TestTools.IOuterUnityTestAction>:MoveNext () (at ./Library/PackageCache/com.unity.test-framework@76560ee600cb/UnityEngine.TestRunner/NUnitExtensions/Commands/BeforeAfterTestCommandBase.cs:212)
UnityEngine.TestTools.RetryCommand/<ExecuteEnumerable>d__2:MoveNext () (at ./Library/PackageCache/com.unity.test-framework@76560ee600cb/UnityEngine.TestRunner/NUnitExtensions/Commands/RetryCommand.cs:37)
UnityEngine.TestTools.RepeatCommand/<ExecuteEnumerable>d__2:MoveNext () (at ./Library/PackageCache/com.unity.test-framework@76560ee600cb/UnityEngine.TestRunner/NUnitExtensions/Commands/RepeatCommand.cs:36)
UnityEngine.TestTools.IgnoreTestCommand/<ExecuteEnumerable>d__3:MoveNext () (at ./Library/PackageCache/com.unity.test-framework@76560ee600cb/UnityEngine.TestRunner/NUnitExtensions/Commands/IgnoreTestCommand.cs:42)
UnityEngine.TestTools.StrictCheckCommand/<ExecuteEnumerable>d__2:MoveNext () (at ./Library/PackageCache/com.unity.test-framework@76560ee600cb/UnityEngine.TestRunner/NUnitExtensions/Commands/StrictCheckCommand.cs:29)
UnityEngine.TestTools.Utils.CoroutineRunner/<WrapEnumeratorForChecks>d__8:MoveNext () (at ./Library/PackageCache/com.unity.test-framework@76560ee600cb/UnityEngine.TestRunner/Utils/CoroutineRunner.cs:58)
UnityEngine.SetupCoroutine:InvokeMoveNext (System.Collections.IEnumerator,intptr)

(Filename: Assets/Games/OrchardReach/Tests/PlayMode/OrchardReachPlayModeAuditTests.cs Line: 158)

[OPUS] PlayModeAudit: captured mid_reach at t=2.63s
UnityEngine.Debug:ExtractStackTraceNoAlloc (byte*,int,string)
UnityEngine.StackTraceUtility:ExtractStackTrace ()
UnityEngine.DebugLogHandler:Internal_Log (UnityEngine.LogType,UnityEngine.LogOption,string,UnityEngine.Object)
UnityEngine.DebugLogHandler:LogFormat (UnityEngine.LogType,UnityEngine.Object,string,object[])
UnityEngine.Logger:Log (UnityEngine.LogType,object)
UnityEngine.Debug:Log (object)
Opus.Games.OrchardReach.Tests.PlayMode.OrchardReachPlayModeAuditTests/<DemoDriver_ProducesAllFourAuditStates>d__2:MoveNext () (at Assets/Games/OrchardReach/Tests/PlayMode/OrchardReachPlayModeAuditTests.cs:86)
UnityEngine.TestTools.TestEnumerator/<Execute>d__7:MoveNext () (at ./Library/PackageCache/com.unity.test-framework@76560ee600cb/UnityEngine.TestRunner/NUnitExtensions/Attributes/TestEnumerator.cs:44)
UnityEngine.TestTools.EnumerableTestMethodCommand/<ExecuteEnumerableAndRecordExceptions>d__4:MoveNext () (at ./Library/PackageCache/com.unity.test-framework@76560ee600cb/UnityEngine.TestRunner/NUnitExtensions/Commands/EnumerableTestMethodCommand.cs:79)
UnityEngine.TestTools.EnumerableTestMethodCommand:AdvanceEnumerator (System.Collections.IEnumerator) (at ./Library/PackageCache/com.unity.test-framework@76560ee600cb/UnityEngine.TestRunner/NUnitExtensions/Commands/EnumerableTestMethodCommand.cs:64)
UnityEngine.TestTools.EnumerableTestMethodCommand/<ExecuteEnumerable>d__2:MoveNext () (at ./Library/PackageCache/com.unity.test-framework@76560ee600cb/UnityEngine.TestRunner/NUnitExtensions/Commands/EnumerableTestMethodCommand.cs:47)
UnityEngine.TestRunner.NUnitExtensions.Runner.UnityLogCheckDelegatingCommand/<ExecuteEnumerable>d__3:MoveNext () (at ./Library/PackageCache/com.unity.test-framework@76560ee600cb/UnityEngine.TestRunner/NUnitExtensions/Runner/UnityLogCheckDelegatingCommand.cs:48)
UnityEngine.TestTools.BeforeAfterTestCommandBase`1/<ExecuteEnumerable>d__16<NUnit.Framework.ITestAction>:MoveNext () (at ./Library/PackageCache/com.unity.test-framework@76560ee600cb/UnityEngine.TestRunner/NUnitExtensions/Commands/BeforeAfterTestCommandBase.cs:212)
UnityEngine.TestTools.BeforeAfterTestCommandBase`1/<ExecuteEnumerable>d__16<System.Reflection.MethodInfo>:MoveNext () (at ./Library/PackageCache/com.unity.test-framework@76560ee600cb/UnityEngine.TestRunner/NUnitExtensions/Commands/BeforeAfterTestCommandBase.cs:212)
UnityEngine.TestTools.BeforeAfterTestCommandBase`1/<ExecuteEnumerable>d__16<System.Reflection.MethodInfo>:MoveNext () (at ./Library/PackageCache/com.unity.test-framework@76560ee600cb/UnityEngine.TestRunner/NUnitExtensions/Commands/BeforeAfterTestCommandBase.cs:212)
UnityEngine.TestTools.BeforeAfterTestCommandBase`1/<ExecuteEnumerable>d__16<UnityEngine.TestTools.IOuterUnityTestAction>:MoveNext () (at ./Library/PackageCache/com.unity.test-framework@76560ee600cb/UnityEngine.TestRunner/NUnitExtensions/Commands/BeforeAfterTestCommandBase.cs:212)
UnityEngine.TestTools.RetryCommand/<ExecuteEnumerable>d__2:MoveNext () (at ./Library/PackageCache/com.unity.test-framework@76560ee600cb/UnityEngine.TestRunner/NUnitExtensions/Commands/RetryCommand.cs:37)
UnityEngine.TestTools.RepeatCommand/<ExecuteEnumerable>d__2:MoveNext () (at ./Library/PackageCache/com.unity.test-framework@76560ee600cb/UnityEngine.TestRunner/NUnitExtensions/Commands/RepeatCommand.cs:36)
UnityEngine.TestTools.IgnoreTestCommand/<ExecuteEnumerable>d__3:MoveNext () (at ./Library/PackageCache/com.unity.test-framework@76560ee600cb/UnityEngine.TestRunner/NUnitExtensions/Commands/IgnoreTestCommand.cs:42)
UnityEngine.TestTools.StrictCheckCommand/<ExecuteEnumerable>d__2:MoveNext () (at ./Library/PackageCache/com.unity.test-framework@76560ee600cb/UnityEngine.TestRunner/NUnitExtensions/Commands/StrictCheckCommand.cs:29)
UnityEngine.TestTools.Utils.CoroutineRunner/<WrapEnumeratorForChecks>d__8:MoveNext () (at ./Library/PackageCache/com.unity.test-framework@76560ee600cb/UnityEngine.TestRunner/Utils/CoroutineRunner.cs:58)
UnityEngine.SetupCoroutine:InvokeMoveNext (System.Collections.IEnumerator,intptr)

(Filename: Assets/Games/OrchardReach/Tests/PlayMode/OrchardReachPlayModeAuditTests.cs Line: 86)

Setting linear velocity of a kinematic body is not supported.
UnityEngine.Debug:ExtractStackTraceNoAlloc (byte*,int,string)
UnityEngine.StackTraceUtility:ExtractStackTrace ()
UnityEngine.Rigidbody:set_linearVelocity (UnityEngine.Vector3)
Opus.Shell.OrchardReachSceneController:HandleTrialEvent (Opus.Sdk.TrialEvent) (at Assets/Shell/Runtime/OrchardReachSceneController.cs:235)
Opus.Games.OrchardReach.OrchardReachModule:Emit (string,string,Opus.Sdk.TrialTarget,string) (at Assets/Games/OrchardReach/Runtime/OrchardReachModule.cs:191)
Opus.Games.OrchardReach.OrchardReachModule:EmitSignal (System.Nullable`1<Opus.Games.OrchardReach.TrialSignal>,string,Opus.Sdk.TrialTarget) (at Assets/Games/OrchardReach/Runtime/OrchardReachModule.cs:207)
Opus.Games.OrchardReach.OrchardReachModule:StartNextTrial (double) (at Assets/Games/OrchardReach/Runtime/OrchardReachModule.cs:113)
Opus.Games.OrchardReach.OrchardReachModule:OnTrialFinished (Opus.Games.OrchardReach.TrialOutcome,double) (at Assets/Games/OrchardReach/Runtime/OrchardReachModule.cs:177)
Opus.Games.OrchardReach.OrchardReachModule:Tick (double,Opus.Sdk.IHandSource) (at Assets/Games/OrchardReach/Runtime/OrchardReachModule.cs:150)
Opus.Shell.OrchardReachSceneController:Update () (at Assets/Shell/Runtime/OrchardReachSceneController.cs:191)

[Assets/Shell/Runtime/OrchardReachSceneController.cs line 235]

TrimDiskCacheJob: Current cache size 10mb
Setting linear velocity of a kinematic body is not supported.
UnityEngine.Debug:ExtractStackTraceNoAlloc (byte*,int,string)
UnityEngine.StackTraceUtility:ExtractStackTrace ()
UnityEngine.Rigidbody:set_linearVelocity (UnityEngine.Vector3)
Opus.Shell.OrchardReachSceneController:HandleTrialEvent (Opus.Sdk.TrialEvent) (at Assets/Shell/Runtime/OrchardReachSceneController.cs:235)
Opus.Games.OrchardReach.OrchardReachModule:Emit (string,string,Opus.Sdk.TrialTarget,string) (at Assets/Games/OrchardReach/Runtime/OrchardReachModule.cs:191)
Opus.Games.OrchardReach.OrchardReachModule:EmitSignal (System.Nullable`1<Opus.Games.OrchardReach.TrialSignal>,string,Opus.Sdk.TrialTarget) (at Assets/Games/OrchardReach/Runtime/OrchardReachModule.cs:207)
Opus.Games.OrchardReach.OrchardReachModule:StartNextTrial (double) (at Assets/Games/OrchardReach/Runtime/OrchardReachModule.cs:113)
Opus.Games.OrchardReach.OrchardReachModule:OnTrialFinished (Opus.Games.OrchardReach.TrialOutcome,double) (at Assets/Games/OrchardReach/Runtime/OrchardReachModule.cs:177)
Opus.Games.OrchardReach.OrchardReachModule:Tick (double,Opus.Sdk.IHandSource) (at Assets/Games/OrchardReach/Runtime/OrchardReachModule.cs:150)
Opus.Shell.OrchardReachSceneController:Update () (at Assets/Shell/Runtime/OrchardReachSceneController.cs:191)

[Assets/Shell/Runtime/OrchardReachSceneController.cs line 235]

Setting linear velocity of a kinematic body is not supported.
UnityEngine.Debug:ExtractStackTraceNoAlloc (byte*,int,string)
UnityEngine.StackTraceUtility:ExtractStackTrace ()
UnityEngine.Rigidbody:set_linearVelocity (UnityEngine.Vector3)
Opus.Shell.OrchardReachSceneController:HandleTrialEvent (Opus.Sdk.TrialEvent) (at Assets/Shell/Runtime/OrchardReachSceneController.cs:235)
Opus.Games.OrchardReach.OrchardReachModule:Emit (string,string,Opus.Sdk.TrialTarget,string) (at Assets/Games/OrchardReach/Runtime/OrchardReachModule.cs:191)
Opus.Games.OrchardReach.OrchardReachModule:EmitSignal (System.Nullable`1<Opus.Games.OrchardReach.TrialSignal>,string,Opus.Sdk.TrialTarget) (at Assets/Games/OrchardReach/Runtime/OrchardReachModule.cs:207)
Opus.Games.OrchardReach.OrchardReachModule:StartNextTrial (double) (at Assets/Games/OrchardReach/Runtime/OrchardReachModule.cs:113)
Opus.Games.OrchardReach.OrchardReachModule:OnTrialFinished (Opus.Games.OrchardReach.TrialOutcome,double) (at Assets/Games/OrchardReach/Runtime/OrchardReachModule.cs:177)
Opus.Games.OrchardReach.OrchardReachModule:Tick (double,Opus.Sdk.IHandSource) (at Assets/Games/OrchardReach/Runtime/OrchardReachModule.cs:150)
Opus.Shell.OrchardReachSceneController:Update () (at Assets/Shell/Runtime/OrchardReachSceneController.cs:191)

[Assets/Shell/Runtime/OrchardReachSceneController.cs line 235]

[OPUS] PlayModeAudit: finished after 30.00s — target_shown=True mid_reach=True grasp=True placed=False, trialsCompleted=4, successCount=0
UnityEngine.Debug:ExtractStackTraceNoAlloc (byte*,int,string)
UnityEngine.StackTraceUtility:ExtractStackTrace ()
UnityEngine.DebugLogHandler:Internal_Log (UnityEngine.LogType,UnityEngine.LogOption,string,UnityEngine.Object)
UnityEngine.DebugLogHandler:LogFormat (UnityEngine.LogType,UnityEngine.Object,string,object[])
UnityEngine.Logger:Log (UnityEngine.LogType,object)
UnityEngine.Debug:Log (object)
Opus.Games.OrchardReach.Tests.PlayMode.OrchardReachPlayModeAuditTests/<DemoDriver_ProducesAllFourAuditStates>d__2:MoveNext () (at Assets/Games/OrchardReach/Tests/PlayMode/OrchardReachPlayModeAuditTests.cs:105)
UnityEngine.TestTools.TestEnumerator/<Execute>d__7:MoveNext () (at ./Library/PackageCache/com.unity.test-framework@76560ee600cb/UnityEngine.TestRunner/NUnitExtensions/Attributes/TestEnumerator.cs:44)
UnityEngine.TestTools.EnumerableTestMethodCommand/<ExecuteEnumerableAndRecordExceptions>d__4:MoveNext () (at ./Library/PackageCache/com.unity.test-framework@76560ee600cb/UnityEngine.TestRunner/NUnitExtensions/Commands/EnumerableTestMethodCommand.cs:79)
UnityEngine.TestTools.EnumerableTestMethodCommand:AdvanceEnumerator (System.Collections.IEnumerator) (at ./Library/PackageCache/com.unity.test-framework@76560ee600cb/UnityEngine.TestRunner/NUnitExtensions/Commands/EnumerableTestMethodCommand.cs:64)
UnityEngine.TestTools.EnumerableTestMethodCommand/<ExecuteEnumerable>d__2:MoveNext () (at ./Library/PackageCache/com.unity.test-framework@76560ee600cb/UnityEngine.TestRunner/NUnitExtensions/Commands/EnumerableTestMethodCommand.cs:47)
UnityEngine.TestRunner.NUnitExtensions.Runner.UnityLogCheckDelegatingCommand/<ExecuteEnumerable>d__3:MoveNext () (at ./Library/PackageCache/com.unity.test-framework@76560ee600cb/UnityEngine.TestRunner/NUnitExtensions/Runner/UnityLogCheckDelegatingCommand.cs:48)
UnityEngine.TestTools.BeforeAfterTestCommandBase`1/<ExecuteEnumerable>d__16<NUnit.Framework.ITestAction>:MoveNext () (at ./Library/PackageCache/com.unity.test-framework@76560ee600cb/UnityEngine.TestRunner/NUnitExtensions/Commands/BeforeAfterTestCommandBase.cs:212)
UnityEngine.TestTools.BeforeAfterTestCommandBase`1/<ExecuteEnumerable>d__16<System.Reflection.MethodInfo>:MoveNext () (at ./Library/PackageCache/com.unity.test-framework@76560ee600cb/UnityEngine.TestRunner/NUnitExtensions/Commands/BeforeAfterTestCommandBase.cs:212)
UnityEngine.TestTools.BeforeAfterTestCommandBase`1/<ExecuteEnumerable>d__16<System.Reflection.MethodInfo>:MoveNext () (at ./Library/PackageCache/com.unity.test-framework@76560ee600cb/UnityEngine.TestRunner/NUnitExtensions/Commands/BeforeAfterTestCommandBase.cs:212)
UnityEngine.TestTools.BeforeAfterTestCommandBase`1/<ExecuteEnumerable>d__16<UnityEngine.TestTools.IOuterUnityTestAction>:MoveNext () (at ./Library/PackageCache/com.unity.test-framework@76560ee600cb/UnityEngine.TestRunner/NUnitExtensions/Commands/BeforeAfterTestCommandBase.cs:212)
UnityEngine.TestTools.RetryCommand/<ExecuteEnumerable>d__2:MoveNext () (at ./Library/PackageCache/com.unity.test-framework@76560ee600cb/UnityEngine.TestRunner/NUnitExtensions/Commands/RetryCommand.cs:37)
UnityEngine.TestTools.RepeatCommand/<ExecuteEnumerable>d__2:MoveNext () (at ./Library/PackageCache/com.unity.test-framework@76560ee600cb/UnityEngine.TestRunner/NUnitExtensions/Commands/RepeatCommand.cs:36)
UnityEngine.TestTools.IgnoreTestCommand/<ExecuteEnumerable>d__3:MoveNext () (at ./Library/PackageCache/com.unity.test-framework@76560ee600cb/UnityEngine.TestRunner/NUnitExtensions/Commands/IgnoreTestCommand.cs:42)
UnityEngine.TestTools.StrictCheckCommand/<ExecuteEnumerable>d__2:MoveNext () (at ./Library/PackageCache/com.unity.test-framework@76560ee600cb/UnityEngine.TestRunner/NUnitExtensions/Commands/StrictCheckCommand.cs:29)
UnityEngine.TestTools.Utils.CoroutineRunner/<WrapEnumeratorForChecks>d__8:MoveNext () (at ./Library/PackageCache/com.unity.test-framework@76560ee600cb/UnityEngine.TestRunner/Utils/CoroutineRunner.cs:58)
UnityEngine.SetupCoroutine:InvokeMoveNext (System.Collections.IEnumerator,intptr)

(Filename: Assets/Games/OrchardReach/Tests/PlayMode/OrchardReachPlayModeAuditTests.cs Line: 105)

[OPUS] PlayModeAudit: never observed a completed trial (placed in basket) within the time budget — see MANUAL_TODO.
UnityEngine.Debug:ExtractStackTraceNoAlloc (byte*,int,string)
UnityEngine.StackTraceUtility:ExtractStackTrace ()
UnityEngine.DebugLogHandler:Internal_Log (UnityEngine.LogType,UnityEngine.LogOption,string,UnityEngine.Object)
UnityEngine.DebugLogHandler:LogFormat (UnityEngine.LogType,UnityEngine.Object,string,object[])
UnityEngine.Logger:Log (UnityEngine.LogType,object)
UnityEngine.Debug:LogWarning (object)
Opus.Games.OrchardReach.Tests.PlayMode.OrchardReachPlayModeAuditTests/<DemoDriver_ProducesAllFourAuditStates>d__2:MoveNext () (at Assets/Games/OrchardReach/Tests/PlayMode/OrchardReachPlayModeAuditTests.cs:115)
UnityEngine.TestTools.TestEnumerator/<Execute>d__7:MoveNext () (at ./Library/PackageCache/com.unity.test-framework@76560ee600cb/UnityEngine.TestRunner/NUnitExtensions/Attributes/TestEnumerator.cs:44)
UnityEngine.TestTools.EnumerableTestMethodCommand/<ExecuteEnumerableAndRecordExceptions>d__4:MoveNext () (at ./Library/PackageCache/com.unity.test-framework@76560ee600cb/UnityEngine.TestRunner/NUnitExtensions/Commands/EnumerableTestMethodCommand.cs:79)
UnityEngine.TestTools.EnumerableTestMethodCommand:AdvanceEnumerator (System.Collections.IEnumerator) (at ./Library/PackageCache/com.unity.test-framework@76560ee600cb/UnityEngine.TestRunner/NUnitExtensions/Commands/EnumerableTestMethodCommand.cs:64)
UnityEngine.TestTools.EnumerableTestMethodCommand/<ExecuteEnumerable>d__2:MoveNext () (at ./Library/PackageCache/com.unity.test-framework@76560ee600cb/UnityEngine.TestRunner/NUnitExtensions/Commands/EnumerableTestMethodCommand.cs:47)
UnityEngine.TestRunner.NUnitExtensions.Runner.UnityLogCheckDelegatingCommand/<ExecuteEnumerable>d__3:MoveNext () (at ./Library/PackageCache/com.unity.test-framework@76560ee600cb/UnityEngine.TestRunner/NUnitExtensions/Runner/UnityLogCheckDelegatingCommand.cs:48)
UnityEngine.TestTools.BeforeAfterTestCommandBase`1/<ExecuteEnumerable>d__16<NUnit.Framework.ITestAction>:MoveNext () (at ./Library/PackageCache/com.unity.test-framework@76560ee600cb/UnityEngine.TestRunner/NUnitExtensions/Commands/BeforeAfterTestCommandBase.cs:212)
UnityEngine.TestTools.BeforeAfterTestCommandBase`1/<ExecuteEnumerable>d__16<System.Reflection.MethodInfo>:MoveNext () (at ./Library/PackageCache/com.unity.test-framework@76560ee600cb/UnityEngine.TestRunner/NUnitExtensions/Commands/BeforeAfterTestCommandBase.cs:212)
UnityEngine.TestTools.BeforeAfterTestCommandBase`1/<ExecuteEnumerable>d__16<System.Reflection.MethodInfo>:MoveNext () (at ./Library/PackageCache/com.unity.test-framework@76560ee600cb/UnityEngine.TestRunner/NUnitExtensions/Commands/BeforeAfterTestCommandBase.cs:212)
UnityEngine.TestTools.BeforeAfterTestCommandBase`1/<ExecuteEnumerable>d__16<UnityEngine.TestTools.IOuterUnityTestAction>:MoveNext () (at ./Library/PackageCache/com.unity.test-framework@76560ee600cb/UnityEngine.TestRunner/NUnitExtensions/Commands/BeforeAfterTestCommandBase.cs:212)
UnityEngine.TestTools.RetryCommand/<ExecuteEnumerable>d__2:MoveNext () (at ./Library/PackageCache/com.unity.test-framework@76560ee600cb/UnityEngine.TestRunner/NUnitExtensions/Commands/RetryCommand.cs:37)
UnityEngine.TestTools.RepeatCommand/<ExecuteEnumerable>d__2:MoveNext () (at ./Library/PackageCache/com.unity.test-framework@76560ee600cb/UnityEngine.TestRunner/NUnitExtensions/Commands/RepeatCommand.cs:36)
UnityEngine.TestTools.IgnoreTestCommand/<ExecuteEnumerable>d__3:MoveNext () (at ./Library/PackageCache/com.unity.test-framework@76560ee600cb/UnityEngine.TestRunner/NUnitExtensions/Commands/IgnoreTestCommand.cs:42)
UnityEngine.TestTools.StrictCheckCommand/<ExecuteEnumerable>d__2:MoveNext () (at ./Library/PackageCache/com.unity.test-framework@76560ee600cb/UnityEngine.TestRunner/NUnitExtensions/Commands/StrictCheckCommand.cs:29)
UnityEngine.TestTools.Utils.CoroutineRunner/<WrapEnumeratorForChecks>d__8:MoveNext () (at ./Library/PackageCache/com.unity.test-framework@76560ee600cb/UnityEngine.TestRunner/Utils/CoroutineRunner.cs:58)
UnityEngine.SetupCoroutine:InvokeMoveNext (System.Collections.IEnumerator,intptr)

(Filename: Assets/Games/OrchardReach/Tests/PlayMode/OrchardReachPlayModeAuditTests.cs Line: 115)

[TestRunnerTools] Test Finished: Opus.Games.OrchardReach.Tests.PlayMode.OrchardReachPlayModeAuditTests.DemoDriver_ProducesAllFourAuditStates, ResultState: Passed, Duration: 32.232s
UnityEngine.Debug:ExtractStackTraceNoAlloc (byte*,int,string)
UnityEngine.StackTraceUtility:ExtractStackTrace ()
UnityEngine.DebugLogHandler:Internal_Log (UnityEngine.LogType,UnityEngine.LogOption,string,UnityEngine.Object)
UnityEngine.DebugLogHandler:LogFormat (UnityEngine.LogType,UnityEngine.Object,string,object[])
UnityEngine.Logger:Log (UnityEngine.LogType,object)
UnityEngine.Debug:Log (object)
Meta.MCPBridge.Editor.TestRunnerTools:OnTestFinished (UnityEditor.TestTools.TestRunner.Api.ITestResultAdaptor) (at ./Library/PackageCache/com.meta.xr.sdk.core@4ea2676097b9/Editor/MCPBridge/TestRunnerTools.cs:847)
Meta.MCPBridge.Editor.TestRunnerTools/TestRunnerCallbacks:TestFinished (UnityEditor.TestTools.TestRunner.Api.ITestResultAdaptor) (at ./Library/PackageCache/com.meta.xr.sdk.core@4ea2676097b9/Editor/MCPBridge/TestRunnerTools.cs:904)
UnityEditor.TestTools.TestRunner.Api.CallbacksDelegator/<>c__DisplayClass14_0:<TestFinished>b__0 (UnityEditor.TestTools.TestRunner.Api.ICallbacks) (at ./Library/PackageCache/com.unity.test-framework@76560ee600cb/UnityEditor.TestRunner/Api/CallbacksDelegator.cs:95)
UnityEditor.TestTools.TestRunner.Api.CallbacksDelegator:TryInvokeAllCallbacks (System.Action`1<UnityEditor.TestTools.TestRunner.Api.ICallbacks>) (at ./Library/PackageCache/com.unity.test-framework@76560ee600cb/UnityEditor.TestRunner/Api/CallbacksDelegator.cs:135)
UnityEditor.TestTools.TestRunner.Api.CallbacksDelegator:TestFinished (NUnit.Framework.Interfaces.ITestResult) (at ./Library/PackageCache/com.unity.test-framework@76560ee600cb/UnityEditor.TestRunner/Api/CallbacksDelegator.cs:95)
UnityEngine.Events.InvokableCall`1<NUnit.Framework.Interfaces.ITestResult>:Invoke (NUnit.Framework.Interfaces.ITestResult)
UnityEngine.Events.UnityEvent`1<NUnit.Framework.Interfaces.ITestResult>:Invoke (NUnit.Framework.Interfaces.ITestResult)
UnityEngine.Events.InvokableCall`1<NUnit.Framework.Interfaces.ITestResult>:Invoke (NUnit.Framework.Interfaces.ITestResult)
UnityEngine.Events.UnityEvent`1<NUnit.Framework.Interfaces.ITestResult>:Invoke (NUnit.Framework.Interfaces.ITestResult)
UnityEngine.TestTools.TestRunner.TestListenerWrapper:TestFinished (NUnit.Framework.Interfaces.ITestResult) (at ./Library/PackageCache/com.unity.test-framework@76560ee600cb/UnityEngine.TestRunner/TestRunner/TestListenerWrapper.cs:24)
UnityEngine.TestRunner.NUnitExtensions.Runner.UnityWorkItem:WorkItemComplete () (at ./Library/PackageCache/com.unity.test-framework@76560ee600cb/UnityEngine.TestRunner/NUnitExtensions/Runner/UnityWorkItem.cs:107)
UnityEngine.TestRunner.NUnitExtensions.Runner.CoroutineTestWorkItem/<PerformWork>d__6:<>m__Finally1 () (at ./Library/PackageCache/com.unity.test-framework@76560ee600cb/UnityEngine.TestRunner/NUnitExtensions/Runner/CoroutineTestWorkItem.cs:59)
UnityEngine.TestRunner.NUnitExtensions.Runner.CoroutineTestWorkItem/<PerformWork>d__6:MoveNext () (at ./Library/PackageCache/com.unity.test-framework@76560ee600cb/UnityEngine.TestRunner/NUnitExtensions/Runner/CoroutineTestWorkItem.cs:56)
UnityEngine.TestRunner.NUnitExtensions.Runner.CompositeWorkItem/<RunChildren>d__17:MoveNext () (at ./Library/PackageCache/com.unity.test-framework@76560ee600cb/UnityEngine.TestRunner/NUnitExtensions/Runner/CompositeWorkItem.cs:207)
UnityEngine.TestRunner.NUnitExtensions.Runner.CompositeWorkItem/<PerformWork>d__13:MoveNext () (at ./Library/PackageCache/com.unity.test-framework@76560ee600cb/UnityEngine.TestRunner/NUnitExtensions/Runner/CompositeWorkItem.cs:82)
UnityEngine.TestRunner.NUnitExtensions.Runner.CompositeWorkItem/<RunChildren>d__17:MoveNext () (at ./Library/PackageCache/com.unity.test-framework@76560ee600cb/UnityEngine.TestRunner/NUnitExtensions/Runner/CompositeWorkItem.cs:207)
UnityEngine.TestRunner.NUnitExtensions.Runner.CompositeWorkItem/<PerformWork>d__13:MoveNext () (at ./Library/PackageCache/com.unity.test-framework@76560ee600cb/UnityEngine.TestRunner/NUnitExtensions/Runner/CompositeWorkItem.cs:82)
UnityEngine.TestRunner.NUnitExtensions.Runner.CompositeWorkItem/<RunChildren>d__17:MoveNext () (at ./Library/PackageCache/com.unity.test-framework@76560ee600cb/UnityEngine.TestRunner/NUnitExtensions/Runner/CompositeWorkItem.cs:207)
UnityEngine.TestRunner.NUnitExtensions.Runner.CompositeWorkItem/<PerformWork>d__13:MoveNext () (at ./Library/PackageCache/com.unity.test-framework@76560ee600cb/UnityEngine.TestRunner/NUnitExtensions/Runner/CompositeWorkItem.cs:82)
UnityEngine.TestRunner.NUnitExtensions.Runner.CompositeWorkItem/<RunChildren>d__17:MoveNext () (at ./Library/PackageCache/com.unity.test-framework@76560ee600cb/UnityEngine.TestRunner/NUnitExtensions/Runner/CompositeWorkItem.cs:207)
UnityEngine.TestRunner.NUnitExtensions.Runner.CompositeWorkItem/<PerformWork>d__13:MoveNext () (at ./Library/PackageCache/com.unity.test-framework@76560ee600cb/UnityEngine.TestRunner/NUnitExtensions/Runner/CompositeWorkItem.cs:82)
UnityEngine.TestRunner.NUnitExtensions.Runner.CompositeWorkItem/<RunChildren>d__17:MoveNext () (at ./Library/PackageCache/com.unity.test-framework@76560ee600cb/UnityEngine.TestRunner/NUnitExtensions/Runner/CompositeWorkItem.cs:207)
UnityEngine.TestRunner.NUnitExtensions.Runner.CompositeWorkItem/<PerformWork>d__13:MoveNext () (at ./Library/PackageCache/com.unity.test-framework@76560ee600cb/UnityEngine.TestRunner/NUnitExtensions/Runner/CompositeWorkItem.cs:82)
UnityEngine.TestRunner.NUnitExtensions.Runner.CompositeWorkItem/<RunChildren>d__17:MoveNext () (at ./Library/PackageCache/com.unity.test-framework@76560ee600cb/UnityEngine.TestRunner/NUnitExtensions/Runner/CompositeWorkItem.cs:207)
UnityEngine.TestRunner.NUnitExtensions.Runner.CompositeWorkItem/<PerformWork>d__13:MoveNext () (at ./Library/PackageCache/com.unity.test-framework@76560ee600cb/UnityEngine.TestRunner/NUnitExtensions/Runner/CompositeWorkItem.cs:82)
UnityEngine.TestRunner.NUnitExtensions.Runner.CompositeWorkItem/<RunChildren>d__17:MoveNext () (at ./Library/PackageCache/com.unity.test-framework@76560ee600cb/UnityEngine.TestRunner/NUnitExtensions/Runner/CompositeWorkItem.cs:207)
UnityEngine.TestRunner.NUnitExtensions.Runner.CompositeWorkItem/<PerformWork>d__13:MoveNext () (at ./Library/PackageCache/com.unity.test-framework@76560ee600cb/UnityEngine.TestRunner/NUnitExtensions/Runner/CompositeWorkItem.cs:82)
UnityEngine.TestRunner.NUnitExtensions.Runner.CompositeWorkItem/<RunChildren>d__17:MoveNext () (at ./Library/PackageCache/com.unity.test-framework@76560ee600cb/UnityEngine.TestRunner/NUnitExtensions/Runner/CompositeWorkItem.cs:207)
UnityEngine.TestRunner.NUnitExtensions.Runner.CompositeWorkItem/<PerformWork>d__13:MoveNext () (at ./Library/PackageCache/com.unity.test-framework@76560ee600cb/UnityEngine.TestRunner/NUnitExtensions/Runner/CompositeWorkItem.cs:82)
UnityEngine.TestTools.TestRunner.PlaymodeTestsController/<TestRunnerCoroutine>d__24:MoveNext () (at ./Library/PackageCache/com.unity.test-framework@76560ee600cb/UnityEngine.TestRunner/TestRunner/PlaymodeTestsController.cs:93)
UnityEngine.SetupCoroutine:InvokeMoveNext (System.Collections.IEnumerator,intptr)

(Filename: ./Library/PackageCache/com.meta.xr.sdk.core@4ea2676097b9/Editor/MCPBridge/TestRunnerTools.cs Line: 847)

Saving results to: C:/Users/GARV BANSAL/AppData/LocalLow/DefaultCompany/OPUS\TestResults.xml
Saving results to: C:\Users\GARV BANSAL\Documents\VR_games\OPUS\logs\sessions\unity_logs\run7_playmode_results.xml
[TestRunnerTools] Run Finished: OPUS, ResultState: Passed, PassCount: 1, FailCount: 0, SkipCount: 0, Duration: 32.26s
UnityEngine.Debug:ExtractStackTraceNoAlloc (byte*,int,string)
UnityEngine.StackTraceUtility:ExtractStackTrace ()
UnityEngine.DebugLogHandler:Internal_Log (UnityEngine.LogType,UnityEngine.LogOption,string,UnityEngine.Object)
UnityEngine.DebugLogHandler:LogFormat (UnityEngine.LogType,UnityEngine.Object,string,object[])
UnityEngine.Logger:Log (UnityEngine.LogType,object)
UnityEngine.Debug:Log (object)
Meta.MCPBridge.Editor.TestRunnerTools:OnRunFinished (UnityEditor.TestTools.TestRunner.Api.ITestResultAdaptor) (at ./Library/PackageCache/com.meta.xr.sdk.core@4ea2676097b9/Editor/MCPBridge/TestRunnerTools.cs:806)
Meta.MCPBridge.Editor.TestRunnerTools/TestRunnerCallbacks:RunFinished (UnityEditor.TestTools.TestRunner.Api.ITestResultAdaptor) (at ./Library/PackageCache/com.meta.xr.sdk.core@4ea2676097b9/Editor/MCPBridge/TestRunnerTools.cs:894)
UnityEditor.TestTools.TestRunner.Api.CallbacksDelegator/<>c__DisplayClass9_0:<RunFinished>b__0 (UnityEditor.TestTools.TestRunner.Api.ICallbacks) (at ./Library/PackageCache/com.unity.test-framework@76560ee600cb/UnityEditor.TestRunner/Api/CallbacksDelegator.cs:55)
UnityEditor.TestTools.TestRunner.Api.CallbacksDelegator:TryInvokeAllCallbacks (System.Action`1<UnityEditor.TestTools.TestRunner.Api.ICallbacks>) (at ./Library/PackageCache/com.unity.test-framework@76560ee600cb/UnityEditor.TestRunner/Api/CallbacksDelegator.cs:135)
UnityEditor.TestTools.TestRunner.Api.CallbacksDelegator:RunFinished (NUnit.Framework.Interfaces.ITestResult) (at ./Library/PackageCache/com.unity.test-framework@76560ee600cb/UnityEditor.TestRunner/Api/CallbacksDelegator.cs:55)
UnityEngine.Events.InvokableCall`1<NUnit.Framework.Interfaces.ITestResult>:Invoke (NUnit.Framework.Interfaces.ITestResult)
UnityEngine.Events.UnityEvent`1<NUnit.Framework.Interfaces.ITestResult>:Invoke (NUnit.Framework.Interfaces.ITestResult)
UnityEngine.Events.InvokableCall`1<NUnit.Framework.Interfaces.ITestResult>:Invoke (NUnit.Framework.Interfaces.ITestResult)
UnityEngine.Events.UnityEvent`1<NUnit.Framework.Interfaces.ITestResult>:Invoke (NUnit.Framework.Interfaces.ITestResult)
UnityEngine.TestTools.TestRunner.PlaymodeTestsController/<TestRunnerCoroutine>d__24:MoveNext () (at ./Library/PackageCache/com.unity.test-framework@76560ee600cb/UnityEngine.TestRunner/TestRunner/PlaymodeTestsController.cs:109)
UnityEngine.SetupCoroutine:InvokeMoveNext (System.Collections.IEnumerator,intptr)

(Filename: ./Library/PackageCache/com.meta.xr.sdk.core@4ea2676097b9/Editor/MCPBridge/TestRunnerTools.cs Line: 806)

[OVRManager] OnApplicationQuit
UnityEngine.Debug:ExtractStackTraceNoAlloc (byte*,int,string)
UnityEngine.StackTraceUtility:ExtractStackTrace ()
UnityEngine.DebugLogHandler:Internal_Log (UnityEngine.LogType,UnityEngine.LogOption,string,UnityEngine.Object)
UnityEngine.DebugLogHandler:LogFormat (UnityEngine.LogType,UnityEngine.Object,string,object[])
UnityEngine.Logger:Log (UnityEngine.LogType,object)
UnityEngine.Debug:Log (object)
OVRManager:OnApplicationQuit () (at ./Library/PackageCache/com.meta.xr.sdk.core@4ea2676097b9/Scripts/OVRManager.cs:3485)

(Filename: ./Library/PackageCache/com.meta.xr.sdk.core@4ea2676097b9/Scripts/OVRManager.cs Line: 3485)

[OVRManager] OnDestroy
UnityEngine.Debug:ExtractStackTraceNoAlloc (byte*,int,string)
UnityEngine.StackTraceUtility:ExtractStackTrace ()
UnityEngine.DebugLogHandler:Internal_Log (UnityEngine.LogType,UnityEngine.LogOption,string,UnityEngine.Object)
UnityEngine.DebugLogHandler:LogFormat (UnityEngine.LogType,UnityEngine.Object,string,object[])
UnityEngine.Logger:Log (UnityEngine.LogType,object)
UnityEngine.Debug:Log (object)
OVRManager:OnDestroy () (at ./Library/PackageCache/com.meta.xr.sdk.core@4ea2676097b9/Scripts/OVRManager.cs:3452)

(Filename: ./Library/PackageCache/com.meta.xr.sdk.core@4ea2676097b9/Scripts/OVRManager.cs Line: 3452)

Unloading 3 Unused Serialized files (Serialized files now loaded: 0)
Loaded scene 'Temp/__Backupscenes/0.backup'
	Deserialize:            0.637 ms
	Integration:            286.012 ms
	Integration of assets:  0.002 ms
	Thread Wait Time:       0.056 ms
	Total Operation Time:   286.706 ms
Unloading 49 unused Assets / (253.8 KB). Loaded Objects now: 10048.
Memory consumption went from 321.3 MB to 321.1 MB.
Total: 25.037700 ms (FindLiveObjects: 0.858800 ms CreateObjectMapping: 0.415600 ms MarkObjects: 23.350100 ms  DeleteObjects: 0.412200 ms)

[Licensing::Client] Successfully resolved entitlement details
[Licensing::Client] Successfully resolved entitlement details
[MetaXROperator] XR_APILAYER_METAX_operator disabled after Play Mode.
UnityEngine.Debug:ExtractStackTraceNoAlloc (byte*,int,string)
UnityEngine.StackTraceUtility:ExtractStackTrace ()
UnityEngine.DebugLogHandler:Internal_Log (UnityEngine.LogType,UnityEngine.LogOption,string,UnityEngine.Object)
UnityEngine.DebugLogHandler:LogFormat (UnityEngine.LogType,UnityEngine.Object,string,object[])
UnityEngine.Logger:Log (UnityEngine.LogType,object)
UnityEngine.Debug:Log (object)
Meta.XR.Editor.MetaXROperatorEnabler:OnPlayModeChanged (UnityEditor.PlayModeStateChange) (at ./Library/PackageCache/com.meta.xr.sdk.core@4ea2676097b9/Editor/MetaXROperator/MetaXROperatorEnabler.cs:98)
UnityEditor.EditorApplication:Internal_PlayModeStateChanged (UnityEditor.PlayModeStateChange)

(Filename: ./Library/PackageCache/com.meta.xr.sdk.core@4ea2676097b9/Editor/MetaXROperator/MetaXROperatorEnabler.cs Line: 98)

Executing IPostBuildCleanup for: Unity.PerformanceTesting.Editor.TestRunBuilder.
UnityEngine.Debug:ExtractStackTraceNoAlloc (byte*,int,string)
UnityEngine.StackTraceUtility:ExtractStackTrace ()
UnityEngine.DebugLogHandler:Internal_Log (UnityEngine.LogType,UnityEngine.LogOption,string,UnityEngine.Object)
UnityEngine.DebugLogHandler:LogFormat (UnityEngine.LogType,UnityEngine.Object,string,object[])
UnityEngine.Logger:Log (UnityEngine.LogType,object)
UnityEngine.Debug:Log (object)
UnityEditor.TestTools.TestRunner.TestRun.Tasks.BuildActionTaskBase`1/<ExecuteMethods>d__8<UnityEngine.TestTools.IPostBuildCleanup>:MoveNext () (at ./Library/PackageCache/com.unity.test-framework@76560ee600cb/UnityEditor.TestRunner/TestRun/Tasks/BuildActionTaskBase.cs:48)
UnityEditor.TestTools.TestRunner.TestRun.Tasks.BuildActionTaskBase`1/<Execute>d__7<UnityEngine.TestTools.IPostBuildCleanup>:MoveNext () (at ./Library/PackageCache/com.unity.test-framework@76560ee600cb/UnityEditor.TestRunner/TestRun/Tasks/BuildActionTaskBase.cs:34)
UnityEditor.TestTools.TestRunner.TestRun.TestJobRunner:ExecuteStep () (at ./Library/PackageCache/com.unity.test-framework@76560ee600cb/UnityEditor.TestRunner/TestRun/TestJobRunner.cs:173)
UnityEditor.TestTools.TestRunner.TestRun.TestJobRunner:ExecuteCallback () (at ./Library/PackageCache/com.unity.test-framework@76560ee600cb/UnityEditor.TestRunner/TestRun/TestJobRunner.cs:108)
UnityEditor.EditorApplication:Internal_CallUpdateFunctions ()

(Filename: ./Library/PackageCache/com.unity.test-framework@76560ee600cb/UnityEditor.TestRunner/TestRun/Tasks/BuildActionTaskBase.cs Line: 48)

Unloading 0 Unused Serialized files (Serialized files now loaded: 0)
Unloading 0 unused Assets / (0 B). Loaded Objects now: 10053.
Memory consumption went from 323.0 MB to 323.0 MB.
Total: 14.670500 ms (FindLiveObjects: 0.394200 ms CreateObjectMapping: 0.242500 ms MarkObjects: 14.014200 ms  DeleteObjects: 0.018600 ms)

Refreshing native plugins compatible for Editor in 11.11 ms, found 12 plugins.
Asset Pipeline Refresh (id=b4842d6ddcfcd2e429b7398349752082): Total: 0.081 seconds - Initiated by StopAssetImportingV2(NoUpdateAssetOptions)
DisplayProgressbar: Undo
Test run completed. Exiting with code 0 (Ok). Run completed.
UnityEngine.Debug:ExtractStackTraceNoAlloc (byte*,int,string)
UnityEngine.StackTraceUtility:ExtractStackTrace ()
UnityEngine.DebugLogHandler:Internal_Log (UnityEngine.LogType,UnityEngine.LogOption,string,UnityEngine.Object)
UnityEngine.DebugLogHandler:LogFormat (UnityEngine.LogType,UnityEngine.Object,string,object[])
UnityEngine.Logger:Log (UnityEngine.LogType,object)
UnityEngine.Debug:Log (object)
UnityEditor.TestTools.TestRunner.CommandLineTest.Executer:ExitApplication (UnityEditor.TestTools.TestRunner.CommandLineTest.Executer/ReturnCodes,string) (at ./Library/PackageCache/com.unity.test-framework@76560ee600cb/UnityEditor.TestRunner/CommandLineTest/Executer.cs:81)
UnityEditor.TestTools.TestRunner.CommandLineTest.Executer:ExitIfRunIsCompleted () (at ./Library/PackageCache/com.unity.test-framework@76560ee600cb/UnityEditor.TestRunner/CommandLineTest/Executer.cs:74)
UnityEditor.EditorApplication:Internal_CallUpdateFunctions ()

(Filename: ./Library/PackageCache/com.unity.test-framework@76560ee600cb/UnityEditor.TestRunner/CommandLineTest/Executer.cs Line: 81)

Killing ADB server in 2.0768602 seconds.
Start importing Assets/XR/Settings/OpenXR Package Settings.asset using Guid(0d647736f3e354044b23fb340838e9eb) (NativeFormatImporter) -> (Import Result ID: '83be3409bcbc20eef5cbae634207ea95') in 0.0036176 seconds [static dependencies only]. Details - ImportResultOutputID=c8338305546446aab4e7d26577b91671 DependenciesID=2c407465c3fa9fdae37604ba5dc1335a StaticDependenciesID=e7252c103fdb22a96e109f3b4bbed5a2 
Refreshing native plugins compatible for Editor in 13.97 ms, found 12 plugins.
Asset Pipeline Refresh (id=5a552e03acf05f24481a949c5c921b49): Total: 0.045 seconds - Initiated by StopAssetImportingV2(NoUpdateAssetOptions)
[Physics::Module] Cleanup current backend.
[Physics::Module] Id: 0xf2b8ea05
Input System module state changed to: ShutdownInProgress.
Input Polling Thread exited.
Input System module state changed to: Shutdown.
[Licensing::IpcConnector] LicenseClient-GARV BANSAL-notifications channel disconnected successfully.
[Licensing::IpcConnector] LicenseClient-GARV BANSAL channel disconnected successfully.
AcceleratorClientConnectionCallback - disconnected - :0
Cleanup mono
CodeReloadManager destroyed
abort_threads: Failed aborting id: 0000000000007FB8, mono_thread_manage will ignore it

abort_threads: Failed aborting id: 000000000000766C, mono_thread_manage will ignore it

abort_threads: Failed aborting id: 0000000000007FB8, mono_thread_manage will ignore it

abort_threads: Failed aborting id: 000000000000766C, mono_thread_manage will ignore it

debugger-agent: Unable to listen on 3912
Checking for leaked weakptr:
  Found no leaked weakptrs.
[Package Manager] Server process was shutdown
##utp:{"type":"MemoryLeaks","version":2,"phase":"Immediate","time":1789645940434,"processId":28708,"allocatedMemory":22472802,"memoryLabels":[{"Default":264534},{"Permanent":15276},{"NewDelete":67651},{"Thread":4230384},{"Manager":821133},{"VertexData":488},{"Geometry":816},{"Texture":24},{"Shader":850745},{"Material":24},{"GfxDevice":55681},{"Animation":392},{"Audio":2632},{"Font":1964856},{"FreeType":58705},{"FontEngine":736},{"Physics":2090},{"Physics2D":16},{"Serialization":1328},{"Input":9880},{"JobScheduler":33024},{"TextLib":216},{"Mono":32},{"MonoCode":64},{"ScriptingNativeRuntime":155052},{"BaseObject":1620368},{"Resource":1184},{"Renderer":3008},{"Transform":4685},{"File":12776},{"WebCam":616},{"Culling":32},{"Terrain":11394},{"Wind":24},{"STL":40},{"String":14307},{"StaticString":6718},{"Utility":2673318},{"Curl":2478},{"PoolAlloc":2264},{"AI":80},{"TypeTree":13861},{"ScriptManager":448},{"RuntimeInitializeOnLoadManager":64},{"SpriteAtlas":120},{"GI":7792},{"Director":8320},{"CloudService":720},{"WebRequest":848},{"VR":53314},{"SceneManager":504},{"Video":208},{"LazyScriptCache":32},{"Camera":17},{"Secure":2113},{"SerializationCache":1576},{"APIUpdating":10320},{"VirtualTexturing":57888},{"StaticSafetyDebugInfo":278528},{"Analytics":336},{"Hierarchy":608},{"CoreStats":13032},{"Identifiers":12960},{"Gui":128},{"EditorUtility":181939},{"VersionControl":4},{"Undo":931},{"AssetDatabase":8886884},{"AssetImporter":1264},{"EditorGi":328},{"UnityConnect":37777},{"Upm":1912},{"UpmDiagnostics":8},{"AssetCompliance":64},{"DrivenProperties":72},{"LocalIPC":272},{"ProfilerEditor":9746},{"CoreBusinessMetrics":2641},{"Windowing":456},{"Licensing":664},{"AssetReference":32},{"IPCStream":32}]}
aXROperator] [32m[INFO][0m Telemetry session closed
[90m2026-09-17 17:21:38[0m [MetaXROperator] [32m[INFO][0m Telemetry shut down
[90m2026-09-17 17:21:38[0m [MetaXROperator] [32m[INFO][0m Destroying Agentic MCP Server...
[90m2026-09-17 17:21:38[0m [MetaXROperator] [32m[INFO][0m MCP Server stopped successfully
[90m2026-09-17 17:21:38[0m [MetaXROperator] [32m[INFO][0m AgenticLayerXrDestroyInstance succeeded
visemes
[OVRPlugin][INFO] Unavailable OpenXR extension: XR_FB_eye_tracking_social
[OVRPlugin][INFO] Unavailable OpenXR extension: XR_MSFT_hand_interaction
[OVRPlugin][INFO] Unavailable OpenXR extension: XR_META_hand_tracking_frequency_hint
[OVRPlugin][INFO] Unavailable OpenXR extension: XR_META_environment_depth
[OVRPlugin][INFO] Func_xrGetInstanceProcAddr: override xrPollEvent
[OVRPlugin][INFO] Func_xrGetInstanceProcAddr: override xrDestroySession
[OVRPlugin][INFO] Func_xrGetInstanceProcAddr: override xrBeginSession
[OVRPlugin][INFO] Func_xrGetInstanceProcAddr: override xrWaitFrame
[OVRPlugin][INFO] Func_xrGetInstanceProcAddr: override xrBeginFrame
[OVRPlugin][INFO] Func_xrGetInstanceProcAddr: override xrEndFrame
[OVRPlugin][INFO] Func_xrGetInstanceProcAddr: override xrSuggestInteractionProfileBindings
[OVRPlugin][INFO] Func_xrGetInstanceProcAddr: override xrAttachSessionActionSets
[OVRPlugin][INFO] Func_xrGetInstanceProcAddr: override xrGetCurrentInteractionProfile
[OVRPlugin][INFO] Func_xrGetInstanceProcAddr: override xrSyncActions
[OVRPlugin][INFO] Func_xrGetInstanceProcAddr: override xrGetVisibilityMaskKHR
[OVRPlugin][INFO] ovrp_UnityOpenXR_OnInstanceCreate(1)
[OVRPlugin][INFO] Use D3D11 Renderer
[OVRPlugin][INFO] OpenXR SDK version 1.1.59
[OVRPlugin][INFO] Warning: unable to bind OpenXR entry xrGetD3D12GraphicsRequirementsKHR
[OVRPlugin][INFO] OpenXR runtime name: Oculus, version 1.207.0
[OVRPlugin][INFO] xrGetSystem() retry 1 failed
[OVRPlugin][INFO] xrGetSystem() retry 2 failed
[OVRPlugin][INFO] xrGetSystem() retry 3 failed
[OVRPlugin][INFO] xrGetSystem() retry 4 failed
[OVRPlugin][INFO] xrGetSystem() retry 5 failed
[OVRPlugin][INFO] xrGetSystem() failed, which might be caused by a temporarly HMD connectivity issue. Skip the deletion of external xrInstance
Error reading command from socketError reading command from socket